timestamp,Open,High,Low,Close,Volume,fuente
2017-05-29T00:00:00Z,157.65000000,177.24000000,157.65000000,177.24000000,5.15000000,coinbase
2017-05-30T00:00:00Z,179.46000000,206.03000000,179.46000000,206.03000000,567.60493170,coinbase
2017-05-31T00:00:00Z,206.11000000,210.31000000,192.10000000,205.00000000,1820.97001251,coinbase
2017-06-01T00:00:00Z,204.17000000,211.20000000,180.00000000,192.34000000,4335.32125631,coinbase
2017-06-02T00:00:00Z,197.13000000,204.54000000,193.82000000,197.00000000,1847.73970408,coinbase
2017-06-03T00:00:00Z,200.50000000,201.22000000,196.52000000,199.00000000,583.85535556,coinbase
2017-06-04T00:00:00Z,198.88000000,222.49000000,198.88000000,219.09000000,2041.92425569,coinbase
2017-06-05T00:00:00Z,220.00000000,220.80000000,215.93000000,220.50000000,951.40020235,coinbase
2017-06-06T00:00:00Z,220.80000000,239.72000000,220.48000000,236.66000000,2870.67117369,coinbase
2017-06-07T00:00:00Z,236.09000000,237.14000000,218.00000000,228.00000000,3122.51624259,coinbase
2017-06-08T00:00:00Z,227.66000000,233.00000000,223.00000000,230.77000000,1085.99151436,coinbase
2017-06-09T00:00:00Z,230.77000000,250.33000000,230.77000000,250.26000000,2458.84348402,coinbase
2017-06-10T00:00:00Z,249.41000000,317.00000000,248.12000000,305.91000000,5690.79025252,coinbase
2017-06-11T00:00:00Z,305.67000000,316.62000000,284.07000000,306.99000000,8237.67939605,coinbase
2017-06-12T00:00:00Z,308.75000000,376.39000000,180.88000000,353.00000000,12917.76015129,coinbase
2017-06-13T00:00:00Z,354.28000000,356.43000000,317.68000000,345.00000000,4192.07813078,coinbase
2017-06-14T00:00:00Z,346.40000000,353.58000000,287.09000000,306.20000000,10426.09201054,coinbase
2017-06-15T00:00:00Z,306.20000000,344.49000000,226.28000000,309.34000000,22495.87844948,coinbase
2017-06-16T00:00:00Z,309.84000000,329.99000000,285.00000000,315.00000000,5682.24750613,coinbase
2017-06-17T00:00:00Z,314.41000000,328.50000000,309.00000000,328.50000000,3389.07914983,coinbase
2017-06-18T00:00:00Z,327.00000000,342.50000000,299.04000000,318.61000000,7026.52794729,coinbase
2017-06-19T00:00:00Z,313.01000000,324.84000000,311.11000000,319.43000000,1939.51927058,coinbase
2017-06-20T00:00:00Z,319.43000000,328.03000000,284.25000000,312.90000000,6848.27645498,coinbase
2017-06-21T00:00:00Z,316.38000000,317.18000000,202.32000000,290.00000000,13257.63777299,coinbase
2017-06-22T00:00:00Z,290.00000000,300.00000000,276.44000000,287.50000000,3348.56277866,coinbase
2017-06-23T00:00:00Z,286.14000000,297.00000000,285.10000000,293.06000000,1506.80047183,coinbase
2017-06-24T00:00:00Z,293.94000000,295.32000000,264.14000000,274.81000000,3484.21554765,coinbase
2017-06-25T00:00:00Z,274.05000000,277.50000000,222.61000000,249.03000000,7225.82784199,coinbase
2017-06-26T00:00:00Z,247.60000000,263.00000000,184.06000000,225.09000000,16702.88529674,coinbase
2017-06-27T00:00:00Z,225.87000000,255.00000000,190.05000000,255.00000000,17610.60037468,coinbase
2017-06-28T00:00:00Z,254.50000000,284.99000000,230.83000000,279.69000000,12860.64151462,coinbase
2017-06-29T00:00:00Z,279.74000000,282.81000000,250.01000000,258.00000000,6814.44755757,coinbase
2017-06-30T00:00:00Z,258.31000000,272.00000000,238.09000000,243.86000000,6538.63606763,coinbase
2017-07-01T00:00:00Z,243.86000000,249.00000000,220.21000000,230.07000000,4865.78202294,coinbase
2017-07-02T00:00:00Z,230.00000000,255.00000000,222.72000000,248.48000000,5942.87323748,coinbase
2017-07-03T00:00:00Z,250.48000000,251.40000000,240.12000000,242.52000000,2368.09760064,coinbase
2017-07-04T00:00:00Z,242.53000000,249.36000000,230.77000000,237.97000000,8053.98197559,coinbase
2017-07-05T00:00:00Z,238.00000000,241.79000000,221.81000000,235.00000000,3793.10565198,coinbase
2017-07-06T00:00:00Z,235.01000000,244.80000000,230.20000000,235.03000000,1308.19757532,coinbase
2017-07-07T00:00:00Z,233.55000000,235.03000000,205.46000000,210.50000000,4142.59467657,coinbase
2017-07-08T00:00:00Z,211.48000000,219.10000000,202.00000000,213.78000000,1987.54723299,coinbase
2017-07-09T00:00:00Z,215.00000000,220.00000000,210.72000000,210.72000000,592.34271346,coinbase
2017-07-10T00:00:00Z,210.52000000,212.02000000,165.00000000,181.57000000,14929.74208016,coinbase
2017-07-11T00:00:00Z,181.17000000,218.00000000,150.00000000,168.82000000,19350.25013670,coinbase
2017-07-12T00:00:00Z,168.78000000,199.39000000,159.54000000,196.50000000,9565.17112087,coinbase
2017-07-13T00:00:00Z,196.50000000,197.47000000,170.04000000,179.31000000,7791.64421764,coinbase
2017-07-14T00:00:00Z,180.18000000,180.54000000,160.00000000,172.12000000,4817.87618716,coinbase
2017-07-15T00:00:00Z,173.00000000,173.90000000,146.83000000,146.89000000,6989.04919677,coinbase
2017-07-16T00:00:00Z,146.89000000,151.63000000,115.00000000,134.24000000,27806.86539602,coinbase
2017-07-17T00:00:00Z,134.96000000,167.00000000,133.31000000,164.67000000,14884.56632165,coinbase
2017-07-18T00:00:00Z,165.00000000,220.00000000,154.30000000,197.00000000,31501.86634822,coinbase
2017-07-19T00:00:00Z,198.17000000,215.00000000,163.34000000,168.18000000,22861.08625850,coinbase
2017-07-20T00:00:00Z,169.46000000,208.00000000,168.98000000,195.78000000,15640.79887337,coinbase
2017-07-21T00:00:00Z,195.79000000,203.96000000,178.45000000,186.02000000,6787.96739929,coinbase
2017-07-22T00:00:00Z,185.70000000,202.90000000,185.67000000,199.31000000,3489.43004065,coinbase
2017-07-23T00:00:00Z,199.31000000,201.08000000,191.10000000,198.88000000,4416.63278219,coinbase
2017-07-24T00:00:00Z,196.93000000,198.00000000,195.00000000,195.91000000,1849.46631786,coinbase
2017-07-25T00:00:00Z,195.90000000,196.11000000,165.00000000,175.99000000,13730.06584175,coinbase
2017-07-26T00:00:00Z,176.22000000,180.25000000,166.67000000,174.99000000,5754.05545022,coinbase
2017-07-27T00:00:00Z,174.49000000,176.26000000,170.70000000,175.00000000,3735.39715877,coinbase
2017-07-28T00:00:00Z,175.01000000,175.27000000,162.50000000,164.00000000,3425.99279056,coinbase
2017-07-29T00:00:00Z,164.00000000,178.40000000,152.00000000,175.00000000,7102.43278688,coinbase
2017-07-30T00:00:00Z,174.95000000,177.74000000,164.93000000,169.62000000,3071.41601860,coinbase
2017-07-31T00:00:00Z,168.65000000,176.00000000,163.30000000,170.20000000,3544.25544177,coinbase
2017-08-01T00:00:00Z,170.90000000,196.13000000,170.90000000,192.31000000,12284.29986757,coinbase
2017-08-02T00:00:00Z,192.88000000,195.12000000,182.20000000,184.18000000,3741.61562341,coinbase
2017-08-03T00:00:00Z,183.93000000,192.90000000,183.93000000,190.00000000,4678.30714887,coinbase
2017-08-04T00:00:00Z,189.99000000,191.22000000,186.00000000,187.55000000,1834.05250945,coinbase
2017-08-05T00:00:00Z,187.71000000,218.99000000,186.92000000,213.20000000,11932.63012825,coinbase
2017-08-06T00:00:00Z,213.20000000,233.90000000,213.18000000,225.56000000,7763.29692931,coinbase
2017-08-07T00:00:00Z,226.43000000,235.54000000,220.00000000,229.50000000,5337.11290086,coinbase
2017-08-08T00:00:00Z,229.49000000,254.89000000,228.06000000,253.94000000,9388.30306088,coinbase
2017-08-09T00:00:00Z,253.50000000,269.86000000,238.10000000,251.43000000,15917.04964879,coinbase
2017-08-10T00:00:00Z,252.47000000,265.00000000,246.51000000,257.57000000,5401.34476390,coinbase
2017-08-11T00:00:00Z,257.56000000,262.51000000,252.01000000,262.40000000,2928.15139828,coinbase
2017-08-12T00:00:00Z,262.40000000,272.00000000,259.00000000,264.00000000,4290.33321713,coinbase
2017-08-13T00:00:00Z,263.25000000,263.25000000,244.00000000,252.13000000,5764.83011654,coinbase
2017-08-14T00:00:00Z,252.50000000,260.00000000,251.01000000,254.76000000,3232.60678097,coinbase
2017-08-15T00:00:00Z,254.76000000,255.90000000,230.52000000,244.47000000,10156.84482302,coinbase
2017-08-16T00:00:00Z,245.00000000,259.98000000,240.74000000,255.95000000,4520.24065029,coinbase
2017-08-17T00:00:00Z,255.97000000,264.66000000,255.70000000,258.80000000,3751.49991743,coinbase
2017-08-18T00:00:00Z,258.75000000,261.51000000,244.70000000,251.43000000,3269.65412486,coinbase
2017-08-19T00:00:00Z,251.57000000,258.88000000,244.96000000,251.50000000,1952.26420023,coinbase
2017-08-20T00:00:00Z,251.49000000,254.89000000,248.75000000,254.89000000,1431.79827982,coinbase
2017-08-21T00:00:00Z,254.88000000,293.00000000,253.01000000,272.05000000,14678.66019488,coinbase
2017-08-22T00:00:00Z,272.88000000,280.01000000,250.00000000,268.32000000,5530.65358451,coinbase
2017-08-23T00:00:00Z,268.31000000,277.81000000,266.30000000,270.99000000,2704.09008607,coinbase
2017-08-24T00:00:00Z,270.66000000,280.00000000,269.51000000,276.02000000,2115.75850959,coinbase
2017-08-25T00:00:00Z,276.60000000,287.00000000,275.55000000,279.00000000,3138.53886082,coinbase
2017-08-26T00:00:00Z,279.01000000,281.19000000,275.20000000,280.79000000,1262.59453770,coinbase
2017-08-27T00:00:00Z,280.80000000,292.12000000,280.25000000,292.12000000,1612.14978772,coinbase
2017-08-28T00:00:00Z,292.13000000,293.87000000,284.55000000,291.11000000,2522.36356694,coinbase
2017-08-29T00:00:00Z,291.50000000,315.00000000,291.15000000,312.88000000,7817.37578201,coinbase
2017-08-30T00:00:00Z,312.92000000,328.00000000,304.85000000,324.19000000,8243.63883927,coinbase
2017-08-31T00:00:00Z,323.51000000,330.00000000,316.88000000,329.03000000,5224.27100583,coinbase
2017-09-01T00:00:00Z,329.10000000,334.96000000,327.00000000,330.65000000,5313.62064478,coinbase
2017-09-02T00:00:00Z,330.65000000,330.65000000,282.15000000,296.55000000,12901.30950259,coinbase
2017-09-03T00:00:00Z,296.55000000,314.50000000,290.68000000,299.90000000,5959.19360188,coinbase
2017-09-04T00:00:00Z,299.90000000,299.90000000,240.00000000,267.37000000,23968.03643638,coinbase
2017-09-05T00:00:00Z,266.22000000,281.00000000,239.63000000,270.52000000,11610.52739322,coinbase
2017-09-06T00:00:00Z,270.52000000,292.42000000,270.52000000,285.58000000,9748.44085291,coinbase
2017-09-07T00:00:00Z,285.38000000,286.76000000,271.20000000,280.46000000,5220.24337589,coinbase
2017-09-08T00:00:00Z,280.44000000,280.44000000,246.01000000,256.04000000,13295.92459549,coinbase
2017-09-09T00:00:00Z,256.00000000,261.60000000,246.15000000,254.77000000,2532.49286215,coinbase
2017-09-10T00:00:00Z,254.76000000,258.10000000,236.50000000,249.51000000,5847.07797074,coinbase
2017-09-11T00:00:00Z,250.38000000,258.11000000,241.51000000,250.97000000,2464.69062893,coinbase
2017-09-12T00:00:00Z,251.81000000,267.40000000,240.21000000,247.20000000,7489.20147177,coinbase
2017-09-13T00:00:00Z,247.20000000,247.44000000,211.00000000,234.22000000,15213.20802742,coinbase
2017-09-14T00:00:00Z,233.23000000,236.99000000,185.14000000,188.18000000,18953.14951169,coinbase
2017-09-15T00:00:00Z,189.05000000,225.00000000,167.26000000,217.63000000,33618.27786752,coinbase
2017-09-16T00:00:00Z,218.69000000,232.44000000,206.10000000,214.77000000,11069.46365639,coinbase
2017-09-17T00:00:00Z,214.59000000,226.97000000,200.02000000,219.02000000,6246.02539644,coinbase
2017-09-18T00:00:00Z,219.02000000,255.52000000,219.02000000,248.50000000,13648.18802038,coinbase
2017-09-19T00:00:00Z,248.50000000,249.80000000,231.42000000,237.31000000,6473.65538930,coinbase
2017-09-20T00:00:00Z,237.49000000,246.42000000,233.00000000,240.06000000,3864.39934973,coinbase
2017-09-21T00:00:00Z,240.25000000,241.50000000,209.55000000,218.11000000,9566.15741468,coinbase
2017-09-22T00:00:00Z,217.44000000,228.00000000,215.00000000,225.00000000,5480.93681023,coinbase
2017-09-23T00:00:00Z,224.41000000,249.43000000,221.00000000,239.99000000,6093.22784127,coinbase
2017-09-24T00:00:00Z,240.22000000,246.62000000,236.38000000,240.00000000,4276.00253582,coinbase
2017-09-25T00:00:00Z,240.00000000,253.40000000,240.00000000,248.73000000,5042.30594599,coinbase
2017-09-26T00:00:00Z,248.71000000,251.74000000,244.25000000,244.93000000,3607.77514036,coinbase
2017-09-27T00:00:00Z,244.83000000,269.79000000,244.65000000,264.16000000,6641.17887235,coinbase
2017-09-28T00:00:00Z,264.16000000,269.89000000,251.00000000,257.83000000,4629.75952489,coinbase
2017-09-29T00:00:00Z,257.84000000,261.10000000,231.00000000,248.60000000,6527.37094256,coinbase
2017-09-30T00:00:00Z,249.32000000,259.38000000,248.61000000,255.93000000,1677.86928491,coinbase
2017-10-01T00:00:00Z,255.81000000,258.55000000,251.01000000,257.00000000,1167.61820227,coinbase
2017-10-02T00:00:00Z,257.09000000,260.40000000,251.00000000,255.99000000,4314.18101587,coinbase
2017-10-03T00:00:00Z,256.00000000,257.21000000,246.59000000,251.23000000,3912.58085645,coinbase
2017-10-04T00:00:00Z,251.24000000,255.00000000,249.25000000,250.00000000,1663.04490697,coinbase
2017-10-05T00:00:00Z,250.21000000,253.00000000,247.10000000,251.73000000,2128.25930468,coinbase
2017-10-06T00:00:00Z,251.89000000,262.00000000,251.89000000,262.00000000,3254.35188596,coinbase
2017-10-07T00:00:00Z,261.99000000,265.93000000,259.50000000,264.78000000,1599.91495458,coinbase
2017-10-08T00:00:00Z,264.66000000,265.98000000,262.00000000,262.22000000,1712.88549039,coinbase
2017-10-09T00:00:00Z,262.22000000,263.91000000,244.10000000,252.73000000,6578.22373857,coinbase
2017-10-10T00:00:00Z,252.97000000,260.88000000,248.01000000,253.49000000,3188.07245493,coinbase
2017-10-11T00:00:00Z,253.49000000,257.13000000,253.49000000,256.51000000,954.09397742,coinbase
2017-10-12T00:00:00Z,256.52000000,259.00000000,253.00000000,253.00000000,3609.50715610,coinbase
2017-10-13T00:00:00Z,254.50000000,293.63000000,250.60000000,285.08000000,15633.78969435,coinbase
2017-10-14T00:00:00Z,285.08000000,292.66000000,277.00000000,285.87000000,5356.64712383,coinbase
2017-10-15T00:00:00Z,286.23000000,289.00000000,271.70000000,283.70000000,7767.58843416,coinbase
2017-10-16T00:00:00Z,283.47000000,295.89000000,281.24000000,282.27000000,7270.76765703,coinbase
2017-10-17T00:00:00Z,282.72000000,283.97000000,266.54000000,269.76000000,6243.93455683,coinbase
2017-10-18T00:00:00Z,270.02000000,270.35000000,246.00000000,267.99000000,8998.97395465,coinbase
2017-10-19T00:00:00Z,267.87000000,269.69000000,259.13000000,261.81000000,3461.03071687,coinbase
2017-10-20T00:00:00Z,261.88000000,264.80000000,256.53000000,258.27000000,3769.96449235,coinbase
2017-10-21T00:00:00Z,258.27000000,259.43000000,250.50000000,255.20000000,3947.96563012,coinbase
2017-10-22T00:00:00Z,256.07000000,263.00000000,250.20000000,251.01000000,2069.01792564,coinbase
2017-10-23T00:00:00Z,251.07000000,251.10000000,236.00000000,243.22000000,7388.51392964,coinbase
2017-10-24T00:00:00Z,243.22000000,268.51000000,241.00000000,255.87000000,10163.93298663,coinbase
2017-10-25T00:00:00Z,255.86000000,259.00000000,250.00000000,254.92000000,3524.54379453,coinbase
2017-10-26T00:00:00Z,254.92000000,257.09000000,252.25000000,255.18000000,1894.18875323,coinbase
2017-10-27T00:00:00Z,255.18000000,258.80000000,255.18000000,258.00000000,1982.94531710,coinbase
2017-10-28T00:00:00Z,258.00000000,258.10000000,255.00000000,256.27000000,1106.93911915,coinbase
2017-10-29T00:00:00Z,256.28000000,270.00000000,256.27000000,261.16000000,3853.92154837,coinbase
2017-10-30T00:00:00Z,260.99000000,268.70000000,260.51000000,264.66000000,2685.44207716,coinbase
2017-10-31T00:00:00Z,264.66000000,265.99000000,263.02000000,263.02000000,2394.67024965,coinbase
2017-11-01T00:00:00Z,263.10000000,264.96000000,252.82000000,253.58000000,6396.73761281,coinbase
2017-11-02T00:00:00Z,253.58000000,253.99000000,240.78000000,247.40000000,9392.89777426,coinbase
2017-11-03T00:00:00Z,247.40000000,268.90000000,247.40000000,266.31000000,10440.89959802,coinbase
2017-11-04T00:00:00Z,266.31000000,266.38000000,256.70000000,260.69000000,2691.08267251,coinbase
2017-11-05T00:00:00Z,260.70000000,261.98000000,257.00000000,258.70000000,2765.69883930,coinbase
2017-11-06T00:00:00Z,258.35000000,266.03000000,253.83000000,259.90000000,6441.79001013,coinbase
2017-11-07T00:00:00Z,259.94000000,264.87000000,251.73000000,255.00000000,7650.87987482,coinbase
2017-11-08T00:00:00Z,255.00000000,278.35000000,254.27000000,268.77000000,14317.58794218,coinbase
2017-11-09T00:00:00Z,268.77000000,287.00000000,268.50000000,278.03000000,11978.68228768,coinbase
2017-11-10T00:00:00Z,278.03000000,283.53000000,250.31000000,258.94000000,15762.14854925,coinbase
2017-11-11T00:00:00Z,258.50000000,278.42000000,258.40000000,273.90000000,8819.58044828,coinbase
2017-11-12T00:00:00Z,273.89000000,274.90000000,258.00000000,266.88000000,10647.07953046,coinbase
2017-11-13T00:00:00Z,267.16000000,278.66000000,266.80000000,273.51000000,7893.66902003,coinbase
2017-11-14T00:00:00Z,273.52000000,291.17000000,273.52000000,287.95000000,11526.75015058,coinbase
2017-11-15T00:00:00Z,287.95000000,292.05000000,281.11000000,285.07000000,7913.94960940,coinbase
2017-11-16T00:00:00Z,285.08000000,287.40000000,277.70000000,280.19000000,10346.29986295,coinbase
2017-11-17T00:00:00Z,280.19000000,285.70000000,278.52000000,284.90000000,5021.51801399,coinbase
2017-11-18T00:00:00Z,284.89000000,295.90000000,282.00000000,293.63000000,6594.35988286,coinbase
2017-11-19T00:00:00Z,293.99000000,318.49000000,291.50000000,300.72000000,18402.28206447,coinbase
2017-11-20T00:00:00Z,301.37000000,319.00000000,300.50000000,314.57000000,8296.62057673,coinbase
2017-11-21T00:00:00Z,314.64000000,321.49000000,301.43000000,311.48000000,12405.17304927,coinbase
2017-11-22T00:00:00Z,311.48000000,327.59000000,311.00000000,325.70000000,8726.82446767,coinbase
2017-11-23T00:00:00Z,325.70000000,363.46000000,322.10000000,348.37000000,29214.19830979,coinbase
2017-11-24T00:00:00Z,348.36000000,406.10000000,341.20000000,398.91000000,34501.52465978,coinbase
2017-11-25T00:00:00Z,398.91000000,408.35000000,382.64000000,389.85000000,16704.22898896,coinbase
2017-11-26T00:00:00Z,389.86000000,396.03000000,380.11000000,393.70000000,14131.54785861,coinbase
2017-11-27T00:00:00Z,393.70000000,411.49000000,390.08000000,399.02000000,17315.08261683,coinbase
2017-11-28T00:00:00Z,399.02000000,399.90000000,390.00000000,392.77000000,10185.61047277,coinbase
2017-11-29T00:00:00Z,392.78000000,439.32000000,338.05000000,375.51000000,49692.69979701,coinbase
2017-11-30T00:00:00Z,375.51000000,401.50000000,351.50000000,392.72000000,31379.40486509,coinbase
2017-12-01T00:00:00Z,392.72000000,400.00000000,371.70000000,395.46000000,13357.11009978,coinbase
2017-12-02T00:00:00Z,395.66000000,404.00000000,392.10000000,398.24000000,8483.76861030,coinbase
2017-12-03T00:00:00Z,398.25000000,404.99000000,390.12000000,398.80000000,11558.34260905,coinbase
2017-12-04T00:00:00Z,398.79000000,403.58000000,395.65000000,399.49000000,5385.89841039,coinbase
2017-12-05T00:00:00Z,399.49000000,401.31000000,388.34000000,393.09000000,11096.38981839,coinbase
2017-12-06T00:00:00Z,393.08000000,396.53000000,373.01000000,380.91000000,28193.60868212,coinbase
2017-12-07T00:00:00Z,382.19000000,405.50000000,353.03000000,362.08000000,38244.05210796,coinbase
2017-12-08T00:00:00Z,362.09000000,413.93000000,357.00000000,388.24000000,37721.73308531,coinbase
2017-12-09T00:00:00Z,388.26000000,443.45000000,380.00000000,409.78000000,48045.04675540,coinbase
2017-12-10T00:00:00Z,409.79000000,410.41000000,375.00000000,380.65000000,19858.66579943,coinbase
2017-12-11T00:00:00Z,380.64000000,428.18000000,380.18000000,424.58000000,25716.29742447,coinbase
2017-12-12T00:00:00Z,424.58000000,597.00000000,414.53000000,566.42000000,84019.18703007,coinbase
2017-12-13T00:00:00Z,566.42000000,659.99000000,514.10000000,594.98000000,71603.91559981,coinbase
2017-12-14T00:00:00Z,594.99000000,631.00000000,551.00000000,588.00000000,33596.05866187,coinbase
2017-12-15T00:00:00Z,588.00000000,596.00000000,519.00000000,588.69000000,22014.14943714,coinbase
2017-12-16T00:00:00Z,588.70000000,610.96000000,581.65000000,598.98000000,13334.74329025,coinbase
2017-12-17T00:00:00Z,598.98000000,626.00000000,596.00000000,616.28000000,14154.09654276,coinbase
2017-12-18T00:00:00Z,616.30000000,679.00000000,582.01000000,670.00000000,30354.06610271,coinbase
2017-12-19T00:00:00Z,670.00000000,749.00000000,661.00000000,709.83000000,44507.91735366,coinbase
2017-12-20T00:00:00Z,709.84000000,720.00000000,605.28000000,686.89000000,31986.94187994,coinbase
2017-12-21T00:00:00Z,687.00000000,720.90000000,639.88000000,672.50000000,22851.44863900,coinbase
2017-12-22T00:00:00Z,672.49000000,679.99000000,381.44000000,602.22000000,92929.68112095,coinbase
2017-12-23T00:00:00Z,604.36000000,688.98000000,586.01000000,644.02000000,24005.22714101,coinbase
2017-12-24T00:00:00Z,644.01000000,644.01000000,545.00000000,609.99000000,22838.80570028,coinbase
2017-12-25T00:00:00Z,610.00000000,669.09000000,605.22000000,643.47000000,13634.85315648,coinbase
2017-12-26T00:00:00Z,643.29000000,655.00000000,627.25000000,644.53000000,8120.79205232,coinbase
2017-12-27T00:00:00Z,644.53000000,662.79000000,630.01000000,648.49000000,13002.48740491,coinbase
2017-12-28T00:00:00Z,648.49000000,649.49000000,620.00000000,634.00000000,15839.75577985,coinbase
2017-12-29T00:00:00Z,634.00000000,662.43000000,631.10000000,655.88000000,12751.96501221,coinbase
2017-12-30T00:00:00Z,655.87000000,656.97000000,585.01000000,616.12000000,16559.42600764,coinbase
2017-12-31T00:00:00Z,616.11000000,658.75000000,605.01000000,648.25000000,12610.78563445,coinbase
2018-01-01T00:00:00Z,648.25000000,668.15000000,631.56000000,664.63000000,8903.06757417,coinbase
2018-01-02T00:00:00Z,664.20000000,765.00000000,664.00000000,735.00000000,33153.34378720,coinbase
2018-01-03T00:00:00Z,735.00000000,819.06000000,725.03000000,808.00000000,24991.45335385,coinbase
2018-01-04T00:00:00Z,807.99000000,860.23000000,786.77000000,808.09000000,32607.51882744,coinbase
2018-01-05T00:00:00Z,807.65000000,865.00000000,789.00000000,818.02000000,23367.10017154,coinbase
2018-01-06T00:00:00Z,818.01000000,842.99000000,800.99000000,837.89000000,8516.71190292,coinbase
2018-01-07T00:00:00Z,837.89000000,918.00000000,831.00000000,915.00000000,19116.70232360,coinbase
2018-01-08T00:00:00Z,915.00000000,997.56000000,827.94000000,967.16000000,43255.00177995,coinbase
2018-01-09T00:00:00Z,967.14000000,1098.50000000,964.79000000,1088.00000000,35719.16928450,coinbase
2018-01-10T00:00:00Z,1088.76000000,1154.00000000,1011.00000000,1039.40000000,40263.77126111,coinbase
2018-01-11T00:00:00Z,1039.39000000,1110.00000000,930.00000000,962.00000000,32102.83674060,coinbase
2018-01-12T00:00:00Z,960.52000000,1067.80000000,921.00000000,1052.00000000,16649.25665848,coinbase
2018-01-13T00:00:00Z,1052.00000000,1183.00000000,1051.99000000,1143.90000000,20540.99020879,coinbase
2018-01-14T00:00:00Z,1143.90000000,1148.78000000,1065.99000000,1125.99000000,14263.14585499,coinbase
2018-01-15T00:00:00Z,1126.00000000,1146.66000000,1057.95000000,1059.44000000,14587.08691365,coinbase
2018-01-16T00:00:00Z,1059.50000000,1065.17000000,680.90000000,887.00000000,97467.70289371,coinbase
2018-01-17T00:00:00Z,886.00000000,935.09000000,602.32000000,845.43000000,112932.69151573,coinbase
2018-01-18T00:00:00Z,845.43000000,939.99000000,787.28000000,865.51000000,44436.67076144,coinbase
2018-01-19T00:00:00Z,865.51000000,913.97000000,841.00000000,866.81000000,18110.05027387,coinbase
2018-01-20T00:00:00Z,866.80000000,958.74000000,866.80000000,953.39000000,17099.50040300,coinbase
2018-01-21T00:00:00Z,953.39000000,953.69000000,842.86000000,867.00000000,21623.31464968,coinbase
2018-01-22T00:00:00Z,866.99000000,900.08000000,751.93000000,827.00000000,32573.50166019,coinbase
2018-01-23T00:00:00Z,827.00000000,839.95000000,752.00000000,806.54000000,22140.52393993,coinbase
2018-01-24T00:00:00Z,807.78000000,859.50000000,785.89000000,856.08000000,13780.79171037,coinbase
2018-01-25T00:00:00Z,856.08000000,879.80000000,827.27000000,847.60000000,14719.11151135,coinbase
2018-01-26T00:00:00Z,847.61000000,863.52000000,803.28000000,847.99000000,17344.52793525,coinbase
2018-01-27T00:00:00Z,848.00000000,895.50000000,840.01000000,885.00000000,12354.07591969,coinbase
2018-01-28T00:00:00Z,885.00000000,993.09000000,882.84000000,982.27000000,24188.46140000,coinbase
2018-01-29T00:00:00Z,982.27000000,987.42000000,930.50000000,941.01000000,14318.79476234,coinbase
2018-01-30T00:00:00Z,941.00000000,948.87000000,824.00000000,856.04000000,32945.67958578,coinbase
2018-01-31T00:00:00Z,855.65000000,899.00000000,826.37000000,888.00000000,14608.94947637,coinbase
2018-02-01T00:00:00Z,888.00000000,915.00000000,736.00000000,812.01000000,49747.76751364,coinbase
2018-02-02T00:00:00Z,812.00000000,812.00000000,560.27000000,736.76000000,94602.18211977,coinbase
2018-02-03T00:00:00Z,737.00000000,809.00000000,681.21000000,780.00000000,24107.20143637,coinbase
2018-02-04T00:00:00Z,780.01000000,784.00000000,629.14000000,658.99000000,31771.49181984,coinbase
2018-02-05T00:00:00Z,658.99000000,682.98000000,485.00000000,550.01000000,88223.33361289,coinbase
2018-02-06T00:00:00Z,550.01000000,657.17000000,450.09000000,636.00000000,114453.16097767,coinbase
2018-02-07T00:00:00Z,635.05000000,713.99000000,586.00000000,614.31000000,55777.84826761,coinbase
2018-02-08T00:00:00Z,615.14000000,695.14000000,613.06000000,664.26000000,30260.18278398,coinbase
2018-02-09T00:00:00Z,664.26000000,725.00000000,640.00000000,717.00000000,24468.54400308,coinbase
2018-02-10T00:00:00Z,717.00000000,748.00000000,674.01000000,695.40000000,25870.27529819,coinbase
2018-02-11T00:00:00Z,695.39000000,708.50000000,635.66000000,664.59000000,17879.42636465,coinbase
2018-02-12T00:00:00Z,664.60000000,709.00000000,661.01000000,701.42000000,11202.84402109,coinbase
2018-02-13T00:00:00Z,701.41000000,702.86000000,675.90000000,684.38000000,8536.84735778,coinbase
2018-02-14T00:00:00Z,684.58000000,745.00000000,681.15000000,743.38000000,21456.98498735,coinbase
2018-02-15T00:00:00Z,743.38000000,769.71000000,721.47000000,750.55000000,18495.77156094,coinbase
2018-02-16T00:00:00Z,750.55000000,759.44000000,732.96000000,757.40000000,6641.95358348,coinbase
2018-02-17T00:00:00Z,757.40000000,792.19000000,754.36000000,790.98000000,7430.42978892,coinbase
2018-02-18T00:00:00Z,791.00000000,795.00000000,733.29000000,742.81000000,10942.96319312,coinbase
2018-02-19T00:00:00Z,742.80000000,769.98000000,741.46000000,759.64000000,4828.88817739,coinbase
2018-02-20T00:00:00Z,759.63000000,775.55000000,711.76000000,721.35000000,12365.93903524,coinbase
2018-02-21T00:00:00Z,721.34000000,738.50000000,663.00000000,687.38000000,14980.45818186,coinbase
2018-02-22T00:00:00Z,687.04000000,710.05000000,641.00000000,655.00000000,11807.07812541,coinbase
2018-02-23T00:00:00Z,655.00000000,719.98000000,641.28000000,699.37000000,11479.12961858,coinbase
2018-02-24T00:00:00Z,699.44000000,711.12000000,661.00000000,679.07000000,5324.61296122,coinbase
2018-02-25T00:00:00Z,679.08000000,692.61000000,666.66000000,685.46000000,4344.41588201,coinbase
2018-02-26T00:00:00Z,685.47000000,714.54000000,680.00000000,704.24000000,7129.23814563,coinbase
2018-02-27T00:00:00Z,704.23000000,727.52000000,702.00000000,715.60000000,5430.05717768,coinbase
2018-02-28T00:00:00Z,715.60000000,725.00000000,696.56000000,697.51000000,4945.80907381,coinbase
2018-03-01T00:00:00Z,697.51000000,716.60000000,696.58000000,710.00000000,3066.76001860,coinbase
2018-03-02T00:00:00Z,710.16000000,719.57000000,688.05000000,694.30000000,4221.00132055,coinbase
2018-03-03T00:00:00Z,694.29000000,704.35000000,686.11000000,690.42000000,2907.65325706,coinbase
2018-03-04T00:00:00Z,690.42000000,699.00000000,681.39000000,699.00000000,2153.77045877,coinbase
2018-03-05T00:00:00Z,698.49000000,700.00000000,691.27000000,691.27000000,3099.40517653,coinbase
2018-03-06T00:00:00Z,691.27000000,691.27000000,651.50000000,658.18000000,6191.80102437,coinbase
2018-03-07T00:00:00Z,658.19000000,664.34000000,585.20000000,608.00000000,12928.14198014,coinbase
2018-03-08T00:00:00Z,608.10000000,632.78000000,561.00000000,570.57000000,9215.18956825,coinbase
2018-03-09T00:00:00Z,568.93000000,593.62000000,520.00000000,590.03000000,14620.74405769,coinbase
2018-03-10T00:00:00Z,590.98000000,609.50000000,551.00000000,556.24000000,6754.26127717,coinbase
2018-03-11T00:00:00Z,556.22000000,595.70000000,542.00000000,583.35000000,6252.48036311,coinbase
2018-03-12T00:00:00Z,583.43000000,603.09000000,551.71000000,565.70000000,5986.14873260,coinbase
2018-03-13T00:00:00Z,565.69000000,578.00000000,551.30000000,557.46000000,4289.86158735,coinbase
2018-03-14T00:00:00Z,557.48000000,565.18000000,475.00000000,496.86000000,16609.96751412,coinbase
2018-03-15T00:00:00Z,496.72000000,505.66000000,463.57000000,495.83000000,10082.35032204,coinbase
2018-03-16T00:00:00Z,495.83000000,510.00000000,475.83000000,490.30000000,6134.78355189,coinbase
2018-03-17T00:00:00Z,490.20000000,495.99000000,438.77000000,446.08000000,9757.23863115,coinbase
2018-03-18T00:00:00Z,447.49000000,459.39000000,369.80000000,439.46000000,42299.96708778,coinbase
2018-03-19T00:00:00Z,439.46000000,459.00000000,421.02000000,448.93000000,15830.95135362,coinbase
2018-03-20T00:00:00Z,448.96000000,464.87000000,419.00000000,456.00000000,11909.68613463,coinbase
2018-03-21T00:00:00Z,456.00000000,486.00000000,445.01000000,454.48000000,11157.05057013,coinbase
2018-03-22T00:00:00Z,454.37000000,466.47000000,422.12000000,437.69000000,7280.78646878,coinbase
2018-03-23T00:00:00Z,437.68000000,438.99000000,412.42000000,438.94000000,7395.58987290,coinbase
2018-03-24T00:00:00Z,438.94000000,440.37000000,422.54000000,422.54000000,3411.65861905,coinbase
2018-03-25T00:00:00Z,422.51000000,434.96000000,418.00000000,424.72000000,3243.80758150,coinbase
2018-03-26T00:00:00Z,424.71000000,426.62000000,376.60000000,392.37000000,15186.34679545,coinbase
2018-03-27T00:00:00Z,392.61000000,395.21000000,360.28000000,361.59000000,10632.24123819,coinbase
2018-03-28T00:00:00Z,361.56000000,375.20000000,356.71000000,362.96000000,7000.22210570,coinbase
2018-03-29T00:00:00Z,363.20000000,363.99000000,308.77000000,311.20000000,25581.27950262,coinbase
2018-03-30T00:00:00Z,311.20000000,334.36000000,296.04000000,319.20000000,17473.62494956,coinbase
2018-03-31T00:00:00Z,319.20000000,354.00000000,316.06000000,320.76000000,10220.39501423,coinbase
2018-04-01T00:00:00Z,320.77000000,323.61000000,291.06000000,307.86000000,13150.09894429,coinbase
2018-04-02T00:00:00Z,307.65000000,319.97000000,304.32000000,311.96000000,5585.65108337,coinbase
2018-04-03T00:00:00Z,312.04000000,344.38000000,309.02000000,339.48000000,12035.65917874,coinbase
2018-04-04T00:00:00Z,339.55000000,339.55000000,302.23000000,308.88000000,12380.43788672,coinbase
2018-04-05T00:00:00Z,308.87000000,317.31000000,300.20000000,311.65000000,6176.07480221,coinbase
2018-04-06T00:00:00Z,311.64000000,314.00000000,297.15000000,302.02000000,7923.14818368,coinbase
2018-04-07T00:00:00Z,302.01000000,320.00000000,302.00000000,313.45000000,3612.60277966,coinbase
2018-04-08T00:00:00Z,313.46000000,328.99000000,313.46000000,325.50000000,3839.63094481,coinbase
2018-04-09T00:00:00Z,325.50000000,352.61000000,315.00000000,323.30000000,15280.66186034,coinbase
2018-04-10T00:00:00Z,323.44000000,338.60000000,319.00000000,335.72000000,5921.49579191,coinbase
2018-04-11T00:00:00Z,335.73000000,349.80000000,331.96000000,347.20000000,6707.78715107,coinbase
2018-04-12T00:00:00Z,348.02000000,403.00000000,335.00000000,401.29000000,28296.73054319,coinbase
2018-04-13T00:00:00Z,401.29000000,429.69000000,391.82000000,399.20000000,24178.10874986,coinbase
2018-04-14T00:00:00Z,399.99000000,417.80000000,395.00000000,409.10000000,7245.50942040,coinbase
2018-04-15T00:00:00Z,408.92000000,433.80000000,408.79000000,432.75000000,7507.20949117,coinbase
2018-04-16T00:00:00Z,433.01000000,436.97000000,403.00000000,412.81000000,9959.50376321,coinbase
2018-04-17T00:00:00Z,412.89000000,420.99000000,405.00000000,406.77000000,5504.56805534,coinbase
2018-04-18T00:00:00Z,406.76000000,424.87000000,406.66000000,423.96000000,5708.56349219,coinbase
2018-04-19T00:00:00Z,423.97000000,462.00000000,419.06000000,460.38000000,10331.50490789,coinbase
2018-04-20T00:00:00Z,460.00000000,506.88000000,451.80000000,503.52000000,12242.69247717,coinbase
2018-04-21T00:00:00Z,503.52000000,510.00000000,466.00000000,491.60000000,12699.90168137,coinbase
2018-04-22T00:00:00Z,491.87000000,523.45000000,483.00000000,504.99000000,9760.39904949,coinbase
2018-04-23T00:00:00Z,505.01000000,529.59000000,504.00000000,526.98000000,8911.03144898,coinbase
2018-04-24T00:00:00Z,526.98000000,584.00000000,526.97000000,576.63000000,18667.03108597,coinbase
2018-04-25T00:00:00Z,576.60000000,576.85000000,489.12000000,507.55000000,38260.73006684,coinbase
2018-04-26T00:00:00Z,507.82000000,552.34000000,493.00000000,547.46000000,15302.82570404,coinbase
2018-04-27T00:00:00Z,547.60000000,570.00000000,527.43000000,529.79000000,12886.64876729,coinbase
2018-04-28T00:00:00Z,529.79000000,569.61000000,528.00000000,562.96000000,6175.06128377,coinbase
2018-04-29T00:00:00Z,563.00000000,574.90000000,550.10000000,569.20000000,6150.58822022,coinbase
2018-04-30T00:00:00Z,569.21000000,572.49000000,546.95000000,554.90000000,8234.32359299,coinbase
2018-05-01T00:00:00Z,554.90000000,561.30000000,519.96000000,559.16000000,10669.23372054,coinbase
2018-05-02T00:00:00Z,559.36000000,574.90000000,552.14000000,573.79000000,8635.48155252,coinbase
2018-05-03T00:00:00Z,573.79000000,655.00000000,572.34000000,648.75000000,21431.23420770,coinbase
2018-05-04T00:00:00Z,648.51000000,674.00000000,632.63000000,653.49000000,17076.93574441,coinbase
2018-05-05T00:00:00Z,653.49000000,687.89000000,650.74000000,679.66000000,10026.63874262,coinbase
2018-05-06T00:00:00Z,679.66000000,692.49000000,624.00000000,659.20000000,13998.10567379,coinbase
2018-05-07T00:00:00Z,659.20000000,661.53000000,585.00000000,631.39000000,25315.66882083,coinbase
2018-05-08T00:00:00Z,631.21000000,651.50000000,605.51000000,630.52000000,11366.57344368,coinbase
2018-05-09T00:00:00Z,630.60000000,639.06000000,601.00000000,633.00000000,8802.87766552,coinbase
2018-05-10T00:00:00Z,632.92000000,646.90000000,608.28000000,608.50000000,9661.60439202,coinbase
2018-05-11T00:00:00Z,608.50000000,618.03000000,550.51000000,566.49000000,22563.68704984,coinbase
2018-05-12T00:00:00Z,568.04000000,578.00000000,535.00000000,572.44000000,11664.95095180,coinbase
2018-05-13T00:00:00Z,572.18000000,619.90000000,563.00000000,612.37000000,8114.10870769,coinbase
2018-05-14T00:00:00Z,612.00000000,625.00000000,573.30000000,611.00000000,16884.41829305,coinbase
2018-05-15T00:00:00Z,610.00000000,619.39000000,588.00000000,598.01000000,8570.21732888,coinbase
2018-05-16T00:00:00Z,598.00000000,607.49000000,575.10000000,598.99000000,6962.79913340,coinbase
2018-05-17T00:00:00Z,599.00000000,606.58000000,562.50000000,569.44000000,7765.80685649,coinbase
2018-05-18T00:00:00Z,568.00000000,589.11000000,558.00000000,589.10000000,7307.60191556,coinbase
2018-05-19T00:00:00Z,589.09000000,609.00000000,580.00000000,590.90000000,5183.56805781,coinbase
2018-05-20T00:00:00Z,591.00000000,613.10000000,585.31000000,608.33000000,4238.62719086,coinbase
2018-05-21T00:00:00Z,608.49000000,613.11000000,586.16000000,593.12000000,4782.76877100,coinbase
2018-05-22T00:00:00Z,592.43000000,593.00000000,542.87000000,544.64000000,8618.42173137,coinbase
2018-05-23T00:00:00Z,545.38000000,551.70000000,480.34000000,495.00000000,20216.76529764,coinbase
2018-05-24T00:00:00Z,494.69000000,521.58000000,465.00000000,512.91000000,13825.86228162,coinbase
2018-05-25T00:00:00Z,513.73000000,528.45000000,490.25000000,501.09000000,7228.64528717,coinbase
2018-05-26T00:00:00Z,501.09000000,519.00000000,496.01000000,502.41000000,3584.37841381,coinbase
2018-05-27T00:00:00Z,502.40000000,509.02000000,477.74000000,488.67000000,5276.73907623,coinbase
2018-05-28T00:00:00Z,488.80000000,499.01000000,435.45000000,439.81000000,11159.14861921,coinbase
2018-05-29T00:00:00Z,440.22000000,496.72000000,440.22000000,490.23000000,11135.32660022,coinbase
2018-05-30T00:00:00Z,490.65000000,507.00000000,464.50000000,478.85000000,7817.30954363,coinbase
2018-05-31T00:00:00Z,478.85000000,502.00000000,473.43000000,493.78000000,6735.49360175,coinbase
2018-06-01T00:00:00Z,493.81000000,504.63000000,482.00000000,496.68000000,4619.17589456,coinbase
2018-06-02T00:00:00Z,496.69000000,514.00000000,492.71000000,506.61000000,3695.10459265,coinbase
2018-06-03T00:00:00Z,506.55000000,539.94000000,506.55000000,530.68000000,5480.22079355,coinbase
2018-06-04T00:00:00Z,530.86000000,536.13000000,496.22000000,506.54000000,6612.84077478,coinbase
2018-06-05T00:00:00Z,506.54000000,524.49000000,493.33000000,518.76000000,5688.07087493,coinbase
2018-06-06T00:00:00Z,518.90000000,520.99000000,505.70000000,514.99000000,4803.34644571,coinbase
2018-06-07T00:00:00Z,514.96000000,522.00000000,510.00000000,513.00000000,4330.49152516,coinbase
2018-06-08T00:00:00Z,512.80000000,515.97000000,505.73000000,509.00000000,2658.13878775,coinbase
2018-06-09T00:00:00Z,508.99000000,515.60000000,506.39000000,506.39000000,1419.68484009,coinbase
2018-06-10T00:00:00Z,506.39000000,506.39000000,431.00000000,446.98000000,14166.59987428,coinbase
2018-06-11T00:00:00Z,447.00000000,456.49000000,435.00000000,452.89000000,6898.45194537,coinbase
2018-06-12T00:00:00Z,452.80000000,458.51000000,413.27000000,421.00000000,10540.44651943,coinbase
2018-06-13T00:00:00Z,421.04000000,427.52000000,383.00000000,403.48000000,14948.42922480,coinbase
2018-06-14T00:00:00Z,404.00000000,454.98000000,396.46000000,448.98000000,14209.23428361,coinbase
2018-06-15T00:00:00Z,449.28000000,450.05000000,417.22000000,420.49000000,7629.30474994,coinbase
2018-06-16T00:00:00Z,420.50000000,434.41000000,418.51000000,429.67000000,2897.97004407,coinbase
2018-06-17T00:00:00Z,429.66000000,437.62000000,425.54000000,427.70000000,3067.77520044,coinbase
2018-06-18T00:00:00Z,428.00000000,452.02000000,421.03000000,444.84000000,5662.01766925,coinbase
2018-06-19T00:00:00Z,444.87000000,474.60000000,443.37000000,464.80000000,6916.28400123,coinbase
2018-06-20T00:00:00Z,464.79000000,468.90000000,447.49000000,462.24000000,5353.67626885,coinbase
2018-06-21T00:00:00Z,462.25000000,470.58000000,450.59000000,452.36000000,5229.66045600,coinbase
2018-06-22T00:00:00Z,453.19000000,453.61000000,386.01000000,397.71000000,14438.28473222,coinbase
2018-06-23T00:00:00Z,397.74000000,414.58000000,392.98000000,407.99000000,3230.19571491,coinbase
2018-06-24T00:00:00Z,408.00000000,408.95000000,362.89000000,391.79000000,10564.05747495,coinbase
2018-06-25T00:00:00Z,390.76000000,406.94000000,382.36000000,392.24000000,6062.57224172,coinbase
2018-06-26T00:00:00Z,393.52000000,395.37000000,368.46000000,369.14000000,7242.51189757,coinbase
2018-06-27T00:00:00Z,368.99000000,387.00000000,362.28000000,381.77000000,5115.51959882,coinbase
2018-06-28T00:00:00Z,383.00000000,383.91000000,361.10000000,365.00000000,4755.01381465,coinbase
2018-06-29T00:00:00Z,364.62000000,377.21000000,348.00000000,373.59000000,10857.46744328,coinbase
2018-06-30T00:00:00Z,371.54000000,393.65000000,371.54000000,388.01000000,4978.33973122,coinbase
2018-07-01T00:00:00Z,388.51000000,389.92000000,380.69000000,387.24000000,2113.42991678,coinbase
2018-07-02T00:00:00Z,387.61000000,414.87000000,381.89000000,409.09000000,8024.09504037,coinbase
2018-07-03T00:00:00Z,410.64000000,418.90000000,394.61000000,397.45000000,7351.83964443,coinbase
2018-07-04T00:00:00Z,396.90000000,414.85000000,386.70000000,401.40000000,5669.37366306,coinbase
2018-07-05T00:00:00Z,401.39000000,410.00000000,393.40000000,400.85000000,4638.04787029,coinbase
2018-07-06T00:00:00Z,400.85000000,404.00000000,387.12000000,401.01000000,4784.64966216,coinbase
2018-07-07T00:00:00Z,401.07000000,411.34000000,395.10000000,411.34000000,2495.30620257,coinbase
2018-07-08T00:00:00Z,411.34000000,420.00000000,410.95000000,414.07000000,4691.29915365,coinbase
2018-07-09T00:00:00Z,414.15000000,415.38000000,400.00000000,401.57000000,5705.38267615,coinbase
2018-07-10T00:00:00Z,402.00000000,402.95000000,365.12000000,370.31000000,11280.34340602,coinbase
2018-07-11T00:00:00Z,370.31000000,383.10000000,363.60000000,382.12000000,6051.20860536,coinbase
2018-07-12T00:00:00Z,382.15000000,382.15000000,360.00000000,370.55000000,7034.73243629,coinbase
2018-07-13T00:00:00Z,370.06000000,380.00000000,365.13000000,370.99000000,5874.42787686,coinbase
2018-07-14T00:00:00Z,370.99000000,377.50000000,368.80000000,372.58000000,2881.27227291,coinbase
2018-07-15T00:00:00Z,372.40000000,388.89000000,370.58000000,385.40000000,3855.09827276,coinbase
2018-07-16T00:00:00Z,385.40000000,409.66000000,381.35000000,408.48000000,10134.81532305,coinbase
2018-07-17T00:00:00Z,408.11000000,438.37000000,397.13000000,427.55000000,16335.18939459,coinbase
2018-07-18T00:00:00Z,427.55000000,439.99000000,402.01000000,411.16000000,14227.12793766,coinbase
2018-07-19T00:00:00Z,411.03000000,417.74000000,395.90000000,402.52000000,8564.95412296,coinbase
2018-07-20T00:00:00Z,402.52000000,403.33000000,377.00000000,383.00000000,9529.92597843,coinbase
2018-07-21T00:00:00Z,383.01000000,408.30000000,376.76000000,395.40000000,6312.17968858,coinbase
2018-07-22T00:00:00Z,395.79000000,401.57000000,388.50000000,391.25000000,3962.36258729,coinbase
2018-07-23T00:00:00Z,390.58000000,401.90000000,383.10000000,385.00000000,7567.63580040,coinbase
2018-07-24T00:00:00Z,385.15000000,414.14000000,385.03000000,411.65000000,11588.57060357,coinbase
2018-07-25T00:00:00Z,410.76000000,415.97000000,397.15000000,402.59000000,8496.67904419,coinbase
2018-07-26T00:00:00Z,402.83000000,413.71000000,395.05000000,397.81000000,8335.49478832,coinbase
2018-07-27T00:00:00Z,397.40000000,407.05000000,392.40000000,403.73000000,6312.96672764,coinbase
2018-07-28T00:00:00Z,403.88000000,405.68000000,397.80000000,401.14000000,2185.95521327,coinbase
2018-07-29T00:00:00Z,401.14000000,403.78000000,397.44000000,400.80000000,2770.73288725,coinbase
2018-07-30T00:00:00Z,400.67000000,402.92000000,380.27000000,390.19000000,6876.76220049,coinbase
2018-07-31T00:00:00Z,390.19000000,390.72000000,366.23000000,369.86000000,11475.66829782,coinbase
2018-08-01T00:00:00Z,369.82000000,372.00000000,351.00000000,359.80000000,11672.14223779,coinbase
2018-08-02T00:00:00Z,360.42000000,363.98000000,351.33000000,355.16000000,7143.43306302,coinbase
2018-08-03T00:00:00Z,355.16000000,362.97000000,343.45000000,361.12000000,7514.24551043,coinbase
2018-08-04T00:00:00Z,360.96000000,363.38000000,346.06000000,351.60000000,6923.93827735,coinbase
2018-08-05T00:00:00Z,351.93000000,357.71000000,347.48000000,354.69000000,3525.49015834,coinbase
2018-08-06T00:00:00Z,353.98000000,357.10000000,347.20000000,351.03000000,5938.68376020,coinbase
2018-08-07T00:00:00Z,350.92000000,354.96000000,317.97000000,326.46000000,11696.45562545,coinbase
2018-08-08T00:00:00Z,326.01000000,328.64000000,302.39000000,307.30000000,18364.76645075,coinbase
2018-08-09T00:00:00Z,307.40000000,322.31000000,304.01000000,316.67000000,14828.93900932,coinbase
2018-08-10T00:00:00Z,316.90000000,318.62000000,285.81000000,291.45000000,14887.56117114,coinbase
2018-08-11T00:00:00Z,291.46000000,292.94000000,268.12000000,281.26000000,16160.46106109,coinbase
2018-08-12T00:00:00Z,280.78000000,288.12000000,277.14000000,279.81000000,5717.04443189,coinbase
2018-08-13T00:00:00Z,279.80000000,283.41000000,247.00000000,249.58000000,22677.23332249,coinbase
2018-08-14T00:00:00Z,249.57000000,249.58000000,219.13000000,246.36000000,46203.64721380,coinbase
2018-08-15T00:00:00Z,246.36000000,272.29000000,244.14000000,248.03000000,27811.40226161,coinbase
2018-08-16T00:00:00Z,247.82000000,264.22000000,244.99000000,253.70000000,13322.22587327,coinbase
2018-08-17T00:00:00Z,253.58000000,279.87000000,251.72000000,278.97000000,17954.33922050,coinbase
2018-08-18T00:00:00Z,278.97000000,280.98000000,247.99000000,259.79000000,10798.78922376,coinbase
2018-08-19T00:00:00Z,259.79000000,269.31000000,255.10000000,261.85000000,5232.82984917,coinbase
2018-08-20T00:00:00Z,261.86000000,265.94000000,234.91000000,236.98000000,12620.79133721,coinbase
2018-08-21T00:00:00Z,236.72000000,248.92000000,235.11000000,243.13000000,10788.53796352,coinbase
2018-08-22T00:00:00Z,243.51000000,258.88000000,225.20000000,234.16000000,14879.67697996,coinbase
2018-08-23T00:00:00Z,234.16000000,243.68000000,232.44000000,239.73000000,9351.15363025,coinbase
2018-08-24T00:00:00Z,239.74000000,243.95000000,233.47000000,242.78000000,8369.20824885,coinbase
2018-08-25T00:00:00Z,242.78000000,243.94000000,238.51000000,239.82000000,3520.58685497,coinbase
2018-08-26T00:00:00Z,239.29000000,239.29000000,233.00000000,236.34000000,4075.03076282,coinbase
2018-08-27T00:00:00Z,236.27000000,247.30000000,234.12000000,247.30000000,8811.66909902,coinbase
2018-08-28T00:00:00Z,247.23000000,255.00000000,242.80000000,253.68000000,14572.68685974,coinbase
2018-08-29T00:00:00Z,253.59000000,254.81000000,243.50000000,247.27000000,11780.07925096,coinbase
2018-08-30T00:00:00Z,247.12000000,249.07000000,233.94000000,244.00000000,11567.73442344,coinbase
2018-08-31T00:00:00Z,243.94000000,245.00000000,238.09000000,242.79000000,8889.26550061,coinbase
2018-09-01T00:00:00Z,242.75000000,260.24000000,242.75000000,254.62000000,9146.97490146,coinbase
2018-09-02T00:00:00Z,254.62000000,257.66000000,250.01000000,254.61000000,5922.52749119,coinbase
2018-09-03T00:00:00Z,254.62000000,255.87000000,246.30000000,248.81000000,10431.24620038,coinbase
2018-09-04T00:00:00Z,248.82000000,253.00000000,244.57000000,247.03000000,10777.80575032,coinbase
2018-09-05T00:00:00Z,246.80000000,248.29000000,194.54000000,196.72000000,37706.88040152,coinbase
2018-09-06T00:00:00Z,196.11000000,200.16000000,182.21000000,197.46000000,27536.87579125,coinbase
2018-09-07T00:00:00Z,197.46000000,201.49000000,185.01000000,186.90000000,16139.65598116,coinbase
2018-09-08T00:00:00Z,187.46000000,191.28000000,166.00000000,171.12000000,19078.79521378,coinbase
2018-09-09T00:00:00Z,171.27000000,181.00000000,161.73000000,169.10000000,20076.46811388,coinbase
2018-09-10T00:00:00Z,169.95000000,175.42000000,161.16000000,169.96000000,17789.49670100,coinbase
2018-09-11T00:00:00Z,170.00000000,172.63000000,151.50000000,159.99000000,25830.17239313,coinbase
2018-09-12T00:00:00Z,159.64000000,159.99000000,144.44000000,157.78000000,40438.48062981,coinbase
2018-09-13T00:00:00Z,157.78000000,184.27000000,157.78000000,180.64000000,51423.45506537,coinbase
2018-09-14T00:00:00Z,181.01000000,192.30000000,173.42000000,180.79000000,38304.31260471,coinbase
2018-09-15T00:00:00Z,180.78000000,198.47000000,179.98000000,192.04000000,14142.88560943,coinbase
2018-09-16T00:00:00Z,192.02000000,193.21000000,180.10000000,189.27000000,11586.43999797,coinbase
2018-09-17T00:00:00Z,189.27000000,193.46000000,164.46000000,168.85000000,30969.14405721,coinbase
2018-09-18T00:00:00Z,168.85000000,184.19000000,166.68000000,179.18000000,21008.03839888,coinbase
2018-09-19T00:00:00Z,179.01000000,184.00000000,169.21000000,179.98000000,18916.83218574,coinbase
2018-09-20T00:00:00Z,179.93000000,193.24000000,176.21000000,191.17000000,17479.83951406,coinbase
2018-09-21T00:00:00Z,191.24000000,215.60000000,188.01000000,211.93000000,36910.23517577,coinbase
2018-09-22T00:00:00Z,211.91000000,217.00000000,198.00000000,204.86000000,16148.52969596,coinbase
2018-09-23T00:00:00Z,204.86000000,211.84000000,202.46000000,208.81000000,10358.81059213,coinbase
2018-09-24T00:00:00Z,208.82000000,209.70000000,191.75000000,194.61000000,18468.92599768,coinbase
2018-09-25T00:00:00Z,194.38000000,194.38000000,173.10000000,186.85000000,31901.06726173,coinbase
2018-09-26T00:00:00Z,186.86000000,189.90000000,177.00000000,182.71000000,18214.79315774,coinbase
2018-09-27T00:00:00Z,182.93000000,201.79000000,180.65000000,196.79000000,24519.22497983,coinbase
2018-09-28T00:00:00Z,196.87000000,200.78000000,185.62000000,191.32000000,19161.39198359,coinbase
2018-09-29T00:00:00Z,191.32000000,203.61000000,183.93000000,199.80000000,16704.14732250,coinbase
2018-09-30T00:00:00Z,199.79000000,205.84000000,194.86000000,200.32000000,12279.47943822,coinbase
2018-10-01T00:00:00Z,200.63000000,202.56000000,193.40000000,199.66000000,12659.67129345,coinbase
2018-10-02T00:00:00Z,199.83000000,199.95000000,192.79000000,195.30000000,9291.26863778,coinbase
2018-10-03T00:00:00Z,195.27000000,195.27000000,186.26000000,191.49000000,16561.03105513,coinbase
2018-10-04T00:00:00Z,191.49000000,196.46000000,190.44000000,192.14000000,8727.48245144,coinbase
2018-10-05T00:00:00Z,192.69000000,199.80000000,190.50000000,197.89000000,8374.54800714,coinbase
2018-10-06T00:00:00Z,197.57000000,197.99000000,193.60000000,194.27000000,4948.75080753,coinbase
2018-10-07T00:00:00Z,194.28000000,196.14000000,192.24000000,195.10000000,5275.89975543,coinbase
2018-10-08T00:00:00Z,195.29000000,200.84000000,194.19000000,198.97000000,11135.82820132,coinbase
2018-10-09T00:00:00Z,198.97000000,200.00000000,197.11000000,197.69000000,8094.48113018,coinbase
2018-10-10T00:00:00Z,197.68000000,197.69000000,192.61000000,194.52000000,8674.34015716,coinbase
2018-10-11T00:00:00Z,194.52000000,194.52000000,160.55000000,163.26000000,40946.96144559,coinbase
2018-10-12T00:00:00Z,162.69000000,171.65000000,161.11000000,168.70000000,13076.32523760,coinbase
2018-10-13T00:00:00Z,168.70000000,173.99000000,168.14000000,171.77000000,6224.67863734,coinbase
2018-10-14T00:00:00Z,171.76000000,173.11000000,164.62000000,166.55000000,7469.93971961,coinbase
2018-10-15T00:00:00Z,166.66000000,191.67000000,165.44000000,177.06000000,24630.60604183,coinbase
2018-10-16T00:00:00Z,177.06000000,181.27000000,175.00000000,178.06000000,9120.78939424,coinbase
2018-10-17T00:00:00Z,178.06000000,178.86000000,175.32000000,177.19000000,8377.95550387,coinbase
2018-10-18T00:00:00Z,177.20000000,178.00000000,172.00000000,174.49000000,8143.31844202,coinbase
2018-10-19T00:00:00Z,174.47000000,175.97000000,172.98000000,174.70000000,5984.00789658,coinbase
2018-10-20T00:00:00Z,174.70000000,177.83000000,174.00000000,176.93000000,4103.78924270,coinbase
2018-10-21T00:00:00Z,176.62000000,178.96000000,175.50000000,175.79000000,4341.25424984,coinbase
2018-10-22T00:00:00Z,175.79000000,176.80000000,174.78000000,176.05000000,6345.89497715,coinbase
2018-10-23T00:00:00Z,176.10000000,176.60000000,173.28000000,175.83000000,8168.99325002,coinbase
2018-10-24T00:00:00Z,175.82000000,177.86000000,175.82000000,176.56000000,5970.21697774,coinbase
2018-10-25T00:00:00Z,176.55000000,176.60000000,174.61000000,175.84000000,5916.69112180,coinbase
2018-10-26T00:00:00Z,175.84000000,179.69000000,175.41000000,176.52000000,7845.45200200,coinbase
2018-10-27T00:00:00Z,176.49000000,177.50000000,176.22000000,177.22000000,2611.49222294,coinbase
2018-10-28T00:00:00Z,177.22000000,177.97000000,176.75000000,177.96000000,3072.70555817,coinbase
2018-10-29T00:00:00Z,177.97000000,178.24000000,168.00000000,171.25000000,10512.35145253,coinbase
2018-10-30T00:00:00Z,171.25000000,173.40000000,170.91000000,172.87000000,6888.65123247,coinbase
2018-10-31T00:00:00Z,172.87000000,176.42000000,169.83000000,174.22000000,7380.40398062,coinbase
2018-11-01T00:00:00Z,174.26000000,174.50000000,172.91000000,174.02000000,6162.37935642,coinbase
2018-11-02T00:00:00Z,174.03000000,177.18000000,173.54000000,176.28000000,7109.12570115,coinbase
2018-11-03T00:00:00Z,176.28000000,176.28000000,174.70000000,175.17000000,4727.96330802,coinbase
2018-11-04T00:00:00Z,175.14000000,191.00000000,174.55000000,184.74000000,13354.60026037,coinbase
2018-11-05T00:00:00Z,184.76000000,185.93000000,180.68000000,183.03000000,9841.89415655,coinbase
2018-11-06T00:00:00Z,183.05000000,192.00000000,182.24000000,191.61000000,13637.31783179,coinbase
2018-11-07T00:00:00Z,191.61000000,195.00000000,188.32000000,190.07000000,12847.30639000,coinbase
2018-11-08T00:00:00Z,190.07000000,191.32000000,185.00000000,185.58000000,9994.75759910,coinbase
2018-11-09T00:00:00Z,185.60000000,187.74000000,182.00000000,184.18000000,9077.95064662,coinbase
2018-11-10T00:00:00Z,184.01000000,188.00000000,183.78000000,186.25000000,4819.13071587,coinbase
2018-11-11T00:00:00Z,186.25000000,186.85000000,182.57000000,185.95000000,4503.49992660,coinbase
2018-11-12T00:00:00Z,185.94000000,187.59000000,185.32000000,186.63000000,7226.58119173,coinbase
2018-11-13T00:00:00Z,186.59000000,186.59000000,180.55000000,180.60000000,9357.34707761,coinbase
2018-11-14T00:00:00Z,180.58000000,182.02000000,148.22000000,159.03000000,55897.78733022,coinbase
2018-11-15T00:00:00Z,159.03000000,162.83000000,147.21000000,157.60000000,26974.54098531,coinbase
2018-11-16T00:00:00Z,157.59000000,158.00000000,147.28000000,151.20000000,17048.35688547,coinbase
2018-11-17T00:00:00Z,151.20000000,152.51000000,149.34000000,151.26000000,6924.07785227,coinbase
2018-11-18T00:00:00Z,151.27000000,157.03000000,151.27000000,153.99000000,7022.79570689,coinbase
2018-11-19T00:00:00Z,153.99000000,154.26000000,125.00000000,127.43000000,48075.74256939,coinbase
2018-11-20T00:00:00Z,127.42000000,130.21000000,105.55000000,113.08000000,90217.23148912,coinbase
2018-11-21T00:00:00Z,112.87000000,121.00000000,107.61000000,118.61000000,34279.38676096,coinbase
2018-11-22T00:00:00Z,118.61000000,119.99000000,107.65000000,108.20000000,21263.17746296,coinbase
2018-11-23T00:00:00Z,108.22000000,110.44000000,102.05000000,107.88000000,31896.95086880,coinbase
2018-11-24T00:00:00Z,107.88000000,111.66000000,95.02000000,97.56000000,31519.92796329,coinbase
2018-11-25T00:00:00Z,97.56000000,104.76000000,86.53000000,101.02000000,60269.08714299,coinbase
2018-11-26T00:00:00Z,100.97000000,103.20000000,90.67000000,94.00000000,41297.82957362,coinbase
2018-11-27T00:00:00Z,94.00000000,98.68000000,88.15000000,96.37000000,30031.81106511,coinbase
2018-11-28T00:00:00Z,96.40000000,111.24000000,96.40000000,107.63000000,47544.63393373,coinbase
2018-11-29T00:00:00Z,107.65000000,108.96000000,99.81000000,102.53000000,30149.96039848,coinbase
2018-11-30T00:00:00Z,102.53000000,104.65000000,97.01000000,99.35000000,22053.50286470,coinbase
2018-12-01T00:00:00Z,99.30000000,106.38000000,97.19000000,103.94000000,15441.37744593,coinbase
2018-12-02T00:00:00Z,103.92000000,105.75000000,101.32000000,101.59000000,10733.21076431,coinbase
2018-12-03T00:00:00Z,101.84000000,101.93000000,92.84000000,94.81000000,22483.95406326,coinbase
2018-12-04T00:00:00Z,94.82000000,98.71000000,92.01000000,96.11000000,17179.17454618,coinbase
2018-12-05T00:00:00Z,96.11000000,96.58000000,89.02000000,89.04000000,24069.33403605,coinbase
2018-12-06T00:00:00Z,89.12000000,91.00000000,78.66000000,79.04000000,46449.10515355,coinbase
2018-12-07T00:00:00Z,79.04000000,85.31000000,72.35000000,81.84000000,83073.19930125,coinbase
2018-12-08T00:00:00Z,81.83000000,86.17000000,74.26000000,79.48000000,25250.77020991,coinbase
2018-12-09T00:00:00Z,79.48000000,86.94000000,78.02000000,81.85000000,19932.16381032,coinbase
2018-12-10T00:00:00Z,81.79000000,83.41000000,77.32000000,79.04000000,22831.52534869,coinbase
2018-12-11T00:00:00Z,79.05000000,80.23000000,75.51000000,77.17000000,20941.20045482,coinbase
2018-12-12T00:00:00Z,77.00000000,80.46000000,76.51000000,78.58000000,17670.18801477,coinbase
2018-12-13T00:00:00Z,78.50000000,79.90000000,74.26000000,75.41000000,23750.13649635,coinbase
2018-12-14T00:00:00Z,75.42000000,76.12000000,72.26000000,73.98000000,18897.63573018,coinbase
2018-12-15T00:00:00Z,73.80000000,74.74000000,72.23000000,74.11000000,13641.28300896,coinbase
2018-12-16T00:00:00Z,73.98000000,77.44000000,73.65000000,74.43000000,12586.82575485,coinbase
2018-12-17T00:00:00Z,74.48000000,85.50000000,74.18000000,83.13000000,36526.85189440,coinbase
2018-12-18T00:00:00Z,83.13000000,89.76000000,80.80000000,89.12000000,29069.17303050,coinbase
2018-12-19T00:00:00Z,89.12000000,95.75000000,86.28000000,87.48000000,58086.58300804,coinbase
2018-12-20T00:00:00Z,87.41000000,102.87000000,86.90000000,100.57000000,53438.95788809,coinbase
2018-12-21T00:00:00Z,100.48000000,103.99000000,93.00000000,95.77000000,39734.06984875,coinbase
2018-12-22T00:00:00Z,95.71000000,102.49000000,93.64000000,102.49000000,16861.51539203,coinbase
2018-12-23T00:00:00Z,102.49000000,118.92000000,102.49000000,114.83000000,45965.94424452,coinbase
2018-12-24T00:00:00Z,114.84000000,140.14000000,114.80000000,122.73000000,83965.08652729,coinbase
2018-12-25T00:00:00Z,123.02000000,123.50000000,107.49000000,113.50000000,42259.16316758,coinbase
2018-12-26T00:00:00Z,113.49000000,121.64000000,109.20000000,115.84000000,22776.48779037,coinbase
2018-12-27T00:00:00Z,115.73000000,116.89000000,98.49000000,100.62000000,39172.94454263,coinbase
2018-12-28T00:00:00Z,100.63000000,121.48000000,99.65000000,120.27000000,52421.51156739,coinbase
2018-12-29T00:00:00Z,120.21000000,128.80000000,115.59000000,118.01000000,33944.40011291,coinbase
2018-12-30T00:00:00Z,118.39000000,124.39000000,112.00000000,122.16000000,20292.40238055,coinbase
2018-12-31T00:00:00Z,122.22000000,122.44000000,113.03000000,115.08000000,22320.15215639,coinbase
2019-01-01T00:00:00Z,115.13000000,123.89000000,114.10000000,122.37000000,12002.66937300,coinbase
2019-01-02T00:00:00Z,122.37000000,138.00000000,121.45000000,135.98000000,46522.03935397,coinbase
2019-01-03T00:00:00Z,135.98000000,136.69000000,127.08000000,130.00000000,33253.78586145,coinbase
2019-01-04T00:00:00Z,130.00000000,137.17000000,128.16000000,135.08000000,32114.84836716,coinbase
2019-01-05T00:00:00Z,135.05000000,141.83000000,132.59000000,135.38000000,31299.49990199,coinbase
2019-01-06T00:00:00Z,135.37000000,140.59000000,131.28000000,137.37000000,25208.73133022,coinbase
2019-01-07T00:00:00Z,137.37000000,138.30000000,130.21000000,131.65000000,23393.24686822,coinbase
2019-01-08T00:00:00Z,131.64000000,134.00000000,128.00000000,130.55000000,21186.41674699,coinbase
2019-01-09T00:00:00Z,130.61000000,133.71000000,129.03000000,129.91000000,13941.40973683,coinbase
2019-01-10T00:00:00Z,129.91000000,130.89000000,106.53000000,110.50000000,55901.79298992,coinbase
2019-01-11T00:00:00Z,110.51000000,112.47000000,106.22000000,110.10000000,25091.77231514,coinbase
2019-01-12T00:00:00Z,110.09000000,111.67000000,108.45000000,109.05000000,11037.97112375,coinbase
2019-01-13T00:00:00Z,109.06000000,109.49000000,99.89000000,101.38000000,18417.15405955,coinbase
2019-01-14T00:00:00Z,101.43000000,115.40000000,101.10000000,112.47000000,28833.13246403,coinbase
2019-01-15T00:00:00Z,112.38000000,114.40000000,102.89000000,105.75000000,28985.82856912,coinbase
2019-01-16T00:00:00Z,105.66000000,112.35000000,105.22000000,107.35000000,18110.91656403,coinbase
2019-01-17T00:00:00Z,107.40000000,108.77000000,103.12000000,107.70000000,13562.88460423,coinbase
2019-01-18T00:00:00Z,107.69000000,107.89000000,104.42000000,105.51000000,8286.78122082,coinbase
2019-01-19T00:00:00Z,105.51000000,111.38000000,105.51000000,108.73000000,11303.93941106,coinbase
2019-01-20T00:00:00Z,108.62000000,109.04000000,102.11000000,103.54000000,13794.86084675,coinbase
2019-01-21T00:00:00Z,103.51000000,104.25000000,100.50000000,102.12000000,12159.54469451,coinbase
2019-01-22T00:00:00Z,102.12000000,105.34000000,97.26000000,104.05000000,18661.73600092,coinbase
2019-01-23T00:00:00Z,103.93000000,104.73000000,101.00000000,102.57000000,11152.95689375,coinbase
2019-01-24T00:00:00Z,102.58000000,103.94000000,100.66000000,103.12000000,11131.64846463,coinbase
2019-01-25T00:00:00Z,103.11000000,103.44000000,100.53000000,101.07000000,9530.23111326,coinbase
2019-01-26T00:00:00Z,101.11000000,103.13000000,101.05000000,101.26000000,5706.04035984,coinbase
2019-01-27T00:00:00Z,101.25000000,101.30000000,95.72000000,98.00000000,13366.67525199,coinbase
2019-01-28T00:00:00Z,98.00000000,98.54000000,88.60000000,92.58000000,32531.55108898,coinbase
2019-01-29T00:00:00Z,92.57000000,93.02000000,89.41000000,91.15000000,16800.42378118,coinbase
2019-01-30T00:00:00Z,91.14000000,95.80000000,90.55000000,93.80000000,17349.64317701,coinbase
2019-01-31T00:00:00Z,93.86000000,95.67000000,91.60000000,92.48000000,13136.62892980,coinbase
2019-02-01T00:00:00Z,92.49000000,93.70000000,90.27000000,92.73000000,10341.36808650,coinbase
2019-02-02T00:00:00Z,92.76000000,95.90000000,92.00000000,95.35000000,6624.96549137,coinbase
2019-02-03T00:00:00Z,95.36000000,95.90000000,91.51000000,92.59000000,8377.82321756,coinbase
2019-02-04T00:00:00Z,92.53000000,94.32000000,92.21000000,92.85000000,8423.71668415,coinbase
2019-02-05T00:00:00Z,92.91000000,93.49000000,92.01000000,93.08000000,7657.43188776,coinbase
2019-02-06T00:00:00Z,93.21000000,93.23000000,87.30000000,91.20000000,17482.16160244,coinbase
2019-02-07T00:00:00Z,91.20000000,92.71000000,90.63000000,91.04000000,11499.59769348,coinbase
2019-02-08T00:00:00Z,91.03000000,108.00000000,90.60000000,103.99000000,32702.92903780,coinbase
2019-02-09T00:00:00Z,104.05000000,105.80000000,103.00000000,104.30000000,10270.22886968,coinbase
2019-02-10T00:00:00Z,104.29000000,110.68000000,101.71000000,109.62000000,15293.25053666,coinbase
2019-02-11T00:00:00Z,109.62000000,109.70000000,104.17000000,106.20000000,16444.99034003,coinbase
2019-02-12T00:00:00Z,106.21000000,108.00000000,104.20000000,106.99000000,13631.91333207,coinbase
2019-02-13T00:00:00Z,106.99000000,110.30000000,106.36000000,107.46000000,11452.23266675,coinbase
2019-02-14T00:00:00Z,107.47000000,109.25000000,105.73000000,106.04000000,9924.44891285,coinbase
2019-02-15T00:00:00Z,105.94000000,109.57000000,105.83000000,106.99000000,8487.05516339,coinbase
2019-02-16T00:00:00Z,106.99000000,109.23000000,106.99000000,108.17000000,5603.85278813,coinbase
2019-02-17T00:00:00Z,108.17000000,119.00000000,108.02000000,117.36000000,21002.79502195,coinbase
2019-02-18T00:00:00Z,117.25000000,130.80000000,116.28000000,127.80000000,49388.81038438,coinbase
2019-02-19T00:00:00Z,127.78000000,131.78000000,125.61000000,126.25000000,22413.68689868,coinbase
2019-02-20T00:00:00Z,126.24000000,130.64000000,123.42000000,130.22000000,19964.84641580,coinbase
2019-02-21T00:00:00Z,130.04000000,130.59000000,125.00000000,127.50000000,14979.79216394,coinbase
2019-02-22T00:00:00Z,127.19000000,130.12000000,125.54000000,129.62000000,11225.40020011,coinbase
2019-02-23T00:00:00Z,129.61000000,139.99000000,128.44000000,138.91000000,26651.71401501,coinbase
2019-02-24T00:00:00Z,138.92000000,145.89000000,116.00000000,116.30000000,57735.52614550,coinbase
2019-02-25T00:00:00Z,116.33000000,124.18000000,116.30000000,121.40000000,22956.41816616,coinbase
2019-02-26T00:00:00Z,121.40000000,121.80000000,117.51000000,119.27000000,13410.19676050,coinbase
2019-02-27T00:00:00Z,119.26000000,123.06000000,111.32000000,118.31000000,27215.22292571,coinbase
2019-02-28T00:00:00Z,118.39000000,122.46000000,116.10000000,118.39000000,21286.53479886,coinbase
2019-03-01T00:00:00Z,118.39000000,121.00000000,117.98000000,119.00000000,10960.95695511,coinbase
2019-03-02T00:00:00Z,119.01000000,119.35000000,114.50000000,116.64000000,10931.24324519,coinbase
2019-03-03T00:00:00Z,116.64000000,117.97000000,112.19000000,114.46000000,7741.84051338,coinbase
2019-03-04T00:00:00Z,114.45000000,114.96000000,108.57000000,110.59000000,18172.67694915,coinbase
2019-03-05T00:00:00Z,110.62000000,121.39000000,110.14000000,120.29000000,25052.63573037,coinbase
2019-03-06T00:00:00Z,120.30000000,124.28000000,117.21000000,121.08000000,18133.70211011,coinbase
2019-03-07T00:00:00Z,121.20000000,123.35000000,119.44000000,121.84000000,14425.46667568,coinbase
2019-03-08T00:00:00Z,121.85000000,123.07000000,115.55000000,118.32000000,14533.37580195,coinbase
2019-03-09T00:00:00Z,118.31000000,123.38000000,118.00000000,121.45000000,11130.79856018,coinbase
2019-03-10T00:00:00Z,121.38000000,121.50000000,118.58000000,120.03000000,6143.11367724,coinbase
2019-03-11T00:00:00Z,120.02000000,120.49000000,116.40000000,117.18000000,10904.50788084,coinbase
2019-03-12T00:00:00Z,117.18000000,119.13000000,113.50000000,117.79000000,14075.85618510,coinbase
2019-03-13T00:00:00Z,117.79000000,117.79000000,115.20000000,115.90000000,11046.20244479,coinbase
2019-03-14T00:00:00Z,115.91000000,119.58000000,114.14000000,116.16000000,10253.75476477,coinbase
2019-03-15T00:00:00Z,116.15000000,120.83000000,116.15000000,119.85000000,10916.39662563,coinbase
2019-03-16T00:00:00Z,119.86000000,126.05000000,119.74000000,122.90000000,16555.69179962,coinbase
2019-03-17T00:00:00Z,122.89000000,122.89000000,120.10000000,121.96000000,7130.46685017,coinbase
2019-03-18T00:00:00Z,121.96000000,124.00000000,119.76000000,121.24000000,12866.62150098,coinbase
2019-03-19T00:00:00Z,121.24000000,122.35000000,120.50000000,121.71000000,11229.27933577,coinbase
2019-03-20T00:00:00Z,121.72000000,121.80000000,119.84000000,121.51000000,9255.28117399,coinbase
2019-03-21T00:00:00Z,121.50000000,121.90000000,116.86000000,118.66000000,13872.43419343,coinbase
2019-03-22T00:00:00Z,118.66000000,121.48000000,118.50000000,120.52000000,7538.47585344,coinbase
2019-03-23T00:00:00Z,120.51000000,121.52000000,119.64000000,120.85000000,7416.98349444,coinbase
2019-03-24T00:00:00Z,120.85000000,120.92000000,119.10000000,119.97000000,5117.49607983,coinbase
2019-03-25T00:00:00Z,119.82000000,120.42000000,116.00000000,117.69000000,12867.01321994,coinbase
2019-03-26T00:00:00Z,117.81000000,118.72000000,116.81000000,118.38000000,8352.00795711,coinbase
2019-03-27T00:00:00Z,118.31000000,123.80000000,118.17000000,123.57000000,14709.75973875,coinbase
2019-03-28T00:00:00Z,123.49000000,123.57000000,122.00000000,122.38000000,9623.78436667,coinbase
2019-03-29T00:00:00Z,122.37000000,127.50000000,122.00000000,127.50000000,17034.01189480,coinbase
2019-03-30T00:00:00Z,127.49000000,129.69000000,125.00000000,126.74000000,11884.44431513,coinbase
2019-03-31T00:00:00Z,126.69000000,126.75000000,125.04000000,125.95000000,4699.08765663,coinbase
2019-04-01T00:00:00Z,125.80000000,127.50000000,123.93000000,126.11000000,12331.39748072,coinbase
2019-04-02T00:00:00Z,126.01000000,148.90000000,125.85000000,146.97000000,55568.61578991,coinbase
2019-04-03T00:00:00Z,146.97000000,160.27000000,134.00000000,143.51000000,67943.03085842,coinbase
2019-04-04T00:00:00Z,143.50000000,146.47000000,136.84000000,140.60000000,32533.67921023,coinbase
2019-04-05T00:00:00Z,140.67000000,150.13000000,139.52000000,148.18000000,19198.52734450,coinbase
2019-04-06T00:00:00Z,148.12000000,154.49000000,143.27000000,148.22000000,17455.33883946,coinbase
2019-04-07T00:00:00Z,148.26000000,157.57000000,147.01000000,156.39000000,16086.07638330,coinbase
2019-04-08T00:00:00Z,156.31000000,167.00000000,155.17000000,160.76000000,33546.99881188,coinbase
2019-04-09T00:00:00Z,160.63000000,160.72000000,155.40000000,156.10000000,15475.29332670,coinbase
2019-04-10T00:00:00Z,155.99000000,164.30000000,149.67000000,157.63000000,24039.01882786,coinbase
2019-04-11T00:00:00Z,157.77000000,157.77000000,140.65000000,146.86000000,24775.30870393,coinbase
2019-04-12T00:00:00Z,146.72000000,148.29000000,141.67000000,145.80000000,11270.71859729,coinbase
2019-04-13T00:00:00Z,145.60000000,147.21000000,144.07000000,145.51000000,4886.66561159,coinbase
2019-04-14T00:00:00Z,145.51000000,149.89000000,143.73000000,149.28000000,6257.84564426,coinbase
2019-04-15T00:00:00Z,148.90000000,150.02000000,138.40000000,142.14000000,19259.03410106,coinbase
2019-04-16T00:00:00Z,141.88000000,148.49000000,141.40000000,147.53000000,10856.80620212,coinbase
2019-04-17T00:00:00Z,147.59000000,149.04000000,145.95000000,147.39000000,7605.13146546,coinbase
2019-04-18T00:00:00Z,147.38000000,157.01000000,147.25000000,154.80000000,14109.76530166,coinbase
2019-04-19T00:00:00Z,154.89000000,155.19000000,151.07000000,154.75000000,8732.60267989,coinbase
2019-04-20T00:00:00Z,154.85000000,158.04000000,152.20000000,154.64000000,7165.10089587,coinbase
2019-04-21T00:00:00Z,154.65000000,156.01000000,148.80000000,151.23000000,8276.30139961,coinbase
2019-04-22T00:00:00Z,151.58000000,154.23000000,150.10000000,152.44000000,6111.79716595,coinbase
2019-04-23T00:00:00Z,152.64000000,157.25000000,150.19000000,151.95000000,15326.33037244,coinbase
2019-04-24T00:00:00Z,151.88000000,152.64000000,143.94000000,148.85000000,18259.64254795,coinbase
2019-04-25T00:00:00Z,148.85000000,149.23000000,133.00000000,137.05000000,21273.67454925,coinbase
2019-04-26T00:00:00Z,136.78000000,140.15000000,133.72000000,137.73000000,17861.12428317,coinbase
2019-04-27T00:00:00Z,137.79000000,142.45000000,136.90000000,140.15000000,8044.97950633,coinbase
2019-04-28T00:00:00Z,140.00000000,140.88000000,136.98000000,137.68000000,6965.16214826,coinbase
2019-04-29T00:00:00Z,137.70000000,138.70000000,133.61000000,136.07000000,11177.00176465,coinbase
2019-04-30T00:00:00Z,136.27000000,143.88000000,136.26000000,142.78000000,10685.50302001,coinbase
2019-05-01T00:00:00Z,143.13000000,145.21000000,140.06000000,141.48000000,6160.08734777,coinbase
2019-05-02T00:00:00Z,141.44000000,143.79000000,139.54000000,142.41000000,7386.38120049,coinbase
2019-05-03T00:00:00Z,142.30000000,151.63000000,141.50000000,146.93000000,14603.90167656,coinbase
2019-05-04T00:00:00Z,147.39000000,149.86000000,141.23000000,144.51000000,12797.38677448,coinbase
2019-05-05T00:00:00Z,144.63000000,146.32000000,140.62000000,144.17000000,6911.39732161,coinbase
2019-05-06T00:00:00Z,144.27000000,157.00000000,141.18000000,152.87000000,24825.53215078,coinbase
2019-05-07T00:00:00Z,153.00000000,161.37000000,148.26000000,149.00000000,27230.42848578,coinbase
2019-05-08T00:00:00Z,149.00000000,153.66000000,145.55000000,151.65000000,14821.74489051,coinbase
2019-05-09T00:00:00Z,151.64000000,154.50000000,147.15000000,151.55000000,17381.34365499,coinbase
2019-05-10T00:00:00Z,151.55000000,157.20000000,149.41000000,153.32000000,20843.80271083,coinbase
2019-05-11T00:00:00Z,153.32000000,181.00000000,153.32000000,167.65000000,61893.67019915,coinbase
2019-05-12T00:00:00Z,167.65000000,181.00000000,160.24000000,167.21000000,53600.43127414,coinbase
2019-05-13T00:00:00Z,167.18000000,186.13000000,165.33000000,174.60000000,46806.06461011,coinbase
2019-05-14T00:00:00Z,175.06000000,197.23000000,173.74000000,193.88000000,58077.86844853,coinbase
2019-05-15T00:00:00Z,194.33000000,223.97000000,193.07000000,222.00000000,76175.85727162,coinbase
2019-05-16T00:00:00Z,221.84000000,249.80000000,216.01000000,237.30000000,110905.14170447,coinbase
2019-05-17T00:00:00Z,236.81000000,240.90000000,199.00000000,219.91000000,78858.57940717,coinbase
2019-05-18T00:00:00Z,219.91000000,223.00000000,208.31000000,209.10000000,21322.54747515,coinbase
2019-05-19T00:00:00Z,209.08000000,237.00000000,209.08000000,234.07000000,34871.60318424,coinbase
2019-05-20T00:00:00Z,233.87000000,233.90000000,213.55000000,225.58000000,36370.37587536,coinbase
2019-05-21T00:00:00Z,226.01000000,237.00000000,222.10000000,228.39000000,23931.19615757,coinbase
2019-05-22T00:00:00Z,228.43000000,234.79000000,215.92000000,218.46000000,26994.41255413,coinbase
2019-05-23T00:00:00Z,218.95000000,222.65000000,208.00000000,220.05000000,27139.12591580,coinbase
2019-05-24T00:00:00Z,220.02000000,228.00000000,217.01000000,222.44000000,19627.85534490,coinbase
2019-05-25T00:00:00Z,222.89000000,230.00000000,221.65000000,224.69000000,9088.97351478,coinbase
2019-05-26T00:00:00Z,224.66000000,241.40000000,220.20000000,238.88000000,25051.06640807,coinbase
2019-05-27T00:00:00Z,239.54000000,249.37000000,236.05000000,242.72000000,34799.65687467,coinbase
2019-05-28T00:00:00Z,242.72000000,247.92000000,237.00000000,243.50000000,21063.55503130,coinbase
2019-05-29T00:00:00Z,243.42000000,246.58000000,233.01000000,242.12000000,22068.33622743,coinbase
2019-05-30T00:00:00Z,242.12000000,260.02000000,214.02000000,229.63000000,54143.17430540,coinbase
2019-05-31T00:00:00Z,229.71000000,241.22000000,221.00000000,240.01000000,24406.93607065,coinbase
2019-06-01T00:00:00Z,240.37000000,246.00000000,234.08000000,237.01000000,9679.10067804,coinbase
2019-06-02T00:00:00Z,237.19000000,244.93000000,236.82000000,241.60000000,9144.37107791,coinbase
2019-06-03T00:00:00Z,241.70000000,241.74000000,220.34000000,222.33000000,16462.93695630,coinbase
2019-06-04T00:00:00Z,222.34000000,223.77000000,207.03000000,214.25000000,37463.37121831,coinbase
2019-06-05T00:00:00Z,214.25000000,221.98000000,211.54000000,218.84000000,15047.63395676,coinbase
2019-06-06T00:00:00Z,218.97000000,222.50000000,209.00000000,222.19000000,11648.14235327,coinbase
2019-06-07T00:00:00Z,222.22000000,225.18000000,217.31000000,220.46000000,14341.03366265,coinbase
2019-06-08T00:00:00Z,220.35000000,221.50000000,214.00000000,215.88000000,5286.54009323,coinbase
2019-06-09T00:00:00Z,215.93000000,216.97000000,201.07000000,205.76000000,13001.97092225,coinbase
2019-06-10T00:00:00Z,205.00000000,219.00000000,201.95000000,219.00000000,14179.27544297,coinbase
2019-06-11T00:00:00Z,219.00000000,219.91000000,210.02000000,216.84000000,10267.80431801,coinbase
2019-06-12T00:00:00Z,217.01000000,233.72000000,215.01000000,233.72000000,18943.40582615,coinbase
2019-06-13T00:00:00Z,233.24000000,234.00000000,225.64000000,226.40000000,12258.45479079,coinbase
2019-06-14T00:00:00Z,226.89000000,236.75000000,224.11000000,235.33000000,12034.83128486,coinbase
2019-06-15T00:00:00Z,235.40000000,242.75000000,233.37000000,238.99000000,9724.36332492,coinbase
2019-06-16T00:00:00Z,238.99000000,242.75000000,231.09000000,239.18000000,14403.55254502,coinbase
2019-06-17T00:00:00Z,239.10000000,245.85000000,238.44000000,244.45000000,12976.03324049,coinbase
2019-06-18T00:00:00Z,244.37000000,244.37000000,233.51000000,236.32000000,14855.99991711,coinbase
2019-06-19T00:00:00Z,236.32000000,241.00000000,235.28000000,239.39000000,8717.45189812,coinbase
2019-06-20T00:00:00Z,239.65000000,243.50000000,236.45000000,241.11000000,9477.60157446,coinbase
2019-06-21T00:00:00Z,241.10000000,261.00000000,241.08000000,260.86000000,28095.51038745,coinbase
2019-06-22T00:00:00Z,260.45000000,277.85000000,258.80000000,269.93000000,33839.22919524,coinbase
2019-06-23T00:00:00Z,269.80000000,279.80000000,265.50000000,268.50000000,17095.82069461,coinbase
2019-06-24T00:00:00Z,268.15000000,274.98000000,258.52000000,272.73000000,16280.18695909,coinbase
2019-06-25T00:00:00Z,273.33000000,279.00000000,269.52000000,278.32000000,17118.33365009,coinbase
2019-06-26T00:00:00Z,278.72000000,319.00000000,269.60000000,292.47000000,70547.73238028,coinbase
2019-06-27T00:00:00Z,292.97000000,299.99000000,238.28000000,257.80000000,54833.47450486,coinbase
2019-06-28T00:00:00Z,257.79000000,274.98000000,254.85000000,272.60000000,24719.32201775,coinbase
2019-06-29T00:00:00Z,272.37000000,284.10000000,256.52000000,279.20000000,15585.34758459,coinbase
2019-06-30T00:00:00Z,279.20000000,283.85000000,252.25000000,255.61000000,18084.24298521,coinbase
2019-07-01T00:00:00Z,255.81000000,265.79000000,246.00000000,259.70000000,21310.24389762,coinbase
2019-07-02T00:00:00Z,259.70000000,261.74000000,238.82000000,258.92000000,27030.44022319,coinbase
2019-07-03T00:00:00Z,259.32000000,274.99000000,257.02000000,267.52000000,16483.52924456,coinbase
2019-07-04T00:00:00Z,267.40000000,269.00000000,249.23000000,251.32000000,11762.72204802,coinbase
2019-07-05T00:00:00Z,251.20000000,262.25000000,248.87000000,257.54000000,11688.60055579,coinbase
2019-07-06T00:00:00Z,258.05000000,265.21000000,254.53000000,256.68000000,6860.84949497,coinbase
2019-07-07T00:00:00Z,256.69000000,276.91000000,253.57000000,273.25000000,11616.25517041,coinbase
2019-07-08T00:00:00Z,273.57000000,280.55000000,269.67000000,279.54000000,14246.43628293,coinbase
2019-07-09T00:00:00Z,279.31000000,283.75000000,270.42000000,274.85000000,17638.67401133,coinbase
2019-07-10T00:00:00Z,274.81000000,280.49000000,251.52000000,256.62000000,24966.66119067,coinbase
2019-07-11T00:00:00Z,256.26000000,256.26000000,232.83000000,239.00000000,22901.01560039,coinbase
2019-07-12T00:00:00Z,238.99000000,249.32000000,236.50000000,244.53000000,10971.65391928,coinbase
2019-07-13T00:00:00Z,244.90000000,245.08000000,233.00000000,240.02000000,6450.13996239,coinbase
2019-07-14T00:00:00Z,239.72000000,239.83000000,197.58000000,201.65000000,35147.43055123,coinbase
2019-07-15T00:00:00Z,201.15000000,210.00000000,181.33000000,203.09000000,34633.64822499,coinbase
2019-07-16T00:00:00Z,203.92000000,208.80000000,170.12000000,177.37000000,47175.63390304,coinbase
2019-07-17T00:00:00Z,177.65000000,196.00000000,170.01000000,188.17000000,34709.65811996,coinbase
2019-07-18T00:00:00Z,188.16000000,203.94000000,184.23000000,200.96000000,32144.69184272,coinbase
2019-07-19T00:00:00Z,200.97000000,201.19000000,190.38000000,197.69000000,12550.64442419,coinbase
2019-07-20T00:00:00Z,198.16000000,210.32000000,196.58000000,204.00000000,11998.31020408,coinbase
2019-07-21T00:00:00Z,204.22000000,204.80000000,194.22000000,201.69000000,8823.38437806,coinbase
2019-07-22T00:00:00Z,201.97000000,203.00000000,189.06000000,193.82000000,11346.43071204,coinbase
2019-07-23T00:00:00Z,193.82000000,196.93000000,187.00000000,190.38000000,11313.28944351,coinbase
2019-07-24T00:00:00Z,190.59000000,195.87000000,181.00000000,193.97000000,14230.69581813,coinbase
2019-07-25T00:00:00Z,194.43000000,204.96000000,193.46000000,196.87000000,13573.97783671,coinbase
2019-07-26T00:00:00Z,196.56000000,198.45000000,191.48000000,197.38000000,8921.16832754,coinbase
2019-07-27T00:00:00Z,197.39000000,201.10000000,182.00000000,186.71000000,13242.33323838,coinbase
2019-07-28T00:00:00Z,186.60000000,192.19000000,178.23000000,189.99000000,7487.08373328,coinbase
2019-07-29T00:00:00Z,189.99000000,193.00000000,185.50000000,189.43000000,7823.68895566,coinbase
2019-07-30T00:00:00Z,189.70000000,192.21000000,183.70000000,187.83000000,9710.80672403,coinbase
2019-07-31T00:00:00Z,187.81000000,197.18000000,187.68000000,197.18000000,9235.03578733,coinbase
2019-08-01T00:00:00Z,197.18000000,197.47000000,191.09000000,196.03000000,7619.16805183,coinbase
2019-08-02T00:00:00Z,196.08000000,200.86000000,193.53000000,196.10000000,10412.01622320,coinbase
2019-08-03T00:00:00Z,196.19000000,201.85000000,195.00000000,199.87000000,8210.58774944,coinbase
2019-08-04T00:00:00Z,199.89000000,200.97000000,195.64000000,200.20000000,6186.94015818,coinbase
2019-08-05T00:00:00Z,200.38000000,212.11000000,200.32000000,207.36000000,15914.19681976,coinbase
2019-08-06T00:00:00Z,207.18000000,213.89000000,198.55000000,201.60000000,21026.70069351,coinbase
2019-08-07T00:00:00Z,201.66000000,206.11000000,196.47000000,201.45000000,14679.56388784,coinbase
2019-08-08T00:00:00Z,201.90000000,202.00000000,192.33000000,197.57000000,11508.18710295,coinbase
2019-08-09T00:00:00Z,197.73000000,197.86000000,184.65000000,187.60000000,14622.75657128,coinbase
2019-08-10T00:00:00Z,187.86000000,191.67000000,179.23000000,184.26000000,12110.49076584,coinbase
2019-08-11T00:00:00Z,183.87000000,193.54000000,183.87000000,193.54000000,5211.90543031,coinbase
2019-08-12T00:00:00Z,193.50000000,193.50000000,187.71000000,188.51000000,7411.53644090,coinbase
2019-08-13T00:00:00Z,188.71000000,188.71000000,181.78000000,186.51000000,8323.12181017,coinbase
2019-08-14T00:00:00Z,186.45000000,187.45000000,163.42000000,167.37000000,23123.20269398,coinbase
2019-08-15T00:00:00Z,167.56000000,170.71000000,156.00000000,169.29000000,26080.46230757,coinbase
2019-08-16T00:00:00Z,169.40000000,169.59000000,161.50000000,167.27000000,13985.12419904,coinbase
2019-08-17T00:00:00Z,167.32000000,168.64000000,164.42000000,167.53000000,4840.54707054,coinbase
2019-08-18T00:00:00Z,167.78000000,178.67000000,165.69000000,175.57000000,7539.20674106,coinbase
2019-08-19T00:00:00Z,175.55000000,183.77000000,174.14000000,182.60000000,9779.27244454,coinbase
2019-08-20T00:00:00Z,183.03000000,183.06000000,175.70000000,177.06000000,9016.02040837,coinbase
2019-08-21T00:00:00Z,177.33000000,177.70000000,162.58000000,171.11000000,13372.69797395,coinbase
2019-08-22T00:00:00Z,171.20000000,176.00000000,165.21000000,171.34000000,9192.31524161,coinbase
2019-08-23T00:00:00Z,171.47000000,178.09000000,170.39000000,174.67000000,7273.14621460,coinbase
2019-08-24T00:00:00Z,174.57000000,174.57000000,167.63000000,171.50000000,5976.02819399,coinbase
2019-08-25T00:00:00Z,171.58000000,172.97000000,164.60000000,167.56000000,6285.07031362,coinbase
2019-08-26T00:00:00Z,167.83000000,174.42000000,167.38000000,169.74000000,9179.91692573,coinbase
2019-08-27T00:00:00Z,169.71000000,170.51000000,166.40000000,168.84000000,6154.36908867,coinbase
2019-08-28T00:00:00Z,168.90000000,169.80000000,151.01000000,156.23000000,19211.81556154,coinbase
2019-08-29T00:00:00Z,156.29000000,156.82000000,148.20000000,153.32000000,13942.82133607,coinbase
2019-08-30T00:00:00Z,153.68000000,154.98000000,150.29000000,153.72000000,7340.77102663,coinbase
2019-08-31T00:00:00Z,153.54000000,159.11000000,151.52000000,156.38000000,4625.06522074,coinbase
2019-09-01T00:00:00Z,156.38000000,158.22000000,153.49000000,155.97000000,5356.52231458,coinbase
2019-09-02T00:00:00Z,156.51000000,165.63000000,155.46000000,163.25000000,13643.88826213,coinbase
2019-09-03T00:00:00Z,163.18000000,167.13000000,159.57000000,162.72000000,17165.45734636,coinbase
2019-09-04T00:00:00Z,162.40000000,164.04000000,157.47000000,158.38000000,9896.75175198,coinbase
2019-09-05T00:00:00Z,158.37000000,159.20000000,153.55000000,157.75000000,9208.61574211,coinbase
2019-09-06T00:00:00Z,157.82000000,161.98000000,150.05000000,153.66000000,11115.35434998,coinbase
2019-09-07T00:00:00Z,153.66000000,164.18000000,152.89000000,161.94000000,9871.47274571,coinbase
2019-09-08T00:00:00Z,162.21000000,167.33000000,160.03000000,164.88000000,12901.96784191,coinbase
2019-09-09T00:00:00Z,164.96000000,169.30000000,159.53000000,163.51000000,14104.18322423,coinbase
2019-09-10T00:00:00Z,164.08000000,166.96000000,160.29000000,162.82000000,8658.05295511,coinbase
2019-09-11T00:00:00Z,162.61000000,164.75000000,158.50000000,162.17000000,10268.56039619,coinbase
2019-09-12T00:00:00Z,162.23000000,165.00000000,160.47000000,163.81000000,6788.12467385,coinbase
2019-09-13T00:00:00Z,164.01000000,164.38000000,160.62000000,164.19000000,4717.00586080,coinbase
2019-09-14T00:00:00Z,164.20000000,170.94000000,162.85000000,170.45000000,6130.76460313,coinbase
2019-09-15T00:00:00Z,170.45000000,172.75000000,168.00000000,171.21000000,5931.78868186,coinbase
2019-09-16T00:00:00Z,171.50000000,181.46000000,171.00000000,179.87000000,13490.81836964,coinbase
2019-09-17T00:00:00Z,179.94000000,194.91000000,178.44000000,187.87000000,29880.89195041,coinbase
2019-09-18T00:00:00Z,188.17000000,199.11000000,188.17000000,190.92000000,18937.61455110,coinbase
2019-09-19T00:00:00Z,190.90000000,203.26000000,183.35000000,199.94000000,32121.65449475,coinbase
2019-09-20T00:00:00Z,199.91000000,200.77000000,192.25000000,198.16000000,10620.27861047,coinbase
2019-09-21T00:00:00Z,198.15000000,200.96000000,194.03000000,195.16000000,4336.94788105,coinbase
2019-09-22T00:00:00Z,195.34000000,195.50000000,187.20000000,191.84000000,8258.98906303,coinbase
2019-09-23T00:00:00Z,191.70000000,192.34000000,180.71000000,183.03000000,11341.45783477,coinbase
2019-09-24T00:00:00Z,182.99000000,184.52000000,143.05000000,151.92000000,70181.85823514,coinbase
2019-09-25T00:00:00Z,151.99000000,159.80000000,148.09000000,155.44000000,31310.97081064,coinbase
2019-09-26T00:00:00Z,155.42000000,156.88000000,139.41000000,151.98000000,27035.73892032,coinbase
2019-09-27T00:00:00Z,152.16000000,163.54000000,147.56000000,159.48000000,14294.75550404,coinbase
2019-09-28T00:00:00Z,159.51000000,160.90000000,154.24000000,159.11000000,8798.32666364,coinbase
2019-09-29T00:00:00Z,159.68000000,159.68000000,150.67000000,155.24000000,8020.92497146,coinbase
2019-09-30T00:00:00Z,155.63000000,167.24000000,151.35000000,165.79000000,13100.19770295,coinbase
2019-10-01T00:00:00Z,166.83000000,171.58000000,160.00000000,161.64000000,16030.02436315,coinbase
2019-10-02T00:00:00Z,161.94000000,165.69000000,160.00000000,165.30000000,5825.94342820,coinbase
2019-10-03T00:00:00Z,165.34000000,165.51000000,154.82000000,159.81000000,8664.50323037,coinbase
2019-10-04T00:00:00Z,159.54000000,163.54000000,156.22000000,160.51000000,5391.55805722,coinbase
2019-10-05T00:00:00Z,160.51000000,161.39000000,157.25000000,160.99000000,3618.92374095,coinbase
2019-10-06T00:00:00Z,161.00000000,161.39000000,152.21000000,154.97000000,14888.62270752,coinbase
2019-10-07T00:00:00Z,155.17000000,166.22000000,153.74000000,164.64000000,12669.04228499,coinbase
2019-10-08T00:00:00Z,165.23000000,168.86000000,162.14000000,165.07000000,7195.18425354,coinbase
2019-10-09T00:00:00Z,165.13000000,178.60000000,163.56000000,176.10000000,31479.79021080,coinbase
2019-10-10T00:00:00Z,176.26000000,177.47000000,170.01000000,174.28000000,11935.55845391,coinbase
2019-10-11T00:00:00Z,174.47000000,179.47000000,163.16000000,164.11000000,17141.86620516,coinbase
2019-10-12T00:00:00Z,163.98000000,167.60000000,161.11000000,163.22000000,6331.54577995,coinbase
2019-10-13T00:00:00Z,162.90000000,167.58000000,162.03000000,164.42000000,3701.66369090,coinbase
2019-10-14T00:00:00Z,164.40000000,170.30000000,163.85000000,169.56000000,6712.50754700,coinbase
2019-10-15T00:00:00Z,169.56000000,170.97000000,161.16000000,163.58000000,12132.54436741,coinbase
2019-10-16T00:00:00Z,163.40000000,164.29000000,155.45000000,158.10000000,8008.47267263,coinbase
2019-10-17T00:00:00Z,158.01000000,161.07000000,156.20000000,159.61000000,5542.37577710,coinbase
2019-10-18T00:00:00Z,159.67000000,159.74000000,151.68000000,154.95000000,7588.63529733,coinbase
2019-10-19T00:00:00Z,155.11000000,156.74000000,152.07000000,153.94000000,4864.24715314,coinbase
2019-10-20T00:00:00Z,153.90000000,158.53000000,151.83000000,157.44000000,4328.15311336,coinbase
2019-10-21T00:00:00Z,157.28000000,159.80000000,154.22000000,156.25000000,8470.19268343,coinbase
2019-10-22T00:00:00Z,156.44000000,157.51000000,153.47000000,154.03000000,5269.60152792,coinbase
2019-10-23T00:00:00Z,154.02000000,154.31000000,138.12000000,146.22000000,24106.15251118,coinbase
2019-10-24T00:00:00Z,146.30000000,147.94000000,142.93000000,144.78000000,8812.37734137,coinbase
2019-10-25T00:00:00Z,144.78000000,169.97000000,144.78000000,164.42000000,22584.29271225,coinbase
2019-10-26T00:00:00Z,164.53000000,178.69000000,153.00000000,162.09000000,26920.92578043,coinbase
2019-10-27T00:00:00Z,161.95000000,170.10000000,158.46000000,165.53000000,14969.57353715,coinbase
2019-10-28T00:00:00Z,166.04000000,170.53000000,162.29000000,164.05000000,12604.18895011,coinbase
2019-10-29T00:00:00Z,164.07000000,174.00000000,163.66000000,171.91000000,13547.08170454,coinbase
2019-10-30T00:00:00Z,171.89000000,173.27000000,162.34000000,164.46000000,10978.37003594,coinbase
2019-10-31T00:00:00Z,164.64000000,166.15000000,159.42000000,163.71000000,10819.22526866,coinbase
2019-11-01T00:00:00Z,163.53000000,165.50000000,158.82000000,164.49000000,8461.06993016,coinbase
2019-11-02T00:00:00Z,165.00000000,166.78000000,163.31000000,164.38000000,3820.74626792,coinbase
2019-11-03T00:00:00Z,164.38000000,165.65000000,160.59000000,163.00000000,3894.41887855,coinbase
2019-11-04T00:00:00Z,163.00000000,170.00000000,161.70000000,167.39000000,8198.88611983,coinbase
2019-11-05T00:00:00Z,167.38000000,174.05000000,164.16000000,170.82000000,10991.64530877,coinbase
2019-11-06T00:00:00Z,170.62000000,175.89000000,169.77000000,173.00000000,7598.49996712,coinbase
2019-11-07T00:00:00Z,172.99000000,173.89000000,166.84000000,168.66000000,8496.16958380,coinbase
2019-11-08T00:00:00Z,169.11000000,170.00000000,164.16000000,166.80000000,7114.08753894,coinbase
2019-11-09T00:00:00Z,166.93000000,168.75000000,166.04000000,167.84000000,2696.02500500,coinbase
2019-11-10T00:00:00Z,168.04000000,173.89000000,166.75000000,171.52000000,7831.71494682,coinbase
2019-11-11T00:00:00Z,171.57000000,172.59000000,167.00000000,167.45000000,6395.01841471,coinbase
2019-11-12T00:00:00Z,167.41000000,170.28000000,165.17000000,169.89000000,5783.90148525,coinbase
2019-11-13T00:00:00Z,169.89000000,172.16000000,168.27000000,170.80000000,5701.72230771,coinbase
2019-11-14T00:00:00Z,171.07000000,171.07000000,166.22000000,167.62000000,7150.89591101,coinbase
2019-11-15T00:00:00Z,167.72000000,169.14000000,160.92000000,162.81000000,9687.46364478,coinbase
2019-11-16T00:00:00Z,162.81000000,166.00000000,162.32000000,165.02000000,3124.59139982,coinbase
2019-11-17T00:00:00Z,165.19000000,168.55000000,163.25000000,166.59000000,5919.10303990,coinbase
2019-11-18T00:00:00Z,166.59000000,166.59000000,157.11000000,160.64000000,10959.97038506,coinbase
2019-11-19T00:00:00Z,160.93000000,161.11000000,155.76000000,158.80000000,8109.06374831,coinbase
2019-11-20T00:00:00Z,158.71000000,160.38000000,156.51000000,157.49000000,7236.06231632,coinbase
2019-11-21T00:00:00Z,157.36000000,158.52000000,140.83000000,145.74000000,22416.62759922,coinbase
2019-11-22T00:00:00Z,145.74000000,147.18000000,125.38000000,136.37000000,46324.39441465,coinbase
2019-11-23T00:00:00Z,136.56000000,140.59000000,133.44000000,138.31000000,24560.16589878,coinbase
2019-11-24T00:00:00Z,138.53000000,139.18000000,126.24000000,127.30000000,11098.41917434,coinbase
2019-11-25T00:00:00Z,127.22000000,137.97000000,120.00000000,132.90000000,36843.47163734,coinbase
2019-11-26T00:00:00Z,132.67000000,136.37000000,130.44000000,134.41000000,15452.14500353,coinbase
2019-11-27T00:00:00Z,134.54000000,141.97000000,128.44000000,139.14000000,18483.56038886,coinbase
2019-11-28T00:00:00Z,139.14000000,140.90000000,136.03000000,137.37000000,8445.79937436,coinbase
2019-11-29T00:00:00Z,137.37000000,143.25000000,137.10000000,140.61000000,8742.40001791,coinbase
2019-11-30T00:00:00Z,140.63000000,141.35000000,136.42000000,138.04000000,4329.85497226,coinbase
2019-12-01T00:00:00Z,137.87000000,138.48000000,132.75000000,137.16000000,7444.57727271,coinbase
2019-12-02T00:00:00Z,137.25000000,137.51000000,132.70000000,134.46000000,8472.82732373,coinbase
2019-12-03T00:00:00Z,134.47000000,135.49000000,131.60000000,132.92000000,6687.19871238,coinbase
2019-12-04T00:00:00Z,132.90000000,137.17000000,129.53000000,131.35000000,15937.00287070,coinbase
2019-12-05T00:00:00Z,131.33000000,134.29000000,130.10000000,133.70000000,6325.84241371,coinbase
2019-12-06T00:00:00Z,133.75000000,135.33000000,131.68000000,134.67000000,7026.13492390,coinbase
2019-12-07T00:00:00Z,134.86000000,135.33000000,133.15000000,133.48000000,2738.75619619,coinbase
2019-12-08T00:00:00Z,133.36000000,137.50000000,132.72000000,136.46000000,3287.82092266,coinbase
2019-12-09T00:00:00Z,136.46000000,137.06000000,132.60000000,133.11000000,7261.15288509,coinbase
2019-12-10T00:00:00Z,133.11000000,134.04000000,129.76000000,131.34000000,8628.65023316,coinbase
2019-12-11T00:00:00Z,131.39000000,132.19000000,127.65000000,128.76000000,6128.98565961,coinbase
2019-12-12T00:00:00Z,128.77000000,131.00000000,125.00000000,129.52000000,9701.19042788,coinbase
2019-12-13T00:00:00Z,129.58000000,130.53000000,127.96000000,130.15000000,5945.41942205,coinbase
2019-12-14T00:00:00Z,130.15000000,130.42000000,127.02000000,127.61000000,3818.78246644,coinbase
2019-12-15T00:00:00Z,127.60000000,129.51000000,126.05000000,127.94000000,4993.96207981,coinbase
2019-12-16T00:00:00Z,128.05000000,128.15000000,116.34000000,118.99000000,20700.31334687,coinbase
2019-12-17T00:00:00Z,118.95000000,119.22000000,107.52000000,109.47000000,29828.79392057,coinbase
2019-12-18T00:00:00Z,109.52000000,121.30000000,104.75000000,119.72000000,36855.27146710,coinbase
2019-12-19T00:00:00Z,119.82000000,120.76000000,113.00000000,115.52000000,13214.42060454,coinbase
2019-12-20T00:00:00Z,115.66000000,116.75000000,113.39000000,115.98000000,9579.08902409,coinbase
2019-12-21T00:00:00Z,115.98000000,116.17000000,114.43000000,114.89000000,6032.25054067,coinbase
2019-12-22T00:00:00Z,114.93000000,120.20000000,114.72000000,119.54000000,9141.92573539,coinbase
2019-12-23T00:00:00Z,119.58000000,121.84000000,113.73000000,115.26000000,17249.26616492,coinbase
2019-12-24T00:00:00Z,115.28000000,116.91000000,114.35000000,115.22000000,7164.59371938,coinbase
2019-12-25T00:00:00Z,115.30000000,115.33000000,111.20000000,112.75000000,9724.95194405,coinbase
2019-12-26T00:00:00Z,112.75000000,119.06000000,112.02000000,113.16000000,13183.75064606,coinbase
2019-12-27T00:00:00Z,113.14000000,113.79000000,109.80000000,113.12000000,11636.42056735,coinbase
2019-12-28T00:00:00Z,113.07000000,115.99000000,112.75000000,114.69000000,6553.77020227,coinbase
2019-12-29T00:00:00Z,114.65000000,123.37000000,114.15000000,120.06000000,13411.03678106,coinbase
2019-12-30T00:00:00Z,119.97000000,121.42000000,116.21000000,117.32000000,10444.52127235,coinbase
2019-12-31T00:00:00Z,117.03000000,118.88000000,114.13000000,115.01000000,11751.87434870,coinbase
2020-01-01T00:00:00Z,115.00000000,118.49000000,114.64000000,116.26000000,8515.57403161,coinbase
2020-01-02T00:00:00Z,116.26000000,116.38000000,112.86000000,113.49000000,9359.93377057,coinbase
2020-01-03T00:00:00Z,113.59000000,120.90000000,112.24000000,120.16000000,13387.41593847,coinbase
2020-01-04T00:00:00Z,120.32000000,121.81000000,118.72000000,120.37000000,7809.36632396,coinbase
2020-01-05T00:00:00Z,120.39000000,124.63000000,120.39000000,121.47000000,11080.37447795,coinbase
2020-01-06T00:00:00Z,121.35000000,129.09000000,120.92000000,128.82000000,19700.80302091,coinbase
2020-01-07T00:00:00Z,128.98000000,130.44000000,124.97000000,128.45000000,22166.29751431,coinbase
2020-01-08T00:00:00Z,128.30000000,132.66000000,123.40000000,126.54000000,19749.72352217,coinbase
2020-01-09T00:00:00Z,126.60000000,127.10000000,122.00000000,124.24000000,10396.14968886,coinbase
2020-01-10T00:00:00Z,124.15000000,130.69000000,122.17000000,129.97000000,10903.29865122,coinbase
2020-01-11T00:00:00Z,129.89000000,132.88000000,127.83000000,128.35000000,13117.77362939,coinbase
2020-01-12T00:00:00Z,128.12000000,131.88000000,127.58000000,131.85000000,5670.45854751,coinbase
2020-01-13T00:00:00Z,131.89000000,132.30000000,127.93000000,129.17000000,8704.53313678,coinbase
2020-01-14T00:00:00Z,129.32000000,153.33000000,129.31000000,149.39000000,39497.15329568,coinbase
2020-01-15T00:00:00Z,149.03000000,154.43000000,142.87000000,149.17000000,24313.65357991,coinbase
2020-01-16T00:00:00Z,149.74000000,150.00000000,142.16000000,147.73000000,12475.03042461,coinbase
2020-01-17T00:00:00Z,147.67000000,156.50000000,145.58000000,153.17000000,25628.53458613,coinbase
2020-01-18T00:00:00Z,153.00000000,161.79000000,148.91000000,156.95000000,19120.16207074,coinbase
2020-01-19T00:00:00Z,157.12000000,160.52000000,145.90000000,150.52000000,17190.59250579,coinbase
2020-01-20T00:00:00Z,150.88000000,152.57000000,145.26000000,150.33000000,16708.32800722,coinbase
2020-01-21T00:00:00Z,150.20000000,153.30000000,148.15000000,152.89000000,10158.66647911,coinbase
2020-01-22T00:00:00Z,152.79000000,154.47000000,149.72000000,151.51000000,7593.82126659,coinbase
2020-01-23T00:00:00Z,151.53000000,151.59000000,143.66000000,147.23000000,14484.00550874,coinbase
2020-01-24T00:00:00Z,147.03000000,149.21000000,140.90000000,147.37000000,13263.82682971,coinbase
2020-01-25T00:00:00Z,147.17000000,147.60000000,143.02000000,145.60000000,5269.11891196,coinbase
2020-01-26T00:00:00Z,145.19000000,152.37000000,144.63000000,152.37000000,9825.14761455,coinbase
2020-01-27T00:00:00Z,151.90000000,155.87000000,149.34000000,154.15000000,17997.33492063,coinbase
2020-01-28T00:00:00Z,154.02000000,159.90000000,153.98000000,159.44000000,16202.62699799,coinbase
2020-01-29T00:00:00Z,159.41000000,162.00000000,157.33000000,157.40000000,20053.83653792,coinbase
2020-01-30T00:00:00Z,157.40000000,169.54000000,155.09000000,167.35000000,19632.70668641,coinbase
2020-01-31T00:00:00Z,167.51000000,168.36000000,158.50000000,162.29000000,14486.68176349,coinbase
2020-02-01T00:00:00Z,162.01000000,166.00000000,161.46000000,165.56000000,7924.94819946,coinbase
2020-02-02T00:00:00Z,165.66000000,174.44000000,161.52000000,169.96000000,16677.19700238,coinbase
2020-02-03T00:00:00Z,169.90000000,176.00000000,168.31000000,171.57000000,14520.14221404,coinbase
2020-02-04T00:00:00Z,171.56000000,173.00000000,166.50000000,170.47000000,18207.48808157,coinbase
2020-02-05T00:00:00Z,170.62000000,189.41000000,170.12000000,185.32000000,31522.93762452,coinbase
2020-02-06T00:00:00Z,185.54000000,196.99000000,182.98000000,194.43000000,33952.66503013,coinbase
2020-02-07T00:00:00Z,194.19000000,205.11000000,194.16000000,204.23000000,37358.03005299,coinbase
2020-02-08T00:00:00Z,204.19000000,208.97000000,194.94000000,204.44000000,23646.33850930,coinbase
2020-02-09T00:00:00Z,204.42000000,210.90000000,204.19000000,208.87000000,15507.28230365,coinbase
2020-02-10T00:00:00Z,208.87000000,209.89000000,198.07000000,204.32000000,31646.86139647,coinbase
2020-02-11T00:00:00Z,204.32000000,219.79000000,200.02000000,218.27000000,28451.52847817,coinbase
2020-02-12T00:00:00Z,218.26000000,254.36000000,218.26000000,245.24000000,71490.71653067,coinbase
2020-02-13T00:00:00Z,245.03000000,256.95000000,235.01000000,248.20000000,57324.97791971,coinbase
2020-02-14T00:00:00Z,248.06000000,265.60000000,240.51000000,264.24000000,39827.57118025,coinbase
2020-02-15T00:00:00Z,263.91000000,267.34000000,241.16000000,245.16000000,40562.33177889,coinbase
2020-02-16T00:00:00Z,244.64000000,253.49000000,218.13000000,238.91000000,51233.94449265,coinbase
2020-02-17T00:00:00Z,238.91000000,249.20000000,223.00000000,247.55000000,49971.76405652,coinbase
2020-02-18T00:00:00Z,247.92000000,265.94000000,240.33000000,262.39000000,42859.70464246,coinbase
2020-02-19T00:00:00Z,262.52000000,266.00000000,232.32000000,239.88000000,42781.30725100,coinbase
2020-02-20T00:00:00Z,239.89000000,244.98000000,228.43000000,239.17000000,38934.59309726,coinbase
2020-02-21T00:00:00Z,238.90000000,248.00000000,235.59000000,245.20000000,23366.79934281,coinbase
2020-02-22T00:00:00Z,245.20000000,246.89000000,237.00000000,241.64000000,7447.04035984,coinbase
2020-02-23T00:00:00Z,241.59000000,254.52000000,241.47000000,253.94000000,15317.24469862,coinbase
2020-02-24T00:00:00Z,253.77000000,256.00000000,235.40000000,245.48000000,17909.33704325,coinbase
2020-02-25T00:00:00Z,244.97000000,245.48000000,224.20000000,226.65000000,28642.59591483,coinbase
2020-02-26T00:00:00Z,225.78000000,230.21000000,198.13000000,205.84000000,71141.34260014,coinbase
2020-02-27T00:00:00Z,205.72000000,218.78000000,192.25000000,207.49000000,57318.55036435,coinbase
2020-02-28T00:00:00Z,207.22000000,213.55000000,194.08000000,205.92000000,40549.07985237,coinbase
2020-02-29T00:00:00Z,205.92000000,211.58000000,197.52000000,197.52000000,17828.08828903,coinbase
2020-03-01T00:00:00Z,197.33000000,206.98000000,192.35000000,196.98000000,20832.13659754,coinbase
2020-03-02T00:00:00Z,197.00000000,211.79000000,195.56000000,208.69000000,27940.68633339,coinbase
2020-03-03T00:00:00Z,208.63000000,209.87000000,197.05000000,200.43000000,24538.75334583,coinbase
2020-03-04T00:00:00Z,200.37000000,204.98000000,198.70000000,201.97000000,11951.42724669,coinbase
2020-03-05T00:00:00Z,202.00000000,209.99000000,202.00000000,204.25000000,23400.55827202,coinbase
2020-03-06T00:00:00Z,204.27000000,217.78000000,203.58000000,217.77000000,21788.39047402,coinbase
2020-03-07T00:00:00Z,217.78000000,224.33000000,210.32000000,210.97000000,25673.40336719,coinbase
2020-03-08T00:00:00Z,210.66000000,210.66000000,172.70000000,176.53000000,53762.21062917,coinbase
2020-03-09T00:00:00Z,175.61000000,185.25000000,162.00000000,176.91000000,69212.84902845,coinbase
2020-03-10T00:00:00Z,177.08000000,181.76000000,172.50000000,177.28000000,38597.71357418,coinbase
2020-03-11T00:00:00Z,177.34000000,179.48000000,161.00000000,173.01000000,39863.99239200,coinbase
2020-03-12T00:00:00Z,173.01000000,173.59000000,93.50000000,100.53000000,254724.20648007,coinbase
2020-03-13T00:00:00Z,99.57000000,129.36000000,81.31000000,122.65000000,207144.79273477,coinbase
2020-03-14T00:00:00Z,122.82000000,123.00000000,109.36000000,111.29000000,35943.99376722,coinbase
2020-03-15T00:00:00Z,111.20000000,120.05000000,109.00000000,111.55000000,43404.90626687,coinbase
2020-03-16T00:00:00Z,111.19000000,111.91000000,92.21000000,99.90000000,118179.20900838,coinbase
2020-03-17T00:00:00Z,99.83000000,110.00000000,98.49000000,106.00000000,47745.78669042,coinbase
2020-03-18T00:00:00Z,106.54000000,108.63000000,101.16000000,108.59000000,46300.47161401,coinbase
2020-03-19T00:00:00Z,108.56000000,136.10000000,106.63000000,128.97000000,129107.45559528,coinbase
2020-03-20T00:00:00Z,128.68000000,145.00000000,108.00000000,124.81000000,142785.08292407,coinbase
2020-03-21T00:00:00Z,125.08000000,129.31000000,118.01000000,124.75000000,36646.87433311,coinbase
2020-03-22T00:00:00Z,124.66000000,128.54000000,114.03000000,115.28000000,33783.64393501,coinbase
2020-03-23T00:00:00Z,115.13000000,128.25000000,112.50000000,127.17000000,57920.69110071,coinbase
2020-03-24T00:00:00Z,127.05000000,133.43000000,123.50000000,128.99000000,48464.52917715,coinbase
2020-03-25T00:00:00Z,128.79000000,132.42000000,123.50000000,125.59000000,37933.61980312,coinbase
2020-03-26T00:00:00Z,125.61000000,127.40000000,122.00000000,126.09000000,23314.15971068,coinbase
2020-03-27T00:00:00Z,126.09000000,128.61000000,117.00000000,118.52000000,22295.47264983,coinbase
2020-03-28T00:00:00Z,118.51000000,120.22000000,113.00000000,118.27000000,34131.05344639,coinbase
2020-03-29T00:00:00Z,118.44000000,118.97000000,111.57000000,112.04000000,18434.17877470,coinbase
2020-03-30T00:00:00Z,112.03000000,123.15000000,111.80000000,120.17000000,24330.36699070,coinbase
2020-03-31T00:00:00Z,120.11000000,123.00000000,118.64000000,121.08000000,16714.79877058,coinbase
2020-04-01T00:00:00Z,121.04000000,125.77000000,117.86000000,124.07000000,19443.16336725,coinbase
2020-04-02T00:00:00Z,124.42000000,138.55000000,124.13000000,129.57000000,46498.30653279,coinbase
2020-04-03T00:00:00Z,129.38000000,136.00000000,128.04000000,131.22000000,36580.89920916,coinbase
2020-04-04T00:00:00Z,131.22000000,135.71000000,129.00000000,133.74000000,20634.27637064,coinbase
2020-04-05T00:00:00Z,133.99000000,135.03000000,130.70000000,132.40000000,13407.34576204,coinbase
2020-04-06T00:00:00Z,132.44000000,159.41000000,132.41000000,158.99000000,79103.24950415,coinbase
2020-04-07T00:00:00Z,159.06000000,163.54000000,148.18000000,151.20000000,66812.45319217,coinbase
2020-04-08T00:00:00Z,151.04000000,160.72000000,150.29000000,159.14000000,39947.38923656,coinbase
2020-04-09T00:00:00Z,159.29000000,159.85000000,152.50000000,155.74000000,28050.64763191,coinbase
2020-04-10T00:00:00Z,155.71000000,156.17000000,139.37000000,144.71000000,44249.12443222,coinbase
2020-04-11T00:00:00Z,144.78000000,148.00000000,141.34000000,145.34000000,15049.17084842,coinbase
2020-04-12T00:00:00Z,145.37000000,151.96000000,142.29000000,145.46000000,22096.87875698,coinbase
2020-04-13T00:00:00Z,145.46000000,146.36000000,137.56000000,143.70000000,35603.98113739,coinbase
2020-04-14T00:00:00Z,143.87000000,148.46000000,142.73000000,144.65000000,21289.25824806,coinbase
2020-04-15T00:00:00Z,144.68000000,147.40000000,139.69000000,140.36000000,23659.84833565,coinbase
2020-04-16T00:00:00Z,140.23000000,160.98000000,136.31000000,158.85000000,62000.51361746,coinbase
2020-04-17T00:00:00Z,158.85000000,161.10000000,155.10000000,158.09000000,24414.10536755,coinbase
2020-04-18T00:00:00Z,158.23000000,175.00000000,157.69000000,172.57000000,45789.92461774,coinbase
2020-04-19T00:00:00Z,172.56000000,173.52000000,162.81000000,166.14000000,33717.92899512,coinbase
2020-04-20T00:00:00Z,166.13000000,171.70000000,154.03000000,157.32000000,57811.77458892,coinbase
2020-04-21T00:00:00Z,157.30000000,161.50000000,155.96000000,157.82000000,27487.72266698,coinbase
2020-04-22T00:00:00Z,157.86000000,170.42000000,157.04000000,169.16000000,34063.00767139,coinbase
2020-04-23T00:00:00Z,169.05000000,178.92000000,164.77000000,170.95000000,50108.59272427,coinbase
2020-04-24T00:00:00Z,170.95000000,175.97000000,170.94000000,173.78000000,24272.94991910,coinbase
2020-04-25T00:00:00Z,173.70000000,183.23000000,172.35000000,179.90000000,35974.33398195,coinbase
2020-04-26T00:00:00Z,179.84000000,185.23000000,178.47000000,182.95000000,24642.55874819,coinbase
2020-04-27T00:00:00Z,183.00000000,184.24000000,175.55000000,182.06000000,43195.57856682,coinbase
2020-04-28T00:00:00Z,182.02000000,183.09000000,178.52000000,181.91000000,27407.19944900,coinbase
2020-04-29T00:00:00Z,182.03000000,202.22000000,181.81000000,198.16000000,76986.03884883,coinbase
2020-04-30T00:00:00Z,198.29000000,209.66000000,185.00000000,188.82000000,101406.71228500,coinbase
2020-05-01T00:00:00Z,188.56000000,198.80000000,188.56000000,193.19000000,31223.72099776,coinbase
2020-05-02T00:00:00Z,193.11000000,196.12000000,191.93000000,194.85000000,20909.47778168,coinbase
2020-05-03T00:00:00Z,195.11000000,199.30000000,187.36000000,191.92000000,43643.41426592,coinbase
2020-05-04T00:00:00Z,191.94000000,192.65000000,178.45000000,190.02000000,48912.60538201,coinbase
2020-05-05T00:00:00Z,189.99000000,193.83000000,185.91000000,189.64000000,42924.74986818,coinbase
2020-05-06T00:00:00Z,189.95000000,195.55000000,184.17000000,184.62000000,42708.79231329,coinbase
2020-05-07T00:00:00Z,184.48000000,199.02000000,182.47000000,195.70000000,59505.07325848,coinbase
2020-05-08T00:00:00Z,195.89000000,199.40000000,191.44000000,195.49000000,44201.72581538,coinbase
2020-05-09T00:00:00Z,195.49000000,198.19000000,192.60000000,193.89000000,24658.41698559,coinbase
2020-05-10T00:00:00Z,193.97000000,194.06000000,166.41000000,173.47000000,100613.11820193,coinbase
2020-05-11T00:00:00Z,173.66000000,179.62000000,163.73000000,172.52000000,68171.23279402,coinbase
2020-05-12T00:00:00Z,172.16000000,177.81000000,172.08000000,175.63000000,25328.60688961,coinbase
2020-05-13T00:00:00Z,175.43000000,186.22000000,174.14000000,184.88000000,27060.89364283,coinbase
2020-05-14T00:00:00Z,185.00000000,190.98000000,181.41000000,187.81000000,39887.83457753,coinbase
2020-05-15T00:00:00Z,187.71000000,188.48000000,177.00000000,179.88000000,28798.85369470,coinbase
2020-05-16T00:00:00Z,180.00000000,187.95000000,178.70000000,185.51000000,15281.96019557,coinbase
2020-05-17T00:00:00Z,185.51000000,193.64000000,184.87000000,191.13000000,20963.01238849,coinbase
2020-05-18T00:00:00Z,191.25000000,198.43000000,191.25000000,196.90000000,33733.77106211,coinbase
2020-05-19T00:00:00Z,196.90000000,197.09000000,192.13000000,196.45000000,19198.00041054,coinbase
2020-05-20T00:00:00Z,196.69000000,197.10000000,188.12000000,191.66000000,28644.78335247,coinbase
2020-05-21T00:00:00Z,191.55000000,193.19000000,174.68000000,181.53000000,39052.65650058,coinbase
2020-05-22T00:00:00Z,181.53000000,192.21000000,179.55000000,190.23000000,21339.58914043,coinbase
2020-05-23T00:00:00Z,190.58000000,193.62000000,187.94000000,189.62000000,14253.45501080,coinbase
2020-05-24T00:00:00Z,189.62000000,193.18000000,183.00000000,183.00000000,21213.49075087,coinbase
2020-05-25T00:00:00Z,183.18000000,189.06000000,181.67000000,187.47000000,18080.22963498,coinbase
2020-05-26T00:00:00Z,187.28000000,188.02000000,179.60000000,183.32000000,25802.82043311,coinbase
2020-05-27T00:00:00Z,183.32000000,189.37000000,183.07000000,189.13000000,15787.14709821,coinbase
2020-05-28T00:00:00Z,189.16000000,198.97000000,186.02000000,198.41000000,27593.41525375,coinbase
2020-05-29T00:00:00Z,198.44000000,202.35000000,195.42000000,198.99000000,25520.12637851,coinbase
2020-05-30T00:00:00Z,198.93000000,221.65000000,197.30000000,218.64000000,49475.75738273,coinbase
2020-05-31T00:00:00Z,218.62000000,220.00000000,206.67000000,208.42000000,27485.32419531,coinbase
2020-06-01T00:00:00Z,208.35000000,225.10000000,207.71000000,220.03000000,38759.00232111,coinbase
2020-06-02T00:00:00Z,219.91000000,226.99000000,201.83000000,213.01000000,63791.12181361,coinbase
2020-06-03T00:00:00Z,212.78000000,218.31000000,208.72000000,217.69000000,21370.16902172,coinbase
2020-06-04T00:00:00Z,217.94000000,219.76000000,211.35000000,214.76000000,28526.13556303,coinbase
2020-06-05T00:00:00Z,214.92000000,218.77000000,211.84000000,212.94000000,19755.01394106,coinbase
2020-06-06T00:00:00Z,212.93000000,216.85000000,211.19000000,214.66000000,12308.58181764,coinbase
2020-06-07T00:00:00Z,214.66000000,217.17000000,208.01000000,216.54000000,18795.59224659,coinbase
2020-06-08T00:00:00Z,216.56000000,219.35000000,213.52000000,218.20000000,16028.25147704,coinbase
2020-06-09T00:00:00Z,218.20000000,220.76000000,211.00000000,215.52000000,19299.48473496,coinbase
2020-06-10T00:00:00Z,215.38000000,219.64000000,213.11000000,218.50000000,26959.54547798,coinbase
2020-06-11T00:00:00Z,218.48000000,219.85000000,199.10000000,203.99000000,50054.52912614,coinbase
2020-06-12T00:00:00Z,204.11000000,212.64000000,202.33000000,211.15000000,15091.98529073,coinbase
2020-06-13T00:00:00Z,211.44000000,212.06000000,208.69000000,211.66000000,4526.66826035,coinbase
2020-06-14T00:00:00Z,211.47000000,211.78000000,204.57000000,205.90000000,9682.46017975,coinbase
2020-06-15T00:00:00Z,205.89000000,206.62000000,194.17000000,204.12000000,38364.02453142,coinbase
2020-06-16T00:00:00Z,204.10000000,209.44000000,202.01000000,209.06000000,13606.40972923,coinbase
2020-06-17T00:00:00Z,209.04000000,211.20000000,202.59000000,208.02000000,11833.67202890,coinbase
2020-06-18T00:00:00Z,208.02000000,208.68000000,203.15000000,206.38000000,10525.74134735,coinbase
2020-06-19T00:00:00Z,206.28000000,206.73000000,202.22000000,204.79000000,8011.36545250,coinbase
2020-06-20T00:00:00Z,204.95000000,206.50000000,202.25000000,204.65000000,5843.85712387,coinbase
2020-06-21T00:00:00Z,204.83000000,206.83000000,203.06000000,203.53000000,5055.07455800,coinbase
2020-06-22T00:00:00Z,203.53000000,219.00000000,203.53000000,215.30000000,20684.97991554,coinbase
2020-06-23T00:00:00Z,215.26000000,216.80000000,213.32000000,215.16000000,12219.73898596,coinbase
2020-06-24T00:00:00Z,215.17000000,220.00000000,205.30000000,208.70000000,28078.34075205,coinbase
2020-06-25T00:00:00Z,208.56000000,210.04000000,202.57000000,207.02000000,15471.58779610,coinbase
2020-06-26T00:00:00Z,207.11000000,208.29000000,203.52000000,204.79000000,14182.20691450,coinbase
2020-06-27T00:00:00Z,204.71000000,206.58000000,193.16000000,197.30000000,20925.33219424,coinbase
2020-06-28T00:00:00Z,197.21000000,203.37000000,194.83000000,201.05000000,15457.48883584,coinbase
2020-06-29T00:00:00Z,200.96000000,204.54000000,196.86000000,202.64000000,16605.10008783,coinbase
2020-06-30T00:00:00Z,202.80000000,203.50000000,198.99000000,200.98000000,12561.57964443,coinbase
2020-07-01T00:00:00Z,200.99000000,207.16000000,199.66000000,205.71000000,14413.03472377,coinbase
2020-07-02T00:00:00Z,205.60000000,206.44000000,199.00000000,202.08000000,19676.86289492,coinbase
2020-07-03T00:00:00Z,201.98000000,203.73000000,199.75000000,200.19000000,10016.22892570,coinbase
2020-07-04T00:00:00Z,199.92000000,205.15000000,199.89000000,203.67000000,7811.29302416,coinbase
2020-07-05T00:00:00Z,203.67000000,204.25000000,198.80000000,202.57000000,7166.10452054,coinbase
2020-07-06T00:00:00Z,202.48000000,213.61000000,201.67000000,213.26000000,19075.11439685,coinbase
2020-07-07T00:00:00Z,213.20000000,215.00000000,208.14000000,212.63000000,11659.99685926,coinbase
2020-07-08T00:00:00Z,212.55000000,219.84000000,211.28000000,217.89000000,22207.45091463,coinbase
2020-07-09T00:00:00Z,217.81000000,218.69000000,210.84000000,214.71000000,20881.55103589,coinbase
2020-07-10T00:00:00Z,214.83000000,214.83000000,209.41000000,213.70000000,9620.96576588,coinbase
2020-07-11T00:00:00Z,213.79000000,214.10000000,210.72000000,212.41000000,4596.03207344,coinbase
2020-07-12T00:00:00Z,212.49000000,216.35000000,209.00000000,215.11000000,11132.25262146,coinbase
2020-07-13T00:00:00Z,215.31000000,216.86000000,209.52000000,211.59000000,17159.58994647,coinbase
2020-07-14T00:00:00Z,211.50000000,212.68000000,209.27000000,210.96000000,16740.59725070,coinbase
2020-07-15T00:00:00Z,211.09000000,211.77000000,207.62000000,208.73000000,14709.86193889,coinbase
2020-07-16T00:00:00Z,208.76000000,209.56000000,202.00000000,205.12000000,18726.66341187,coinbase
2020-07-17T00:00:00Z,205.42000000,206.01000000,203.33000000,203.93000000,10769.85284954,coinbase
2020-07-18T00:00:00Z,203.91000000,207.50000000,203.82000000,206.53000000,6148.17728051,coinbase
2020-07-19T00:00:00Z,206.65000000,209.79000000,204.51000000,209.16000000,7425.32855689,coinbase
2020-07-20T00:00:00Z,209.35000000,209.91000000,204.92000000,206.39000000,13138.65572098,coinbase
2020-07-21T00:00:00Z,206.40000000,214.81000000,206.17000000,213.20000000,19120.87839649,coinbase
2020-07-22T00:00:00Z,213.15000000,233.00000000,210.05000000,228.13000000,25446.49406354,coinbase
2020-07-23T00:00:00Z,228.14000000,242.69000000,223.65000000,237.71000000,41369.73833203,coinbase
2020-07-24T00:00:00Z,237.77000000,247.35000000,231.04000000,240.64000000,21754.39525978,coinbase
2020-07-25T00:00:00Z,240.79000000,265.65000000,240.78000000,262.51000000,30673.19131082,coinbase
2020-07-26T00:00:00Z,262.51000000,273.99000000,257.22000000,266.94000000,35853.30224188,coinbase
2020-07-27T00:00:00Z,266.89000000,283.46000000,264.00000000,269.32000000,55369.33356381,coinbase
2020-07-28T00:00:00Z,269.32000000,276.20000000,258.50000000,271.02000000,38635.47462236,coinbase
2020-07-29T00:00:00Z,270.94000000,277.23000000,267.21000000,270.30000000,20103.47482404,coinbase
2020-07-30T00:00:00Z,270.21000000,289.00000000,267.74000000,283.03000000,34840.82981575,coinbase
2020-07-31T00:00:00Z,283.31000000,296.80000000,277.31000000,294.96000000,31245.30746417,coinbase
2020-08-01T00:00:00Z,294.99000000,334.38000000,292.16000000,328.91000000,62311.73984844,coinbase
2020-08-02T00:00:00Z,328.89000000,352.55000000,280.22000000,316.06000000,114494.00036016,coinbase
2020-08-03T00:00:00Z,316.22000000,339.72000000,311.64000000,329.14000000,39618.69496894,coinbase
2020-08-04T00:00:00Z,329.09000000,343.06000000,324.91000000,330.54000000,32688.26691537,coinbase
2020-08-05T00:00:00Z,330.61000000,343.89000000,325.82000000,338.12000000,28386.57287734,coinbase
2020-08-06T00:00:00Z,338.00000000,340.03000000,330.21000000,333.19000000,23115.66221796,coinbase
2020-08-07T00:00:00Z,333.19000000,336.92000000,308.00000000,322.55000000,40688.64266322,coinbase
2020-08-08T00:00:00Z,322.11000000,338.00000000,319.87000000,336.86000000,15368.87411557,coinbase
2020-08-09T00:00:00Z,337.13000000,339.26000000,326.53000000,332.09000000,13748.56450264,coinbase
2020-08-10T00:00:00Z,332.38000000,339.48000000,328.00000000,337.24000000,21456.50258532,coinbase
2020-08-11T00:00:00Z,337.67000000,338.92000000,312.36000000,323.50000000,33719.01831848,coinbase
2020-08-12T00:00:00Z,323.50000000,330.99000000,312.91000000,329.05000000,20216.35777794,coinbase
2020-08-13T00:00:00Z,328.69000000,365.49000000,319.00000000,359.66000000,43840.93146513,coinbase
2020-08-14T00:00:00Z,359.81000000,376.72000000,354.24000000,370.74000000,33915.36454948,coinbase
2020-08-15T00:00:00Z,370.94000000,374.25000000,362.01000000,365.41000000,20314.77593859,coinbase
2020-08-16T00:00:00Z,365.26000000,370.00000000,349.21000000,365.90000000,26580.85004868,coinbase
2020-08-17T00:00:00Z,365.89000000,376.18000000,354.76000000,362.98000000,29261.45785278,coinbase
2020-08-18T00:00:00Z,363.15000000,365.68000000,348.72000000,354.21000000,29682.23289485,coinbase
2020-08-19T00:00:00Z,354.09000000,357.72000000,333.21000000,344.92000000,37837.68281433,coinbase
2020-08-20T00:00:00Z,344.82000000,354.00000000,340.55000000,350.70000000,19136.29368328,coinbase
2020-08-21T00:00:00Z,350.77000000,353.21000000,327.48000000,329.63000000,25785.25177369,coinbase
2020-08-22T00:00:00Z,329.33000000,337.24000000,323.10000000,335.82000000,17895.67921487,coinbase
2020-08-23T00:00:00Z,336.05000000,337.24000000,326.18000000,331.93000000,11411.68059114,coinbase
2020-08-24T00:00:00Z,331.89000000,348.51000000,329.31000000,346.40000000,18159.44265154,coinbase
2020-08-25T00:00:00Z,346.33000000,347.65000000,313.64000000,324.68000000,35289.57963821,coinbase
2020-08-26T00:00:00Z,324.80000000,332.87000000,320.18000000,326.05000000,34035.95810820,coinbase
2020-08-27T00:00:00Z,325.99000000,335.14000000,315.70000000,324.53000000,19472.23166297,coinbase
2020-08-28T00:00:00Z,324.77000000,335.16000000,321.88000000,332.77000000,15350.37637041,coinbase
2020-08-29T00:00:00Z,332.94000000,341.53000000,330.47000000,335.79000000,13227.71987900,coinbase
2020-08-30T00:00:00Z,335.65000000,361.00000000,335.65000000,359.94000000,17021.78472038,coinbase
2020-08-31T00:00:00Z,360.18000000,368.00000000,351.99000000,363.83000000,26673.85687606,coinbase
2020-09-01T00:00:00Z,364.91000000,409.67000000,360.31000000,399.00000000,50468.17777758,coinbase
2020-09-02T00:00:00Z,398.58000000,404.44000000,355.06000000,372.28000000,58366.23520859,coinbase
2020-09-03T00:00:00Z,371.88000000,382.01000000,315.77000000,324.35000000,66890.00582673,coinbase
2020-09-04T00:00:00Z,323.83000000,339.67000000,305.78000000,328.85000000,58312.76985102,coinbase
2020-09-05T00:00:00Z,328.88000000,333.32000000,262.75000000,283.51000000,83695.62508221,coinbase
2020-09-06T00:00:00Z,283.39000000,304.83000000,267.32000000,298.63000000,51272.95303561,coinbase
2020-09-07T00:00:00Z,298.50000000,303.39000000,273.90000000,299.97000000,37583.69865661,coinbase
2020-09-08T00:00:00Z,300.00000000,301.95000000,277.15000000,287.07000000,41101.36072967,coinbase
2020-09-09T00:00:00Z,286.96000000,304.83000000,281.40000000,297.62000000,25407.82760313,coinbase
2020-09-10T00:00:00Z,297.62000000,318.20000000,297.42000000,311.78000000,32212.42359291,coinbase
2020-09-11T00:00:00Z,312.00000000,316.98000000,301.41000000,316.28000000,15927.23236233,coinbase
2020-09-12T00:00:00Z,316.27000000,328.24000000,309.00000000,328.24000000,13920.34455927,coinbase
2020-09-13T00:00:00Z,327.92000000,329.61000000,298.45000000,310.08000000,24347.21441082,coinbase
2020-09-14T00:00:00Z,310.25000000,323.98000000,301.68000000,318.36000000,20759.76591818,coinbase
2020-09-15T00:00:00Z,318.46000000,322.00000000,306.13000000,307.77000000,20091.44869756,coinbase
2020-09-16T00:00:00Z,307.54000000,315.91000000,300.52000000,309.44000000,16842.84769773,coinbase
2020-09-17T00:00:00Z,308.93000000,333.00000000,308.35000000,328.99000000,30333.02949428,coinbase
2020-09-18T00:00:00Z,328.89000000,331.27000000,317.27000000,325.48000000,18069.76283207,coinbase
2020-09-19T00:00:00Z,325.23000000,328.10000000,319.30000000,325.72000000,8599.82984164,coinbase
2020-09-20T00:00:00Z,325.46000000,325.92000000,309.02000000,313.51000000,14439.00561097,coinbase
2020-09-21T00:00:00Z,313.26000000,317.95000000,282.38000000,289.64000000,48495.32654006,coinbase
2020-09-22T00:00:00Z,289.97000000,296.78000000,287.00000000,294.10000000,21778.61867887,coinbase
2020-09-23T00:00:00Z,294.31000000,294.93000000,269.15000000,275.05000000,32127.01994856,coinbase
2020-09-24T00:00:00Z,275.30000000,302.50000000,271.95000000,298.91000000,33191.79641622,coinbase
2020-09-25T00:00:00Z,298.82000000,308.13000000,289.85000000,303.00000000,20861.26808175,coinbase
2020-09-26T00:00:00Z,303.39000000,306.46000000,298.09000000,304.49000000,8259.49118003,coinbase
2020-09-27T00:00:00Z,304.69000000,311.18000000,298.51000000,307.50000000,11144.46456875,coinbase
2020-09-28T00:00:00Z,307.50000000,316.03000000,301.65000000,302.82000000,17252.02477114,coinbase
2020-09-29T00:00:00Z,302.26000000,307.33000000,300.25000000,307.04000000,13373.03369848,coinbase
2020-09-30T00:00:00Z,306.76000000,308.01000000,300.81000000,307.06000000,12527.51592429,coinbase
2020-10-01T00:00:00Z,307.44000000,315.16000000,294.44000000,300.88000000,23173.83627492,coinbase
2020-10-02T00:00:00Z,300.80000000,302.72000000,285.75000000,295.20000000,22264.70799749,coinbase
2020-10-03T00:00:00Z,295.44000000,300.00000000,293.75000000,295.93000000,7543.48409057,coinbase
2020-10-04T00:00:00Z,295.83000000,302.70000000,294.47000000,300.88000000,6742.09454869,coinbase
2020-10-05T00:00:00Z,300.75000000,303.76000000,297.12000000,300.34000000,8866.17630180,coinbase
2020-10-06T00:00:00Z,300.40000000,301.19000000,287.45000000,290.50000000,20068.65850760,coinbase
2020-10-07T00:00:00Z,290.53000000,291.60000000,284.52000000,290.65000000,13297.15403209,coinbase
2020-10-08T00:00:00Z,290.88000000,300.19000000,284.35000000,297.67000000,17723.21310917,coinbase
2020-10-09T00:00:00Z,297.74000000,311.00000000,295.28000000,308.26000000,17799.72682145,coinbase
2020-10-10T00:00:00Z,308.30000000,319.34000000,307.91000000,312.13000000,18188.66381304,coinbase
2020-10-11T00:00:00Z,312.09000000,318.41000000,310.95000000,316.09000000,11179.90826945,coinbase
2020-10-12T00:00:00Z,315.82000000,334.22000000,310.04000000,327.02000000,29205.00081100,coinbase
2020-10-13T00:00:00Z,326.81000000,328.46000000,319.28000000,325.04000000,18646.00892817,coinbase
2020-10-14T00:00:00Z,325.43000000,329.91000000,318.08000000,322.85000000,13925.33310241,coinbase
2020-10-15T00:00:00Z,322.73000000,326.16000000,316.83000000,322.80000000,15965.27056774,coinbase
2020-10-16T00:00:00Z,322.82000000,324.45000000,309.50000000,312.59000000,19723.20695850,coinbase
2020-10-17T00:00:00Z,312.46000000,316.56000000,310.50000000,314.66000000,8287.82846355,coinbase
2020-10-18T00:00:00Z,314.62000000,323.41000000,313.73000000,323.18000000,9348.01656464,coinbase
2020-10-19T00:00:00Z,323.12000000,326.02000000,318.69000000,322.47000000,16577.50727787,coinbase
2020-10-20T00:00:00Z,322.47000000,323.36000000,309.41000000,311.86000000,26038.77437349,coinbase
2020-10-21T00:00:00Z,312.29000000,337.13000000,311.18000000,328.01000000,36843.19092628,coinbase
2020-10-22T00:00:00Z,327.95000000,355.76000000,327.76000000,350.29000000,32216.55062882,coinbase
2020-10-23T00:00:00Z,350.29000000,354.44000000,338.78000000,344.96000000,17699.85226466,coinbase
2020-10-24T00:00:00Z,345.16000000,350.94000000,343.20000000,347.50000000,10007.38560834,coinbase
2020-10-25T00:00:00Z,347.50000000,351.34000000,340.35000000,342.72000000,9078.32683526,coinbase
2020-10-26T00:00:00Z,342.84000000,347.06000000,323.93000000,333.08000000,21389.46150315,coinbase
2020-10-27T00:00:00Z,332.99000000,347.24000000,330.59000000,344.40000000,14584.48191189,coinbase
2020-10-28T00:00:00Z,344.19000000,346.87000000,324.27000000,331.62000000,22448.93354623,coinbase
2020-10-29T00:00:00Z,331.73000000,338.02000000,325.44000000,331.95000000,16162.96212263,coinbase
2020-10-30T00:00:00Z,331.95000000,336.00000000,320.68000000,328.68000000,18467.30830572,coinbase
2020-10-31T00:00:00Z,328.62000000,340.00000000,326.80000000,331.77000000,15963.22842137,coinbase
2020-11-01T00:00:00Z,331.62000000,341.72000000,330.72000000,341.00000000,11724.46844614,coinbase
2020-11-02T00:00:00Z,341.00000000,347.76000000,325.50000000,329.13000000,22551.17637759,coinbase
2020-11-03T00:00:00Z,329.09000000,332.80000000,318.32000000,330.44000000,17282.24917365,coinbase
2020-11-04T00:00:00Z,330.38000000,348.94000000,323.70000000,343.49000000,25502.75263420,coinbase
2020-11-05T00:00:00Z,343.69000000,356.11000000,337.68000000,352.88000000,33008.11835902,coinbase
2020-11-06T00:00:00Z,352.88000000,385.77000000,351.49000000,384.10000000,45821.45428134,coinbase
2020-11-07T00:00:00Z,384.41000000,394.37000000,342.75000000,364.08000000,48914.74189934,coinbase
2020-11-08T00:00:00Z,364.01000000,386.33000000,360.02000000,381.00000000,17460.63448550,coinbase
2020-11-09T00:00:00Z,381.00000000,385.84000000,367.50000000,375.71000000,24807.60030165,coinbase
2020-11-10T00:00:00Z,375.96000000,384.53000000,372.01000000,381.21000000,16822.66695758,coinbase
2020-11-11T00:00:00Z,381.73000000,404.38000000,380.53000000,393.55000000,33425.28029839,coinbase
2020-11-12T00:00:00Z,393.55000000,398.53000000,384.17000000,392.19000000,24294.54166608,coinbase
2020-11-13T00:00:00Z,392.18000000,403.83000000,387.84000000,403.00000000,21265.45001973,coinbase
2020-11-14T00:00:00Z,402.91000000,403.62000000,383.09000000,390.11000000,17919.81109271,coinbase
2020-11-15T00:00:00Z,390.15000000,391.85000000,372.58000000,378.42000000,16186.39670756,coinbase
2020-11-16T00:00:00Z,378.35000000,393.14000000,376.81000000,388.20000000,17378.26093019,coinbase
2020-11-17T00:00:00Z,388.37000000,408.96000000,388.00000000,406.49000000,32939.40437275,coinbase
2020-11-18T00:00:00Z,406.57000000,416.94000000,385.00000000,404.47000000,43387.15874976,coinbase
2020-11-19T00:00:00Z,404.58000000,405.78000000,393.65000000,398.00000000,16692.57311440,coinbase
2020-11-20T00:00:00Z,397.85000000,434.06000000,397.26000000,430.02000000,44080.39937753,coinbase
2020-11-21T00:00:00Z,429.79000000,466.11000000,424.09000000,465.09000000,44404.44195418,coinbase
2020-11-22T00:00:00Z,465.57000000,489.97000000,428.00000000,472.51000000,60538.91275125,coinbase
2020-11-23T00:00:00Z,471.78000000,516.07000000,462.57000000,514.37000000,68933.92619256,coinbase
2020-11-24T00:00:00Z,514.74000000,525.47000000,495.69000000,508.51000000,61711.25442667,coinbase
2020-11-25T00:00:00Z,508.54000000,509.71000000,465.51000000,477.18000000,42519.49084211,coinbase
2020-11-26T00:00:00Z,477.17000000,483.69000000,337.20000000,436.86000000,143104.38213981,coinbase
2020-11-27T00:00:00Z,436.68000000,446.21000000,413.78000000,433.91000000,30016.65608065,coinbase
2020-11-28T00:00:00Z,433.88000000,459.22000000,424.02000000,450.24000000,30168.71738151,coinbase
2020-11-29T00:00:00Z,450.32000000,482.63000000,444.10000000,481.58000000,23774.10873520,coinbase
2020-11-30T00:00:00Z,481.58000000,514.90000000,476.32000000,514.37000000,49164.38990883,coinbase
2020-12-01T00:00:00Z,513.98000000,531.37000000,471.35000000,485.29000000,97343.64115414,coinbase
2020-12-02T00:00:00Z,485.59000000,501.94000000,477.26000000,492.98000000,29970.69431195,coinbase
2020-12-03T00:00:00Z,492.77000000,513.00000000,483.88000000,507.41000000,22413.06303649,coinbase
2020-12-04T00:00:00Z,507.30000000,510.27000000,467.55000000,468.93000000,34921.99208016,coinbase
2020-12-05T00:00:00Z,468.04000000,494.34000000,463.05000000,493.54000000,14164.23876736,coinbase
2020-12-06T00:00:00Z,493.30000000,501.53000000,482.00000000,496.42000000,10278.99229416,coinbase
2020-12-07T00:00:00Z,496.20000000,497.29000000,482.94000000,488.53000000,11255.44404937,coinbase
2020-12-08T00:00:00Z,488.54000000,491.03000000,453.40000000,458.50000000,23356.77374746,coinbase
2020-12-09T00:00:00Z,458.09000000,478.67000000,437.00000000,475.83000000,34734.60965228,coinbase
2020-12-10T00:00:00Z,475.89000000,476.51000000,451.60000000,459.82000000,15050.00754211,coinbase
2020-12-11T00:00:00Z,460.48000000,461.40000000,441.45000000,449.48000000,21680.93798450,coinbase
2020-12-12T00:00:00Z,449.80000000,474.77000000,448.32000000,469.45000000,11268.58149929,coinbase
2020-12-13T00:00:00Z,469.47000000,490.42000000,465.76000000,486.11000000,14640.05619063,coinbase
2020-12-14T00:00:00Z,485.48000000,487.39000000,473.70000000,482.37000000,11369.59490315,coinbase
2020-12-15T00:00:00Z,482.74000000,490.27000000,477.18000000,485.02000000,14082.35954632,coinbase
2020-12-16T00:00:00Z,485.03000000,523.52000000,478.00000000,522.46000000,39571.59863751,coinbase
2020-12-17T00:00:00Z,522.46000000,550.00000000,506.97000000,522.84000000,60975.48063582,coinbase
2020-12-18T00:00:00Z,523.70000000,542.69000000,512.46000000,533.59000000,20395.64107956,coinbase
2020-12-19T00:00:00Z,533.57000000,546.82000000,526.88000000,535.81000000,19331.02058270,coinbase
2020-12-20T00:00:00Z,535.71000000,538.13000000,506.18000000,521.70000000,19305.00302765,coinbase
2020-12-21T00:00:00Z,521.38000000,531.15000000,491.00000000,497.14000000,31633.62139436,coinbase
2020-12-22T00:00:00Z,497.02000000,523.83000000,481.85000000,523.24000000,27407.68715167,coinbase
2020-12-23T00:00:00Z,522.47000000,524.22000000,453.99000000,480.61000000,38705.45369674,coinbase
2020-12-24T00:00:00Z,480.46000000,504.97000000,464.29000000,502.72000000,20148.45587965,coinbase
2020-12-25T00:00:00Z,502.25000000,518.80000000,495.76000000,513.30000000,21567.86145871,coinbase
2020-12-26T00:00:00Z,512.96000000,534.07000000,504.33000000,521.23000000,26305.92807764,coinbase
2020-12-27T00:00:00Z,521.65000000,581.48000000,510.00000000,557.51000000,65228.41732445,coinbase
2020-12-28T00:00:00Z,557.63000000,612.43000000,555.45000000,597.46000000,53752.90722549,coinbase
2020-12-29T00:00:00Z,597.60000000,604.62000000,563.07000000,597.23000000,34782.54418977,coinbase
2020-12-30T00:00:00Z,597.54000000,617.29000000,585.00000000,612.12000000,30005.43579177,coinbase
2020-12-31T00:00:00Z,612.07000000,614.54000000,590.00000000,603.67000000,30221.12284769,coinbase
2021-01-01T00:00:00Z,603.49000000,613.00000000,588.79000000,598.60000000,24750.68630738,coinbase
2021-01-02T00:00:00Z,598.48000000,639.75000000,557.30000000,623.20000000,69697.27344590,coinbase
2021-01-03T00:00:00Z,623.99000000,785.00000000,613.08000000,759.24000000,120260.80439098,coinbase
2021-01-04T00:00:00Z,759.25000000,894.00000000,690.02000000,849.49000000,169908.70035389,coinbase
2021-01-05T00:00:00Z,849.00000000,923.64000000,795.08000000,896.35000000,109073.39902519,coinbase
2021-01-06T00:00:00Z,896.74000000,986.15000000,861.50000000,980.88000000,92553.19416495,coinbase
2021-01-07T00:00:00Z,980.72000000,1051.11000000,928.00000000,997.38000000,102177.59490596,coinbase
2021-01-08T00:00:00Z,998.34000000,1039.37000000,870.42000000,994.25000000,110782.66587869,coinbase
2021-01-09T00:00:00Z,993.97000000,1057.00000000,958.03000000,1036.16000000,50773.92743931,coinbase
2021-01-10T00:00:00Z,1037.03000000,1090.00000000,925.79000000,1020.46000000,93077.86870219,coinbase
2021-01-11T00:00:00Z,1020.03000000,1023.54000000,700.00000000,889.98000000,227797.29299219,coinbase
2021-01-12T00:00:00Z,888.94000000,946.58000000,824.38000000,860.33000000,84597.19931097,coinbase
2021-01-13T00:00:00Z,860.00000000,935.78000000,809.00000000,929.15000000,48815.50245685,coinbase
2021-01-14T00:00:00Z,929.15000000,1024.95000000,895.64000000,1011.69000000,57012.38936259,coinbase
2021-01-15T00:00:00Z,1012.16000000,1030.00000000,881.01000000,968.00000000,71763.59761536,coinbase
2021-01-16T00:00:00Z,968.01000000,1067.60000000,953.15000000,1016.96000000,43255.33703604,coinbase
2021-01-17T00:00:00Z,1016.80000000,1047.31000000,965.61000000,1019.78000000,39398.94769992,coinbase
2021-01-18T00:00:00Z,1019.93000000,1042.00000000,981.24000000,1040.83000000,32614.15358702,coinbase
2021-01-19T00:00:00Z,1040.96000000,1188.44000000,1034.45000000,1127.47000000,79813.93660309,coinbase
2021-01-20T00:00:00Z,1127.02000000,1159.99000000,1021.00000000,1136.47000000,68216.82415130,coinbase
2021-01-21T00:00:00Z,1136.28000000,1146.35000000,891.22000000,913.50000000,84895.69347053,coinbase
2021-01-22T00:00:00Z,913.63000000,1050.46000000,856.39000000,1014.52000000,59346.03618326,coinbase
2021-01-23T00:00:00Z,1013.59000000,1047.99000000,985.00000000,1013.62000000,21202.52433329,coinbase
2021-01-24T00:00:00Z,1013.41000000,1149.90000000,1003.15000000,1144.99000000,42565.03331382,coinbase
2021-01-25T00:00:00Z,1144.38000000,1209.73000000,1067.04000000,1087.95000000,67837.89135698,coinbase
2021-01-26T00:00:00Z,1087.70000000,1135.00000000,1026.23000000,1125.17000000,43849.82835515,coinbase
2021-01-27T00:00:00Z,1123.88000000,1129.68000000,1001.34000000,1026.83000000,59671.79478359,coinbase
2021-01-28T00:00:00Z,1026.83000000,1121.39000000,1010.43000000,1097.70000000,38947.46296745,coinbase
2021-01-29T00:00:00Z,1096.69000000,1177.99000000,1064.48000000,1136.32000000,84863.68262478,coinbase
2021-01-30T00:00:00Z,1136.68000000,1158.81000000,1094.54000000,1136.03000000,24365.69079813,coinbase
2021-01-31T00:00:00Z,1135.40000000,1138.14000000,1058.11000000,1084.08000000,27168.36415848,coinbase
2021-02-01T00:00:00Z,1084.10000000,1141.01000000,1047.99000000,1138.58000000,26164.35992393,coinbase
2021-02-02T00:00:00Z,1139.22000000,1284.50000000,1127.00000000,1254.92000000,72254.76459502,coinbase
2021-02-03T00:00:00Z,1256.21000000,1387.94000000,1250.91000000,1384.69000000,56126.39637412,coinbase
2021-02-04T00:00:00Z,1384.21000000,1409.55000000,1299.23000000,1335.67000000,60728.73090474,coinbase
2021-02-05T00:00:00Z,1335.37000000,1470.00000000,1331.82000000,1428.67000000,50124.42789243,coinbase
2021-02-06T00:00:00Z,1429.28000000,1445.92000000,1368.24000000,1399.41000000,32660.95906357,coinbase
2021-02-07T00:00:00Z,1398.53000000,1406.91000000,1240.00000000,1340.50000000,49553.12645270,coinbase
2021-02-08T00:00:00Z,1340.89000000,1470.00000000,1300.50000000,1453.37000000,58835.65028510,coinbase
2021-02-09T00:00:00Z,1454.00000000,1511.91000000,1417.32000000,1461.39000000,49258.00859758,coinbase
2021-02-10T00:00:00Z,1461.18000000,1518.00000000,1386.04000000,1438.37000000,49339.98585930,coinbase
2021-02-11T00:00:00Z,1437.42000000,1493.22000000,1408.50000000,1472.15000000,30061.75848142,coinbase
2021-02-12T00:00:00Z,1471.80000000,1541.10000000,1433.86000000,1522.26000000,34322.91412762,coinbase
2021-02-13T00:00:00Z,1523.56000000,1546.00000000,1462.27000000,1504.40000000,21788.88388148,coinbase
2021-02-14T00:00:00Z,1505.10000000,1529.00000000,1481.80000000,1491.16000000,18915.40445426,coinbase
2021-02-15T00:00:00Z,1491.51000000,1513.46000000,1382.90000000,1467.90000000,36166.93382196,coinbase
2021-02-16T00:00:00Z,1469.78000000,1503.21000000,1426.77000000,1473.18000000,29343.74505279,coinbase
2021-02-17T00:00:00Z,1474.50000000,1543.00000000,1435.00000000,1536.90000000,27700.83910971,coinbase
2021-02-18T00:00:00Z,1537.97000000,1613.99000000,1537.97000000,1605.48000000,28601.12104462,coinbase
2021-02-19T00:00:00Z,1605.46000000,1630.99000000,1567.93000000,1614.51000000,21609.31863222,coinbase
2021-02-20T00:00:00Z,1614.73000000,1680.28000000,1501.00000000,1587.00000000,39010.01291940,coinbase
2021-02-21T00:00:00Z,1586.43000000,1631.17000000,1562.10000000,1599.90000000,21997.05687655,coinbase
2021-02-22T00:00:00Z,1600.36000000,1601.07000000,1255.10000000,1463.27000000,99655.76893257,coinbase
2021-02-23T00:00:00Z,1462.67000000,1466.26000000,1109.25000000,1297.62000000,132176.47173471,coinbase
2021-02-24T00:00:00Z,1297.05000000,1419.50000000,1233.88000000,1335.40000000,49566.20855158,coinbase
2021-02-25T00:00:00Z,1335.79000000,1366.50000000,1202.36000000,1222.16000000,28065.94529975,coinbase
2021-02-26T00:00:00Z,1221.28000000,1293.54000000,1155.53000000,1199.87000000,38970.80516271,coinbase
2021-02-27T00:00:00Z,1198.22000000,1267.00000000,1186.92000000,1213.05000000,17142.50412130,coinbase
2021-02-28T00:00:00Z,1212.52000000,1220.45000000,1075.00000000,1174.76000000,37136.82652508,coinbase
2021-03-01T00:00:00Z,1174.52000000,1307.42000000,1167.48000000,1305.09000000,26963.60602166,coinbase
2021-03-02T00:00:00Z,1305.20000000,1332.36000000,1205.85000000,1232.59000000,27570.37808560,coinbase
2021-03-03T00:00:00Z,1232.99000000,1373.21000000,1223.61000000,1303.25000000,26492.15072078,coinbase
2021-03-04T00:00:00Z,1302.34000000,1347.62000000,1258.00000000,1287.64000000,23124.16851817,coinbase
2021-03-05T00:00:00Z,1287.69000000,1299.59000000,1210.64000000,1282.90000000,21897.40090996,coinbase
2021-03-06T00:00:00Z,1284.00000000,1400.78000000,1274.39000000,1385.23000000,23791.31133151,coinbase
2021-03-07T00:00:00Z,1383.74000000,1453.68000000,1369.69000000,1446.73000000,20703.38503811,coinbase
2021-03-08T00:00:00Z,1445.86000000,1552.50000000,1401.65000000,1545.45000000,25166.00261054,coinbase
2021-03-09T00:00:00Z,1545.48000000,1572.35000000,1512.77000000,1571.80000000,22201.75201605,coinbase
2021-03-10T00:00:00Z,1571.61000000,1579.61000000,1475.00000000,1507.50000000,25903.90888629,coinbase
2021-03-11T00:00:00Z,1507.81000000,1540.00000000,1446.30000000,1528.04000000,26991.23749917,coinbase
2021-03-12T00:00:00Z,1527.30000000,1536.60000000,1444.00000000,1476.60000000,25612.00052073,coinbase
2021-03-13T00:00:00Z,1476.34000000,1595.00000000,1446.01000000,1575.08000000,26381.80036340,coinbase
2021-03-14T00:00:00Z,1575.08000000,1581.60000000,1530.00000000,1546.17000000,16266.83574607,coinbase
2021-03-15T00:00:00Z,1546.81000000,1580.00000000,1460.23000000,1505.43000000,32687.68270995,coinbase
2021-03-16T00:00:00Z,1505.96000000,1528.00000000,1439.10000000,1516.85000000,21571.22895449,coinbase
2021-03-17T00:00:00Z,1516.87000000,1535.05000000,1466.36000000,1522.02000000,17611.91311559,coinbase
2021-03-18T00:00:00Z,1521.44000000,1544.00000000,1478.94000000,1492.14000000,17242.73924708,coinbase
2021-03-19T00:00:00Z,1491.34000000,1545.80000000,1458.42000000,1522.82000000,14668.73628111,coinbase
2021-03-20T00:00:00Z,1522.37000000,1565.00000000,1515.00000000,1519.80000000,13073.16376918,coinbase
2021-03-21T00:00:00Z,1518.77000000,1528.76000000,1477.77000000,1502.00000000,18572.37732680,coinbase
2021-03-22T00:00:00Z,1503.07000000,1518.16000000,1390.38000000,1412.41000000,25490.60755091,coinbase
2021-03-23T00:00:00Z,1412.74000000,1454.00000000,1387.45000000,1410.63000000,21891.00729336,coinbase
2021-03-24T00:00:00Z,1410.05000000,1471.66000000,1310.00000000,1341.05000000,27508.86578351,coinbase
2021-03-25T00:00:00Z,1340.50000000,1375.07000000,1312.83000000,1349.03000000,31488.49255159,coinbase
2021-03-26T00:00:00Z,1348.06000000,1442.25000000,1348.06000000,1441.95000000,12246.17136475,coinbase
2021-03-27T00:00:00Z,1441.20000000,1467.42000000,1411.60000000,1452.80000000,9389.40098497,coinbase
2021-03-28T00:00:00Z,1451.77000000,1462.95000000,1407.00000000,1431.33000000,7997.70153754,coinbase
2021-03-29T00:00:00Z,1430.95000000,1561.00000000,1423.74000000,1540.43000000,20459.74440659,coinbase
2021-03-30T00:00:00Z,1539.75000000,1584.44000000,1516.76000000,1569.97000000,12169.76436310,coinbase
2021-03-31T00:00:00Z,1569.24000000,1658.88000000,1510.21000000,1636.64000000,25710.47482792,coinbase
2021-04-01T00:00:00Z,1636.12000000,1685.00000000,1603.70000000,1671.87000000,16764.69093545,coinbase
2021-04-02T00:00:00Z,1671.17000000,1825.41000000,1655.46000000,1816.16000000,21830.37186986,coinbase
2021-04-03T00:00:00Z,1815.00000000,1819.00000000,1707.00000000,1715.95000000,16323.15797033,coinbase
2021-04-04T00:00:00Z,1715.54000000,1785.00000000,1695.00000000,1766.82000000,10296.04049692,coinbase
2021-04-05T00:00:00Z,1768.01000000,1804.00000000,1708.00000000,1784.03000000,12821.52039064,coinbase
2021-04-06T00:00:00Z,1783.68000000,1820.15000000,1729.46000000,1780.82000000,17875.69196954,coinbase
2021-04-07T00:00:00Z,1780.79000000,1794.00000000,1629.88000000,1656.86000000,28861.72833539,coinbase
2021-04-08T00:00:00Z,1656.86000000,1750.00000000,1644.30000000,1747.36000000,12322.70031618,coinbase
2021-04-09T00:00:00Z,1747.33000000,1770.12000000,1725.64000000,1738.71000000,8918.71226892,coinbase
2021-04-10T00:00:00Z,1738.20000000,1825.00000000,1732.00000000,1788.94000000,15976.12350831,coinbase
2021-04-11T00:00:00Z,1788.21000000,1806.80000000,1764.99000000,1803.94000000,7977.70932058,coinbase
2021-04-12T00:00:00Z,1803.77000000,1840.99000000,1769.00000000,1794.18000000,15376.86719462,coinbase
2021-04-13T00:00:00Z,1794.12000000,1938.00000000,1792.83000000,1926.95000000,23380.99627634,coinbase
2021-04-14T00:00:00Z,1927.02000000,2042.00000000,1909.92000000,2031.09000000,31462.01806308,coinbase
2021-04-15T00:00:00Z,2033.70000000,2127.00000000,2003.66000000,2106.10000000,18274.77569236,coinbase
2021-04-16T00:00:00Z,2106.52000000,2130.45000000,1924.52000000,2027.32000000,33628.31153635,coinbase
2021-04-17T00:00:00Z,2028.44000000,2080.28000000,1947.41000000,1951.00000000,17784.99651092,coinbase
2021-04-18T00:00:00Z,1950.88000000,1970.21000000,1711.13000000,1877.37000000,64157.50091039,coinbase
2021-04-19T00:00:00Z,1876.71000000,1925.00000000,1733.83000000,1798.63000000,33578.94550656,coinbase
2021-04-20T00:00:00Z,1798.32000000,1953.11000000,1706.09000000,1939.16000000,31065.34753052,coinbase
2021-04-21T00:00:00Z,1938.39000000,2052.82000000,1867.57000000,1959.99000000,28483.69651238,coinbase
2021-04-22T00:00:00Z,1959.70000000,2199.60000000,1901.00000000,1998.00000000,54855.51860719,coinbase
2021-04-23T00:00:00Z,1998.07000000,2030.84000000,1740.00000000,1962.08000000,75042.50222269,coinbase
2021-04-24T00:00:00Z,1961.54000000,1962.83000000,1793.91000000,1837.53000000,22109.52260573,coinbase
2021-04-25T00:00:00Z,1837.63000000,1955.00000000,1795.86000000,1920.99000000,23455.36723112,coinbase
2021-04-26T00:00:00Z,1921.00000000,2104.38000000,1906.64000000,2097.58000000,30396.89470305,coinbase
2021-04-27T00:00:00Z,2098.00000000,2220.17000000,2059.84000000,2207.21000000,23947.50488598,coinbase
2021-04-28T00:00:00Z,2206.71000000,2277.00000000,2122.35000000,2265.86000000,28754.45199238,coinbase
2021-04-29T00:00:00Z,2265.55000000,2318.00000000,2203.90000000,2275.53000000,22778.28586233,coinbase
2021-04-30T00:00:00Z,2275.46000000,2318.90000000,2250.54000000,2307.66000000,18017.99392859,coinbase
2021-05-01T00:00:00Z,2306.21000000,2451.50000000,2292.67000000,2446.11000000,25869.28382513,coinbase
2021-05-02T00:00:00Z,2446.51000000,2479.49000000,2373.07000000,2449.53000000,19229.86483989,coinbase
2021-05-03T00:00:00Z,2451.57000000,2867.14000000,2451.27000000,2846.77000000,53165.66043679,coinbase
2021-05-04T00:00:00Z,2848.77000000,2940.00000000,2640.00000000,2700.35000000,80415.45900576,coinbase
2021-05-05T00:00:00Z,2699.22000000,2946.00000000,2669.08000000,2928.81000000,43888.32766532,coinbase
2021-05-06T00:00:00Z,2929.56000000,2988.88000000,2809.89000000,2891.38000000,33350.93436372,coinbase
2021-05-07T00:00:00Z,2892.26000000,2955.40000000,2785.23000000,2869.23000000,23840.55879616,coinbase
2021-05-08T00:00:00Z,2868.73000000,3250.00000000,2845.43000000,3217.17000000,37534.32812025,coinbase
2021-05-09T00:00:00Z,3216.88000000,3282.70000000,3080.97000000,3228.12000000,30288.77907213,coinbase
2021-05-10T00:00:00Z,3228.85000000,3467.00000000,2986.00000000,3250.94000000,62273.66097796,coinbase
2021-05-11T00:00:00Z,3248.29000000,3442.79000000,3111.37000000,3439.21000000,40718.25931143,coinbase
2021-05-12T00:00:00Z,3439.17000000,3629.24000000,3110.13000000,3173.37000000,54291.05673499,coinbase
2021-05-13T00:00:00Z,3160.23000000,3349.99000000,2927.34000000,3080.01000000,76288.88233396,coinbase
2021-05-14T00:00:00Z,3080.27000000,3450.00000000,3059.93000000,3362.83000000,34081.15606603,coinbase
2021-05-15T00:00:00Z,3360.44000000,3405.88000000,2950.00000000,3004.66000000,38836.63556338,coinbase
2021-05-16T00:00:00Z,3003.67000000,3191.36000000,2736.67000000,2944.38000000,53759.95307153,coinbase
2021-05-17T00:00:00Z,2944.57000000,2949.54000000,2555.00000000,2699.35000000,73035.59355920,coinbase
2021-05-18T00:00:00Z,2698.72000000,2940.00000000,2664.77000000,2764.44000000,49117.42704837,coinbase
2021-05-19T00:00:00Z,2763.17000000,2819.41000000,1505.81000000,2006.67000000,179243.63192356,coinbase
2021-05-20T00:00:00Z,2006.67000000,2498.88000000,1772.77000000,2276.29000000,105692.94808866,coinbase
2021-05-21T00:00:00Z,2273.03000000,2408.79000000,1721.31000000,2001.20000000,86382.52070967,coinbase
2021-05-22T00:00:00Z,2000.93000000,2045.48000000,1773.18000000,1889.08000000,64477.75536827,coinbase
2021-05-23T00:00:00Z,1889.31000000,1957.62000000,1412.94000000,1721.90000000,107004.72519310,coinbase
2021-05-24T00:00:00Z,1724.13000000,2195.00000000,1709.81000000,2172.81000000,95125.73794481,coinbase
2021-05-25T00:00:00Z,2173.16000000,2256.54000000,1944.36000000,2208.49000000,94367.20105038,coinbase
2021-05-26T00:00:00Z,2209.80000000,2384.05000000,2159.89000000,2370.93000000,63236.50132374,coinbase
2021-05-27T00:00:00Z,2369.59000000,2373.38000000,2166.10000000,2252.18000000,38021.05930173,coinbase
2021-05-28T00:00:00Z,2252.83000000,2267.78000000,1907.77000000,1982.93000000,105357.04412584,coinbase
2021-05-29T00:00:00Z,1982.70000000,2113.99000000,1815.67000000,1874.15000000,67413.15756616,coinbase
2021-05-30T00:00:00Z,1874.73000000,2060.00000000,1794.99000000,1959.77000000,31053.94520436,coinbase
2021-05-31T00:00:00Z,1960.14000000,2222.68000000,1867.43000000,2211.38000000,41281.96394745,coinbase
2021-06-01T00:00:00Z,2213.41000000,2241.00000000,2068.70000000,2156.58000000,27705.24476972,coinbase
2021-06-02T00:00:00Z,2155.91000000,2296.80000000,2088.88000000,2218.50000000,19256.98267781,coinbase
2021-06-03T00:00:00Z,2218.00000000,2371.06000000,2183.55000000,2354.50000000,23079.27346201,coinbase
2021-06-04T00:00:00Z,2354.88000000,2360.33000000,2105.00000000,2214.74000000,29743.32772729,coinbase
2021-06-05T00:00:00Z,2218.85000000,2323.90000000,2106.29000000,2167.07000000,19355.09293074,coinbase
2021-06-06T00:00:00Z,2165.64000000,2262.35000000,2157.06000000,2231.11000000,11846.79434119,coinbase
2021-06-07T00:00:00Z,2229.50000000,2343.20000000,2115.21000000,2132.63000000,21648.76983814,coinbase
2021-06-08T00:00:00Z,2131.26000000,2152.98000000,1893.27000000,2061.80000000,49244.05846985,coinbase
2021-06-09T00:00:00Z,2060.47000000,2158.68000000,1977.09000000,2143.12000000,24777.74767905,coinbase
2021-06-10T00:00:00Z,2144.16000000,2156.38000000,1996.35000000,2031.01000000,13692.44745175,coinbase
2021-06-11T00:00:00Z,2031.26000000,2052.10000000,1917.71000000,1945.46000000,11553.85746543,coinbase
2021-06-12T00:00:00Z,1944.60000000,2031.73000000,1871.00000000,1961.13000000,14460.98023625,coinbase
2021-06-13T00:00:00Z,1963.06000000,2105.13000000,1914.39000000,2071.62000000,14255.05948987,coinbase
2021-06-14T00:00:00Z,2076.05000000,2152.24000000,2032.10000000,2130.18000000,11674.59711608,coinbase
2021-06-15T00:00:00Z,2130.83000000,2177.77000000,2070.25000000,2099.99000000,10954.69583499,coinbase
2021-06-16T00:00:00Z,2100.00000000,2108.20000000,1959.71000000,1973.21000000,14278.22741475,coinbase
2021-06-17T00:00:00Z,1972.50000000,2056.31000000,1937.71000000,1993.67000000,10450.56061034,coinbase
2021-06-18T00:00:00Z,1994.10000000,1997.27000000,1796.64000000,1885.50000000,15738.61265495,coinbase
2021-06-19T00:00:00Z,1885.51000000,1926.05000000,1828.01000000,1830.93000000,8052.37664652,coinbase
2021-06-20T00:00:00Z,1830.02000000,1913.04000000,1726.69000000,1892.19000000,22217.62507887,coinbase
2021-06-21T00:00:00Z,1891.21000000,1899.97000000,1565.00000000,1583.65000000,56081.89395050,coinbase
2021-06-22T00:00:00Z,1583.17000000,1676.04000000,1427.12000000,1575.00000000,51013.95342083,coinbase
2021-06-23T00:00:00Z,1575.78000000,1717.54000000,1527.71000000,1651.23000000,21239.46228852,coinbase
2021-06-24T00:00:00Z,1651.70000000,1707.00000000,1580.26000000,1668.70000000,10699.56268260,coinbase
2021-06-25T00:00:00Z,1671.92000000,1690.38000000,1500.56000000,1520.00000000,18792.17576531,coinbase
2021-06-26T00:00:00Z,1519.36000000,1555.31000000,1432.30000000,1534.67000000,18324.92542831,coinbase
2021-06-27T00:00:00Z,1534.77000000,1662.00000000,1515.63000000,1659.98000000,9632.97771789,coinbase
2021-06-28T00:00:00Z,1660.99000000,1798.00000000,1644.07000000,1746.95000000,18572.51073489,coinbase
2021-06-29T00:00:00Z,1747.03000000,1888.56000000,1738.85000000,1819.45000000,13783.04221442,coinbase
2021-06-30T00:00:00Z,1820.06000000,1929.00000000,1754.91000000,1920.10000000,18001.00850439,coinbase
2021-07-01T00:00:00Z,1920.90000000,1920.90000000,1750.00000000,1781.32000000,17472.90303153,coinbase
2021-07-02T00:00:00Z,1779.85000000,1819.98000000,1705.12000000,1816.61000000,15458.31049417,coinbase
2021-07-03T00:00:00Z,1816.88000000,1888.25000000,1783.71000000,1876.22000000,9115.43994814,coinbase
2021-07-04T00:00:00Z,1876.58000000,2012.54000000,1845.51000000,1957.15000000,13129.01471520,coinbase
2021-07-05T00:00:00Z,1958.54000000,1958.54000000,1820.00000000,1851.60000000,15090.59100185,coinbase
2021-07-06T00:00:00Z,1853.10000000,1983.04000000,1848.60000000,1963.87000000,17461.55106263,coinbase
2021-07-07T00:00:00Z,1964.10000000,2037.00000000,1940.44000000,1966.23000000,15832.39253940,coinbase
2021-07-08T00:00:00Z,1965.49000000,1972.16000000,1759.16000000,1787.22000000,22143.29082284,coinbase
2021-07-09T00:00:00Z,1788.55000000,1846.86000000,1732.15000000,1809.79000000,18327.20146361,coinbase
2021-07-10T00:00:00Z,1809.79000000,1848.04000000,1749.23000000,1779.59000000,9874.20908670,coinbase
2021-07-11T00:00:00Z,1779.07000000,1831.00000000,1755.37000000,1802.65000000,6384.82314477,coinbase
2021-07-12T00:00:00Z,1803.13000000,1827.28000000,1693.37000000,1713.16000000,13237.47957031,coinbase
2021-07-13T00:00:00Z,1713.02000000,1727.52000000,1627.73000000,1647.56000000,15296.32430152,coinbase
2021-07-14T00:00:00Z,1648.47000000,1710.49000000,1582.91000000,1685.35000000,17115.80958467,coinbase
2021-07-15T00:00:00Z,1685.50000000,1723.86000000,1593.94000000,1625.91000000,15679.59317887,coinbase
2021-07-16T00:00:00Z,1625.82000000,1663.95000000,1566.01000000,1589.96000000,14046.56183494,coinbase
2021-07-17T00:00:00Z,1589.55000000,1626.49000000,1566.50000000,1609.49000000,8377.17507850,coinbase
2021-07-18T00:00:00Z,1610.24000000,1688.51000000,1593.01000000,1602.10000000,10887.06720842,coinbase
2021-07-19T00:00:00Z,1602.50000000,1626.97000000,1526.83000000,1540.98000000,18794.81426127,coinbase
2021-07-20T00:00:00Z,1541.80000000,1559.74000000,1455.78000000,1515.57000000,21206.51059904,coinbase
2021-07-21T00:00:00Z,1516.06000000,1721.99000000,1489.66000000,1692.14000000,25436.80489200,coinbase
2021-07-22T00:00:00Z,1692.22000000,1738.88000000,1655.00000000,1719.57000000,17482.56687184,coinbase
2021-07-23T00:00:00Z,1720.69000000,1810.00000000,1688.50000000,1803.73000000,18503.03283056,coinbase
2021-07-24T00:00:00Z,1804.56000000,1871.86000000,1789.00000000,1857.31000000,15408.90625618,coinbase
2021-07-25T00:00:00Z,1858.44000000,1866.16000000,1789.97000000,1861.00000000,12740.10871275,coinbase
2021-07-26T00:00:00Z,1860.93000000,2060.59000000,1844.32000000,1888.00000000,47691.41323471,coinbase
2021-07-27T00:00:00Z,1888.25000000,1965.00000000,1823.73000000,1948.10000000,28299.11112925,coinbase
2021-07-28T00:00:00Z,1946.70000000,1989.83000000,1901.00000000,1942.31000000,25687.24701434,coinbase
2021-07-29T00:00:00Z,1942.05000000,2018.50000000,1914.60000000,2004.44000000,12534.24663371,coinbase
2021-07-30T00:00:00Z,2005.44000000,2082.49000000,1946.65000000,2074.86000000,28004.39248113,coinbase
2021-07-31T00:00:00Z,2074.20000000,2151.74000000,2039.00000000,2132.88000000,16767.44134811,coinbase
2021-08-01T00:00:00Z,2133.56000000,2276.65000000,2117.00000000,2154.72000000,26140.67639151,coinbase
2021-08-02T00:00:00Z,2155.57000000,2247.26000000,2115.50000000,2194.83000000,26942.04936393,coinbase
2021-08-03T00:00:00Z,2195.85000000,2218.49000000,2061.05000000,2113.48000000,24871.42618772,coinbase
2021-08-04T00:00:00Z,2114.36000000,2341.75000000,2075.56000000,2302.03000000,27156.54198505,coinbase
2021-08-05T00:00:00Z,2300.91000000,2400.00000000,2142.75000000,2387.94000000,44090.12376927,coinbase
2021-08-06T00:00:00Z,2388.03000000,2503.99000000,2305.00000000,2456.05000000,25926.54619734,coinbase
2021-08-07T00:00:00Z,2455.73000000,2705.75000000,2434.31000000,2680.03000000,43305.02266800,coinbase
2021-08-08T00:00:00Z,2681.22000000,2707.97000000,2499.11000000,2564.80000000,38381.45183193,coinbase
2021-08-09T00:00:00Z,2563.63000000,2715.13000000,2459.32000000,2693.52000000,37756.84301026,coinbase
2021-08-10T00:00:00Z,2692.44000000,2760.78000000,2604.18000000,2680.30000000,27574.95937122,coinbase
2021-08-11T00:00:00Z,2680.82000000,2790.55000000,2663.50000000,2693.70000000,19110.49594036,coinbase
2021-08-12T00:00:00Z,2693.62000000,2759.49000000,2539.07000000,2598.41000000,43245.88179043,coinbase
2021-08-13T00:00:00Z,2598.79000000,2817.99000000,2587.00000000,2812.67000000,19734.52766184,coinbase
2021-08-14T00:00:00Z,2813.56000000,2823.74000000,2720.43000000,2768.26000000,13137.94368711,coinbase
2021-08-15T00:00:00Z,2768.26000000,2814.44000000,2643.12000000,2803.99000000,15939.30176993,coinbase
2021-08-16T00:00:00Z,2804.27000000,2827.43000000,2664.35000000,2673.07000000,17647.46374121,coinbase
2021-08-17T00:00:00Z,2672.92000000,2797.80000000,2558.02000000,2572.44000000,27288.11298743,coinbase
2021-08-18T00:00:00Z,2572.43000000,2672.91000000,2521.55000000,2576.86000000,18170.66381154,coinbase
2021-08-19T00:00:00Z,2577.91000000,2727.57000000,2535.00000000,2725.96000000,17781.33321505,coinbase
2021-08-20T00:00:00Z,2725.87000000,2824.99000000,2721.00000000,2806.27000000,15689.24015509,coinbase
2021-08-21T00:00:00Z,2806.47000000,2834.99000000,2742.52000000,2754.88000000,10091.01613519,coinbase
2021-08-22T00:00:00Z,2754.95000000,2798.83000000,2680.02000000,2768.81000000,10970.23126443,coinbase
2021-08-23T00:00:00Z,2769.24000000,2880.58000000,2762.49000000,2830.44000000,17326.22983733,coinbase
2021-08-24T00:00:00Z,2830.49000000,2863.30000000,2680.00000000,2700.12000000,18464.46148463,coinbase
2021-08-25T00:00:00Z,2698.73000000,2763.06000000,2621.36000000,2743.30000000,14704.62128511,coinbase
2021-08-26T00:00:00Z,2743.10000000,2762.39000000,2594.30000000,2632.08000000,14977.60523948,coinbase
2021-08-27T00:00:00Z,2632.57000000,2783.60000000,2606.34000000,2777.58000000,14301.22506364,coinbase
2021-08-28T00:00:00Z,2776.33000000,2786.73000000,2723.95000000,2752.06000000,6902.88520611,coinbase
2021-08-29T00:00:00Z,2752.98000000,2786.79000000,2675.71000000,2735.02000000,9136.13875063,coinbase
2021-08-30T00:00:00Z,2734.79000000,2838.99000000,2665.02000000,2737.13000000,15575.82199089,coinbase
2021-08-31T00:00:00Z,2737.20000000,2939.00000000,2704.81000000,2904.95000000,22418.93779800,coinbase
2021-09-01T00:00:00Z,2903.83000000,3244.66000000,2866.73000000,3233.62000000,30922.47743896,coinbase
2021-09-02T00:00:00Z,3232.54000000,3240.26000000,3141.28000000,3190.00000000,22014.93022061,coinbase
2021-09-03T00:00:00Z,3190.51000000,3387.76000000,3123.15000000,3314.01000000,25233.12490918,coinbase
2021-09-04T00:00:00Z,3314.87000000,3340.02000000,3228.00000000,3270.18000000,16464.27167148,coinbase
2021-09-05T00:00:00Z,3270.89000000,3345.08000000,3227.41000000,3320.85000000,13467.91950804,coinbase
2021-09-06T00:00:00Z,3320.66000000,3347.00000000,3262.00000000,3309.78000000,14140.80018617,coinbase
2021-09-07T00:00:00Z,3310.95000000,3324.22000000,2565.87000000,2904.56000000,68054.82819998,coinbase
2021-09-08T00:00:00Z,2904.40000000,3014.32000000,2718.00000000,2962.16000000,52864.69104057,coinbase
2021-09-09T00:00:00Z,2961.74000000,3019.35000000,2869.76000000,2896.78000000,33986.66401443,coinbase
2021-09-10T00:00:00Z,2896.60000000,2973.17000000,2667.85000000,2720.40000000,23234.73639810,coinbase
2021-09-11T00:00:00Z,2719.18000000,2836.93000000,2710.90000000,2768.48000000,22399.29308436,coinbase
2021-09-12T00:00:00Z,2768.40000000,2944.55000000,2739.23000000,2882.68000000,19664.35804001,coinbase
2021-09-13T00:00:00Z,2881.78000000,2904.91000000,2639.46000000,2781.31000000,25912.37101118,coinbase
2021-09-14T00:00:00Z,2781.85000000,2913.61000000,2769.69000000,2910.75000000,12824.12117473,coinbase
2021-09-15T00:00:00Z,2910.70000000,3058.97000000,2846.70000000,3057.72000000,14524.01889219,coinbase
2021-09-16T00:00:00Z,3058.28000000,3112.00000000,2953.81000000,3033.10000000,16727.23550122,coinbase
2021-09-17T00:00:00Z,3033.55000000,3055.81000000,2858.44000000,2899.48000000,12848.56825007,coinbase
2021-09-18T00:00:00Z,2900.24000000,3022.40000000,2875.02000000,2931.28000000,9247.31375415,coinbase
2021-09-19T00:00:00Z,2932.56000000,2952.00000000,2800.03000000,2839.84000000,8672.76087438,coinbase
2021-09-20T00:00:00Z,2840.34000000,2854.99000000,2490.48000000,2539.52000000,45250.22525889,coinbase
2021-09-21T00:00:00Z,2538.54000000,2650.17000000,2260.06000000,2359.62000000,42560.08717970,coinbase
2021-09-22T00:00:00Z,2358.93000000,2636.29000000,2335.91000000,2635.37000000,31642.12748875,coinbase
2021-09-23T00:00:00Z,2634.38000000,2704.58000000,2594.16000000,2687.24000000,21421.41494085,coinbase
2021-09-24T00:00:00Z,2686.39000000,2691.01000000,2330.00000000,2502.58000000,43426.29486181,coinbase
2021-09-25T00:00:00Z,2501.82000000,2538.00000000,2389.57000000,2496.98000000,15721.35234151,coinbase
2021-09-26T00:00:00Z,2496.81000000,2659.88000000,2342.91000000,2612.32000000,19888.26467673,coinbase
2021-09-27T00:00:00Z,2611.64000000,2700.61000000,2501.00000000,2504.40000000,17729.95053369,coinbase
2021-09-28T00:00:00Z,2502.96000000,2542.16000000,2385.17000000,2402.26000000,16776.36398674,coinbase
2021-09-29T00:00:00Z,2401.59000000,2532.27000000,2389.14000000,2457.02000000,10759.71848653,coinbase
2021-09-30T00:00:00Z,2457.74000000,2632.61000000,2446.96000000,2592.44000000,16501.41687105,coinbase
2021-10-01T00:00:00Z,2592.26000000,2872.48000000,2564.87000000,2851.63000000,19730.54213926,coinbase
2021-10-02T00:00:00Z,2853.74000000,2985.48000000,2807.62000000,2915.71000000,12324.83426002,coinbase
2021-10-03T00:00:00Z,2916.20000000,3002.33000000,2876.93000000,2941.75000000,10648.39409817,coinbase
2021-10-04T00:00:00Z,2942.18000000,2958.10000000,2815.06000000,2913.24000000,15952.18112001,coinbase
2021-10-05T00:00:00Z,2913.97000000,3056.78000000,2895.01000000,3031.03000000,13553.38319977,coinbase
2021-10-06T00:00:00Z,3032.24000000,3145.00000000,2893.97000000,3087.62000000,24721.06133062,coinbase
2021-10-07T00:00:00Z,3088.37000000,3158.43000000,2997.00000000,3099.32000000,15930.12416743,coinbase
2021-10-08T00:00:00Z,3099.50000000,3175.00000000,3053.71000000,3077.23000000,12862.54480984,coinbase
2021-10-09T00:00:00Z,3081.68000000,3140.00000000,3059.06000000,3086.78000000,9048.05303666,coinbase
2021-10-10T00:00:00Z,3086.65000000,3110.29000000,2946.86000000,2955.23000000,8669.14314080,coinbase
2021-10-11T00:00:00Z,2952.20000000,3130.00000000,2916.48000000,3065.46000000,12752.86195975,coinbase
2021-10-12T00:00:00Z,3065.97000000,3076.01000000,2951.00000000,3027.87000000,14462.44774846,coinbase
2021-10-13T00:00:00Z,3026.58000000,3114.40000000,2953.00000000,3109.74000000,13594.88054740,coinbase
2021-10-14T00:00:00Z,3110.57000000,3298.00000000,3093.40000000,3269.00000000,18960.64324030,coinbase
2021-10-15T00:00:00Z,3269.95000000,3356.49000000,3210.00000000,3327.90000000,17229.95890995,coinbase
2021-10-16T00:00:00Z,3328.09000000,3407.97000000,3260.28000000,3283.04000000,9781.32364700,coinbase
2021-10-17T00:00:00Z,3283.13000000,3356.86000000,3133.44000000,3308.24000000,9530.71796229,coinbase
2021-10-18T00:00:00Z,3309.64000000,3346.95000000,3170.00000000,3226.90000000,15298.69056530,coinbase
2021-10-19T00:00:00Z,3226.58000000,3340.40000000,3213.03000000,3331.45000000,14036.53932215,coinbase
2021-10-20T00:00:00Z,3331.97000000,3573.14000000,3285.00000000,3567.61000000,20486.33191636,coinbase
2021-10-21T00:00:00Z,3567.71000000,3755.95000000,3431.74000000,3486.74000000,30032.15286494,coinbase
2021-10-22T00:00:00Z,3485.31000000,3582.87000000,3344.44000000,3412.06000000,15742.94520186,coinbase
2021-10-23T00:00:00Z,3411.04000000,3587.30000000,3386.26000000,3585.01000000,9946.95453018,coinbase
2021-10-24T00:00:00Z,3585.60000000,3599.29000000,3406.99000000,3508.04000000,10228.65181428,coinbase
2021-10-25T00:00:00Z,3508.04000000,3650.70000000,3494.52000000,3636.57000000,11714.49329774,coinbase
2021-10-26T00:00:00Z,3637.88000000,3703.00000000,3529.19000000,3562.33000000,12463.60976999,coinbase
2021-10-27T00:00:00Z,3563.48000000,3711.54000000,3377.18000000,3384.07000000,21672.11135534,coinbase
2021-10-28T00:00:00Z,3384.09000000,3678.00000000,3359.03000000,3670.59000000,18018.65999893,coinbase
2021-10-29T00:00:00Z,3671.21000000,3866.54000000,3653.72000000,3821.69000000,20406.79256649,coinbase
2021-10-30T00:00:00Z,3821.99000000,3834.15000000,3670.00000000,3742.51000000,9893.96145988,coinbase
2021-10-31T00:00:00Z,3743.03000000,3802.48000000,3610.51000000,3711.78000000,9609.85958148,coinbase
2021-11-01T00:00:00Z,3712.11000000,3789.00000000,3594.00000000,3725.72000000,12551.65167034,coinbase
2021-11-02T00:00:00Z,3727.42000000,3976.25000000,3697.27000000,3968.08000000,15677.35459676,coinbase
2021-11-03T00:00:00Z,3968.41000000,4025.00000000,3850.68000000,3965.67000000,14310.59613180,coinbase
2021-11-04T00:00:00Z,3967.79000000,3971.78000000,3834.02000000,3930.29000000,9628.49278697,coinbase
2021-11-05T00:00:00Z,3929.42000000,3962.00000000,3847.00000000,3879.12000000,7562.35632679,coinbase
2021-11-06T00:00:00Z,3877.62000000,3930.76000000,3757.06000000,3917.34000000,7409.33656191,coinbase
2021-11-07T00:00:00Z,3917.48000000,4013.97000000,3905.09000000,3994.57000000,6684.52044027,coinbase
2021-11-08T00:00:00Z,3994.58000000,4163.39000000,3993.81000000,4150.81000000,10616.09570777,coinbase
2021-11-09T00:00:00Z,4150.89000000,4170.00000000,4065.54000000,4083.42000000,9979.56933933,coinbase
2021-11-10T00:00:00Z,4082.96000000,4221.10000000,3900.00000000,4034.91000000,18248.71326818,coinbase
2021-11-11T00:00:00Z,4033.86000000,4177.32000000,3988.71000000,4127.21000000,8306.95013138,coinbase
2021-11-12T00:00:00Z,4125.61000000,4205.62000000,3943.35000000,4079.80000000,11660.48668337,coinbase
2021-11-13T00:00:00Z,4079.62000000,4119.13000000,4011.25000000,4067.64000000,5926.90340751,coinbase
2021-11-14T00:00:00Z,4067.85000000,4110.12000000,3951.00000000,4048.29000000,7798.45346532,coinbase
2021-11-15T00:00:00Z,4049.24000000,4168.18000000,3997.63000000,4019.25000000,8957.58511477,coinbase
2021-11-16T00:00:00Z,4017.76000000,4018.75000000,3606.01000000,3720.29000000,30144.15135124,coinbase
2021-11-17T00:00:00Z,3721.36000000,3802.27000000,3598.39000000,3792.21000000,12612.20054847,coinbase
2021-11-18T00:00:00Z,3792.01000000,3837.05000000,3482.72000000,3519.12000000,18299.45370757,coinbase
2021-11-19T00:00:00Z,3519.58000000,3827.34000000,3499.35000000,3817.17000000,13196.17787845,coinbase
2021-11-20T00:00:00Z,3815.53000000,3941.70000000,3734.71000000,3921.04000000,6966.92400935,coinbase
2021-11-21T00:00:00Z,3920.04000000,3933.94000000,3769.00000000,3784.98000000,6034.36012870,coinbase
2021-11-22T00:00:00Z,3784.37000000,3836.00000000,3586.00000000,3638.69000000,13054.67092698,coinbase
2021-11-23T00:00:00Z,3638.59000000,3900.00000000,3611.07000000,3861.35000000,11773.71831114,coinbase
2021-11-24T00:00:00Z,3862.02000000,3866.79000000,3723.00000000,3812.79000000,11695.65300125,coinbase
2021-11-25T00:00:00Z,3811.88000000,4064.75000000,3793.53000000,4040.33000000,10965.23481070,coinbase
2021-11-26T00:00:00Z,4041.19000000,4064.44000000,3472.71000000,3581.02000000,26810.12034044,coinbase
2021-11-27T00:00:00Z,3580.98000000,3711.60000000,3569.15000000,3625.27000000,7551.68480081,coinbase
2021-11-28T00:00:00Z,3624.91000000,3813.76000000,3503.00000000,3810.67000000,9159.22509719,coinbase
2021-11-29T00:00:00Z,3809.36000000,3963.60000000,3795.51000000,3939.99000000,11264.21430772,coinbase
2021-11-30T00:00:00Z,3940.30000000,4180.74000000,3844.75000000,4089.36000000,19386.74018160,coinbase
2021-12-01T00:00:00Z,4091.42000000,4224.19000000,4000.00000000,4053.03000000,15709.46828722,coinbase
2021-12-02T00:00:00Z,4052.98000000,4091.82000000,3926.78000000,3994.38000000,10719.12014273,coinbase
2021-12-03T00:00:00Z,3993.93000000,4120.49000000,3570.17000000,3735.89000000,18627.12119320,coinbase
2021-12-04T00:00:00Z,3733.35000000,3756.20000000,3203.90000000,3652.14000000,42007.37776815,coinbase
2021-12-05T00:00:00Z,3651.78000000,3766.94000000,3570.22000000,3716.76000000,14935.03303340,coinbase
2021-12-06T00:00:00Z,3718.20000000,3882.00000000,3473.22000000,3857.63000000,20693.17390723,coinbase
2021-12-07T00:00:00Z,3858.16000000,3937.71000000,3780.00000000,3823.90000000,12342.91154061,coinbase
2021-12-08T00:00:00Z,3823.08000000,3937.97000000,3752.00000000,3914.60000000,12116.22644551,coinbase
2021-12-09T00:00:00Z,3914.54000000,3959.07000000,3611.17000000,3637.26000000,16604.06842009,coinbase
2021-12-10T00:00:00Z,3637.21000000,3746.91000000,3439.52000000,3452.64000000,17735.35801369,coinbase
2021-12-11T00:00:00Z,3449.00000000,3628.86000000,3392.02000000,3620.92000000,9646.55553689,coinbase
2021-12-12T00:00:00Z,3622.40000000,3692.94000000,3531.00000000,3655.69000000,6604.06536832,coinbase
2021-12-13T00:00:00Z,3654.47000000,3665.47000000,3251.10000000,3353.55000000,18810.14063159,coinbase
2021-12-14T00:00:00Z,3353.42000000,3451.09000000,3267.73000000,3429.14000000,13861.06561153,coinbase
2021-12-15T00:00:00Z,3428.90000000,3628.65000000,3240.70000000,3560.83000000,19576.23228768,coinbase
2021-12-16T00:00:00Z,3560.83000000,3642.97000000,3488.35000000,3492.43000000,12601.12315760,coinbase
2021-12-17T00:00:00Z,3493.18000000,3527.71000000,3273.36000000,3449.78000000,16924.84028305,coinbase
2021-12-18T00:00:00Z,3448.75000000,3557.59000000,3355.00000000,3524.00000000,8423.20065844,coinbase
2021-12-19T00:00:00Z,3523.92000000,3588.03000000,3455.89000000,3490.61000000,8850.45701327,coinbase
2021-12-20T00:00:00Z,3491.04000000,3541.96000000,3326.11000000,3498.54000000,14142.72559241,coinbase
2021-12-21T00:00:00Z,3501.17000000,3600.78000000,3468.73000000,3559.53000000,9446.36081408,coinbase
2021-12-22T00:00:00Z,3559.06000000,3614.01000000,3483.00000000,3514.72000000,7572.23879427,coinbase
2021-12-23T00:00:00Z,3514.11000000,3668.59000000,3440.86000000,3631.39000000,10737.31775127,coinbase
2021-12-24T00:00:00Z,3632.18000000,3656.33000000,3553.83000000,3576.49000000,6120.92229756,coinbase
2021-12-25T00:00:00Z,3579.22000000,3662.05000000,3556.77000000,3625.10000000,5106.52149983,coinbase
2021-12-26T00:00:00Z,3625.06000000,3633.01000000,3543.21000000,3589.86000000,5668.14212428,coinbase
2021-12-27T00:00:00Z,3591.30000000,3645.76000000,3561.00000000,3564.83000000,7157.30023858,coinbase
2021-12-28T00:00:00Z,3565.86000000,3565.86000000,3330.49000000,3356.07000000,14590.70535094,coinbase
2021-12-29T00:00:00Z,3354.75000000,3392.83000000,3176.29000000,3197.49000000,12148.22749104,coinbase
2021-12-30T00:00:00Z,3197.49000000,3334.94000000,3160.00000000,3277.60000000,10781.83928293,coinbase
2021-12-31T00:00:00Z,3277.21000000,3377.69000000,3182.62000000,3237.00000000,12762.12766562,coinbase
2022-01-01T00:00:00Z,3234.87000000,3326.77000000,3234.63000000,3315.51000000,5096.87848166,coinbase
2022-01-02T00:00:00Z,3314.56000000,3395.62000000,3273.91000000,3372.00000000,6034.23550580,coinbase
2022-01-03T00:00:00Z,3371.57000000,3402.00000000,3260.41000000,3333.22000000,8483.85434963,coinbase
2022-01-04T00:00:00Z,3333.70000000,3450.12000000,3287.73000000,3355.94000000,10312.27042629,coinbase
2022-01-05T00:00:00Z,3355.88000000,3405.20000000,3008.56000000,3131.57000000,19546.42372186,coinbase
2022-01-06T00:00:00Z,3131.63000000,3140.90000000,2916.58000000,3018.38000000,22342.61589288,coinbase
2022-01-07T00:00:00Z,3017.41000000,3026.66000000,2701.92000000,2815.42000000,35051.12926368,coinbase
2022-01-08T00:00:00Z,2815.64000000,2866.00000000,2642.26000000,2716.26000000,18592.42406271,coinbase
2022-01-09T00:00:00Z,2715.15000000,2833.22000000,2695.11000000,2776.82000000,13614.40175021,coinbase
2022-01-10T00:00:00Z,2775.98000000,2807.48000000,2595.05000000,2722.89000000,23317.46825750,coinbase
2022-01-11T00:00:00Z,2721.89000000,2879.93000000,2695.58000000,2853.01000000,18501.19550803,coinbase
2022-01-12T00:00:00Z,2852.22000000,2990.00000000,2823.94000000,2952.12000000,16055.73422356,coinbase
2022-01-13T00:00:00Z,2950.94000000,2975.13000000,2822.37000000,2830.21000000,14036.05996232,coinbase
2022-01-14T00:00:00Z,2829.42000000,2931.18000000,2786.08000000,2900.90000000,11373.32483680,coinbase
2022-01-15T00:00:00Z,2901.57000000,2960.37000000,2865.00000000,2917.46000000,6029.13572999,coinbase
2022-01-16T00:00:00Z,2918.28000000,2975.00000000,2873.25000000,2936.09000000,5403.48958569,coinbase
2022-01-17T00:00:00Z,2935.36000000,2945.93000000,2754.69000000,2814.67000000,10965.68296638,coinbase
2022-01-18T00:00:00Z,2814.42000000,2843.50000000,2723.35000000,2790.85000000,14266.09560833,coinbase
2022-01-19T00:00:00Z,2790.54000000,2807.66000000,2689.00000000,2721.21000000,14174.43759679,coinbase
2022-01-20T00:00:00Z,2722.48000000,2885.99000000,2642.00000000,2655.00000000,15914.05208050,coinbase
2022-01-21T00:00:00Z,2654.50000000,2687.14000000,2173.66000000,2267.98000000,50637.22875138,coinbase
2022-01-22T00:00:00Z,2266.06000000,2319.56000000,2019.00000000,2129.63000000,42313.54774396,coinbase
2022-01-23T00:00:00Z,2129.88000000,2256.94000000,2092.04000000,2243.16000000,28480.11700614,coinbase
2022-01-24T00:00:00Z,2241.98000000,2242.14000000,1912.80000000,2157.98000000,59859.02401389,coinbase
2022-01-25T00:00:00Z,2156.74000000,2224.96000000,2079.57000000,2177.72000000,28659.71347800,coinbase
2022-01-26T00:00:00Z,2177.62000000,2418.56000000,2137.98000000,2194.02000000,32367.71515786,coinbase
2022-01-27T00:00:00Z,2193.51000000,2261.52000000,2077.87000000,2178.00000000,29203.87604732,coinbase
2022-01-28T00:00:00Z,2176.85000000,2295.71000000,2120.00000000,2286.24000000,22560.39300469,coinbase
2022-01-29T00:00:00Z,2286.08000000,2368.75000000,2263.40000000,2338.14000000,13942.63470129,coinbase
2022-01-30T00:00:00Z,2337.34000000,2374.40000000,2283.77000000,2334.72000000,13123.13298572,coinbase
2022-01-31T00:00:00Z,2333.79000000,2411.84000000,2219.07000000,2394.29000000,22303.95933687,coinbase
2022-02-01T00:00:00Z,2393.99000000,2511.08000000,2382.92000000,2475.70000000,22562.89017081,coinbase
2022-02-02T00:00:00Z,2475.78000000,2490.28000000,2313.84000000,2373.10000000,21235.18358256,coinbase
2022-02-03T00:00:00Z,2374.96000000,2416.06000000,2255.12000000,2359.46000000,16148.87063518,coinbase
2022-02-04T00:00:00Z,2359.44000000,2618.33000000,2335.96000000,2618.26000000,25260.18089881,coinbase
2022-02-05T00:00:00Z,2618.31000000,2678.00000000,2585.70000000,2634.61000000,13816.74922119,coinbase
2022-02-06T00:00:00Z,2634.99000000,2685.86000000,2583.07000000,2668.92000000,7890.89126065,coinbase
2022-02-07T00:00:00Z,2668.92000000,2796.41000000,2614.35000000,2746.26000000,20365.86455997,coinbase
2022-02-08T00:00:00Z,2746.44000000,2835.52000000,2651.34000000,2732.45000000,19466.04361380,coinbase
2022-02-09T00:00:00Z,2732.43000000,2867.05000000,2676.00000000,2843.69000000,13771.28536701,coinbase
2022-02-10T00:00:00Z,2842.97000000,2874.14000000,2679.45000000,2693.67000000,19899.62120039,coinbase
2022-02-11T00:00:00Z,2695.04000000,2760.01000000,2535.29000000,2577.68000000,17142.95447132,coinbase
2022-02-12T00:00:00Z,2577.93000000,2634.36000000,2520.10000000,2575.39000000,10332.97526078,coinbase
2022-02-13T00:00:00Z,2574.51000000,2607.01000000,2500.00000000,2527.47000000,9769.77795834,coinbase
2022-02-14T00:00:00Z,2528.34000000,2623.57000000,2493.00000000,2592.58000000,18119.75850545,coinbase
2022-02-15T00:00:00Z,2593.07000000,2816.86000000,2576.42000000,2806.85000000,14624.16075553,coinbase
2022-02-16T00:00:00Z,2806.85000000,2808.10000000,2680.48000000,2746.51000000,13729.05327568,coinbase
2022-02-17T00:00:00Z,2746.46000000,2781.00000000,2511.00000000,2547.08000000,21453.39717631,coinbase
2022-02-18T00:00:00Z,2547.80000000,2591.67000000,2431.10000000,2455.74000000,17921.42882486,coinbase
2022-02-19T00:00:00Z,2454.93000000,2501.75000000,2380.80000000,2442.65000000,7193.26458183,coinbase
2022-02-20T00:00:00Z,2441.88000000,2442.17000000,2271.29000000,2317.16000000,13523.76413320,coinbase
2022-02-21T00:00:00Z,2316.31000000,2430.65000000,2264.28000000,2270.49000000,24411.39396192,coinbase
2022-02-22T00:00:00Z,2271.51000000,2351.68000000,2211.49000000,2329.53000000,22863.82900532,coinbase
2022-02-23T00:00:00Z,2329.13000000,2431.23000000,2279.12000000,2283.90000000,21755.61468915,coinbase
2022-02-24T00:00:00Z,2282.55000000,2446.48000000,2042.94000000,2320.68000000,44567.10421396,coinbase
2022-02-25T00:00:00Z,2325.19000000,2516.66000000,2302.00000000,2456.01000000,18283.05048657,coinbase
2022-02-26T00:00:00Z,2456.76000000,2552.81000000,2424.00000000,2469.13000000,9755.34821718,coinbase
2022-02-27T00:00:00Z,2468.33000000,2517.63000000,2291.30000000,2341.99000000,16369.34968692,coinbase
2022-02-28T00:00:00Z,2340.58000000,2641.68000000,2303.00000000,2605.12000000,20755.74280897,coinbase
2022-03-01T00:00:00Z,2604.92000000,2726.00000000,2552.11000000,2675.27000000,20750.69943608,coinbase
2022-03-02T00:00:00Z,2675.27000000,2738.32000000,2618.91000000,2652.56000000,15522.71192518,coinbase
2022-03-03T00:00:00Z,2653.41000000,2675.72000000,2521.00000000,2561.83000000,9578.49758413,coinbase
2022-03-04T00:00:00Z,2560.77000000,2563.91000000,2355.04000000,2401.57000000,14885.82133554,coinbase
2022-03-05T00:00:00Z,2400.30000000,2461.00000000,2371.32000000,2441.28000000,6989.95389985,coinbase
2022-03-06T00:00:00Z,2439.86000000,2450.78000000,2332.00000000,2346.75000000,7082.39510267,coinbase
2022-03-07T00:00:00Z,2345.77000000,2430.40000000,2255.00000000,2294.97000000,19628.34350890,coinbase
2022-03-08T00:00:00Z,2294.08000000,2399.16000000,2285.00000000,2364.58000000,19724.93929324,coinbase
2022-03-09T00:00:00Z,2365.42000000,2533.41000000,2356.82000000,2463.86000000,16720.61163559,coinbase
2022-03-10T00:00:00Z,2464.47000000,2469.24000000,2308.85000000,2369.37000000,16340.71884299,coinbase
2022-03-11T00:00:00Z,2368.58000000,2432.44000000,2295.49000000,2343.51000000,15623.44381812,coinbase
2022-03-12T00:00:00Z,2344.52000000,2399.00000000,2341.80000000,2356.33000000,4289.16006177,coinbase
2022-03-13T00:00:00Z,2356.32000000,2386.59000000,2283.00000000,2301.22000000,5339.45216090,coinbase
2022-03-14T00:00:00Z,2301.67000000,2388.98000000,2288.97000000,2367.67000000,10066.29498982,coinbase
2022-03-15T00:00:00Z,2366.99000000,2437.35000000,2284.27000000,2387.59000000,11327.48878592,coinbase
2022-03-16T00:00:00Z,2389.49000000,2528.36000000,2374.92000000,2518.08000000,22320.30306563,coinbase
2022-03-17T00:00:00Z,2516.81000000,2564.71000000,2489.93000000,2534.17000000,10531.93699354,coinbase
2022-03-18T00:00:00Z,2535.31000000,2700.00000000,2493.82000000,2658.05000000,11914.36227893,coinbase
2022-03-19T00:00:00Z,2657.12000000,2705.54000000,2616.99000000,2668.94000000,6488.78031806,coinbase
2022-03-20T00:00:00Z,2669.05000000,2681.04000000,2546.04000000,2590.67000000,9913.16177458,coinbase
2022-03-21T00:00:00Z,2590.99000000,2681.46000000,2563.83000000,2623.78000000,9801.41573323,coinbase
2022-03-22T00:00:00Z,2623.66000000,2776.53000000,2621.21000000,2692.72000000,13912.45055554,coinbase
2022-03-23T00:00:00Z,2690.65000000,2768.04000000,2650.32000000,2759.77000000,11947.59442751,coinbase
2022-03-24T00:00:00Z,2759.84000000,2845.59000000,2734.85000000,2826.72000000,14987.09602310,coinbase
2022-03-25T00:00:00Z,2827.70000000,2901.73000000,2800.35000000,2827.84000000,11521.42818737,coinbase
2022-03-26T00:00:00Z,2827.18000000,2871.55000000,2810.27000000,2865.44000000,2578.44193310,coinbase
2022-03-27T00:00:00Z,2864.90000000,3002.80000000,2848.70000000,2999.88000000,6745.13776377,coinbase
2022-03-28T00:00:00Z,3000.51000000,3125.86000000,2982.40000000,3033.00000000,11550.14175587,coinbase
2022-03-29T00:00:00Z,3034.00000000,3140.62000000,3008.86000000,3067.36000000,11009.70246715,coinbase
2022-03-30T00:00:00Z,3067.37000000,3092.34000000,2999.05000000,3033.44000000,8386.71557962,coinbase
2022-03-31T00:00:00Z,3033.72000000,3103.87000000,2946.84000000,2966.83000000,19512.79934942,coinbase
2022-04-01T00:00:00Z,2968.49000000,3154.87000000,2902.66000000,3128.44000000,13755.24539519,coinbase
2022-04-02T00:00:00Z,3124.92000000,3197.96000000,3108.00000000,3119.75000000,8078.16177708,coinbase
2022-04-03T00:00:00Z,3121.17000000,3242.38000000,3089.51000000,3190.84000000,8059.78689688,coinbase
2022-04-04T00:00:00Z,3191.27000000,3232.49000000,3108.96000000,3207.47000000,8691.83128050,coinbase
2022-04-05T00:00:00Z,3208.34000000,3242.95000000,3115.47000000,3122.08000000,13594.01639336,coinbase
2022-04-06T00:00:00Z,3120.70000000,3121.61000000,2902.12000000,2909.08000000,22181.38456973,coinbase
2022-04-07T00:00:00Z,2907.09000000,2999.79000000,2883.00000000,2972.63000000,14839.70996622,coinbase
2022-04-08T00:00:00Z,2971.59000000,3050.00000000,2918.83000000,2935.99000000,10666.67746881,coinbase
2022-04-09T00:00:00Z,2939.27000000,3010.00000000,2927.08000000,3000.32000000,3087.87446695,coinbase
2022-04-10T00:00:00Z,3002.90000000,3045.57000000,2934.93000000,2943.19000000,4029.15838639,coinbase
2022-04-11T00:00:00Z,2942.77000000,2951.47000000,2706.76000000,2738.07000000,12484.62242528,coinbase
2022-04-12T00:00:00Z,2742.67000000,2835.23000000,2714.48000000,2800.02000000,13080.85280328,coinbase
2022-04-13T00:00:00Z,2800.49000000,2874.71000000,2769.63000000,2863.09000000,8978.43703806,coinbase
2022-04-14T00:00:00Z,2863.85000000,2886.94000000,2745.72000000,2792.84000000,11310.32269386,coinbase
2022-04-15T00:00:00Z,2792.51000000,2830.26000000,2769.50000000,2814.10000000,3224.04292031,coinbase
2022-04-16T00:00:00Z,2816.04000000,2856.89000000,2787.60000000,2833.59000000,2489.30225727,coinbase
2022-04-17T00:00:00Z,2835.05000000,2853.75000000,2758.61000000,2763.16000000,3088.39712063,coinbase
2022-04-18T00:00:00Z,2762.35000000,2848.47000000,2673.42000000,2835.98000000,8210.89192178,coinbase
2022-04-19T00:00:00Z,2836.00000000,2904.20000000,2809.10000000,2874.94000000,5000.01851356,coinbase
2022-04-20T00:00:00Z,2874.33000000,2923.86000000,2801.79000000,2837.39000000,8973.17762961,coinbase
2022-04-21T00:00:00Z,2837.51000000,2920.32000000,2717.18000000,2753.80000000,11258.02730952,coinbase
2022-04-22T00:00:00Z,2755.56000000,2807.17000000,2719.57000000,2744.44000000,8670.01697430,coinbase
2022-04-23T00:00:00Z,2742.33000000,2762.90000000,2703.62000000,2718.76000000,3672.02883555,coinbase
2022-04-24T00:00:00Z,2719.58000000,2746.09000000,2699.11000000,2704.24000000,4969.03662865,coinbase
2022-04-25T00:00:00Z,2704.20000000,2825.59000000,2603.02000000,2807.08000000,16060.46819779,coinbase
2022-04-26T00:00:00Z,2807.49000000,2833.80000000,2600.52000000,2640.16000000,16471.39060319,coinbase
2022-04-27T00:00:00Z,2641.16000000,2767.31000000,2626.91000000,2736.89000000,21631.39800020,coinbase
2022-04-28T00:00:00Z,2736.42000000,2838.71000000,2715.48000000,2796.14000000,18283.46082920,coinbase
2022-04-29T00:00:00Z,2796.14000000,2803.88000000,2632.11000000,2673.03000000,17958.20937508,coinbase
2022-04-30T00:00:00Z,2673.44000000,2697.12000000,2580.00000000,2588.20000000,6092.65676224,coinbase
2022-05-01T00:00:00Z,2588.71000000,2702.16000000,2577.90000000,2680.78000000,5963.95607537,coinbase
2022-05-02T00:00:00Z,2682.06000000,2742.33000000,2644.22000000,2718.50000000,8591.59870862,coinbase
2022-05-03T00:00:00Z,2717.74000000,2722.05000000,2618.20000000,2643.24000000,5640.17799016,coinbase
2022-05-04T00:00:00Z,2642.75000000,2795.72000000,2631.96000000,2769.36000000,9796.76324649,coinbase
2022-05-05T00:00:00Z,2768.87000000,2780.17000000,2553.33000000,2607.32000000,10345.54542776,coinbase
2022-05-06T00:00:00Z,2606.69000000,2620.36000000,2490.65000000,2553.49000000,9926.87797316,coinbase
2022-05-07T00:00:00Z,2553.50000000,2565.53000000,2453.96000000,2499.37000000,2789.22681543,coinbase
2022-05-08T00:00:00Z,2499.31000000,2504.84000000,2356.66000000,2392.28000000,6371.15401438,coinbase
2022-05-09T00:00:00Z,2394.46000000,2403.83000000,2105.43000000,2110.26000000,18061.97265183,coinbase
2022-05-10T00:00:00Z,2109.84000000,2328.00000000,2081.76000000,2224.67000000,19887.72226161,coinbase
2022-05-11T00:00:00Z,2223.25000000,2323.87000000,1903.00000000,1975.74000000,29760.67289355,coinbase
2022-05-12T00:00:00Z,1975.40000000,2077.02000000,1625.00000000,1882.48000000,26254.76639016,coinbase
2022-05-13T00:00:00Z,1877.63000000,2065.26000000,1864.85000000,1927.04000000,16401.15748950,coinbase
2022-05-14T00:00:00Z,1928.12000000,1984.32000000,1872.37000000,1974.38000000,7572.45998299,coinbase
2022-05-15T00:00:00Z,1974.22000000,2078.49000000,1920.56000000,2059.93000000,5578.45136051,coinbase
2022-05-16T00:00:00Z,2059.93000000,2060.10000000,1897.12000000,1935.19000000,11779.40133248,coinbase
2022-05-17T00:00:00Z,1935.94000000,2013.64000000,1904.86000000,1980.70000000,7720.39151009,coinbase
2022-05-18T00:00:00Z,1980.59000000,1997.50000000,1818.65000000,1825.90000000,9643.71961429,coinbase
2022-05-19T00:00:00Z,1824.82000000,1924.62000000,1812.48000000,1906.75000000,8792.77209057,coinbase
2022-05-20T00:00:00Z,1906.68000000,1950.00000000,1820.00000000,1852.71000000,10599.18993530,coinbase
2022-05-21T00:00:00Z,1853.21000000,1882.50000000,1832.47000000,1867.12000000,3338.22521170,coinbase
2022-05-22T00:00:00Z,1867.47000000,1941.90000000,1858.81000000,1930.60000000,4743.73233701,coinbase
2022-05-23T00:00:00Z,1930.78000000,1959.20000000,1830.28000000,1845.45000000,9153.05166972,coinbase
2022-05-24T00:00:00Z,1845.34000000,1867.20000000,1780.00000000,1842.20000000,11333.16711046,coinbase
2022-05-25T00:00:00Z,1841.65000000,1885.35000000,1813.00000000,1815.69000000,10246.91637014,coinbase
2022-05-26T00:00:00Z,1815.69000000,1836.05000000,1622.00000000,1666.39000000,21120.30020274,coinbase
2022-05-27T00:00:00Z,1666.89000000,1698.92000000,1586.03000000,1607.98000000,21596.77057072,coinbase
2022-05-28T00:00:00Z,1607.64000000,1684.41000000,1602.76000000,1668.30000000,5171.88446984,coinbase
2022-05-29T00:00:00Z,1668.29000000,1701.41000000,1641.35000000,1688.95000000,4023.74782759,coinbase
2022-05-30T00:00:00Z,1689.54000000,1866.75000000,1678.90000000,1853.88000000,16115.42139747,coinbase
2022-05-31T00:00:00Z,1854.46000000,1870.09000000,1792.46000000,1807.54000000,19326.91443758,coinbase
2022-06-01T00:00:00Z,1808.72000000,1840.00000000,1654.63000000,1706.40000000,17240.75942085,coinbase
2022-06-02T00:00:00Z,1705.22000000,1724.65000000,1663.71000000,1705.16000000,11742.35351184,coinbase
2022-06-03T00:00:00Z,1706.03000000,1712.49000000,1621.00000000,1656.37000000,14127.95314818,coinbase
2022-06-04T00:00:00Z,1656.39000000,1693.87000000,1631.10000000,1683.59000000,4363.29941319,coinbase
2022-06-05T00:00:00Z,1683.74000000,1706.70000000,1654.63000000,1681.78000000,5340.32129203,coinbase
2022-06-06T00:00:00Z,1681.65000000,1790.00000000,1681.10000000,1738.23000000,8722.06846017,coinbase
2022-06-07T00:00:00Z,1737.13000000,1748.52000000,1615.20000000,1693.42000000,14141.25096199,coinbase
2022-06-08T00:00:00Z,1694.06000000,1716.82000000,1650.81000000,1671.40000000,10620.29182821,coinbase
2022-06-09T00:00:00Z,1671.57000000,1709.42000000,1658.04000000,1681.43000000,7413.13657091,coinbase
2022-06-10T00:00:00Z,1681.02000000,1696.11000000,1573.00000000,1579.54000000,10167.40856255,coinbase
2022-06-11T00:00:00Z,1579.13000000,1598.86000000,1427.58000000,1456.76000000,10618.84688263,coinbase
2022-06-12T00:00:00Z,1457.51000000,1469.93000000,1353.28000000,1365.52000000,16653.21614944,coinbase
2022-06-13T00:00:00Z,1365.29000000,1384.56000000,1117.02000000,1160.61000000,44821.40173695,coinbase
2022-06-14T00:00:00Z,1161.09000000,1215.38000000,1032.50000000,1156.49000000,35994.33715856,coinbase
2022-06-15T00:00:00Z,1157.53000000,1194.99000000,965.27000000,1182.82000000,52523.85041328,coinbase
2022-06-16T00:00:00Z,1182.03000000,1200.00000000,996.56000000,1012.36000000,28116.52207995,coinbase
2022-06-17T00:00:00Z,1012.43000000,1062.30000000,996.56000000,1034.91000000,15781.30763929,coinbase
2022-06-18T00:00:00Z,1035.05000000,1045.00000000,839.00000000,947.01000000,27580.85278817,coinbase
2022-06-19T00:00:00Z,948.10000000,1103.65000000,890.00000000,1074.76000000,22218.07767678,coinbase
2022-06-20T00:00:00Z,1074.82000000,1108.48000000,1001.41000000,1070.69000000,17132.31627619,coinbase
2022-06-21T00:00:00Z,1071.45000000,1129.00000000,1053.01000000,1068.35000000,14259.12095910,coinbase
2022-06-22T00:00:00Z,1067.93000000,1070.05000000,986.76000000,992.69000000,19382.85656772,coinbase
2022-06-23T00:00:00Z,992.74000000,1096.07000000,987.61000000,1086.90000000,16799.93385669,coinbase
2022-06-24T00:00:00Z,1086.88000000,1178.62000000,1073.35000000,1159.62000000,11861.95842214,coinbase
2022-06-25T00:00:00Z,1160.41000000,1190.00000000,1114.64000000,1176.48000000,7088.23713178,coinbase
2022-06-26T00:00:00Z,1177.09000000,1213.38000000,1128.72000000,1133.28000000,8757.38905144,coinbase
2022-06-27T00:00:00Z,1133.28000000,1170.82000000,1107.80000000,1126.03000000,10620.10853529,coinbase
2022-06-28T00:00:00Z,1125.80000000,1173.41000000,1078.81000000,1085.33000000,12151.73976323,coinbase
2022-06-29T00:00:00Z,1085.58000000,1097.14000000,1037.94000000,1051.95000000,14920.29642387,coinbase
2022-06-30T00:00:00Z,1051.89000000,1057.88000000,957.19000000,1021.45000000,18522.19331906,coinbase
2022-07-01T00:00:00Z,1021.82000000,1064.87000000,988.30000000,1015.33000000,18782.27848924,coinbase
2022-07-02T00:00:00Z,1014.83000000,1034.00000000,985.51000000,1022.35000000,7613.68933135,coinbase
2022-07-03T00:00:00Z,1022.46000000,1041.87000000,996.86000000,1028.48000000,5784.04396144,coinbase
2022-07-04T00:00:00Z,1028.21000000,1110.93000000,1001.45000000,1102.27000000,11059.80875755,coinbase
2022-07-05T00:00:00Z,1101.64000000,1137.42000000,1050.86000000,1102.34000000,17726.76212819,coinbase
2022-07-06T00:00:00Z,1102.77000000,1181.00000000,1081.41000000,1164.14000000,16191.74880831,coinbase
2022-07-07T00:00:00Z,1164.21000000,1233.57000000,1137.34000000,1215.80000000,13163.06862160,coinbase
2022-07-08T00:00:00Z,1216.77000000,1252.48000000,1176.00000000,1190.71000000,19337.88393819,coinbase
2022-07-09T00:00:00Z,1191.24000000,1212.10000000,1182.98000000,1195.02000000,3821.83534476,coinbase
2022-07-10T00:00:00Z,1195.05000000,1197.45000000,1132.48000000,1148.04000000,7485.34111390,coinbase
2022-07-11T00:00:00Z,1148.04000000,1153.26000000,1086.00000000,1090.77000000,10823.10092022,coinbase
2022-07-12T00:00:00Z,1090.92000000,1091.71000000,1028.68000000,1034.00000000,13324.57513530,coinbase
2022-07-13T00:00:00Z,1034.59000000,1114.34000000,1005.48000000,1111.08000000,18840.28982124,coinbase
2022-07-14T00:00:00Z,1110.86000000,1210.81000000,1070.00000000,1189.78000000,14577.94606658,coinbase
2022-07-15T00:00:00Z,1189.58000000,1276.01000000,1178.17000000,1220.62000000,13259.33694527,coinbase
2022-07-16T00:00:00Z,1220.89000000,1411.18000000,1181.53000000,1345.01000000,16361.83407096,coinbase
2022-07-17T00:00:00Z,1344.61000000,1375.05000000,1307.36000000,1326.13000000,10215.52646891,coinbase
2022-07-18T00:00:00Z,1325.57000000,1573.00000000,1323.64000000,1559.05000000,29232.60556067,coinbase
2022-07-19T00:00:00Z,1558.55000000,1608.23000000,1469.07000000,1507.92000000,24795.38637063,coinbase
2022-07-20T00:00:00Z,1507.00000000,1585.08000000,1457.82000000,1494.98000000,21890.47915382,coinbase
2022-07-21T00:00:00Z,1494.27000000,1571.56000000,1433.66000000,1540.88000000,19362.40520746,coinbase
2022-07-22T00:00:00Z,1541.70000000,1620.90000000,1485.08000000,1504.54000000,13661.75128316,coinbase
2022-07-23T00:00:00Z,1505.22000000,1565.00000000,1458.46000000,1517.06000000,14339.93636839,coinbase
2022-07-24T00:00:00Z,1518.26000000,1631.94000000,1515.01000000,1566.92000000,9913.36418499,coinbase
2022-07-25T00:00:00Z,1565.97000000,1577.76000000,1404.64000000,1408.70000000,18456.30799700,coinbase
2022-07-26T00:00:00Z,1408.25000000,1436.03000000,1340.00000000,1431.10000000,13187.70478342,coinbase
2022-07-27T00:00:00Z,1432.18000000,1612.19000000,1401.09000000,1604.48000000,18937.61878184,coinbase
2022-07-28T00:00:00Z,1603.79000000,1750.37000000,1569.44000000,1692.52000000,18840.26474845,coinbase
2022-07-29T00:00:00Z,1692.72000000,1726.66000000,1627.99000000,1684.17000000,12018.29418785,coinbase
2022-07-30T00:00:00Z,1684.55000000,1706.66000000,1638.76000000,1661.06000000,8429.57061888,coinbase
2022-07-31T00:00:00Z,1660.03000000,1715.38000000,1631.32000000,1644.00000000,4877.74846363,coinbase
2022-08-01T00:00:00Z,1643.63000000,1666.54000000,1566.59000000,1589.12000000,10760.19546458,coinbase
2022-08-02T00:00:00Z,1589.83000000,1646.72000000,1524.17000000,1605.79000000,9795.66312713,coinbase
2022-08-03T00:00:00Z,1606.27000000,1653.88000000,1566.72000000,1594.30000000,8615.52655334,coinbase
2022-08-04T00:00:00Z,1593.79000000,1636.50000000,1544.27000000,1569.42000000,6571.61623840,coinbase
2022-08-05T00:00:00Z,1570.09000000,1710.39000000,1567.63000000,1705.03000000,11108.43207553,coinbase
2022-08-06T00:00:00Z,1705.31000000,1718.23000000,1656.82000000,1660.43000000,3667.39912327,coinbase
2022-08-07T00:00:00Z,1660.61000000,1699.71000000,1639.88000000,1672.37000000,3848.51604235,coinbase
2022-08-08T00:00:00Z,1671.45000000,1781.20000000,1665.32000000,1743.78000000,9037.00718982,coinbase
2022-08-09T00:00:00Z,1743.87000000,1755.55000000,1631.24000000,1668.40000000,9703.51811242,coinbase
2022-08-10T00:00:00Z,1668.85000000,1831.10000000,1624.02000000,1800.38000000,11328.99198490,coinbase
2022-08-11T00:00:00Z,1800.15000000,1880.00000000,1797.30000000,1823.79000000,9476.74709298,coinbase
2022-08-12T00:00:00Z,1824.81000000,1915.17000000,1801.61000000,1908.21000000,4991.33176199,coinbase
2022-08-13T00:00:00Z,1909.49000000,1967.51000000,1897.92000000,1935.62000000,4291.36537070,coinbase
2022-08-14T00:00:00Z,1934.16000000,1979.90000000,1859.79000000,1887.29000000,5012.15463188,coinbase
2022-08-15T00:00:00Z,1888.86000000,1964.16000000,1833.70000000,1868.28000000,7448.82163928,coinbase
2022-08-16T00:00:00Z,1868.93000000,1890.70000000,1822.80000000,1846.16000000,4524.11415446,coinbase
2022-08-17T00:00:00Z,1847.18000000,1925.10000000,1789.06000000,1802.84000000,8581.11008111,coinbase
2022-08-18T00:00:00Z,1802.28000000,1863.50000000,1788.75000000,1829.66000000,4847.53868378,coinbase
2022-08-19T00:00:00Z,1828.53000000,1831.81000000,1596.29000000,1602.44000000,15431.24884121,coinbase
2022-08-20T00:00:00Z,1601.37000000,1651.62000000,1517.98000000,1570.85000000,9307.10062276,coinbase
2022-08-21T00:00:00Z,1570.31000000,1639.55000000,1556.37000000,1612.70000000,8732.92862429,coinbase
2022-08-22T00:00:00Z,1612.05000000,1639.39000000,1528.35000000,1634.67000000,10291.40063915,coinbase
2022-08-23T00:00:00Z,1634.46000000,1680.00000000,1576.99000000,1671.17000000,7554.19285147,coinbase
2022-08-24T00:00:00Z,1671.56000000,1699.83000000,1614.44000000,1661.26000000,7265.31839194,coinbase
2022-08-25T00:00:00Z,1661.23000000,1723.20000000,1660.12000000,1700.53000000,4501.02076840,coinbase
2022-08-26T00:00:00Z,1699.75000000,1700.00000000,1492.92000000,1514.48000000,14636.48720711,coinbase
2022-08-27T00:00:00Z,1514.71000000,1524.59000000,1453.64000000,1497.21000000,7718.44918987,coinbase
2022-08-28T00:00:00Z,1497.54000000,1517.31000000,1432.96000000,1435.24000000,7464.29823457,coinbase
2022-08-29T00:00:00Z,1435.75000000,1560.00000000,1431.00000000,1551.01000000,8339.35199668,coinbase
2022-08-30T00:00:00Z,1550.55000000,1601.80000000,1471.00000000,1521.57000000,12592.38707979,coinbase
2022-08-31T00:00:00Z,1521.13000000,1612.93000000,1520.97000000,1548.56000000,11727.19538213,coinbase
2022-09-01T00:00:00Z,1547.59000000,1607.80000000,1523.01000000,1593.13000000,9398.24286505,coinbase
2022-09-02T00:00:00Z,1594.18000000,1647.58000000,1554.11000000,1581.88000000,8220.08842214,coinbase
2022-09-03T00:00:00Z,1582.32000000,1590.13000000,1541.16000000,1565.00000000,2801.06297487,coinbase
2022-09-04T00:00:00Z,1565.06000000,1593.29000000,1548.32000000,1592.87000000,3102.69330248,coinbase
2022-09-05T00:00:00Z,1593.64000000,1640.00000000,1568.12000000,1625.83000000,6267.66086471,coinbase
2022-09-06T00:00:00Z,1626.45000000,1699.67000000,1567.37000000,1575.48000000,15199.89436561,coinbase
2022-09-07T00:00:00Z,1575.62000000,1655.49000000,1508.21000000,1630.26000000,12733.84749639,coinbase
2022-09-08T00:00:00Z,1630.47000000,1662.25000000,1597.02000000,1634.16000000,10566.25723356,coinbase
2022-09-09T00:00:00Z,1634.44000000,1737.53000000,1623.83000000,1709.88000000,10129.74508077,coinbase
2022-09-10T00:00:00Z,1710.91000000,1779.59000000,1698.12000000,1765.26000000,3750.75271886,coinbase
2022-09-11T00:00:00Z,1766.15000000,1782.00000000,1705.01000000,1755.28000000,4679.67313736,coinbase
2022-09-12T00:00:00Z,1755.28000000,1768.27000000,1671.73000000,1695.41000000,8299.61751666,coinbase
2022-09-13T00:00:00Z,1694.91000000,1748.00000000,1566.00000000,1577.71000000,13219.33854298,coinbase
2022-09-14T00:00:00Z,1578.28000000,1650.28000000,1557.26000000,1641.72000000,10183.82631754,coinbase
2022-09-15T00:00:00Z,1641.80000000,1662.21000000,1457.51000000,1474.18000000,13290.80151580,coinbase
2022-09-16T00:00:00Z,1474.69000000,1486.74000000,1405.52000000,1432.20000000,10680.62049822,coinbase
2022-09-17T00:00:00Z,1431.24000000,1474.68000000,1407.65000000,1467.06000000,4594.94652800,coinbase
2022-09-18T00:00:00Z,1467.77000000,1467.77000000,1322.66000000,1332.66000000,9314.55491310,coinbase
2022-09-19T00:00:00Z,1331.58000000,1388.85000000,1281.94000000,1371.82000000,11143.03012220,coinbase
2022-09-20T00:00:00Z,1371.24000000,1385.50000000,1316.78000000,1327.03000000,11084.63848885,coinbase
2022-09-21T00:00:00Z,1325.74000000,1425.00000000,1239.39000000,1267.54000000,18302.22835230,coinbase
2022-09-22T00:00:00Z,1266.27000000,1370.77000000,1260.53000000,1348.43000000,15732.00669222,coinbase
2022-09-23T00:00:00Z,1348.45000000,1382.66000000,1297.32000000,1368.49000000,13043.38966030,coinbase
2022-09-24T00:00:00Z,1368.86000000,1391.97000000,1348.09000000,1358.29000000,3468.98806148,coinbase
2022-09-25T00:00:00Z,1357.86000000,1378.00000000,1312.30000000,1336.59000000,4280.47398870,coinbase
2022-09-26T00:00:00Z,1337.35000000,1393.37000000,1326.42000000,1389.13000000,14134.76506630,coinbase
2022-09-27T00:00:00Z,1389.40000000,1452.74000000,1360.90000000,1384.22000000,12044.51041581,coinbase
2022-09-28T00:00:00Z,1384.13000000,1397.14000000,1315.00000000,1377.50000000,14525.64785345,coinbase
2022-09-29T00:00:00Z,1376.67000000,1393.54000000,1323.41000000,1359.44000000,12780.10523902,coinbase
2022-09-30T00:00:00Z,1361.01000000,1400.70000000,1343.41000000,1356.02000000,11332.52617875,coinbase
2022-10-01T00:00:00Z,1355.33000000,1360.95000000,1330.33000000,1338.74000000,2499.42509630,coinbase
2022-10-02T00:00:00Z,1338.25000000,1344.99000000,1296.74000000,1304.09000000,8078.18676222,coinbase
2022-10-03T00:00:00Z,1304.12000000,1358.01000000,1290.61000000,1346.07000000,11749.83866319,coinbase
2022-10-04T00:00:00Z,1346.04000000,1376.64000000,1343.10000000,1364.37000000,7981.80514371,coinbase
2022-10-05T00:00:00Z,1363.59000000,1379.25000000,1333.11000000,1365.17000000,7596.26882210,coinbase
2022-10-06T00:00:00Z,1364.41000000,1401.68000000,1364.41000000,1381.46000000,9396.60415214,coinbase
2022-10-07T00:00:00Z,1380.51000000,1389.57000000,1351.12000000,1367.38000000,5562.82098009,coinbase
2022-10-08T00:00:00Z,1367.16000000,1373.35000000,1339.00000000,1351.13000000,2607.68766060,coinbase
2022-10-09T00:00:00Z,1350.76000000,1364.36000000,1342.68000000,1359.82000000,1743.71210752,coinbase
2022-10-10T00:00:00Z,1359.69000000,1373.69000000,1326.64000000,1328.41000000,4967.43849586,coinbase
2022-10-11T00:00:00Z,1327.92000000,1332.83000000,1306.12000000,1319.00000000,7868.58002722,coinbase
2022-10-12T00:00:00Z,1318.97000000,1346.30000000,1315.71000000,1332.81000000,4886.08249716,coinbase
2022-10-13T00:00:00Z,1333.49000000,1337.70000000,1233.01000000,1317.04000000,17381.95337838,coinbase
2022-10-14T00:00:00Z,1317.87000000,1377.35000000,1313.59000000,1333.42000000,8496.05371475,coinbase
2022-10-15T00:00:00Z,1333.86000000,1339.15000000,1300.78000000,1312.17000000,2493.36473646,coinbase
2022-10-16T00:00:00Z,1312.17000000,1352.59000000,1312.16000000,1340.28000000,2401.92214012,coinbase
2022-10-17T00:00:00Z,1339.96000000,1366.31000000,1329.56000000,1352.82000000,5726.13165866,coinbase
2022-10-18T00:00:00Z,1353.13000000,1362.76000000,1307.33000000,1329.48000000,6000.62294298,coinbase
2022-10-19T00:00:00Z,1329.84000000,1336.59000000,1311.38000000,1315.79000000,5257.04738790,coinbase
2022-10-20T00:00:00Z,1315.72000000,1334.63000000,1300.40000000,1311.15000000,6245.48968087,coinbase
2022-10-21T00:00:00Z,1311.20000000,1325.84000000,1287.10000000,1319.85000000,7268.28810965,coinbase
2022-10-22T00:00:00Z,1318.99000000,1339.37000000,1313.03000000,1333.51000000,1297.12952024,coinbase
2022-10-23T00:00:00Z,1333.99000000,1390.00000000,1318.88000000,1383.24000000,4565.13453298,coinbase
2022-10-24T00:00:00Z,1383.73000000,1391.00000000,1343.44000000,1359.80000000,5474.99057234,coinbase
2022-10-25T00:00:00Z,1359.94000000,1528.56000000,1350.77000000,1466.06000000,14990.12618777,coinbase
2022-10-26T00:00:00Z,1467.45000000,1591.20000000,1463.87000000,1557.70000000,16114.98697380,coinbase
2022-10-27T00:00:00Z,1557.70000000,1589.00000000,1508.66000000,1519.68000000,13902.04837315,coinbase
2022-10-28T00:00:00Z,1519.30000000,1582.54000000,1489.04000000,1559.84000000,13800.47001686,coinbase
2022-10-29T00:00:00Z,1560.06000000,1667.65000000,1553.42000000,1624.98000000,10962.59491730,coinbase
2022-10-30T00:00:00Z,1625.25000000,1646.22000000,1581.50000000,1598.54000000,5963.29873148,coinbase
2022-10-31T00:00:00Z,1598.46000000,1646.00000000,1564.87000000,1591.33000000,10920.26648973,coinbase
2022-11-01T00:00:00Z,1591.37000000,1623.88000000,1578.45000000,1598.54000000,8339.93481127,coinbase
2022-11-02T00:00:00Z,1598.96000000,1631.55000000,1530.43000000,1547.50000000,12568.10119726,coinbase
2022-11-03T00:00:00Z,1546.91000000,1594.55000000,1544.90000000,1570.64000000,6982.18006979,coinbase
2022-11-04T00:00:00Z,1570.24000000,1690.12000000,1566.33000000,1651.99000000,8942.60343470,coinbase
2022-11-05T00:00:00Z,1652.36000000,1672.23000000,1627.92000000,1633.39000000,3345.19959592,coinbase
2022-11-06T00:00:00Z,1632.59000000,1645.87000000,1575.79000000,1579.88000000,7601.61196480,coinbase
2022-11-07T00:00:00Z,1579.33000000,1605.46000000,1544.15000000,1564.87000000,7548.93885594,coinbase
2022-11-08T00:00:00Z,1565.14000000,1573.80000000,1223.83000000,1326.26000000,32007.97309357,coinbase
2022-11-09T00:00:00Z,1324.80000000,1330.46000000,1071.00000000,1099.17000000,31784.91100805,coinbase
2022-11-10T00:00:00Z,1099.57000000,1328.65000000,1083.96000000,1272.93000000,30090.02769115,coinbase
2022-11-11T00:00:00Z,1273.15000000,1282.70000000,1165.47000000,1241.66000000,17864.02687169,coinbase
2022-11-12T00:00:00Z,1240.90000000,1243.64000000,1194.28000000,1210.64000000,7003.08205653,coinbase
2022-11-13T00:00:00Z,1210.83000000,1226.45000000,1156.00000000,1179.24000000,8195.20348200,coinbase
2022-11-14T00:00:00Z,1179.71000000,1248.85000000,1133.00000000,1202.70000000,16030.80220678,coinbase
2022-11-15T00:00:00Z,1202.55000000,1235.13000000,1196.02000000,1209.36000000,7336.75602386,coinbase
2022-11-16T00:00:00Z,1208.64000000,1221.03000000,1140.31000000,1169.60000000,8012.73420609,coinbase
2022-11-17T00:00:00Z,1169.74000000,1181.58000000,1139.60000000,1158.03000000,7185.42307296,coinbase
2022-11-18T00:00:00Z,1158.20000000,1187.67000000,1156.86000000,1173.14000000,4411.87095213,coinbase
2022-11-19T00:00:00Z,1172.84000000,1192.49000000,1159.23000000,1177.60000000,3549.15366996,coinbase
2022-11-20T00:00:00Z,1177.75000000,1186.47000000,1095.00000000,1104.26000000,7342.83362701,coinbase
2022-11-21T00:00:00Z,1103.54000000,1117.01000000,1052.48000000,1079.28000000,15841.50332900,coinbase
2022-11-22T00:00:00Z,1079.64000000,1111.81000000,1046.61000000,1104.05000000,8642.27002890,coinbase
2022-11-23T00:00:00Z,1102.46000000,1146.00000000,1093.06000000,1136.64000000,7569.52301956,coinbase
2022-11-24T00:00:00Z,1136.14000000,1165.65000000,1132.77000000,1155.36000000,5478.36786402,coinbase
2022-11-25T00:00:00Z,1155.18000000,1158.80000000,1123.52000000,1151.61000000,8376.04833005,coinbase
2022-11-26T00:00:00Z,1151.71000000,1187.60000000,1149.47000000,1158.98000000,6001.74254612,coinbase
2022-11-27T00:00:00Z,1158.42000000,1175.48000000,1146.42000000,1151.40000000,3312.22283940,coinbase
2022-11-28T00:00:00Z,1151.61000000,1155.00000000,1108.23000000,1127.99000000,8003.08434130,coinbase
2022-11-29T00:00:00Z,1128.34000000,1188.79000000,1118.61000000,1177.93000000,5308.80116034,coinbase
2022-11-30T00:00:00Z,1177.74000000,1259.36000000,1173.70000000,1242.47000000,5344.33708884,coinbase
2022-12-01T00:00:00Z,1242.63000000,1243.52000000,1204.50000000,1212.92000000,4211.65403377,coinbase
2022-12-02T00:00:00Z,1212.92000000,1232.20000000,1204.59000000,1229.95000000,3669.49066983,coinbase
2022-12-03T00:00:00Z,1230.29000000,1240.00000000,1174.61000000,1178.71000000,3959.26689179,coinbase
2022-12-04T00:00:00Z,1178.70000000,1221.49000000,1178.42000000,1213.96000000,2636.07838808,coinbase
2022-12-05T00:00:00Z,1213.76000000,1237.93000000,1189.41000000,1199.15000000,4180.63782739,coinbase
2022-12-06T00:00:00Z,1199.72000000,1217.52000000,1183.00000000,1214.44000000,4283.91566217,coinbase
2022-12-07T00:00:00Z,1215.19000000,1220.97000000,1161.65000000,1171.53000000,3415.86807252,coinbase
2022-12-08T00:00:00Z,1171.59000000,1222.40000000,1164.01000000,1212.15000000,2417.77606816,coinbase
2022-12-09T00:00:00Z,1211.78000000,1226.35000000,1190.00000000,1198.62000000,2978.58274901,coinbase
2022-12-10T00:00:00Z,1198.54000000,1217.30000000,1195.55000000,1201.59000000,1110.90496306,coinbase
2022-12-11T00:00:00Z,1201.32000000,1218.48000000,1192.10000000,1200.01000000,1301.90596786,coinbase
2022-12-12T00:00:00Z,1199.17000000,1212.48000000,1176.92000000,1209.39000000,4212.08080879,coinbase
2022-12-13T00:00:00Z,1209.70000000,1266.78000000,1189.96000000,1242.73000000,5756.82584139,coinbase
2022-12-14T00:00:00Z,1242.56000000,1264.60000000,1218.96000000,1224.27000000,7207.24946305,coinbase
2022-12-15T00:00:00Z,1224.17000000,1228.12000000,1181.19000000,1189.53000000,6019.67420775,coinbase
2022-12-16T00:00:00Z,1189.35000000,1202.06000000,1092.00000000,1102.24000000,10623.66676339,coinbase
2022-12-17T00:00:00Z,1102.24000000,1123.19000000,1098.20000000,1121.18000000,2294.58577584,coinbase
2022-12-18T00:00:00Z,1121.22000000,1129.66000000,1107.16000000,1118.18000000,2226.11936618,coinbase
2022-12-19T00:00:00Z,1118.18000000,1127.37000000,1084.23000000,1099.57000000,3905.33620571,coinbase
2022-12-20T00:00:00Z,1099.80000000,1154.94000000,1096.72000000,1145.36000000,4907.66323989,coinbase
2022-12-21T00:00:00Z,1145.76000000,1153.00000000,1134.89000000,1143.46000000,2968.66532228,coinbase
2022-12-22T00:00:00Z,1143.45000000,1166.62000000,1116.47000000,1148.56000000,3848.54492607,coinbase
2022-12-23T00:00:00Z,1148.85000000,1158.58000000,1143.00000000,1148.06000000,5364.25255453,coinbase
2022-12-24T00:00:00Z,1148.18000000,1154.52000000,1142.96000000,1148.16000000,1562.15694518,coinbase
2022-12-25T00:00:00Z,1148.16000000,1152.58000000,1123.37000000,1146.17000000,3630.41494123,coinbase
2022-12-26T00:00:00Z,1146.17000000,1155.82000000,1139.55000000,1152.97000000,2770.43600903,coinbase
2022-12-27T00:00:00Z,1153.48000000,1158.48000000,1129.03000000,1138.21000000,2642.73049096,coinbase
2022-12-28T00:00:00Z,1138.13000000,1141.11000000,1111.32000000,1118.21000000,4702.88682441,coinbase
2022-12-29T00:00:00Z,1118.75000000,1132.07000000,1115.30000000,1125.16000000,3341.82889457,coinbase
2022-12-30T00:00:00Z,1125.12000000,1126.63000000,1106.68000000,1120.34000000,3359.81425713,coinbase
2022-12-31T00:00:00Z,1120.55000000,1128.00000000,1112.50000000,1115.79000000,2222.52702974,coinbase
2023-01-01T00:00:00Z,1115.57000000,1123.89000000,1110.95000000,1120.63000000,1756.95762704,coinbase
2023-01-02T00:00:00Z,1120.73000000,1146.05000000,1113.68000000,1136.08000000,5559.02906312,coinbase
2023-01-03T00:00:00Z,1135.62000000,1154.98000000,1134.97000000,1151.14000000,3196.29158443,coinbase
2023-01-04T00:00:00Z,1151.50000000,1198.69000000,1148.34000000,1184.47000000,5051.87692381,coinbase
2023-01-05T00:00:00Z,1184.56000000,1191.93000000,1171.88000000,1189.13000000,2607.12252858,coinbase
2023-01-06T00:00:00Z,1189.08000000,1199.89000000,1176.31000000,1191.11000000,5051.12567634,coinbase
2023-01-07T00:00:00Z,1191.11000000,1193.13000000,1184.76000000,1187.67000000,1182.69409740,coinbase
2023-01-08T00:00:00Z,1187.64000000,1214.79000000,1181.96000000,1209.47000000,4084.37714565,coinbase
2023-01-09T00:00:00Z,1209.40000000,1251.61000000,1205.41000000,1229.87000000,14110.24876649,coinbase
2023-01-10T00:00:00Z,1229.95000000,1254.95000000,1227.68000000,1243.93000000,7650.51948080,coinbase
2023-01-11T00:00:00Z,1243.91000000,1298.11000000,1226.46000000,1290.71000000,6261.29438513,coinbase
2023-01-12T00:00:00Z,1290.81000000,1325.35000000,1268.40000000,1303.79000000,8621.50497976,coinbase
2023-01-13T00:00:00Z,1303.93000000,1351.79000000,1291.93000000,1339.70000000,7293.16741207,coinbase
2023-01-14T00:00:00Z,1339.46000000,1471.47000000,1338.43000000,1430.56000000,12433.56359624,coinbase
2023-01-15T00:00:00Z,1430.13000000,1443.37000000,1397.28000000,1434.09000000,3579.46197355,coinbase
2023-01-16T00:00:00Z,1434.10000000,1485.20000000,1404.79000000,1456.37000000,4393.58370359,coinbase
2023-01-17T00:00:00Z,1456.67000000,1481.51000000,1425.00000000,1451.62000000,3446.56715239,coinbase
2023-01-18T00:00:00Z,1452.10000000,1479.11000000,1386.12000000,1399.77000000,7169.79447273,coinbase
2023-01-19T00:00:00Z,1398.51000000,1443.37000000,1398.51000000,1432.02000000,3363.01019823,coinbase
2023-01-20T00:00:00Z,1431.79000000,1535.20000000,1422.75000000,1527.40000000,3648.95639078,coinbase
2023-01-21T00:00:00Z,1527.40000000,1547.52000000,1490.78000000,1497.61000000,4362.82653066,coinbase
2023-01-22T00:00:00Z,1496.00000000,1532.00000000,1477.02000000,1499.08000000,3688.38677464,coinbase
2023-01-23T00:00:00Z,1499.06000000,1516.31000000,1460.37000000,1496.54000000,3068.24965727,coinbase
2023-01-24T00:00:00Z,1496.33000000,1509.00000000,1402.03000000,1427.57000000,4506.13532785,coinbase
2023-01-25T00:00:00Z,1427.73000000,1503.47000000,1391.78000000,1476.06000000,4862.20487787,coinbase
2023-01-26T00:00:00Z,1476.80000000,1494.80000000,1451.89000000,1469.58000000,3575.81624746,coinbase
2023-01-27T00:00:00Z,1469.64000000,1491.24000000,1426.00000000,1470.87000000,4222.31419305,coinbase
2023-01-28T00:00:00Z,1470.75000000,1478.15000000,1433.87000000,1447.92000000,1919.14666534,coinbase
2023-01-29T00:00:00Z,1447.97000000,1528.26000000,1442.61000000,1513.23000000,3504.82338342,coinbase
2023-01-30T00:00:00Z,1512.29000000,1515.24000000,1415.61000000,1443.97000000,4654.59359228,coinbase
2023-01-31T00:00:00Z,1443.73000000,1476.90000000,1439.38000000,1459.65000000,2895.53090993,coinbase
2023-02-01T00:00:00Z,1460.03000000,1499.72000000,1428.79000000,1491.51000000,5046.30234912,coinbase
2023-02-02T00:00:00Z,1492.33000000,1570.12000000,1488.99000000,1507.91000000,6007.08149370,coinbase
2023-02-03T00:00:00Z,1507.65000000,1547.49000000,1496.65000000,1540.82000000,3900.81247944,coinbase
2023-02-04T00:00:00Z,1540.79000000,1569.50000000,1523.85000000,1542.99000000,2123.97712652,coinbase
2023-02-05T00:00:00Z,1543.23000000,1550.40000000,1493.00000000,1510.55000000,4063.36303531,coinbase
2023-02-06T00:00:00Z,1510.81000000,1544.12000000,1490.36000000,1504.69000000,4370.99875266,coinbase
2023-02-07T00:00:00Z,1504.07000000,1563.33000000,1503.34000000,1556.89000000,2531.54214173,coinbase
2023-02-08T00:00:00Z,1556.98000000,1580.85000000,1520.41000000,1540.50000000,2401.64987152,coinbase
2023-02-09T00:00:00Z,1540.77000000,1545.20000000,1420.38000000,1439.21000000,5873.16336076,coinbase
2023-02-10T00:00:00Z,1438.58000000,1449.02000000,1397.36000000,1416.80000000,5005.13871191,coinbase
2023-02-11T00:00:00Z,1418.79000000,1446.97000000,1411.30000000,1442.53000000,2002.40289714,coinbase
2023-02-12T00:00:00Z,1442.16000000,1451.13000000,1399.66000000,1419.00000000,3725.93884689,coinbase
2023-02-13T00:00:00Z,1419.36000000,1428.47000000,1366.00000000,1404.90000000,5365.77529432,coinbase
2023-02-14T00:00:00Z,1404.90000000,1458.59000000,1385.00000000,1449.51000000,6335.75146387,coinbase
2023-02-15T00:00:00Z,1449.77000000,1573.31000000,1438.98000000,1565.42000000,5480.90327029,coinbase
2023-02-16T00:00:00Z,1565.44000000,1631.58000000,1531.00000000,1535.44000000,6491.60420816,coinbase
2023-02-17T00:00:00Z,1536.00000000,1609.15000000,1530.00000000,1583.59000000,3463.47649453,coinbase
2023-02-18T00:00:00Z,1584.26000000,1601.70000000,1571.15000000,1581.26000000,1801.37622302,coinbase
2023-02-19T00:00:00Z,1581.05000000,1613.10000000,1559.49000000,1572.31000000,2561.29095299,coinbase
2023-02-20T00:00:00Z,1571.84000000,1608.45000000,1547.00000000,1594.00000000,2255.14554559,coinbase
2023-02-21T00:00:00Z,1594.21000000,1607.68000000,1537.90000000,1558.60000000,3215.04958132,coinbase
2023-02-22T00:00:00Z,1558.62000000,1564.98000000,1501.47000000,1549.53000000,4134.74075650,coinbase
2023-02-23T00:00:00Z,1549.53000000,1580.18000000,1536.16000000,1557.83000000,3101.16305509,coinbase
2023-02-24T00:00:00Z,1557.78000000,1569.28000000,1495.94000000,1524.50000000,3998.35972745,coinbase
2023-02-25T00:00:00Z,1525.08000000,1525.69000000,1478.78000000,1513.83000000,1952.58948811,coinbase
2023-02-26T00:00:00Z,1513.81000000,1565.50000000,1507.85000000,1555.83000000,2521.64247550,coinbase
2023-02-27T00:00:00Z,1555.33000000,1575.75000000,1516.78000000,1539.68000000,3526.60914656,coinbase
2023-02-28T00:00:00Z,1539.97000000,1553.13000000,1510.35000000,1517.80000000,4293.03633044,coinbase
2023-03-01T00:00:00Z,1517.46000000,1568.12000000,1509.93000000,1560.88000000,4394.42996883,coinbase
2023-03-02T00:00:00Z,1560.81000000,1572.22000000,1528.54000000,1555.27000000,3889.70041132,coinbase
2023-03-03T00:00:00Z,1555.79000000,1555.85000000,1455.21000000,1475.68000000,7086.38914797,coinbase
2023-03-04T00:00:00Z,1475.68000000,1483.39000000,1463.00000000,1474.46000000,660.16705558,coinbase
2023-03-05T00:00:00Z,1474.46000000,1493.81000000,1461.89000000,1472.04000000,1720.94090117,coinbase
2023-03-06T00:00:00Z,1472.30000000,1481.27000000,1461.00000000,1465.51000000,2051.82205906,coinbase
2023-03-07T00:00:00Z,1465.63000000,1481.54000000,1447.99000000,1480.28000000,2541.48628790,coinbase
2023-03-08T00:00:00Z,1480.45000000,1488.14000000,1445.00000000,1452.75000000,3160.62115173,coinbase
2023-03-09T00:00:00Z,1454.02000000,1465.44000000,1331.00000000,1358.02000000,5306.25937382,coinbase
2023-03-10T00:00:00Z,1357.89000000,1358.01000000,1292.66000000,1343.06000000,14226.96882318,coinbase
2023-03-11T00:00:00Z,1342.21000000,1399.57000000,1327.79000000,1385.64000000,16483.00782472,coinbase
2023-03-12T00:00:00Z,1384.99000000,1488.61000000,1363.10000000,1480.04000000,6899.06906422,coinbase
2023-03-13T00:00:00Z,1480.69000000,1569.55000000,1447.40000000,1547.27000000,6542.41762298,coinbase
2023-03-14T00:00:00Z,1548.41000000,1659.69000000,1530.00000000,1583.14000000,9599.16388929,coinbase
2023-03-15T00:00:00Z,1582.50000000,1606.99000000,1529.85000000,1562.96000000,4903.12491921,coinbase
2023-03-16T00:00:00Z,1564.21000000,1595.83000000,1544.89000000,1579.27000000,6686.95681431,coinbase
2023-03-17T00:00:00Z,1579.19000000,1686.70000000,1569.33000000,1678.16000000,9078.84129821,coinbase
2023-03-18T00:00:00Z,1677.63000000,1726.79000000,1639.03000000,1650.25000000,6648.33756606,coinbase
2023-03-19T00:00:00Z,1650.53000000,1728.01000000,1650.31000000,1673.73000000,6836.20645872,coinbase
2023-03-20T00:00:00Z,1672.94000000,1695.81000000,1612.46000000,1621.25000000,7677.98603022,coinbase
2023-03-21T00:00:00Z,1621.02000000,1706.22000000,1608.62000000,1675.89000000,6295.30114735,coinbase
2023-03-22T00:00:00Z,1676.95000000,1690.05000000,1577.66000000,1600.41000000,7883.54767541,coinbase
2023-03-23T00:00:00Z,1599.55000000,1706.80000000,1592.02000000,1676.49000000,5599.49575353,coinbase
2023-03-24T00:00:00Z,1677.08000000,1682.06000000,1606.88000000,1629.43000000,7723.12000209,coinbase
2023-03-25T00:00:00Z,1629.66000000,1640.99000000,1595.59000000,1622.12000000,1860.79780465,coinbase
2023-03-26T00:00:00Z,1622.15000000,1673.91000000,1619.18000000,1648.32000000,2429.78501206,coinbase
2023-03-27T00:00:00Z,1648.29000000,1654.93000000,1560.00000000,1588.75000000,4142.89702644,coinbase
2023-03-28T00:00:00Z,1588.69000000,1656.00000000,1574.33000000,1637.46000000,4010.47670604,coinbase
2023-03-29T00:00:00Z,1637.46000000,1685.90000000,1635.69000000,1653.43000000,3207.06722391,coinbase
2023-03-30T00:00:00Z,1654.08000000,1688.00000000,1619.15000000,1645.97000000,5350.68922411,coinbase
2023-03-31T00:00:00Z,1645.91000000,1697.49000000,1635.93000000,1680.63000000,5290.76297867,coinbase
2023-04-01T00:00:00Z,1680.63000000,1699.00000000,1667.68000000,1679.83000000,1344.82914033,coinbase
2023-04-02T00:00:00Z,1680.19000000,1683.52000000,1636.53000000,1661.29000000,2002.40630216,coinbase
2023-04-03T00:00:00Z,1661.61000000,1688.93000000,1624.24000000,1660.94000000,4185.49062277,coinbase
2023-04-04T00:00:00Z,1661.35000000,1736.36000000,1653.53000000,1707.67000000,5577.02822005,coinbase
2023-04-05T00:00:00Z,1707.86000000,1772.60000000,1702.23000000,1751.19000000,5531.29203474,coinbase
2023-04-06T00:00:00Z,1751.07000000,1751.65000000,1701.86000000,1716.61000000,3160.82777514,coinbase
2023-04-07T00:00:00Z,1716.92000000,1725.84000000,1687.95000000,1711.30000000,1935.47855146,coinbase
2023-04-08T00:00:00Z,1710.76000000,1725.46000000,1696.76000000,1699.21000000,1275.10852547,coinbase
2023-04-09T00:00:00Z,1699.16000000,1719.00000000,1676.78000000,1705.15000000,2288.07558201,coinbase
2023-04-10T00:00:00Z,1704.91000000,1765.00000000,1695.00000000,1758.07000000,3755.66721566,coinbase
2023-04-11T00:00:00Z,1757.40000000,1777.98000000,1724.38000000,1731.92000000,3620.67672006,coinbase
2023-04-12T00:00:00Z,1732.30000000,1760.10000000,1698.34000000,1744.41000000,6423.61894312,coinbase
2023-04-13T00:00:00Z,1745.12000000,1832.99000000,1728.95000000,1823.00000000,6661.49786758,coinbase
2023-04-14T00:00:00Z,1822.87000000,1930.01000000,1820.64000000,1910.35000000,9313.02895137,coinbase
2023-04-15T00:00:00Z,1910.77000000,1922.03000000,1885.83000000,1903.59000000,2703.24542167,coinbase
2023-04-16T00:00:00Z,1902.89000000,1948.04000000,1887.65000000,1931.17000000,3282.54293119,coinbase
2023-04-17T00:00:00Z,1930.44000000,1931.45000000,1880.79000000,1899.37000000,4083.81587621,coinbase
2023-04-18T00:00:00Z,1899.34000000,1938.81000000,1879.13000000,1916.90000000,3077.55430217,coinbase
2023-04-19T00:00:00Z,1917.57000000,1918.14000000,1758.60000000,1769.17000000,9150.23837561,coinbase
2023-04-20T00:00:00Z,1766.86000000,1805.39000000,1748.00000000,1771.60000000,4992.72212967,coinbase
2023-04-21T00:00:00Z,1772.53000000,1784.66000000,1661.15000000,1682.16000000,5835.97226831,coinbase
2023-04-22T00:00:00Z,1681.51000000,1721.84000000,1679.14000000,1709.75000000,4038.03911994,coinbase
2023-04-23T00:00:00Z,1709.80000000,1716.24000000,1675.35000000,1694.61000000,3820.35494255,coinbase
2023-04-24T00:00:00Z,1694.61000000,1718.93000000,1637.25000000,1666.38000000,4914.05603544,coinbase
2023-04-25T00:00:00Z,1666.48000000,1712.13000000,1636.79000000,1700.59000000,5052.10729016,coinbase
2023-04-26T00:00:00Z,1700.99000000,1778.55000000,1619.66000000,1690.44000000,8147.47264228,coinbase
2023-04-27T00:00:00Z,1690.45000000,1757.54000000,1685.71000000,1731.26000000,8466.15592311,coinbase
2023-04-28T00:00:00Z,1730.71000000,1748.98000000,1699.98000000,1716.51000000,5072.69905384,coinbase
2023-04-29T00:00:00Z,1716.89000000,1741.29000000,1710.57000000,1732.36000000,1941.61089342,coinbase
2023-04-30T00:00:00Z,1732.32000000,1759.41000000,1695.62000000,1699.27000000,4016.99281260,coinbase
2023-05-01T00:00:00Z,1699.57000000,1714.36000000,1646.04000000,1669.94000000,7078.68941299,coinbase
2023-05-02T00:00:00Z,1669.89000000,1711.00000000,1659.84000000,1698.67000000,4838.96377064,coinbase
2023-05-03T00:00:00Z,1699.05000000,1731.55000000,1670.00000000,1721.80000000,5479.68082253,coinbase
2023-05-04T00:00:00Z,1722.05000000,1736.34000000,1695.86000000,1704.05000000,4783.09783114,coinbase
2023-05-05T00:00:00Z,1704.12000000,1815.23000000,1702.66000000,1809.95000000,6364.30966256,coinbase
2023-05-06T00:00:00Z,1810.14000000,1831.95000000,1692.59000000,1724.99000000,7509.98970140,coinbase
2023-05-07T00:00:00Z,1724.64000000,1756.71000000,1699.00000000,1700.57000000,5376.67466198,coinbase
2023-05-08T00:00:00Z,1700.18000000,1712.00000000,1646.46000000,1681.79000000,8793.12386613,coinbase
2023-05-09T00:00:00Z,1681.42000000,1698.51000000,1665.90000000,1685.46000000,4103.86622783,coinbase
2023-05-10T00:00:00Z,1685.41000000,1716.73000000,1634.44000000,1678.35000000,5022.33428818,coinbase
2023-05-11T00:00:00Z,1677.05000000,1681.60000000,1624.72000000,1645.00000000,4672.12835666,coinbase
2023-05-12T00:00:00Z,1645.75000000,1674.02000000,1592.59000000,1665.11000000,7545.68102354,coinbase
2023-05-13T00:00:00Z,1666.43000000,1674.57000000,1647.37000000,1656.06000000,2487.29205899,coinbase
2023-05-14T00:00:00Z,1656.06000000,1681.17000000,1651.13000000,1659.11000000,2260.39816841,coinbase
2023-05-15T00:00:00Z,1658.70000000,1699.27000000,1646.05000000,1671.25000000,5545.41150441,coinbase
2023-05-16T00:00:00Z,1670.25000000,1686.17000000,1652.50000000,1679.21000000,5479.77730317,coinbase
2023-05-17T00:00:00Z,1678.90000000,1693.00000000,1648.53000000,1680.68000000,7102.14001303,coinbase
2023-05-18T00:00:00Z,1681.08000000,1692.90000000,1645.37000000,1670.39000000,6171.49857718,coinbase
2023-05-19T00:00:00Z,1670.00000000,1690.71000000,1665.50000000,1677.57000000,3167.09066597,coinbase
2023-05-20T00:00:00Z,1677.61000000,1692.58000000,1672.44000000,1683.98000000,1065.28266673,coinbase
2023-05-21T00:00:00Z,1684.46000000,1692.46000000,1663.00000000,1668.25000000,1814.79665909,coinbase
2023-05-22T00:00:00Z,1668.32000000,1690.89000000,1655.43000000,1681.03000000,3082.51827050,coinbase
2023-05-23T00:00:00Z,1681.19000000,1733.49000000,1679.37000000,1721.43000000,4497.73500574,coinbase
2023-05-24T00:00:00Z,1721.67000000,1721.87000000,1648.68000000,1673.35000000,2511.51331975,coinbase
2023-05-25T00:00:00Z,1673.54000000,1695.81000000,1638.76000000,1684.12000000,2432.57158698,coinbase
2023-05-26T00:00:00Z,1684.17000000,1717.00000000,1674.72000000,1704.95000000,3814.01877678,coinbase
2023-05-27T00:00:00Z,1704.77000000,1712.26000000,1690.78000000,1707.29000000,1728.06879879,coinbase
2023-05-28T00:00:00Z,1707.25000000,1790.32000000,1700.83000000,1780.09000000,5443.24118908,coinbase
2023-05-29T00:00:00Z,1781.31000000,1798.58000000,1749.33000000,1767.73000000,7983.40074434,coinbase
2023-05-30T00:00:00Z,1767.61000000,1786.12000000,1756.03000000,1771.36000000,6753.03165756,coinbase
2023-05-31T00:00:00Z,1771.23000000,1778.98000000,1732.45000000,1752.55000000,8727.02867031,coinbase
2023-06-01T00:00:00Z,1752.93000000,1766.67000000,1722.00000000,1731.14000000,8219.82900184,coinbase
2023-06-02T00:00:00Z,1731.00000000,1784.52000000,1718.22000000,1781.73000000,4807.72076637,coinbase
2023-06-03T00:00:00Z,1782.00000000,1785.00000000,1758.07000000,1767.71000000,2738.16280953,coinbase
2023-06-04T00:00:00Z,1767.59000000,1788.33000000,1760.47000000,1767.20000000,1758.09652234,coinbase
2023-06-05T00:00:00Z,1766.11000000,1768.68000000,1660.52000000,1691.98000000,9767.13863120,coinbase
2023-06-06T00:00:00Z,1691.20000000,1775.00000000,1683.45000000,1761.47000000,6275.64436337,coinbase
2023-06-07T00:00:00Z,1761.84000000,1772.60000000,1701.72000000,1710.89000000,4303.18807505,coinbase
2023-06-08T00:00:00Z,1710.89000000,1727.67000000,1707.88000000,1712.18000000,2802.21861908,coinbase
2023-06-09T00:00:00Z,1712.19000000,1723.01000000,1695.00000000,1711.71000000,2014.25162162,coinbase
2023-06-10T00:00:00Z,1711.96000000,1716.16000000,1600.60000000,1634.17000000,7277.34514187,coinbase
2023-06-11T00:00:00Z,1634.03000000,1655.01000000,1621.74000000,1631.03000000,1637.57520405,coinbase
2023-06-12T00:00:00Z,1630.75000000,1633.53000000,1601.00000000,1619.17000000,3523.90907850,coinbase
2023-06-13T00:00:00Z,1619.33000000,1632.29000000,1596.50000000,1611.73000000,4080.19903186,coinbase
2023-06-14T00:00:00Z,1612.01000000,1619.55000000,1505.88000000,1523.01000000,6985.67268552,coinbase
2023-06-15T00:00:00Z,1522.55000000,1533.92000000,1491.99000000,1522.08000000,7234.09635601,coinbase
2023-06-16T00:00:00Z,1521.63000000,1579.90000000,1509.13000000,1568.84000000,5155.88371717,coinbase
2023-06-17T00:00:00Z,1569.32000000,1617.03000000,1565.76000000,1578.97000000,2721.29068745,coinbase
2023-06-18T00:00:00Z,1579.02000000,1597.08000000,1565.00000000,1572.22000000,1544.36822686,coinbase
2023-06-19T00:00:00Z,1572.12000000,1603.03000000,1556.60000000,1589.89000000,2739.74542465,coinbase
2023-06-20T00:00:00Z,1589.73000000,1645.00000000,1571.08000000,1640.98000000,3871.44538049,coinbase
2023-06-21T00:00:00Z,1641.34000000,1731.57000000,1636.96000000,1717.26000000,6300.64406583,coinbase
2023-06-22T00:00:00Z,1717.74000000,1756.00000000,1702.08000000,1708.32000000,2407.43718225,coinbase
2023-06-23T00:00:00Z,1707.22000000,1778.20000000,1700.82000000,1736.84000000,4451.25695822,coinbase
2023-06-24T00:00:00Z,1736.49000000,1749.00000000,1711.29000000,1720.54000000,1385.32488761,coinbase
2023-06-25T00:00:00Z,1720.77000000,1770.48000000,1715.44000000,1741.42000000,2877.41581172,coinbase
2023-06-26T00:00:00Z,1741.24000000,1747.73000000,1683.79000000,1703.41000000,4456.49198125,coinbase
2023-06-27T00:00:00Z,1702.81000000,1745.13000000,1699.89000000,1724.66000000,3655.93290231,coinbase
2023-06-28T00:00:00Z,1724.53000000,1724.90000000,1663.57000000,1674.85000000,3551.48681008,coinbase
2023-06-29T00:00:00Z,1674.15000000,1728.00000000,1674.14000000,1703.68000000,3403.69410568,coinbase
2023-06-30T00:00:00Z,1703.57000000,1783.65000000,1673.00000000,1770.38000000,6322.12197909,coinbase
2023-07-01T00:00:00Z,1771.13000000,1780.98000000,1748.38000000,1763.32000000,1601.49708119,coinbase
2023-07-02T00:00:00Z,1763.60000000,1796.99000000,1729.00000000,1775.27000000,1921.45685457,coinbase
2023-07-03T00:00:00Z,1774.91000000,1813.83000000,1771.91000000,1791.02000000,4017.80627853,coinbase
2023-07-04T00:00:00Z,1791.13000000,1803.50000000,1774.48000000,1778.60000000,3025.86713946,coinbase
2023-07-05T00:00:00Z,1778.88000000,1785.45000000,1738.93000000,1759.21000000,2894.57240049,coinbase
2023-07-06T00:00:00Z,1759.23000000,1800.25000000,1695.48000000,1695.48000000,5097.81207983,coinbase
2023-07-07T00:00:00Z,1695.52000000,1721.45000000,1677.66000000,1706.45000000,5423.98969115,coinbase
2023-07-08T00:00:00Z,1706.95000000,1709.09000000,1680.98000000,1701.70000000,1387.18057625,coinbase
2023-07-09T00:00:00Z,1702.08000000,1714.30000000,1693.46000000,1698.73000000,1466.16736265,coinbase
2023-07-10T00:00:00Z,1698.74000000,1732.46000000,1685.84000000,1708.85000000,2805.30795405,coinbase
2023-07-11T00:00:00Z,1708.68000000,1715.94000000,1693.77000000,1705.82000000,2428.89311529,coinbase
2023-07-12T00:00:00Z,1706.35000000,1721.70000000,1675.55000000,1680.53000000,2710.85909623,coinbase
2023-07-13T00:00:00Z,1680.34000000,1794.89000000,1672.60000000,1787.36000000,5509.57003054,coinbase
2023-07-14T00:00:00Z,1786.29000000,1806.83000000,1691.26000000,1730.30000000,4424.11772586,coinbase
2023-07-15T00:00:00Z,1729.46000000,1736.92000000,1718.21000000,1724.06000000,977.67337311,coinbase
2023-07-16T00:00:00Z,1723.49000000,1733.70000000,1708.28000000,1714.11000000,1289.34309063,coinbase
2023-07-17T00:00:00Z,1713.36000000,1725.34000000,1667.81000000,1701.01000000,3948.93442524,coinbase
2023-07-18T00:00:00Z,1700.95000000,1705.60000000,1674.58000000,1690.76000000,3693.75612337,coinbase
2023-07-19T00:00:00Z,1691.18000000,1714.54000000,1681.29000000,1686.61000000,2274.82943084,coinbase
2023-07-20T00:00:00Z,1686.27000000,1720.85000000,1680.86000000,1698.66000000,2186.03835443,coinbase
2023-07-21T00:00:00Z,1698.83000000,1712.59000000,1694.24000000,1701.15000000,1626.27139331,coinbase
2023-07-22T00:00:00Z,1701.04000000,1705.70000000,1666.00000000,1678.66000000,795.06756103,coinbase
2023-07-23T00:00:00Z,1678.64000000,1712.91000000,1671.36000000,1698.54000000,1878.07836511,coinbase
2023-07-24T00:00:00Z,1698.65000000,1699.08000000,1654.81000000,1673.06000000,3361.66575886,coinbase
2023-07-25T00:00:00Z,1672.84000000,1692.57000000,1667.05000000,1681.12000000,2452.06418764,coinbase
2023-07-26T00:00:00Z,1681.22000000,1702.75000000,1670.00000000,1690.06000000,2781.81658447,coinbase
2023-07-27T00:00:00Z,1689.90000000,1705.00000000,1677.73000000,1694.00000000,2869.05053269,coinbase
2023-07-28T00:00:00Z,1694.29000000,1704.99000000,1689.71000000,1700.00000000,2696.92210570,coinbase
2023-07-29T00:00:00Z,1699.84000000,1711.77000000,1695.85000000,1706.52000000,580.92303769,coinbase
2023-07-30T00:00:00Z,1706.69000000,1709.97000000,1678.48000000,1688.33000000,951.43624151,coinbase
2023-07-31T00:00:00Z,1687.73000000,1702.01000000,1682.50000000,1687.01000000,1149.91249455,coinbase
2023-08-01T00:00:00Z,1686.47000000,1701.86000000,1650.00000000,1700.23000000,3732.47442485,coinbase
2023-08-02T00:00:00Z,1700.28000000,1707.42000000,1662.12000000,1680.66000000,1942.30375048,coinbase
2023-08-03T00:00:00Z,1679.69000000,1695.22000000,1670.87000000,1675.10000000,2771.87358526,coinbase
2023-08-04T00:00:00Z,1674.72000000,1679.64000000,1648.45000000,1660.42000000,2210.08245045,coinbase
2023-08-05T00:00:00Z,1660.36000000,1670.06000000,1657.54000000,1668.29000000,806.03261092,coinbase
2023-08-06T00:00:00Z,1668.34000000,1669.69000000,1657.81000000,1661.03000000,1199.39988184,coinbase
2023-08-07T00:00:00Z,1660.72000000,1676.13000000,1636.78000000,1660.18000000,1534.44827869,coinbase
2023-08-08T00:00:00Z,1660.26000000,1711.96000000,1659.16000000,1692.39000000,1850.00985825,coinbase
2023-08-09T00:00:00Z,1692.47000000,1702.73000000,1680.36000000,1687.87000000,1057.42754074,coinbase
2023-08-10T00:00:00Z,1688.45000000,1691.82000000,1674.52000000,1685.33000000,1289.64095388,coinbase
2023-08-11T00:00:00Z,1685.15000000,1692.21000000,1676.17000000,1686.87000000,1824.02172708,coinbase
2023-08-12T00:00:00Z,1687.03000000,1692.60000000,1685.21000000,1689.93000000,613.45825439,coinbase
2023-08-13T00:00:00Z,1689.93000000,1699.63000000,1675.73000000,1680.70000000,854.61372804,coinbase
2023-08-14T00:00:00Z,1680.38000000,1697.70000000,1676.38000000,1689.91000000,1761.05400925,coinbase
2023-08-15T00:00:00Z,1689.91000000,1691.70000000,1661.32000000,1674.66000000,1796.66707128,coinbase
2023-08-16T00:00:00Z,1674.86000000,1676.94000000,1651.01000000,1659.79000000,1967.08174793,coinbase
2023-08-17T00:00:00Z,1659.84000000,1662.83000000,1412.04000000,1547.83000000,8428.58110491,coinbase
2023-08-18T00:00:00Z,1547.90000000,1564.32000000,1509.00000000,1529.52000000,6196.57934378,coinbase
2023-08-19T00:00:00Z,1529.87000000,1563.78000000,1522.91000000,1539.09000000,3011.48517500,coinbase
2023-08-20T00:00:00Z,1539.50000000,1559.81000000,1531.35000000,1550.35000000,3148.86761572,coinbase
2023-08-21T00:00:00Z,1550.45000000,1551.19000000,1515.12000000,1529.80000000,4133.33027206,coinbase
2023-08-22T00:00:00Z,1529.91000000,1533.00000000,1456.56000000,1506.28000000,3499.07533226,coinbase
2023-08-23T00:00:00Z,1507.18000000,1567.00000000,1501.35000000,1545.91000000,4830.80242440,coinbase
2023-08-24T00:00:00Z,1545.88000000,1549.45000000,1511.02000000,1537.14000000,3113.03537672,coinbase
2023-08-25T00:00:00Z,1537.13000000,1546.66000000,1515.01000000,1531.20000000,2968.63435945,coinbase
2023-08-26T00:00:00Z,1530.93000000,1533.13000000,1522.69000000,1525.70000000,1201.85875440,coinbase
2023-08-27T00:00:00Z,1525.57000000,1538.17000000,1524.84000000,1535.68000000,1493.88910296,coinbase
2023-08-28T00:00:00Z,1535.45000000,1536.96000000,1500.17000000,1524.76000000,3005.23909136,coinbase
2023-08-29T00:00:00Z,1524.90000000,1608.00000000,1515.17000000,1590.03000000,6016.46911779,coinbase
2023-08-30T00:00:00Z,1589.73000000,1591.55000000,1550.99000000,1559.89000000,3410.97217500,coinbase
2023-08-31T00:00:00Z,1559.43000000,1588.78000000,1503.50000000,1517.14000000,3869.10865292,coinbase
2023-09-01T00:00:00Z,1517.76000000,1525.93000000,1485.00000000,1511.14000000,3813.63938447,coinbase
2023-09-02T00:00:00Z,1511.30000000,1526.39000000,1510.27000000,1519.63000000,1466.05746483,coinbase
2023-09-03T00:00:00Z,1519.72000000,1528.17000000,1508.00000000,1517.88000000,2304.46026671,coinbase
2023-09-04T00:00:00Z,1517.79000000,1524.57000000,1496.70000000,1509.76000000,2649.91407597,coinbase
2023-09-05T00:00:00Z,1509.78000000,1536.88000000,1491.75000000,1523.46000000,2677.89095487,coinbase
2023-09-06T00:00:00Z,1523.00000000,1555.20000000,1500.90000000,1522.52000000,3501.78614543,coinbase
2023-09-07T00:00:00Z,1522.48000000,1550.62000000,1517.00000000,1540.26000000,3201.07177868,coinbase
2023-09-08T00:00:00Z,1540.04000000,1546.41000000,1510.48000000,1529.28000000,2902.07038692,coinbase
2023-09-09T00:00:00Z,1529.30000000,1530.64000000,1523.14000000,1529.15000000,1250.43369164,coinbase
2023-09-10T00:00:00Z,1529.13000000,1529.45000000,1493.43000000,1509.41000000,2687.38481617,coinbase
2023-09-11T00:00:00Z,1509.42000000,1511.30000000,1424.46000000,1444.05000000,5173.93632371,coinbase
2023-09-12T00:00:00Z,1443.74000000,1514.96000000,1442.26000000,1481.33000000,4389.01922479,coinbase
2023-09-13T00:00:00Z,1481.18000000,1507.00000000,1471.96000000,1498.91000000,3264.35117635,coinbase
2023-09-14T00:00:00Z,1498.71000000,1545.24000000,1498.17000000,1529.56000000,3380.63663391,coinbase
2023-09-15T00:00:00Z,1529.55000000,1550.17000000,1510.45000000,1539.28000000,2688.12250858,coinbase
2023-09-16T00:00:00Z,1539.14000000,1549.13000000,1529.59000000,1532.06000000,1165.21135592,coinbase
2023-09-17T00:00:00Z,1531.97000000,1532.80000000,1511.59000000,1520.62000000,1283.96338255,coinbase
2023-09-18T00:00:00Z,1520.83000000,1564.96000000,1504.64000000,1531.16000000,3176.67517681,coinbase
2023-09-19T00:00:00Z,1530.41000000,1554.00000000,1521.33000000,1538.64000000,2277.57724252,coinbase
2023-09-20T00:00:00Z,1538.81000000,1543.75000000,1504.01000000,1522.87000000,2840.28958692,coinbase
2023-09-21T00:00:00Z,1522.63000000,1528.10000000,1472.31000000,1485.55000000,3432.08446997,coinbase
2023-09-22T00:00:00Z,1485.22000000,1505.09000000,1480.00000000,1496.04000000,2540.31541173,coinbase
2023-09-23T00:00:00Z,1496.01000000,1501.11000000,1491.81000000,1497.72000000,1358.03459760,coinbase
2023-09-24T00:00:00Z,1497.75000000,1503.56000000,1474.91000000,1484.61000000,1387.89729912,coinbase
2023-09-25T00:00:00Z,1483.17000000,1507.21000000,1467.65000000,1498.11000000,3965.19337557,coinbase
2023-09-26T00:00:00Z,1498.36000000,1508.00000000,1491.54000000,1506.92000000,2899.75235525,coinbase
2023-09-27T00:00:00Z,1506.86000000,1548.20000000,1501.86000000,1519.96000000,3671.33399520,coinbase
2023-09-28T00:00:00Z,1520.11000000,1577.10000000,1519.08000000,1564.18000000,4336.76189874,coinbase
2023-09-29T00:00:00Z,1564.42000000,1591.19000000,1558.07000000,1576.37000000,3434.44624197,coinbase
2023-09-30T00:00:00Z,1576.53000000,1602.15000000,1575.46000000,1580.45000000,1655.53446376,coinbase
2023-10-01T00:00:00Z,1580.31000000,1660.71000000,1578.12000000,1639.91000000,2903.89735621,coinbase
2023-10-02T00:00:00Z,1640.13000000,1649.39000000,1562.09000000,1586.55000000,5279.86969283,coinbase
2023-10-03T00:00:00Z,1586.19000000,1595.83000000,1569.74000000,1582.35000000,2673.45493764,coinbase
2023-10-04T00:00:00Z,1582.66000000,1583.50000000,1551.47000000,1567.89000000,2764.96173846,coinbase
2023-10-05T00:00:00Z,1567.59000000,1574.03000000,1526.21000000,1528.20000000,2855.26299476,coinbase
2023-10-06T00:00:00Z,1528.88000000,1570.12000000,1528.77000000,1555.00000000,2664.81835043,coinbase
2023-10-07T00:00:00Z,1555.10000000,1557.80000000,1540.68000000,1544.14000000,1349.16870624,coinbase
2023-10-08T00:00:00Z,1544.37000000,1553.28000000,1528.75000000,1545.92000000,1620.14756378,coinbase
2023-10-09T00:00:00Z,1545.89000000,1550.21000000,1469.51000000,1493.60000000,3357.64977831,coinbase
2023-10-10T00:00:00Z,1493.07000000,1509.76000000,1462.12000000,1478.30000000,3307.41850532,coinbase
2023-10-11T00:00:00Z,1477.97000000,1488.63000000,1457.03000000,1475.01000000,3277.92427369,coinbase
2023-10-12T00:00:00Z,1473.80000000,1476.38000000,1440.15000000,1460.53000000,4991.60706672,coinbase
2023-10-13T00:00:00Z,1460.18000000,1497.89000000,1458.13000000,1477.17000000,2716.45274698,coinbase
2023-10-14T00:00:00Z,1477.57000000,1486.67000000,1470.06000000,1480.25000000,1395.21440525,coinbase
2023-10-15T00:00:00Z,1480.23000000,1490.00000000,1474.66000000,1480.78000000,2939.50573528,coinbase
2023-10-16T00:00:00Z,1480.39000000,1556.40000000,1478.45000000,1515.44000000,4815.00319930,coinbase
2023-10-17T00:00:00Z,1515.48000000,1516.49000000,1469.32000000,1480.09000000,3537.83248935,coinbase
2023-10-18T00:00:00Z,1480.29000000,1502.53000000,1477.20000000,1484.31000000,2625.74453530,coinbase
2023-10-19T00:00:00Z,1483.67000000,1488.04000000,1463.09000000,1480.95000000,3528.99781961,coinbase
2023-10-20T00:00:00Z,1481.21000000,1540.39000000,1477.70000000,1513.98000000,4162.86524827,coinbase
2023-10-21T00:00:00Z,1513.85000000,1551.31000000,1503.22000000,1537.27000000,1928.40890098,coinbase
2023-10-22T00:00:00Z,1537.34000000,1574.36000000,1530.52000000,1570.74000000,1688.06728759,coinbase
2023-10-23T00:00:00Z,1570.24000000,1686.39000000,1550.00000000,1655.42000000,8786.61242493,coinbase
2023-10-24T00:00:00Z,1655.42000000,1746.00000000,1647.85000000,1684.88000000,11798.59743784,coinbase
2023-10-25T00:00:00Z,1684.29000000,1716.24000000,1661.00000000,1692.40000000,6039.88398167,coinbase
2023-10-26T00:00:00Z,1692.64000000,1768.76000000,1673.51000000,1707.13000000,6562.99483579,coinbase
2023-10-27T00:00:00Z,1707.10000000,1708.06000000,1650.04000000,1684.12000000,4459.28510896,coinbase
2023-10-28T00:00:00Z,1684.51000000,1707.68000000,1677.71000000,1682.22000000,1626.70236943,coinbase
2023-10-29T00:00:00Z,1682.40000000,1715.60000000,1670.00000000,1700.51000000,1997.96616645,coinbase
2023-10-30T00:00:00Z,1700.84000000,1726.94000000,1679.00000000,1705.65000000,4438.76125852,coinbase
2023-10-31T00:00:00Z,1705.29000000,1719.83000000,1680.00000000,1716.75000000,4091.77405430,coinbase
2023-11-01T00:00:00Z,1716.76000000,1758.45000000,1690.00000000,1745.47000000,4576.17659447,coinbase
2023-11-02T00:00:00Z,1745.36000000,1769.28000000,1682.85000000,1697.24000000,5218.58760041,coinbase
2023-11-03T00:00:00Z,1697.44000000,1712.55000000,1673.39000000,1710.46000000,3904.73690486,coinbase
2023-11-04T00:00:00Z,1710.47000000,1745.20000000,1702.53000000,1732.77000000,1906.83247504,coinbase
2023-11-05T00:00:00Z,1732.49000000,1784.18000000,1723.88000000,1765.82000000,3515.27639962,coinbase
2023-11-06T00:00:00Z,1765.31000000,1783.92000000,1743.69000000,1774.99000000,3222.30223358,coinbase
2023-11-07T00:00:00Z,1775.28000000,1784.79000000,1734.00000000,1765.28000000,4122.22348339,coinbase
2023-11-08T00:00:00Z,1763.65000000,1779.77000000,1754.37000000,1763.90000000,3339.11128907,coinbase
2023-11-09T00:00:00Z,1764.27000000,1999.64000000,1759.48000000,1988.95000000,12314.71815596,coinbase
2023-11-10T00:00:00Z,1990.13000000,2003.06000000,1935.01000000,1946.63000000,9263.66316761,coinbase
2023-11-11T00:00:00Z,1946.62000000,1960.00000000,1901.84000000,1925.31000000,3964.27634512,coinbase
2023-11-12T00:00:00Z,1925.48000000,1937.08000000,1884.81000000,1915.58000000,2682.29393526,coinbase
2023-11-13T00:00:00Z,1915.42000000,1982.71000000,1900.00000000,1920.68000000,5465.07922394,coinbase
2023-11-14T00:00:00Z,1920.50000000,1931.78000000,1778.87000000,1820.70000000,6782.18180480,coinbase
2023-11-15T00:00:00Z,1820.63000000,1903.47000000,1809.04000000,1898.89000000,7377.79759481,coinbase
2023-11-16T00:00:00Z,1898.63000000,1928.08000000,1786.54000000,1809.31000000,5918.87346553,coinbase
2023-11-17T00:00:00Z,1808.74000000,1836.02000000,1753.77000000,1800.26000000,4417.70465404,coinbase
2023-11-18T00:00:00Z,1799.94000000,1810.58000000,1759.35000000,1802.25000000,2192.00398492,coinbase
2023-11-19T00:00:00Z,1802.85000000,1849.92000000,1784.42000000,1846.59000000,2865.26408157,coinbase
2023-11-20T00:00:00Z,1846.89000000,1890.93000000,1824.75000000,1849.19000000,4657.73191937,coinbase
2023-11-21T00:00:00Z,1849.37000000,1859.59000000,1771.85000000,1772.17000000,3844.51133375,coinbase
2023-11-22T00:00:00Z,1771.55000000,1922.11000000,1768.00000000,1895.93000000,5403.91705799,coinbase
2023-11-23T00:00:00Z,1895.80000000,1913.47000000,1871.63000000,1892.38000000,3762.12107783,coinbase
2023-11-24T00:00:00Z,1892.39000000,1951.54000000,1888.89000000,1904.01000000,4456.54844169,coinbase
2023-11-25T00:00:00Z,1903.41000000,1912.38000000,1890.69000000,1906.34000000,1530.35557456,coinbase
2023-11-26T00:00:00Z,1906.19000000,1916.23000000,1864.35000000,1886.89000000,2682.51715420,coinbase
2023-11-27T00:00:00Z,1886.84000000,1896.84000000,1813.86000000,1851.10000000,3600.97235266,coinbase
2023-11-28T00:00:00Z,1851.35000000,1888.86000000,1824.00000000,1862.71000000,4758.36140523,coinbase
2023-11-29T00:00:00Z,1862.46000000,1891.71000000,1841.70000000,1850.17000000,4246.85697924,coinbase
2023-11-30T00:00:00Z,1849.72000000,1887.43000000,1843.07000000,1885.38000000,3144.49788439,coinbase
2023-12-01T00:00:00Z,1885.61000000,1940.38000000,1877.74000000,1919.17000000,5781.28174230,coinbase
2023-12-02T00:00:00Z,1919.32000000,2011.00000000,1917.96000000,1989.24000000,3175.98774522,coinbase
2023-12-03T00:00:00Z,1988.91000000,2037.11000000,1975.42000000,2015.29000000,3233.63517910,coinbase
2023-12-04T00:00:00Z,2014.87000000,2093.43000000,2014.12000000,2070.30000000,7175.35402050,coinbase
2023-12-05T00:00:00Z,2069.99000000,2141.18000000,2023.89000000,2124.49000000,7677.10122394,coinbase
2023-12-06T00:00:00Z,2124.99000000,2141.29000000,2062.50000000,2074.67000000,4184.69628900,coinbase
2023-12-07T00:00:00Z,2074.52000000,2208.48000000,2060.85000000,2184.39000000,5193.46364047,coinbase
2023-12-08T00:00:00Z,2184.09000000,2216.77000000,2177.78000000,2193.12000000,4912.83099161,coinbase
2023-12-09T00:00:00Z,2193.59000000,2235.00000000,2165.65000000,2176.79000000,3032.04508654,coinbase
2023-12-10T00:00:00Z,2176.79000000,2211.69000000,2157.22000000,2186.25000000,2281.85479670,coinbase
2023-12-11T00:00:00Z,2186.47000000,2188.71000000,1992.63000000,2067.00000000,6569.48273000,coinbase
2023-12-12T00:00:00Z,2066.75000000,2083.58000000,2005.78000000,2040.50000000,4770.90342313,coinbase
2023-12-13T00:00:00Z,2040.07000000,2101.01000000,1989.16000000,2078.42000000,5410.79572201,coinbase
2023-12-14T00:00:00Z,2078.26000000,2122.85000000,2039.18000000,2107.08000000,3633.93568030,coinbase
2023-12-15T00:00:00Z,2106.89000000,2110.69000000,2021.03000000,2039.66000000,3364.89968538,coinbase
2023-12-16T00:00:00Z,2039.11000000,2078.45000000,2030.00000000,2047.00000000,1741.23913629,coinbase
2023-12-17T00:00:00Z,2046.83000000,2064.00000000,2012.00000000,2015.14000000,2242.32402652,coinbase
2023-12-18T00:00:00Z,2015.95000000,2036.76000000,1939.40000000,2032.19000000,3718.24265242,coinbase
2023-12-19T00:00:00Z,2031.63000000,2062.29000000,1945.97000000,1984.21000000,4115.70496027,coinbase
2023-12-20T00:00:00Z,1983.76000000,2066.48000000,1972.30000000,2011.15000000,4139.70912278,coinbase
2023-12-21T00:00:00Z,2011.71000000,2075.01000000,1993.16000000,2036.14000000,5187.88536332,coinbase
2023-12-22T00:00:00Z,2036.41000000,2128.29000000,2027.75000000,2114.32000000,5820.57595015,coinbase
2023-12-23T00:00:00Z,2114.38000000,2119.68000000,2060.97000000,2103.82000000,1969.14968402,coinbase
2023-12-24T00:00:00Z,2102.23000000,2117.78000000,2046.14000000,2063.32000000,2913.09935672,coinbase
2023-12-25T00:00:00Z,2063.21000000,2097.36000000,2050.14000000,2062.52000000,2236.61389599,coinbase
2023-12-26T00:00:00Z,2062.16000000,2064.96000000,1975.09000000,2021.58000000,3347.10510801,coinbase
2023-12-27T00:00:00Z,2022.11000000,2155.60000000,2006.42000000,2144.35000000,5228.16477203,coinbase
2023-12-28T00:00:00Z,2144.34000000,2202.18000000,2114.00000000,2120.13000000,4677.50039283,coinbase
2023-12-29T00:00:00Z,2120.46000000,2161.32000000,2050.01000000,2088.68000000,5880.84224635,coinbase
2023-12-30T00:00:00Z,2088.68000000,2108.94000000,2058.77000000,2081.03000000,2078.04949763,coinbase
2023-12-31T00:00:00Z,2081.57000000,2108.18000000,2048.02000000,2072.87000000,2551.38727737,coinbase
2024-01-01T00:00:00Z,2073.02000000,2134.07000000,2057.00000000,2133.63000000,3092.79754471,coinbase
2024-01-02T00:00:00Z,2134.26000000,2206.89000000,2129.10000000,2154.44000000,9190.09752236,coinbase
2024-01-03T00:00:00Z,2154.72000000,2181.33000000,1925.00000000,2028.73000000,13114.09697164,coinbase
2024-01-04T00:00:00Z,2027.48000000,2100.00000000,2015.18000000,2074.83000000,8044.07346761,coinbase
2024-01-05T00:00:00Z,2074.83000000,2085.27000000,2019.48000000,2077.47000000,6389.22838764,coinbase
2024-01-06T00:00:00Z,2077.76000000,2078.64000000,2029.65000000,2052.23000000,1870.71647292,coinbase
2024-01-07T00:00:00Z,2051.59000000,2067.24000000,2020.00000000,2033.24000000,2794.96438623,coinbase
2024-01-08T00:00:00Z,2033.30000000,2155.49000000,1984.00000000,2130.61000000,8428.70517666,coinbase
2024-01-09T00:00:00Z,2130.38000000,2172.74000000,2039.92000000,2147.73000000,7601.39557846,coinbase
2024-01-10T00:00:00Z,2147.73000000,2412.00000000,2144.55000000,2358.10000000,11208.30056968,coinbase
2024-01-11T00:00:00Z,2357.71000000,2461.00000000,2340.28000000,2385.41000000,12851.42391083,coinbase
2024-01-12T00:00:00Z,2385.64000000,2476.00000000,2245.05000000,2308.55000000,12360.52795050,coinbase
2024-01-13T00:00:00Z,2307.84000000,2371.61000000,2284.41000000,2358.11000000,3299.95192440,coinbase
2024-01-14T00:00:00Z,2358.59000000,2359.33000000,2256.35000000,2259.88000000,4646.91127542,coinbase
2024-01-15T00:00:00Z,2258.42000000,2333.03000000,2257.01000000,2295.40000000,5513.69887478,coinbase
2024-01-16T00:00:00Z,2294.81000000,2405.45000000,2291.91000000,2379.36000000,4413.57572990,coinbase
2024-01-17T00:00:00Z,2379.08000000,2384.56000000,2303.00000000,2323.55000000,4019.28501995,coinbase
2024-01-18T00:00:00Z,2323.30000000,2341.69000000,2232.37000000,2270.49000000,6107.50193180,coinbase
2024-01-19T00:00:00Z,2271.67000000,2299.00000000,2217.02000000,2286.91000000,3644.32248840,coinbase
2024-01-20T00:00:00Z,2287.09000000,2287.09000000,2253.11000000,2269.74000000,1227.27154598,coinbase
2024-01-21T00:00:00Z,2269.12000000,2278.08000000,2251.62000000,2255.41000000,1173.12910629,coinbase
2024-01-22T00:00:00Z,2255.59000000,2261.73000000,2115.00000000,2124.44000000,6657.47762735,coinbase
2024-01-23T00:00:00Z,2124.54000000,2156.79000000,1993.24000000,2065.66000000,6558.15792408,coinbase
2024-01-24T00:00:00Z,2065.48000000,2078.77000000,2017.93000000,2053.89000000,4763.15397378,coinbase
2024-01-25T00:00:00Z,2053.85000000,2059.50000000,2004.00000000,2045.02000000,4221.40971543,coinbase
2024-01-26T00:00:00Z,2045.35000000,2102.24000000,2029.30000000,2090.66000000,4725.57446515,coinbase
2024-01-27T00:00:00Z,2090.50000000,2104.90000000,2075.18000000,2091.74000000,2434.44955393,coinbase
2024-01-28T00:00:00Z,2091.50000000,2127.07000000,2065.46000000,2081.62000000,2282.64472795,coinbase
2024-01-29T00:00:00Z,2081.34000000,2145.26000000,2067.24000000,2139.66000000,3351.68836181,coinbase
2024-01-30T00:00:00Z,2139.39000000,2206.43000000,2120.03000000,2162.58000000,4084.61201228,coinbase
2024-01-31T00:00:00Z,2161.66000000,2169.97000000,2092.74000000,2112.88000000,4061.67169357,coinbase
2024-02-01T00:00:00Z,2112.55000000,2132.32000000,2071.78000000,2118.61000000,3832.71025423,coinbase
2024-02-02T00:00:00Z,2118.59000000,2149.21000000,2111.00000000,2138.82000000,2233.64228943,coinbase
2024-02-03T00:00:00Z,2137.78000000,2156.59000000,2124.95000000,2127.60000000,1184.80507274,coinbase
2024-02-04T00:00:00Z,2127.76000000,2140.78000000,2101.86000000,2123.56000000,1476.60817902,coinbase
2024-02-05T00:00:00Z,2123.39000000,2173.06000000,2105.50000000,2141.50000000,2349.67080088,coinbase
2024-02-06T00:00:00Z,2141.45000000,2224.75000000,2138.34000000,2205.19000000,3830.00175806,coinbase
2024-02-07T00:00:00Z,2205.00000000,2269.32000000,2186.00000000,2248.65000000,4236.21538873,coinbase
2024-02-08T00:00:00Z,2249.29000000,2287.29000000,2234.08000000,2244.88000000,4157.91751235,coinbase
2024-02-09T00:00:00Z,2244.55000000,2343.00000000,2243.99000000,2275.38000000,5397.20009698,coinbase
2024-02-10T00:00:00Z,2276.04000000,2320.45000000,2256.29000000,2305.99000000,3633.46893400,coinbase
2024-02-11T00:00:00Z,2306.00000000,2341.08000000,2297.28000000,2312.86000000,2749.15542171,coinbase
2024-02-12T00:00:00Z,2313.20000000,2468.29000000,2291.99000000,2462.15000000,5732.85669246,coinbase
2024-02-13T00:00:00Z,2461.53000000,2493.48000000,2419.24000000,2467.35000000,5556.15976144,coinbase
2024-02-14T00:00:00Z,2466.90000000,2599.98000000,2446.22000000,2587.58000000,5660.75137444,coinbase
2024-02-15T00:00:00Z,2587.10000000,2660.07000000,2574.50000000,2622.16000000,7732.79151694,coinbase
2024-02-16T00:00:00Z,2622.63000000,2655.86000000,2547.74000000,2602.60000000,4908.84267886,coinbase
2024-02-17T00:00:00Z,2602.18000000,2605.16000000,2523.05000000,2586.99000000,2867.55905182,coinbase
2024-02-18T00:00:00Z,2587.42000000,2687.00000000,2568.15000000,2673.13000000,3010.02883627,coinbase
2024-02-19T00:00:00Z,2673.69000000,2770.00000000,2648.00000000,2733.19000000,7226.25191949,coinbase
2024-02-20T00:00:00Z,2733.05000000,2806.18000000,2663.00000000,2789.57000000,6330.80738417,coinbase
2024-02-21T00:00:00Z,2790.09000000,2792.17000000,2655.31000000,2744.15000000,7030.35197990,coinbase
2024-02-22T00:00:00Z,2743.35000000,2804.99000000,2684.16000000,2743.38000000,5933.93076353,coinbase
2024-02-23T00:00:00Z,2744.02000000,2765.82000000,2685.00000000,2699.36000000,3123.29929477,coinbase
2024-02-24T00:00:00Z,2698.88000000,2776.85000000,2685.00000000,2763.76000000,1888.04393458,coinbase
2024-02-25T00:00:00Z,2764.04000000,2881.40000000,2755.91000000,2876.90000000,4867.45589700,coinbase
2024-02-26T00:00:00Z,2877.28000000,2939.00000000,2798.33000000,2913.37000000,5810.91382518,coinbase
2024-02-27T00:00:00Z,2913.89000000,3029.54000000,2907.32000000,2990.14000000,6481.56151508,coinbase
2024-02-28T00:00:00Z,2990.90000000,3219.98000000,2930.13000000,3114.39000000,9564.85566585,coinbase
2024-02-29T00:00:00Z,3114.33000000,3244.32000000,3045.01000000,3085.93000000,8147.57808156,coinbase
2024-03-01T00:00:00Z,3086.43000000,3192.33000000,3085.38000000,3168.50000000,4529.72603372,coinbase
2024-03-02T00:00:00Z,3167.82000000,3192.93000000,3132.79000000,3158.48000000,2701.16666815,coinbase
2024-03-03T00:00:00Z,3158.42000000,3221.00000000,3101.92000000,3217.39000000,3390.93618985,coinbase
2024-03-04T00:00:00Z,3217.78000000,3346.59000000,3165.00000000,3335.19000000,8716.65263487,coinbase
2024-03-05T00:00:00Z,3336.00000000,3519.53000000,2770.00000000,3280.58000000,15913.84108957,coinbase
2024-03-06T00:00:00Z,3279.29000000,3588.52000000,3228.83000000,3503.65000000,11007.29977011,coinbase
2024-03-07T00:00:00Z,3503.82000000,3595.71000000,3426.05000000,3533.92000000,4741.92025588,coinbase
2024-03-08T00:00:00Z,3533.73000000,3658.91000000,3491.55000000,3557.44000000,6488.78978644,coinbase
2024-03-09T00:00:00Z,3557.41000000,3612.16000000,3546.02000000,3574.53000000,2229.09265302,coinbase
2024-03-10T00:00:00Z,3574.53000000,3628.52000000,3471.83000000,3548.00000000,3114.96916438,coinbase
2024-03-11T00:00:00Z,3547.04000000,3724.40000000,3416.60000000,3705.66000000,6814.58138551,coinbase
2024-03-12T00:00:00Z,3705.00000000,3730.00000000,3509.48000000,3643.12000000,6966.57824111,coinbase
2024-03-13T00:00:00Z,3643.33000000,3736.03000000,3599.16000000,3659.79000000,6931.25965066,coinbase
2024-03-14T00:00:00Z,3658.81000000,3666.35000000,3408.84000000,3567.47000000,6164.92249406,coinbase
2024-03-15T00:00:00Z,3567.74000000,3615.35000000,3263.48000000,3439.54000000,9055.53729480,coinbase
2024-03-16T00:00:00Z,3439.97000000,3474.24000000,3185.00000000,3231.68000000,4755.21884364,coinbase
2024-03-17T00:00:00Z,3235.00000000,3378.07000000,3127.50000000,3347.01000000,5531.07950428,coinbase
2024-03-18T00:00:00Z,3345.95000000,3346.26000000,3177.85000000,3237.70000000,4722.69345286,coinbase
2024-03-19T00:00:00Z,3237.02000000,3261.26000000,2896.63000000,2906.75000000,13296.77899826,coinbase
2024-03-20T00:00:00Z,2905.55000000,3236.22000000,2813.00000000,3217.21000000,12414.04904240,coinbase
2024-03-21T00:00:00Z,3217.00000000,3296.90000000,3140.16000000,3216.50000000,7221.65556656,coinbase
2024-03-22T00:00:00Z,3215.91000000,3269.59000000,3011.35000000,3090.19000000,7127.73328736,coinbase
2024-03-23T00:00:00Z,3089.35000000,3181.74000000,3029.67000000,3085.44000000,3193.08249606,coinbase
2024-03-24T00:00:00Z,3083.56000000,3210.94000000,3055.00000000,3196.40000000,3123.65757483,coinbase
2024-03-25T00:00:00Z,3197.24000000,3375.71000000,3163.70000000,3310.65000000,6045.97279391,coinbase
2024-03-26T00:00:00Z,3309.40000000,3391.83000000,3270.00000000,3310.44000000,5061.13534619,coinbase
2024-03-27T00:00:00Z,3310.71000000,3388.00000000,3193.51000000,3235.42000000,6895.87844247,coinbase
2024-03-28T00:00:00Z,3236.98000000,3343.85000000,3200.00000000,3299.22000000,3607.39475330,coinbase
2024-03-29T00:00:00Z,3299.57000000,3324.25000000,3220.41000000,3255.18000000,2758.53963986,coinbase
2024-03-30T00:00:00Z,3255.04000000,3305.88000000,3232.13000000,3254.30000000,2149.66789357,coinbase
2024-03-31T00:00:00Z,3253.32000000,3389.43000000,3252.44000000,3379.90000000,2744.75494135,coinbase
2024-04-01T00:00:00Z,3379.86000000,3379.88000000,3179.54000000,3265.92000000,3474.40544586,coinbase
2024-04-02T00:00:00Z,3265.64000000,3267.98000000,2987.43000000,3048.57000000,6898.37288442,coinbase
2024-04-03T00:00:00Z,3048.02000000,3119.52000000,2980.00000000,3059.83000000,3983.78234550,coinbase
2024-04-04T00:00:00Z,3058.29000000,3175.60000000,3001.90000000,3074.28000000,2912.33275224,coinbase
2024-04-05T00:00:00Z,3073.54000000,3090.75000000,2963.86000000,3063.58000000,3636.62699841,coinbase
2024-04-06T00:00:00Z,3063.23000000,3137.32000000,3054.00000000,3094.49000000,1785.17550233,coinbase
2024-04-07T00:00:00Z,3094.48000000,3194.18000000,3087.60000000,3189.65000000,2009.73699118,coinbase
2024-04-08T00:00:00Z,3189.41000000,3430.10000000,3143.58000000,3397.93000000,4049.84791760,coinbase
2024-04-09T00:00:00Z,3398.51000000,3428.57000000,3183.16000000,3230.20000000,4311.34074359,coinbase
2024-04-10T00:00:00Z,3227.86000000,3316.03000000,3166.71000000,3300.57000000,3211.69428934,coinbase
2024-04-11T00:00:00Z,3301.63000000,3368.54000000,3241.00000000,3265.99000000,3056.28257516,coinbase
2024-04-12T00:00:00Z,3265.24000000,3324.59000000,2914.01000000,3057.62000000,7253.21282146,coinbase
2024-04-13T00:00:00Z,3055.90000000,3113.00000000,2695.89000000,2870.80000000,13038.57767662,coinbase
2024-04-14T00:00:00Z,2870.27000000,2988.00000000,2767.30000000,2971.05000000,6748.10972429,coinbase
2024-04-15T00:00:00Z,2970.80000000,3082.15000000,2849.45000000,2921.33000000,5673.47073192,coinbase
2024-04-16T00:00:00Z,2922.04000000,2950.76000000,2820.85000000,2906.68000000,5515.51692715,coinbase
2024-04-17T00:00:00Z,2906.06000000,2941.10000000,2742.00000000,2800.61000000,4370.54596727,coinbase
2024-04-18T00:00:00Z,2800.79000000,2908.29000000,2768.37000000,2881.98000000,3474.20369191,coinbase
2024-04-19T00:00:00Z,2882.65000000,2940.00000000,2700.72000000,2872.72000000,5315.75026543,coinbase
2024-04-20T00:00:00Z,2873.19000000,2982.61000000,2838.00000000,2967.94000000,2085.15687458,coinbase
2024-04-21T00:00:00Z,2967.76000000,3003.66000000,2928.00000000,2956.07000000,2100.23593597,coinbase
2024-04-22T00:00:00Z,2955.71000000,3037.38000000,2935.81000000,3005.69000000,3037.59940051,coinbase
2024-04-23T00:00:00Z,3004.72000000,3057.36000000,2953.00000000,3008.18000000,2826.81792939,coinbase
2024-04-24T00:00:00Z,3007.54000000,3082.15000000,2903.19000000,2935.50000000,3437.29157131,coinbase
2024-04-25T00:00:00Z,2934.62000000,2975.00000000,2865.00000000,2943.30000000,4681.40602699,coinbase
2024-04-26T00:00:00Z,2943.96000000,2959.58000000,2903.71000000,2928.48000000,2716.11694800,coinbase
2024-04-27T00:00:00Z,2929.88000000,3073.37000000,2871.60000000,3045.29000000,2944.39542808,coinbase
2024-04-28T00:00:00Z,3044.91000000,3140.31000000,3038.63000000,3047.19000000,2818.97764016,coinbase
2024-04-29T00:00:00Z,3047.27000000,3068.73000000,2913.25000000,3000.35000000,3948.12482238,coinbase
2024-04-30T00:00:00Z,3000.67000000,3031.08000000,2732.79000000,2823.98000000,7253.86720228,coinbase
2024-05-01T00:00:00Z,2824.28000000,2831.91000000,2636.70000000,2770.12000000,8326.27041359,coinbase
2024-05-02T00:00:00Z,2769.65000000,2815.99000000,2699.12000000,2783.99000000,4928.32404822,coinbase
2024-05-03T00:00:00Z,2784.05000000,2909.10000000,2756.50000000,2886.65000000,3798.04897547,coinbase
2024-05-04T00:00:00Z,2886.91000000,2944.32000000,2876.52000000,2897.81000000,2078.06451362,coinbase
2024-05-05T00:00:00Z,2897.83000000,2948.00000000,2858.00000000,2915.95000000,2216.45749068,coinbase
2024-05-06T00:00:00Z,2915.58000000,2990.50000000,2828.93000000,2844.10000000,4477.87598081,coinbase
2024-05-07T00:00:00Z,2844.27000000,2909.90000000,2790.11000000,2796.43000000,3294.59104607,coinbase
2024-05-08T00:00:00Z,2796.25000000,2828.76000000,2735.00000000,2767.80000000,3290.71028465,coinbase
2024-05-09T00:00:00Z,2766.96000000,2837.46000000,2746.19000000,2817.04000000,2231.98373659,coinbase
2024-05-10T00:00:00Z,2816.86000000,2831.90000000,2673.14000000,2705.13000000,3599.77804490,coinbase
2024-05-11T00:00:00Z,2705.06000000,2738.00000000,2683.00000000,2705.91000000,1669.78610166,coinbase
2024-05-12T00:00:00Z,2705.17000000,2743.62000000,2695.00000000,2719.32000000,1389.38503952,coinbase
2024-05-13T00:00:00Z,2721.16000000,2778.43000000,2660.00000000,2733.55000000,4130.01086806,coinbase
2024-05-14T00:00:00Z,2732.98000000,2743.62000000,2644.76000000,2663.98000000,4983.65554143,coinbase
2024-05-15T00:00:00Z,2665.91000000,2790.76000000,2646.79000000,2784.52000000,4923.49179775,coinbase
2024-05-16T00:00:00Z,2782.36000000,2791.09000000,2689.92000000,2709.71000000,3778.49574218,coinbase
2024-05-17T00:00:00Z,2709.24000000,2871.48000000,2701.66000000,2845.67000000,3382.04826959,coinbase
2024-05-18T00:00:00Z,2846.02000000,2896.11000000,2839.54000000,2874.77000000,1569.13020796,coinbase
2024-05-19T00:00:00Z,2876.46000000,2886.45000000,2809.07000000,2823.47000000,1374.98734972,coinbase
2024-05-20T00:00:00Z,2823.87000000,3389.79000000,2802.80000000,3357.19000000,8365.24410463,coinbase
2024-05-21T00:00:00Z,3358.34000000,3528.00000000,3093.00000000,3477.77000000,11397.44483574,coinbase
2024-05-22T00:00:00Z,3478.30000000,3505.74000000,3368.00000000,3450.91000000,4816.55762379,coinbase
2024-05-23T00:00:00Z,3453.50000000,3636.98000000,3260.01000000,3499.17000000,8840.67275787,coinbase
2024-05-24T00:00:00Z,3497.65000000,3540.88000000,3353.79000000,3439.45000000,4677.92386973,coinbase
2024-05-25T00:00:00Z,3438.33000000,3484.71000000,3422.95000000,3458.95000000,1451.78447886,coinbase
2024-05-26T00:00:00Z,3459.19000000,3578.46000000,3442.69000000,3526.15000000,2377.32032720,coinbase
2024-05-27T00:00:00Z,3526.77000000,3658.41000000,3522.90000000,3581.75000000,3924.73245198,coinbase
2024-05-28T00:00:00Z,3581.75000000,3610.86000000,3472.39000000,3540.26000000,3891.52533934,coinbase
2024-05-29T00:00:00Z,3539.71000000,3578.55000000,3461.02000000,3483.14000000,3846.65012835,coinbase
2024-05-30T00:00:00Z,3483.73000000,3526.85000000,3424.17000000,3459.72000000,2809.69804766,coinbase
2024-05-31T00:00:00Z,3459.38000000,3541.97000000,3432.76000000,3466.73000000,3345.98633364,coinbase
2024-06-01T00:00:00Z,3467.94000000,3531.55000000,3456.62000000,3515.47000000,1368.78652444,coinbase
2024-06-02T00:00:00Z,3515.36000000,3536.67000000,3457.79000000,3484.69000000,1703.04815811,coinbase
2024-06-03T00:00:00Z,3482.64000000,3546.45000000,3447.53000000,3454.14000000,2719.76267445,coinbase
2024-06-04T00:00:00Z,3453.30000000,3521.01000000,3419.37000000,3499.15000000,2886.27525599,coinbase
2024-06-05T00:00:00Z,3499.53000000,3572.30000000,3470.79000000,3553.19000000,2801.55470074,coinbase
2024-06-06T00:00:00Z,3553.24000000,3559.61000000,3452.40000000,3500.11000000,2569.11684521,coinbase
2024-06-07T00:00:00Z,3500.49000000,3538.00000000,3315.32000000,3408.30000000,4115.43852247,coinbase
2024-06-08T00:00:00Z,3407.27000000,3438.42000000,3392.90000000,3414.43000000,1730.67656650,coinbase
2024-06-09T00:00:00Z,3413.61000000,3456.20000000,3400.01000000,3440.31000000,2315.21557677,coinbase
2024-06-10T00:00:00Z,3440.33000000,3455.33000000,3385.00000000,3404.34000000,2298.97812748,coinbase
2024-06-11T00:00:00Z,3403.43000000,3409.64000000,3195.98000000,3257.89000000,6736.16991423,coinbase
2024-06-12T00:00:00Z,3259.03000000,3380.20000000,3226.06000000,3292.58000000,3747.59055880,coinbase
2024-06-13T00:00:00Z,3293.10000000,3294.20000000,3188.00000000,3231.19000000,3407.55592338,coinbase
2024-06-14T00:00:00Z,3230.07000000,3298.18000000,3145.43000000,3255.32000000,3322.58993608,coinbase
2024-06-15T00:00:00Z,3256.66000000,3358.66000000,3245.51000000,3332.63000000,2149.14079937,coinbase
2024-06-16T00:00:00Z,3332.37000000,3410.37000000,3308.24000000,3385.25000000,1688.29486478,coinbase
2024-06-17T00:00:00Z,3385.45000000,3397.49000000,3231.10000000,3268.48000000,3282.59149887,coinbase
2024-06-18T00:00:00Z,3268.94000000,3272.51000000,3126.55000000,3244.27000000,3731.05531271,coinbase
2024-06-19T00:00:00Z,3244.58000000,3339.87000000,3228.68000000,3314.04000000,3048.27757392,coinbase
2024-06-20T00:00:00Z,3313.49000000,3377.58000000,3253.82000000,3280.82000000,2596.86280957,coinbase
2024-06-21T00:00:00Z,3280.31000000,3316.01000000,3221.56000000,3291.08000000,3498.34927640,coinbase
2024-06-22T00:00:00Z,3291.00000000,3293.71000000,3249.36000000,3263.59000000,898.83478188,coinbase
2024-06-23T00:00:00Z,3262.57000000,3287.44000000,3185.11000000,3198.70000000,1216.99477711,coinbase
2024-06-24T00:00:00Z,3198.48000000,3212.18000000,3014.81000000,3122.72000000,5063.01726596,coinbase
2024-06-25T00:00:00Z,3122.96000000,3200.00000000,3108.82000000,3169.62000000,2193.30122784,coinbase
2024-06-26T00:00:00Z,3169.67000000,3196.97000000,3111.45000000,3153.54000000,2578.55416905,coinbase
2024-06-27T00:00:00Z,3153.87000000,3241.52000000,3144.29000000,3218.62000000,3164.73575345,coinbase
2024-06-28T00:00:00Z,3217.97000000,3260.00000000,3138.82000000,3151.78000000,3038.70911970,coinbase
2024-06-29T00:00:00Z,3153.82000000,3179.27000000,3145.14000000,3151.76000000,1089.91845968,coinbase
2024-06-30T00:00:00Z,3150.45000000,3218.38000000,3127.65000000,3198.52000000,1753.81871347,coinbase
2024-07-01T00:00:00Z,3199.02000000,3275.00000000,3185.38000000,3203.23000000,2980.60450107,coinbase
2024-07-02T00:00:00Z,3202.19000000,3224.44000000,3166.51000000,3179.79000000,1911.98156428,coinbase
2024-07-03T00:00:00Z,3179.36000000,3189.58000000,3012.21000000,3050.81000000,3112.64285418,coinbase
2024-07-04T00:00:00Z,3052.06000000,3068.17000000,2822.79000000,2830.78000000,4161.81308251,coinbase
2024-07-05T00:00:00Z,2831.43000000,2874.35000000,2597.21000000,2751.90000000,7791.00003272,coinbase
2024-07-06T00:00:00Z,2751.92000000,2837.89000000,2727.79000000,2826.44000000,2816.93609679,coinbase
2024-07-07T00:00:00Z,2826.65000000,2830.86000000,2699.11000000,2707.17000000,2042.43096267,coinbase
2024-07-08T00:00:00Z,2705.94000000,2857.74000000,2608.00000000,2782.21000000,6135.29365111,coinbase
2024-07-09T00:00:00Z,2783.02000000,2869.49000000,2767.69000000,2834.23000000,4102.98627247,coinbase
2024-07-10T00:00:00Z,2834.37000000,2911.00000000,2796.77000000,2862.28000000,3639.79972398,coinbase
2024-07-11T00:00:00Z,2861.81000000,2950.00000000,2819.73000000,2850.21000000,3675.23783305,coinbase
2024-07-12T00:00:00Z,2851.90000000,2898.01000000,2795.96000000,2874.91000000,2791.07248277,coinbase
2024-07-13T00:00:00Z,2874.95000000,2936.25000000,2855.58000000,2910.52000000,1218.25351616,coinbase
2024-07-14T00:00:00Z,2911.31000000,3004.80000000,2902.00000000,2982.06000000,1971.03984235,coinbase
2024-07-15T00:00:00Z,2981.52000000,3208.00000000,2971.41000000,3198.35000000,3652.49356068,coinbase
2024-07-16T00:00:00Z,3202.02000000,3212.00000000,3070.62000000,3160.15000000,3096.98223139,coinbase
2024-07-17T00:00:00Z,3160.91000000,3228.84000000,3091.42000000,3097.83000000,2455.40614158,coinbase
2024-07-18T00:00:00Z,3097.49000000,3196.66000000,3087.22000000,3143.65000000,1738.92826657,coinbase
2024-07-19T00:00:00Z,3142.98000000,3256.13000000,3102.17000000,3220.21000000,3333.52342462,coinbase
2024-07-20T00:00:00Z,3221.51000000,3251.48000000,3198.23000000,3229.45000000,1418.64231243,coinbase
2024-07-21T00:00:00Z,3230.13000000,3254.00000000,3131.74000000,3243.51000000,1616.42137642,coinbase
2024-07-22T00:00:00Z,3242.55000000,3268.69000000,3143.73000000,3159.37000000,3311.99953849,coinbase
2024-07-23T00:00:00Z,3157.58000000,3256.69000000,3123.00000000,3210.00000000,5139.82722041,coinbase
2024-07-24T00:00:00Z,3208.82000000,3214.28000000,3042.23000000,3078.73000000,2748.30977659,coinbase
2024-07-25T00:00:00Z,3077.14000000,3084.24000000,2847.47000000,2926.50000000,5908.55686157,coinbase
2024-07-26T00:00:00Z,2925.86000000,3026.83000000,2921.78000000,3017.08000000,4479.09106523,coinbase
2024-07-27T00:00:00Z,3015.99000000,3062.14000000,2940.00000000,2990.27000000,2062.88831529,coinbase
2024-07-28T00:00:00Z,2986.26000000,3024.02000000,2944.55000000,3012.12000000,1267.13478808,coinbase
2024-07-29T00:00:00Z,3012.93000000,3133.16000000,3009.02000000,3067.40000000,3306.95448915,coinbase
2024-07-30T00:00:00Z,3066.95000000,3113.00000000,2990.60000000,3031.23000000,2383.83834049,coinbase
2024-07-31T00:00:00Z,3030.95000000,3088.57000000,2970.52000000,2987.01000000,3240.13152399,coinbase
2024-08-01T00:00:00Z,2986.84000000,2995.88000000,2854.99000000,2967.97000000,3282.16848679,coinbase
2024-08-02T00:00:00Z,2967.32000000,2980.89000000,2720.00000000,2739.54000000,4424.51826948,coinbase
2024-08-03T00:00:00Z,2737.72000000,2771.17000000,2626.00000000,2665.13000000,4777.86086403,coinbase
2024-08-04T00:00:00Z,2663.97000000,2692.81000000,2416.00000000,2464.46000000,6194.82187896,coinbase
2024-08-05T00:00:00Z,2464.78000000,2472.38000000,1941.08000000,2212.78000000,28630.05348635,coinbase
2024-08-06T00:00:00Z,2213.55000000,2342.67000000,2210.99000000,2257.52000000,7984.13180134,coinbase
2024-08-07T00:00:00Z,2256.83000000,2340.00000000,2116.79000000,2145.79000000,6087.67875228,coinbase
2024-08-08T00:00:00Z,2146.40000000,2496.51000000,2125.94000000,2460.39000000,5851.50147438,coinbase
2024-08-09T00:00:00Z,2461.15000000,2479.46000000,2339.34000000,2384.07000000,4120.59404176,coinbase
2024-08-10T00:00:00Z,2384.38000000,2425.55000000,2363.49000000,2393.23000000,2163.13618273,coinbase
2024-08-11T00:00:00Z,2393.95000000,2494.64000000,2328.81000000,2341.79000000,3453.93849873,coinbase
2024-08-12T00:00:00Z,2342.05000000,2516.96000000,2300.00000000,2490.78000000,4731.84469755,coinbase
2024-08-13T00:00:00Z,2490.84000000,2505.18000000,2392.97000000,2459.81000000,3738.85392961,coinbase
2024-08-14T00:00:00Z,2459.20000000,2524.00000000,2389.43000000,2418.97000000,3309.57012937,coinbase
2024-08-15T00:00:00Z,2418.29000000,2436.91000000,2296.05000000,2343.93000000,4146.29433231,coinbase
2024-08-16T00:00:00Z,2343.19000000,2395.32000000,2322.11000000,2354.24000000,3548.62857501,coinbase
2024-08-17T00:00:00Z,2354.03000000,2386.08000000,2349.28000000,2373.27000000,1114.57921726,coinbase
2024-08-18T00:00:00Z,2373.45000000,2435.77000000,2355.89000000,2370.29000000,1414.66353592,coinbase
2024-08-19T00:00:00Z,2370.70000000,2401.22000000,2322.91000000,2379.57000000,2801.09330755,coinbase
2024-08-20T00:00:00Z,2379.39000000,2435.12000000,2300.87000000,2313.84000000,3439.39385424,coinbase
2024-08-21T00:00:00Z,2312.93000000,2389.94000000,2282.50000000,2358.77000000,2529.04207430,coinbase
2024-08-22T00:00:00Z,2358.90000000,2375.59000000,2320.14000000,2360.83000000,2114.06523602,coinbase
2024-08-23T00:00:00Z,2361.63000000,2501.29000000,2357.80000000,2472.51000000,3419.79384298,coinbase
2024-08-24T00:00:00Z,2472.68000000,2519.53000000,2440.00000000,2471.05000000,2349.78667409,coinbase
2024-08-25T00:00:00Z,2471.96000000,2495.14000000,2439.34000000,2454.54000000,1207.52875080,coinbase
2024-08-26T00:00:00Z,2454.13000000,2466.15000000,2390.52000000,2401.77000000,2092.23619856,coinbase
2024-08-27T00:00:00Z,2401.09000000,2418.11000000,2143.88000000,2200.50000000,3543.86818883,coinbase
2024-08-28T00:00:00Z,2200.10000000,2299.88000000,2165.98000000,2273.04000000,4130.80360253,coinbase
2024-08-29T00:00:00Z,2273.16000000,2344.98000000,2258.16000000,2282.79000000,2295.45256167,coinbase
2024-08-30T00:00:00Z,2281.88000000,2302.50000000,2203.00000000,2288.15000000,3200.48414723,coinbase
2024-08-31T00:00:00Z,2288.46000000,2294.99000000,2256.62000000,2275.55000000,864.36915371,coinbase
2024-09-01T00:00:00Z,2274.79000000,2279.75000000,2173.94000000,2198.68000000,1802.33105247,coinbase
2024-09-02T00:00:00Z,2196.38000000,2317.16000000,2196.31000000,2293.84000000,2828.75360866,coinbase
2024-09-03T00:00:00Z,2293.94000000,2306.52000000,2184.40000000,2195.36000000,2392.62959063,coinbase
2024-09-04T00:00:00Z,2195.37000000,2247.07000000,2089.01000000,2212.38000000,3411.88404814,coinbase
2024-09-05T00:00:00Z,2211.77000000,2226.09000000,2114.95000000,2131.95000000,4906.02439351,coinbase
2024-09-06T00:00:00Z,2131.82000000,2167.17000000,1941.70000000,2011.44000000,8077.81774126,coinbase
2024-09-07T00:00:00Z,2010.25000000,2089.15000000,2006.90000000,2053.78000000,2329.39601649,coinbase
2024-09-08T00:00:00Z,2053.33000000,2105.13000000,2023.00000000,2073.56000000,1673.42228950,coinbase
2024-09-09T00:00:00Z,2073.84000000,2158.60000000,2059.25000000,2139.09000000,3791.65910319,coinbase
2024-09-10T00:00:00Z,2139.09000000,2177.72000000,2106.25000000,2167.45000000,2100.39473935,coinbase
2024-09-11T00:00:00Z,2168.02000000,2168.58000000,2068.27000000,2126.18000000,3478.40965589,coinbase
2024-09-12T00:00:00Z,2127.48000000,2173.00000000,2097.33000000,2133.04000000,2598.15932761,coinbase
2024-09-13T00:00:00Z,2133.07000000,2226.00000000,2110.46000000,2203.80000000,2684.27310711,coinbase
2024-09-14T00:00:00Z,2204.87000000,2204.87000000,2148.00000000,2182.46000000,1414.46805162,coinbase
2024-09-15T00:00:00Z,2182.82000000,2193.64000000,2061.88000000,2089.48000000,1668.70147585,coinbase
2024-09-16T00:00:00Z,2089.07000000,2099.25000000,2032.31000000,2062.82000000,4213.74453563,coinbase
2024-09-17T00:00:00Z,2061.75000000,2153.00000000,2034.63000000,2106.05000000,3032.39996452,coinbase
2024-09-18T00:00:00Z,2104.14000000,2138.82000000,2045.62000000,2136.34000000,3604.00516213,coinbase
2024-09-19T00:00:00Z,2137.46000000,2236.00000000,2136.10000000,2208.17000000,3661.51448547,coinbase
2024-09-20T00:00:00Z,2209.39000000,2304.57000000,2184.46000000,2296.03000000,2551.74051062,coinbase
2024-09-21T00:00:00Z,2294.87000000,2350.43000000,2265.57000000,2341.42000000,1177.27142662,coinbase
2024-09-22T00:00:00Z,2340.93000000,2358.37000000,2263.00000000,2312.71000000,1668.70709224,coinbase
2024-09-23T00:00:00Z,2313.12000000,2428.74000000,2277.50000000,2382.67000000,3862.57632799,coinbase
2024-09-24T00:00:00Z,2383.03000000,2393.79000000,2321.71000000,2370.40000000,4241.87809155,coinbase
2024-09-25T00:00:00Z,2370.70000000,2389.01000000,2294.82000000,2317.69000000,3010.89463823,coinbase
2024-09-26T00:00:00Z,2318.00000000,2387.51000000,2298.17000000,2355.39000000,3036.14411676,coinbase
2024-09-27T00:00:00Z,2356.07000000,2447.11000000,2342.67000000,2414.54000000,4175.15828425,coinbase
2024-09-28T00:00:00Z,2415.77000000,2423.29000000,2375.17000000,2396.32000000,1614.92267505,coinbase
2024-09-29T00:00:00Z,2396.32000000,2403.90000000,2360.16000000,2380.45000000,1707.39621847,coinbase
2024-09-30T00:00:00Z,2379.75000000,2382.69000000,2313.00000000,2336.12000000,3973.82763682,coinbase
2024-10-01T00:00:00Z,2336.43000000,2387.75000000,2178.78000000,2210.45000000,4692.15479230,coinbase
2024-10-02T00:00:00Z,2210.21000000,2255.83000000,2128.80000000,2140.74000000,6731.21004936,coinbase
2024-10-03T00:00:00Z,2140.13000000,2178.45000000,2096.92000000,2129.00000000,4241.97281389,coinbase
2024-10-04T00:00:00Z,2129.35000000,2228.22000000,2120.00000000,2200.25000000,3697.64444146,coinbase
2024-10-05T00:00:00Z,2200.13000000,2212.87000000,2176.31000000,2199.21000000,1313.20762720,coinbase
2024-10-06T00:00:00Z,2199.73000000,2237.66000000,2191.47000000,2223.88000000,1100.44269240,coinbase
2024-10-07T00:00:00Z,2223.27000000,2296.64000000,2189.58000000,2207.77000000,3710.98005518,coinbase
2024-10-08T00:00:00Z,2208.49000000,2243.98000000,2190.00000000,2222.38000000,2421.23950596,coinbase
2024-10-09T00:00:00Z,2224.01000000,2255.17000000,2148.46000000,2165.08000000,3274.13065428,coinbase
2024-10-10T00:00:00Z,2165.57000000,2212.67000000,2133.00000000,2182.05000000,4043.48677493,coinbase
2024-10-11T00:00:00Z,2181.41000000,2259.03000000,2177.98000000,2229.10000000,2769.89869558,coinbase
2024-10-12T00:00:00Z,2229.98000000,2274.04000000,2226.12000000,2261.94000000,1416.06618681,coinbase
2024-10-13T00:00:00Z,2261.83000000,2270.24000000,2225.53000000,2258.81000000,1422.49720957,coinbase
2024-10-14T00:00:00Z,2258.88000000,2425.00000000,2236.62000000,2403.99000000,5191.37081624,coinbase
2024-10-15T00:00:00Z,2403.60000000,2461.46000000,2326.17000000,2393.71000000,3429.70405881,coinbase
2024-10-16T00:00:00Z,2393.00000000,2429.05000000,2377.51000000,2403.36000000,2466.02109573,coinbase
2024-10-17T00:00:00Z,2403.88000000,2438.00000000,2377.16000000,2404.07000000,1630.40534518,coinbase
2024-10-18T00:00:00Z,2403.45000000,2461.97000000,2394.60000000,2431.64000000,2089.30825558,coinbase
2024-10-19T00:00:00Z,2431.22000000,2449.69000000,2420.23000000,2433.13000000,779.07617463,coinbase
2024-10-20T00:00:00Z,2433.73000000,2535.00000000,2423.29000000,2524.32000000,2290.72026170,coinbase
2024-10-21T00:00:00Z,2525.24000000,2544.33000000,2450.80000000,2460.93000000,2793.24107465,coinbase
2024-10-22T00:00:00Z,2461.00000000,2465.12000000,2409.40000000,2427.60000000,2972.14707383,coinbase
2024-10-23T00:00:00Z,2429.62000000,2432.29000000,2271.03000000,2340.01000000,2878.68067928,coinbase
2024-10-24T00:00:00Z,2339.77000000,2372.00000000,2319.26000000,2341.80000000,2783.70763770,coinbase
2024-10-25T00:00:00Z,2341.65000000,2367.59000000,2205.79000000,2259.59000000,2985.29356632,coinbase
2024-10-26T00:00:00Z,2258.64000000,2321.25000000,2251.08000000,2299.48000000,1342.38199200,coinbase
2024-10-27T00:00:00Z,2299.70000000,2339.04000000,2280.80000000,2319.20000000,1101.17529212,coinbase
2024-10-28T00:00:00Z,2319.86000000,2392.52000000,2289.25000000,2371.96000000,3134.79733870,coinbase
2024-10-29T00:00:00Z,2371.98000000,2479.97000000,2365.13000000,2436.00000000,3397.22621918,coinbase
2024-10-30T00:00:00Z,2436.09000000,2509.39000000,2399.96000000,2448.08000000,3865.86536650,coinbase
2024-10-31T00:00:00Z,2447.40000000,2459.99000000,2297.51000000,2311.38000000,3627.81037930,coinbase
2024-11-01T00:00:00Z,2310.97000000,2380.85000000,2266.71000000,2318.88000000,2924.58685236,coinbase
2024-11-02T00:00:00Z,2318.28000000,2329.91000000,2283.00000000,2305.46000000,991.79621160,coinbase
2024-11-03T00:00:00Z,2305.59000000,2308.13000000,2228.48000000,2265.63000000,2776.40020313,coinbase
2024-11-04T00:00:00Z,2265.08000000,2286.07000000,2168.00000000,2205.19000000,2895.62720663,coinbase
2024-11-05T00:00:00Z,2203.79000000,2274.82000000,2188.67000000,2216.73000000,3463.16757890,coinbase
2024-11-06T00:00:00Z,2216.83000000,2555.35000000,2215.67000000,2533.39000000,9082.81104747,coinbase
2024-11-07T00:00:00Z,2532.51000000,2701.88000000,2512.05000000,2682.17000000,5916.98582193,coinbase
2024-11-08T00:00:00Z,2683.18000000,2784.91000000,2678.41000000,2765.52000000,4633.22599229,coinbase
2024-11-09T00:00:00Z,2764.75000000,2947.16000000,2758.26000000,2918.23000000,4717.86827111,coinbase
2024-11-10T00:00:00Z,2917.30000000,3023.85000000,2740.00000000,2961.41000000,8554.02558557,coinbase
2024-11-11T00:00:00Z,2962.19000000,3148.52000000,2888.26000000,3131.13000000,11426.33806472,coinbase
2024-11-12T00:00:00Z,3130.99000000,3217.93000000,2850.00000000,3037.07000000,13090.69067049,coinbase
2024-11-13T00:00:00Z,3034.56000000,3144.73000000,2927.94000000,3008.06000000,10151.50156592,coinbase
2024-11-14T00:00:00Z,3007.72000000,3064.10000000,2877.38000000,2905.01000000,6928.09784515,coinbase
2024-11-15T00:00:00Z,2904.66000000,2961.85000000,2857.50000000,2928.03000000,6090.88117155,coinbase
2024-11-16T00:00:00Z,2927.21000000,3046.92000000,2910.32000000,2962.65000000,3990.43707749,coinbase
2024-11-17T00:00:00Z,2962.97000000,2986.94000000,2872.00000000,2910.82000000,4899.59409088,coinbase
2024-11-18T00:00:00Z,2911.05000000,3043.75000000,2892.10000000,3029.49000000,8599.61413146,coinbase
2024-11-19T00:00:00Z,3029.76000000,3042.62000000,2898.02000000,2934.21000000,7264.44986861,coinbase
2024-11-20T00:00:00Z,2934.58000000,2994.99000000,2873.33000000,2906.32000000,5915.65626785,coinbase
2024-11-21T00:00:00Z,2906.83000000,3226.28000000,2872.97000000,3195.23000000,16134.43181576,coinbase
2024-11-22T00:00:00Z,3193.42000000,3259.14000000,3122.09000000,3186.82000000,12990.41502405,coinbase
2024-11-23T00:00:00Z,3187.52000000,3343.33000000,3167.75000000,3238.87000000,7924.19551864,coinbase
2024-11-24T00:00:00Z,3238.98000000,3293.96000000,3130.00000000,3204.29000000,7262.27233238,coinbase
2024-11-25T00:00:00Z,3204.58000000,3375.51000000,3147.65000000,3265.81000000,10333.43667842,coinbase
2024-11-26T00:00:00Z,3264.86000000,3308.88000000,3110.07000000,3167.51000000,10533.96760303,coinbase
2024-11-27T00:00:00Z,3167.57000000,3489.78000000,3147.39000000,3462.71000000,11996.34693264,coinbase
2024-11-28T00:00:00Z,3462.85000000,3471.98000000,3345.82000000,3390.00000000,9302.45623506,coinbase
2024-11-29T00:00:00Z,3390.63000000,3456.71000000,3341.55000000,3396.86000000,6556.01136670,coinbase
2024-11-30T00:00:00Z,3396.29000000,3534.22000000,3373.54000000,3502.00000000,6009.54882302,coinbase
2024-12-01T00:00:00Z,3501.75000000,3542.34000000,3459.92000000,3512.90000000,4165.35144997,coinbase
2024-12-02T00:00:00Z,3512.76000000,3570.74000000,3386.90000000,3469.91000000,7444.42049581,coinbase
2024-12-03T00:00:00Z,3470.08000000,3498.00000000,3327.15000000,3440.76000000,6152.71113261,coinbase
2024-12-04T00:00:00Z,3441.18000000,3703.00000000,3441.18000000,3650.35000000,9901.90025494,coinbase
2024-12-05T00:00:00Z,3650.80000000,3742.16000000,3474.00000000,3581.26000000,8630.80126450,coinbase
2024-12-06T00:00:00Z,3580.35000000,3875.63000000,3574.78000000,3786.64000000,8941.29681624,coinbase
2024-12-07T00:00:00Z,3786.37000000,3810.78000000,3757.14000000,3779.42000000,2699.76084453,coinbase
2024-12-08T00:00:00Z,3778.99000000,3799.90000000,3713.81000000,3790.89000000,2835.15750495,coinbase
2024-12-09T00:00:00Z,3788.62000000,3788.73000000,3305.40000000,3521.06000000,8870.02511233,coinbase
2024-12-10T00:00:00Z,3517.68000000,3585.34000000,3343.09000000,3448.76000000,9589.82742126,coinbase
2024-12-11T00:00:00Z,3449.32000000,3665.02000000,3385.85000000,3647.94000000,4544.46898271,coinbase
2024-12-12T00:00:00Z,3649.00000000,3801.00000000,3615.59000000,3704.62000000,6859.60645045,coinbase
2024-12-13T00:00:00Z,3703.52000000,3783.03000000,3677.40000000,3718.81000000,5176.76914130,coinbase
2024-12-14T00:00:00Z,3720.35000000,3754.34000000,3641.84000000,3683.61000000,3246.92514843,coinbase
2024-12-15T00:00:00Z,3682.73000000,3770.00000000,3646.06000000,3758.32000000,3163.43654695,coinbase
2024-12-16T00:00:00Z,3758.94000000,3900.51000000,3697.14000000,3785.32000000,8284.20215628,coinbase
2024-12-17T00:00:00Z,3786.38000000,3841.51000000,3667.40000000,3710.49000000,5648.58140491,coinbase
2024-12-18T00:00:00Z,3709.83000000,3734.45000000,3495.65000000,3504.00000000,9189.11975408,coinbase
2024-12-19T00:00:00Z,3503.99000000,3573.16000000,3202.00000000,3296.06000000,11043.30797569,coinbase
2024-12-20T00:00:00Z,3298.58000000,3354.43000000,2976.34000000,3333.65000000,14773.65093917,coinbase
2024-12-21T00:00:00Z,3333.82000000,3419.15000000,3166.90000000,3207.41000000,6143.45638159,coinbase
2024-12-22T00:00:00Z,3206.09000000,3268.00000000,3089.14000000,3144.04000000,5101.16239813,coinbase
2024-12-23T00:00:00Z,3144.69000000,3328.74000000,3083.63000000,3286.32000000,9009.39772257,coinbase
2024-12-24T00:00:00Z,3284.65000000,3404.04000000,3222.45000000,3359.25000000,4205.41619265,coinbase
2024-12-25T00:00:00Z,3358.88000000,3410.44000000,3311.20000000,3362.07000000,3033.78767814,coinbase
2024-12-26T00:00:00Z,3362.94000000,3379.23000000,3171.22000000,3197.05000000,4088.01044971,coinbase
2024-12-27T00:00:00Z,3196.06000000,3303.99000000,3172.00000000,3197.22000000,5956.61344593,coinbase
2024-12-28T00:00:00Z,3197.16000000,3281.33000000,3184.21000000,3258.77000000,2488.52692839,coinbase
2024-12-29T00:00:00Z,3261.31000000,3267.00000000,3182.91000000,3210.89000000,2934.46763402,coinbase
2024-12-30T00:00:00Z,3210.28000000,3288.00000000,3169.38000000,3224.52000000,4877.01602342,coinbase
2024-12-31T00:00:00Z,3224.85000000,3321.05000000,3181.71000000,3215.53000000,5807.65981541,coinbase
2025-01-01T00:00:00Z,3215.78000000,3251.83000000,3197.75000000,3239.04000000,3327.76133700,coinbase
2025-01-02T00:00:00Z,3240.36000000,3401.56000000,3234.69000000,3362.75000000,4044.97049303,coinbase
2025-01-03T00:00:00Z,3363.21000000,3524.61000000,3329.25000000,3501.29000000,6432.10123176,coinbase
2025-01-04T00:00:00Z,3501.36000000,3562.08000000,3467.83000000,3547.75000000,2799.40833325,coinbase
2025-01-05T00:00:00Z,3548.10000000,3565.97000000,3487.51000000,3527.72000000,1783.95146110,coinbase
2025-01-06T00:00:00Z,3531.94000000,3602.23000000,3479.00000000,3552.30000000,4862.72099447,coinbase
2025-01-07T00:00:00Z,3552.26000000,3564.60000000,3247.73000000,3270.78000000,7678.33913933,coinbase
2025-01-08T00:00:00Z,3270.74000000,3301.89000000,3117.36000000,3228.31000000,7175.50917334,coinbase
2025-01-09T00:00:00Z,3227.71000000,3256.42000000,3068.70000000,3130.21000000,6197.04678556,coinbase
2025-01-10T00:00:00Z,3131.49000000,3242.97000000,3118.00000000,3192.43000000,5043.73089673,coinbase
2025-01-11T00:00:00Z,3191.87000000,3241.31000000,3143.77000000,3203.36000000,2463.98900512,coinbase
2025-01-12T00:00:00Z,3203.39000000,3218.97000000,3148.05000000,3189.87000000,2016.13090053,coinbase
2025-01-13T00:00:00Z,3190.49000000,3258.70000000,2859.75000000,3058.46000000,9981.61967813,coinbase
2025-01-14T00:00:00Z,3058.97000000,3175.60000000,3051.66000000,3129.23000000,4120.21652451,coinbase
2025-01-15T00:00:00Z,3130.06000000,3374.22000000,3090.76000000,3350.17000000,7009.87123347,coinbase
2025-01-16T00:00:00Z,3351.28000000,3358.96000000,3171.11000000,3209.46000000,4682.23989453,coinbase
2025-01-17T00:00:00Z,3209.57000000,3425.13000000,3208.45000000,3373.44000000,5303.58125905,coinbase
2025-01-18T00:00:00Z,3373.61000000,3392.69000000,3131.51000000,3208.51000000,8529.70877811,coinbase
2025-01-19T00:00:00Z,3208.43000000,3355.73000000,3045.53000000,3126.43000000,18770.43829276,coinbase
2025-01-20T00:00:00Z,3126.82000000,3341.26000000,3055.19000000,3149.74000000,15514.63910665,coinbase
2025-01-21T00:00:00Z,3150.14000000,3230.40000000,3085.92000000,3197.84000000,9272.59025410,coinbase
2025-01-22T00:00:00Z,3197.51000000,3228.56000000,3096.12000000,3114.49000000,6467.45882640,coinbase
2025-01-23T00:00:00Z,3113.77000000,3215.89000000,3057.14000000,3206.94000000,8191.04809837,coinbase
2025-01-24T00:00:00Z,3207.42000000,3273.60000000,3139.00000000,3156.56000000,8789.68553053,coinbase
2025-01-25T00:00:00Z,3155.38000000,3195.84000000,3118.00000000,3165.36000000,3153.15913785,coinbase
2025-01-26T00:00:00Z,3165.44000000,3206.58000000,3086.41000000,3092.01000000,3907.00317666,coinbase
2025-01-27T00:00:00Z,3087.99000000,3109.35000000,2886.99000000,3048.83000000,9956.28294175,coinbase
2025-01-28T00:00:00Z,3049.21000000,3091.71000000,2913.93000000,2951.27000000,6434.21764897,coinbase
2025-01-29T00:00:00Z,2951.15000000,3052.33000000,2937.22000000,2987.41000000,7532.81965487,coinbase
2025-01-30T00:00:00Z,2987.99000000,3150.00000000,2966.19000000,3122.45000000,6086.87305072,coinbase
2025-01-31T00:00:00Z,3123.58000000,3306.02000000,3094.90000000,3186.38000000,6932.39237907,coinbase
2025-02-01T00:00:00Z,3186.30000000,3216.37000000,2999.95000000,3016.40000000,3268.46701153,coinbase
2025-02-02T00:00:00Z,3015.39000000,3061.07000000,2685.00000000,2803.51000000,11745.09611381,coinbase
2025-02-03T00:00:00Z,2802.52000000,2829.50000000,2096.82000000,2794.00000000,36517.75732215,coinbase
2025-02-04T00:00:00Z,2793.67000000,2804.02000000,2538.93000000,2635.70000000,11942.55769358,coinbase
2025-02-05T00:00:00Z,2636.82000000,2716.25000000,2601.55000000,2682.93000000,12890.76926430,coinbase
2025-02-06T00:00:00Z,2681.99000000,2760.29000000,2559.80000000,2589.73000000,9579.32537870,coinbase
2025-02-07T00:00:00Z,2589.53000000,2701.00000000,2483.42000000,2542.06000000,11769.29843008,coinbase
2025-02-08T00:00:00Z,2541.76000000,2585.73000000,2510.92000000,2552.42000000,5632.45213468,coinbase
2025-02-09T00:00:00Z,2554.47000000,2616.12000000,2450.00000000,2549.07000000,6241.97568239,coinbase
2025-02-10T00:00:00Z,2551.06000000,2613.58000000,2486.24000000,2583.71000000,5935.62030867,coinbase
2025-02-11T00:00:00Z,2584.12000000,2644.48000000,2470.99000000,2511.34000000,8721.53218231,coinbase
2025-02-12T00:00:00Z,2510.81000000,2692.00000000,2464.06000000,2634.79000000,10165.87135466,coinbase
2025-02-13T00:00:00Z,2636.74000000,2652.62000000,2508.26000000,2558.18000000,8217.76542758,coinbase
2025-02-14T00:00:00Z,2558.80000000,2658.13000000,2548.06000000,2599.07000000,6877.16429432,coinbase
2025-02-15T00:00:00Z,2598.41000000,2611.56000000,2542.03000000,2569.61000000,2557.84712598,coinbase
2025-02-16T00:00:00Z,2569.54000000,2600.44000000,2530.14000000,2539.11000000,3320.27410951,coinbase
2025-02-17T00:00:00Z,2536.25000000,2719.38000000,2515.00000000,2617.69000000,9023.66761906,coinbase
2025-02-18T00:00:00Z,2617.37000000,2629.74000000,2494.06000000,2554.39000000,9052.05026601,coinbase
2025-02-19T00:00:00Z,2555.43000000,2623.00000000,2541.31000000,2604.48000000,4490.82116974,coinbase
2025-02-20T00:00:00Z,2603.89000000,2653.13000000,2585.03000000,2607.60000000,6495.67404338,coinbase
2025-02-21T00:00:00Z,2609.31000000,2716.41000000,2500.00000000,2545.28000000,13744.45099807,coinbase
2025-02-22T00:00:00Z,2544.05000000,2674.21000000,2536.89000000,2641.89000000,4601.36404021,coinbase
2025-02-23T00:00:00Z,2641.78000000,2724.62000000,2624.67000000,2691.55000000,5033.03195774,coinbase
2025-02-24T00:00:00Z,2691.28000000,2708.39000000,2361.10000000,2402.85000000,15891.64062641,coinbase
2025-02-25T00:00:00Z,2403.01000000,2419.29000000,2215.00000000,2370.59000000,21249.22707868,coinbase
2025-02-26T00:00:00Z,2370.63000000,2385.64000000,2147.05000000,2223.55000000,13956.90883483,coinbase
2025-02-27T00:00:00Z,2224.89000000,2270.47000000,2141.50000000,2217.05000000,10546.01851863,coinbase
2025-02-28T00:00:00Z,2217.87000000,2223.39000000,1994.22000000,2155.16000000,23009.27041122,coinbase
2025-03-01T00:00:00Z,2157.31000000,2198.68000000,2067.33000000,2138.92000000,6929.91821398,coinbase
2025-03-02T00:00:00Z,2138.74000000,2455.75000000,2096.26000000,2421.03000000,17694.79527629,coinbase
2025-03-03T00:00:00Z,2421.48000000,2426.40000000,2001.74000000,2048.50000000,18033.14714395,coinbase
2025-03-04T00:00:00Z,2048.71000000,2092.10000000,1893.88000000,2044.50000000,19032.04124616,coinbase
2025-03-05T00:00:00Z,2044.39000000,2126.68000000,2009.27000000,2077.76000000,10999.09965025,coinbase
2025-03-06T00:00:00Z,2077.90000000,2147.00000000,2017.76000000,2042.35000000,12507.67625552,coinbase
2025-03-07T00:00:00Z,2041.83000000,2081.26000000,1949.88000000,1976.74000000,17470.30275927,coinbase
2025-03-08T00:00:00Z,1974.65000000,2063.39000000,1943.97000000,2035.74000000,4757.14371334,coinbase
2025-03-09T00:00:00Z,2034.47000000,2042.39000000,1832.78000000,1859.68000000,9819.03651008,coinbase
2025-03-10T00:00:00Z,1860.63000000,1985.93000000,1671.38000000,1720.15000000,23168.92824694,coinbase
2025-03-11T00:00:00Z,1720.52000000,1796.91000000,1616.86000000,1762.47000000,21389.68108030,coinbase
2025-03-12T00:00:00Z,1762.97000000,1792.23000000,1678.00000000,1753.27000000,16576.11797408,coinbase
2025-03-13T00:00:00Z,1755.02000000,1770.50000000,1677.33000000,1717.47000000,14687.25402565,coinbase
2025-03-14T00:00:00Z,1717.33000000,1789.40000000,1714.56000000,1757.99000000,9160.10939455,coinbase
2025-03-15T00:00:00Z,1757.88000000,1800.90000000,1750.89000000,1782.55000000,3786.73286468,coinbase
2025-03-16T00:00:00Z,1782.68000000,1785.84000000,1711.91000000,1735.31000000,6880.19772738,coinbase
2025-03-17T00:00:00Z,1734.99000000,1787.43000000,1727.98000000,1764.48000000,7524.31529991,coinbase
2025-03-18T00:00:00Z,1764.51000000,1768.72000000,1710.92000000,1765.57000000,7740.05754937,coinbase
2025-03-19T00:00:00Z,1765.74000000,1898.07000000,1761.51000000,1886.18000000,11560.48958236,coinbase
2025-03-20T00:00:00Z,1885.32000000,1895.04000000,1798.48000000,1826.63000000,7913.94039984,coinbase
2025-03-21T00:00:00Z,1826.74000000,1839.38000000,1786.75000000,1816.02000000,7060.51114047,coinbase
2025-03-22T00:00:00Z,1815.41000000,1854.59000000,1815.36000000,1830.68000000,2878.57804012,coinbase
2025-03-23T00:00:00Z,1830.20000000,1867.85000000,1826.90000000,1850.58000000,4736.70710358,coinbase
2025-03-24T00:00:00Z,1849.89000000,1945.20000000,1827.37000000,1926.99000000,11854.06609285,coinbase
2025-03-25T00:00:00Z,1927.24000000,1942.55000000,1886.50000000,1915.72000000,7660.12676065,coinbase
2025-03-26T00:00:00Z,1915.72000000,1926.90000000,1842.91000000,1871.32000000,7284.30341752,coinbase
2025-03-27T00:00:00Z,1871.37000000,1891.25000000,1842.40000000,1854.90000000,7115.41276552,coinbase
2025-03-28T00:00:00Z,1855.16000000,1867.61000000,1719.60000000,1752.28000000,17731.61779302,coinbase
2025-03-29T00:00:00Z,1751.31000000,1766.89000000,1661.00000000,1689.02000000,10079.36286409,coinbase
2025-03-30T00:00:00Z,1689.22000000,1709.07000000,1635.00000000,1669.86000000,9475.65740878,coinbase
2025-03-31T00:00:00Z,1670.57000000,1717.38000000,1641.05000000,1684.46000000,14656.04390510,coinbase
2025-04-01T00:00:00Z,1684.38000000,1785.09000000,1680.20000000,1764.93000000,12784.24402662,coinbase
2025-04-02T00:00:00Z,1764.75000000,1795.00000000,1640.81000000,1645.33000000,18877.73388066,coinbase
2025-04-03T00:00:00Z,1645.83000000,1691.32000000,1574.85000000,1644.26000000,18123.52613592,coinbase
2025-04-04T00:00:00Z,1644.32000000,1669.23000000,1591.27000000,1657.47000000,20061.79932307,coinbase
2025-04-05T00:00:00Z,1656.37000000,1666.32000000,1609.27000000,1646.97000000,3658.48164159,coinbase
2025-04-06T00:00:00Z,1646.30000000,1656.81000000,1396.62000000,1436.74000000,19762.23466088,coinbase
2025-04-07T00:00:00Z,1437.52000000,1494.84000000,1281.80000000,1421.70000000,49385.54807374,coinbase
2025-04-08T00:00:00Z,1421.95000000,1475.52000000,1317.26000000,1340.76000000,12930.37568884,coinbase
2025-04-09T00:00:00Z,1341.78000000,1542.60000000,1255.00000000,1524.56000000,19094.99987155,coinbase
2025-04-10T00:00:00Z,1524.28000000,1525.00000000,1314.70000000,1351.94000000,9971.28362462,coinbase
2025-04-11T00:00:00Z,1351.77000000,1404.22000000,1330.08000000,1378.97000000,9838.69065569,coinbase
2025-04-12T00:00:00Z,1379.25000000,1469.80000000,1361.17000000,1448.31000000,4922.13798857,coinbase
2025-04-13T00:00:00Z,1448.64000000,1453.01000000,1378.00000000,1407.26000000,4696.62113655,coinbase
2025-04-14T00:00:00Z,1408.77000000,1487.76000000,1405.94000000,1433.02000000,9270.77667961,coinbase
2025-04-15T00:00:00Z,1433.10000000,1467.15000000,1402.00000000,1407.24000000,6186.21165944,coinbase
2025-04-16T00:00:00Z,1406.88000000,1420.87000000,1352.80000000,1383.90000000,9127.17998186,coinbase
2025-04-17T00:00:00Z,1383.77000000,1424.92000000,1374.25000000,1392.63000000,5598.82386390,coinbase
2025-04-18T00:00:00Z,1393.09000000,1405.22000000,1384.09000000,1395.19000000,2437.63958608,coinbase
2025-04-19T00:00:00Z,1395.30000000,1430.94000000,1392.12000000,1416.01000000,1730.23146049,coinbase
2025-04-20T00:00:00Z,1415.61000000,1421.20000000,1375.00000000,1387.23000000,2509.29292648,coinbase
2025-04-21T00:00:00Z,1387.60000000,1440.19000000,1357.32000000,1371.90000000,6783.41531252,coinbase
2025-04-22T00:00:00Z,1371.45000000,1562.69000000,1339.00000000,1546.90000000,10000.25312946,coinbase
2025-04-23T00:00:00Z,1548.34000000,1612.30000000,1534.24000000,1585.62000000,10871.51688954,coinbase
2025-04-24T00:00:00Z,1585.66000000,1587.92000000,1514.35000000,1556.58000000,7058.01860628,coinbase
2025-04-25T00:00:00Z,1557.08000000,1609.09000000,1533.40000000,1571.54000000,7961.87511686,coinbase
2025-04-26T00:00:00Z,1571.72000000,1621.19000000,1567.02000000,1603.09000000,2984.51861117,coinbase
2025-04-27T00:00:00Z,1604.72000000,1635.27000000,1569.23000000,1579.50000000,3028.49106203,coinbase
2025-04-28T00:00:00Z,1579.71000000,1611.48000000,1532.32000000,1577.82000000,7447.57640573,coinbase
2025-04-29T00:00:00Z,1578.56000000,1619.41000000,1564.16000000,1579.75000000,6186.08519046,coinbase
2025-04-30T00:00:00Z,1580.04000000,1598.50000000,1524.55000000,1584.84000000,4798.50558991,coinbase
2025-05-01T00:00:00Z,1584.75000000,1660.90000000,1582.90000000,1627.69000000,6869.20967141,coinbase
2025-05-02T00:00:00Z,1627.35000000,1651.75000000,1601.71000000,1630.86000000,4538.15391449,coinbase
2025-05-03T00:00:00Z,1630.31000000,1637.22000000,1603.54000000,1624.27000000,1586.45316911,coinbase
2025-05-04T00:00:00Z,1623.84000000,1638.73000000,1594.14000000,1597.61000000,2253.83848012,coinbase
2025-05-05T00:00:00Z,1597.84000000,1621.08000000,1572.00000000,1609.49000000,4208.53414966,coinbase
2025-05-06T00:00:00Z,1609.52000000,1613.60000000,1543.64000000,1601.55000000,5273.13220878,coinbase
2025-05-07T00:00:00Z,1602.79000000,1632.08000000,1574.47000000,1602.07000000,5510.78697814,coinbase
2025-05-08T00:00:00Z,1602.35000000,1980.50000000,1598.14000000,1964.31000000,10086.66095816,coinbase
2025-05-09T00:00:00Z,1961.94000000,2211.64000000,1943.64000000,2082.25000000,9696.87514220,coinbase
2025-05-10T00:00:00Z,2081.88000000,2308.32000000,2056.87000000,2294.26000000,5430.68216744,coinbase
2025-05-11T00:00:00Z,2293.93000000,2313.53000000,2163.87000000,2238.49000000,5796.35143685,coinbase
2025-05-12T00:00:00Z,2237.03000000,2357.75000000,2172.77000000,2248.40000000,7122.19898653,coinbase
2025-05-13T00:00:00Z,2248.95000000,2447.60000000,2175.20000000,2395.97000000,6633.22492758,coinbase
2025-05-14T00:00:00Z,2395.97000000,2434.41000000,2275.68000000,2334.59000000,7258.29295128,coinbase
2025-05-15T00:00:00Z,2334.51000000,2366.24000000,2217.61000000,2277.73000000,6191.41126169,coinbase
2025-05-16T00:00:00Z,2278.27000000,2364.18000000,2262.83000000,2272.14000000,5657.67018937,coinbase
2025-05-17T00:00:00Z,2272.15000000,2273.14000000,2190.84000000,2216.47000000,2661.67374993,coinbase
2025-05-18T00:00:00Z,2217.62000000,2315.57000000,2077.72000000,2231.95000000,4899.74176843,coinbase
2025-05-19T00:00:00Z,2233.07000000,2267.83000000,2095.84000000,2250.71000000,8268.77945190,coinbase
2025-05-20T00:00:00Z,2251.28000000,2302.00000000,2168.11000000,2234.23000000,6121.16632045,coinbase
2025-05-21T00:00:00Z,2235.75000000,2305.15000000,2163.45000000,2251.41000000,8589.17665669,coinbase
2025-05-22T00:00:00Z,2251.68000000,2382.39000000,2245.71000000,2358.94000000,6641.89856810,coinbase
2025-05-23T00:00:00Z,2357.70000000,2413.35000000,2203.33000000,2224.43000000,7679.43563858,coinbase
2025-05-24T00:00:00Z,2222.91000000,2267.57000000,2214.71000000,2227.83000000,1699.42286440,coinbase
2025-05-25T00:00:00Z,2228.16000000,2246.78000000,2169.48000000,2243.84000000,2932.59367282,coinbase
2025-05-26T00:00:00Z,2243.87000000,2281.02000000,2219.36000000,2252.02000000,3296.69118004,coinbase
2025-05-27T00:00:00Z,2251.35000000,2392.87000000,2201.00000000,2347.99000000,6945.21899673,coinbase
2025-05-28T00:00:00Z,2346.99000000,2388.82000000,2303.00000000,2387.01000000,5380.57931112,coinbase
2025-05-29T00:00:00Z,2387.03000000,2478.12000000,2302.10000000,2314.39000000,11611.98254067,coinbase
2025-05-30T00:00:00Z,2313.56000000,2335.36000000,2210.67000000,2232.60000000,9718.46146055,coinbase
2025-05-31T00:00:00Z,2231.31000000,2250.90000000,2180.52000000,2231.02000000,3638.55720659,coinbase
2025-06-01T00:00:00Z,2231.09000000,2248.28000000,2178.66000000,2238.40000000,3004.05142982,coinbase
2025-06-02T00:00:00Z,2237.93000000,2284.77000000,2167.53000000,2278.44000000,5856.90048605,coinbase
2025-06-03T00:00:00Z,2278.88000000,2334.08000000,2265.06000000,2280.18000000,6280.24418056,coinbase
2025-06-04T00:00:00Z,2279.04000000,2346.20000000,2271.35000000,2284.48000000,5698.80211600,coinbase
2025-06-05T00:00:00Z,2284.42000000,2311.55000000,2091.03000000,2108.96000000,7676.38776556,coinbase
2025-06-06T00:00:00Z,2109.01000000,2224.32000000,2080.00000000,2174.35000000,4422.19191973,coinbase
2025-06-07T00:00:00Z,2174.78000000,2233.64000000,2158.34000000,2216.42000000,1645.00927143,coinbase
2025-06-08T00:00:00Z,2216.50000000,2237.07000000,2188.00000000,2201.25000000,1864.51850608,coinbase
2025-06-09T00:00:00Z,2201.08000000,2358.60000000,2171.30000000,2346.36000000,5993.22125954,coinbase
2025-06-10T00:00:00Z,2345.89000000,2472.33000000,2328.78000000,2461.98000000,6974.01915680,coinbase
2025-06-11T00:00:00Z,2462.39000000,2506.26000000,2386.21000000,2409.52000000,5453.11538709,coinbase
2025-06-12T00:00:00Z,2409.11000000,2420.75000000,2260.49000000,2278.28000000,5490.32054046,coinbase
2025-06-13T00:00:00Z,2278.31000000,2281.28000000,2113.17000000,2234.67000000,12327.64150393,coinbase
2025-06-14T00:00:00Z,2233.59000000,2233.59000000,2156.65000000,2192.73000000,2019.60915784,coinbase
2025-06-15T00:00:00Z,2194.09000000,2215.11000000,2159.17000000,2208.21000000,2373.41129813,coinbase
2025-06-16T00:00:00Z,2208.54000000,2318.77000000,2178.92000000,2202.13000000,6115.06391900,coinbase
2025-06-17T00:00:00Z,2203.08000000,2264.72000000,2133.47000000,2184.87000000,6370.99572286,coinbase
2025-06-18T00:00:00Z,2186.29000000,2213.40000000,2145.60000000,2200.67000000,3476.24516960,coinbase
2025-06-19T00:00:00Z,2201.25000000,2219.99000000,2169.14000000,2190.10000000,2196.33959707,coinbase
2025-06-20T00:00:00Z,2190.23000000,2231.24000000,2051.09000000,2089.25000000,5405.49149791,coinbase
2025-06-21T00:00:00Z,2087.89000000,2126.78000000,1924.01000000,1994.66000000,3508.77848990,coinbase
2025-06-22T00:00:00Z,1994.97000000,2009.50000000,1838.00000000,1937.36000000,6794.55311537,coinbase
2025-06-23T00:00:00Z,1937.40000000,2103.00000000,1900.00000000,2080.59000000,7143.96096982,coinbase
2025-06-24T00:00:00Z,2082.08000000,2136.26000000,2051.84000000,2109.49000000,6341.52431705,coinbase
2025-06-25T00:00:00Z,2108.67000000,2124.43000000,2060.47000000,2071.01000000,5454.52210540,coinbase
2025-06-26T00:00:00Z,2071.60000000,2156.27000000,2047.37000000,2066.33000000,5282.28795894,coinbase
2025-06-27T00:00:00Z,2066.74000000,2104.56000000,2037.80000000,2069.90000000,4151.86925460,coinbase
2025-06-28T00:00:00Z,2070.17000000,2090.44000000,2055.74000000,2080.44000000,1484.05885282,coinbase
2025-06-29T00:00:00Z,2081.08000000,2153.00000000,2058.86000000,2133.29000000,2506.04197830,coinbase
2025-06-30T00:00:00Z,2133.49000000,2153.11000000,2075.88000000,2109.57000000,4894.73746044,coinbase
2025-07-01T00:00:00Z,2110.25000000,2121.33000000,2021.41000000,2037.86000000,7681.57384910,coinbase
2025-07-02T00:00:00Z,2037.56000000,2220.00000000,2010.45000000,2178.08000000,6180.01549828,coinbase
2025-07-03T00:00:00Z,2179.54000000,2243.70000000,2168.46000000,2202.04000000,7951.02304374,coinbase
2025-07-04T00:00:00Z,2203.51000000,2212.76000000,2102.73000000,2131.64000000,5707.06983729,coinbase
2025-07-05T00:00:00Z,2131.26000000,2149.57000000,2114.76000000,2139.07000000,1440.35059289,coinbase
2025-07-06T00:00:00Z,2139.49000000,2212.03000000,2126.72000000,2182.92000000,2046.17433274,coinbase
2025-07-07T00:00:00Z,2183.29000000,2207.18000000,2143.35000000,2165.87000000,2912.50210369,coinbase
2025-07-08T00:00:00Z,2165.26000000,2242.42000000,2149.34000000,2230.82000000,3180.77903170,coinbase
2025-07-09T00:00:00Z,2231.08000000,2385.20000000,2213.14000000,2360.07000000,5475.77443568,coinbase
2025-07-10T00:00:00Z,2360.81000000,2560.00000000,2347.57000000,2514.90000000,7078.88511260,coinbase
2025-07-11T00:00:00Z,2514.72000000,2591.00000000,2488.87000000,2519.16000000,6521.76292588,coinbase
2025-07-12T00:00:00Z,2518.79000000,2535.96000000,2469.30000000,2504.44000000,3132.09804398,coinbase
2025-07-13T00:00:00Z,2505.35000000,2564.71000000,2499.35000000,2538.07000000,2978.07442064,coinbase
2025-07-14T00:00:00Z,2538.25000000,2627.98000000,2528.84000000,2581.16000000,6125.86020313,coinbase
2025-07-15T00:00:00Z,2581.21000000,2707.00000000,2509.46000000,2701.80000000,5564.61717061,coinbase
2025-07-16T00:00:00Z,2702.12000000,2940.00000000,2669.06000000,2898.93000000,9317.97121681,coinbase
2025-07-17T00:00:00Z,2899.28000000,3030.60000000,2847.77000000,2991.84000000,6617.90327695,coinbase
2025-07-18T00:00:00Z,2992.05000000,3162.00000000,2948.30000000,3050.46000000,6798.57017575,coinbase
2025-07-19T00:00:00Z,3050.12000000,3103.00000000,3017.01000000,3090.50000000,1883.36180159,coinbase
2025-07-20T00:00:00Z,3090.46000000,3285.61000000,3078.97000000,3230.10000000,6239.10518104,coinbase
2025-07-21T00:00:00Z,3229.64000000,3302.89000000,3180.27000000,3218.21000000,5870.17527530,coinbase
2025-07-22T00:00:00Z,3219.26000000,3251.83000000,3092.83000000,3191.93000000,4904.46771236,coinbase
2025-07-23T00:00:00Z,3192.48000000,3208.54000000,2993.64000000,3082.57000000,5773.10070445,coinbase
2025-07-24T00:00:00Z,3081.57000000,3211.17000000,2982.00000000,3155.44000000,5327.07886244,coinbase
2025-07-25T00:00:00Z,3155.77000000,3196.40000000,3046.28000000,3171.60000000,4830.20856382,coinbase
2025-07-26T00:00:00Z,3172.64000000,3231.94000000,3148.27000000,3186.00000000,2516.56535892,coinbase
2025-07-27T00:00:00Z,3184.97000000,3300.00000000,3176.63000000,3293.53000000,2964.68169945,coinbase
2025-07-28T00:00:00Z,3294.54000000,3357.26000000,3238.38000000,3274.91000000,6024.82539301,coinbase
2025-07-29T00:00:00Z,3276.48000000,3361.71000000,3215.68000000,3284.72000000,4660.32405940,coinbase
2025-07-30T00:00:00Z,3280.57000000,3336.00000000,3220.00000000,3330.95000000,3749.82800265,coinbase
2025-07-31T00:00:00Z,3329.99000000,3384.55000000,3227.21000000,3239.05000000,5130.51333644,coinbase
2025-08-01T00:00:00Z,3239.08000000,3263.89000000,2963.00000000,3013.22000000,7124.54976516,coinbase
2025-08-02T00:00:00Z,3013.30000000,3055.37000000,2908.14000000,2931.20000000,2840.07941219,coinbase
2025-08-03T00:00:00Z,2928.78000000,3044.28000000,2896.20000000,3023.74000000,2656.29085859,coinbase
2025-08-04T00:00:00Z,3023.62000000,3228.64000000,3018.42000000,3212.48000000,3881.42956633,coinbase
2025-08-05T00:00:00Z,3210.99000000,3210.99000000,3063.68000000,3118.53000000,3440.84606086,coinbase
2025-08-06T00:00:00Z,3117.94000000,3174.76000000,3077.11000000,3158.87000000,3839.30939759,coinbase
2025-08-07T00:00:00Z,3158.86000000,3365.00000000,3130.98000000,3349.65000000,5737.82840401,coinbase
2025-08-08T00:00:00Z,3349.43000000,3494.53000000,3328.03000000,3439.56000000,5390.92009438,coinbase
2025-08-09T00:00:00Z,3440.47000000,3698.00000000,3437.55000000,3647.28000000,5905.09446764,coinbase
2025-08-10T00:00:00Z,3646.41000000,3703.17000000,3547.30000000,3646.93000000,3307.43679665,coinbase
2025-08-11T00:00:00Z,3646.06000000,3758.81000000,3578.12000000,3637.20000000,4952.32110179,coinbase
2025-08-12T00:00:00Z,3636.11000000,3969.58000000,3633.12000000,3925.60000000,7256.81186708,coinbase
2025-08-13T00:00:00Z,3926.17000000,4066.90000000,3901.26000000,4032.95000000,7344.44505674,coinbase
2025-08-14T00:00:00Z,4031.40000000,4085.84000000,3816.38000000,3906.91000000,5418.55810805,coinbase
2025-08-15T00:00:00Z,3903.89000000,3999.00000000,3724.91000000,3797.75000000,3890.08613610,coinbase
2025-08-16T00:00:00Z,3796.95000000,3842.71000000,3743.00000000,3785.32000000,1867.63695478,coinbase
2025-08-17T00:00:00Z,3785.13000000,3917.20000000,3761.66000000,3821.68000000,2585.18005356,coinbase
2025-08-18T00:00:00Z,3818.50000000,3831.74000000,3619.57000000,3699.25000000,4871.73013596,coinbase
2025-08-19T00:00:00Z,3699.30000000,3737.57000000,3494.17000000,3503.09000000,5766.24124408,coinbase
2025-08-20T00:00:00Z,3503.58000000,3757.24000000,3492.00000000,3721.95000000,5454.60033241,coinbase
2025-08-21T00:00:00Z,3722.11000000,3727.07000000,3622.39000000,3637.96000000,3038.89884925,coinbase
2025-08-22T00:00:00Z,3638.09000000,4160.32000000,3623.43000000,4099.67000000,8442.61850972,coinbase
2025-08-23T00:00:00Z,4101.57000000,4101.57000000,3958.00000000,4054.13000000,2895.07687468,coinbase
2025-08-24T00:00:00Z,4053.48000000,4205.00000000,4010.38000000,4079.60000000,5188.98031403,coinbase
2025-08-25T00:00:00Z,4079.30000000,4096.34000000,3732.20000000,3770.48000000,7806.16313836,coinbase
2025-08-26T00:00:00Z,3765.00000000,3981.79000000,3703.00000000,3953.97000000,4220.39241382,coinbase
2025-08-27T00:00:00Z,3952.85000000,4025.00000000,3851.30000000,3868.73000000,4700.04949119,coinbase
2025-08-28T00:00:00Z,3868.35000000,3981.60000000,3793.00000000,3862.83000000,4555.28662816,coinbase
2025-08-29T00:00:00Z,3861.32000000,3867.25000000,3655.87000000,3734.09000000,4891.87559413,coinbase
2025-08-30T00:00:00Z,3733.36000000,3782.15000000,3648.00000000,3745.81000000,3013.34253396,coinbase
2025-08-31T00:00:00Z,3745.96000000,3851.33000000,3745.26000000,3757.25000000,3582.41114379,coinbase
2025-09-01T00:00:00Z,3756.19000000,3832.00000000,3598.00000000,3683.38000000,4767.05541600,coinbase
2025-09-02T00:00:00Z,3684.72000000,3789.10000000,3658.84000000,3717.69000000,4592.34294175,coinbase
2025-09-03T00:00:00Z,3718.20000000,3848.00000000,3681.84000000,3818.34000000,4334.93041461,coinbase
2025-09-04T00:00:00Z,3816.65000000,3846.93000000,3662.69000000,3688.98000000,4345.96524637,coinbase
2025-09-05T00:00:00Z,3687.55000000,3828.89000000,3628.00000000,3678.32000000,5583.84444523,coinbase
2025-09-06T00:00:00Z,3678.18000000,3695.61000000,3618.67000000,3649.84000000,1782.51274198,coinbase
2025-09-07T00:00:00Z,3651.70000000,3704.49000000,3645.39000000,3674.90000000,1562.23822575,coinbase
2025-09-08T00:00:00Z,3675.60000000,3731.31000000,3641.10000000,3660.26000000,4073.38331799,coinbase
2025-09-09T00:00:00Z,3659.97000000,3725.14000000,3633.00000000,3682.68000000,3519.30199549,coinbase
2025-09-10T00:00:00Z,3683.91000000,3799.00000000,3662.90000000,3715.38000000,3515.77528273,coinbase
2025-09-11T00:00:00Z,3715.45000000,3833.74000000,3707.53000000,3804.03000000,2667.42566495,coinbase
2025-09-12T00:00:00Z,3804.12000000,4048.00000000,3795.72000000,4014.31000000,4163.51772142,coinbase
2025-09-13T00:00:00Z,4016.02000000,4060.30000000,3912.58000000,3966.71000000,2771.29689085,coinbase
2025-09-14T00:00:00Z,3967.08000000,3988.67000000,3888.00000000,3927.61000000,1865.87103961,coinbase
2025-09-15T00:00:00Z,3926.78000000,3983.36000000,3797.28000000,3846.28000000,2885.85324506,coinbase
2025-09-16T00:00:00Z,3844.79000000,3859.08000000,3739.24000000,3793.38000000,2191.78458957,coinbase
2025-09-17T00:00:00Z,3793.75000000,3906.00000000,3733.00000000,3881.64000000,3087.77949395,coinbase
2025-09-18T00:00:00Z,3883.42000000,3937.95000000,3863.15000000,3892.71000000,2315.21623487,coinbase
2025-09-19T00:00:00Z,3893.23000000,3924.26000000,3777.27000000,3808.56000000,2520.36763768,coinbase
2025-09-20T00:00:00Z,3808.98000000,3843.88000000,3797.08000000,3819.55000000,1036.29760617,coinbase
2025-09-21T00:00:00Z,3818.64000000,3834.18000000,3787.09000000,3789.29000000,1460.41709282,coinbase
2025-09-22T00:00:00Z,3789.36000000,3799.34000000,3464.00000000,3562.90000000,5182.85566589,coinbase
2025-09-23T00:00:00Z,3560.06000000,3588.57000000,3491.77000000,3526.87000000,2344.73585908,coinbase
2025-09-24T00:00:00Z,3526.64000000,3584.70000000,3451.24000000,3537.87000000,1960.59883590,coinbase
2025-09-25T00:00:00Z,3538.02000000,3544.81000000,3281.40000000,3323.13000000,6605.41922969,coinbase
2025-09-26T00:00:00Z,3327.93000000,3480.19000000,3318.08000000,3450.61000000,2980.14883472,coinbase
2025-09-27T00:00:00Z,3449.63000000,3456.97000000,3399.27000000,3439.32000000,1591.76851298,coinbase
2025-09-28T00:00:00Z,3438.81000000,3543.57000000,3393.00000000,3541.06000000,1829.44085250,coinbase
2025-09-29T00:00:00Z,3542.74000000,3613.72000000,3478.77000000,3593.51000000,2551.43163052,coinbase
2025-09-30T00:00:00Z,3593.46000000,3625.89000000,3481.51000000,3534.18000000,2507.77560906,coinbase
2025-10-01T00:00:00Z,3535.04000000,3712.96000000,3504.35000000,3703.71000000,3225.22590125,coinbase
2025-10-02T00:00:00Z,3707.27000000,3852.00000000,3693.33000000,3825.30000000,2966.96819519,coinbase
2025-10-03T00:00:00Z,3824.65000000,3906.99000000,3773.55000000,3840.26000000,2481.94229631,coinbase
2025-10-04T00:00:00Z,3839.64000000,3844.53000000,3765.55000000,3812.93000000,1237.67885455,coinbase
2025-10-05T00:00:00Z,3812.18000000,3904.99000000,3795.37000000,3838.60000000,2174.74000002,coinbase
2025-10-06T00:00:00Z,3838.60000000,4035.00000000,3819.26000000,3991.49000000,4288.81591417,coinbase
2025-10-07T00:00:00Z,3992.38000000,4075.00000000,3800.62000000,3817.03000000,4187.32183667,coinbase
2025-10-08T00:00:00Z,3816.61000000,3928.00000000,3793.25000000,3892.47000000,2960.51772310,coinbase
2025-10-09T00:00:00Z,3894.20000000,3895.59000000,3693.25000000,3777.47000000,2984.25611243,coinbase
2025-10-10T00:00:00Z,3775.33000000,3799.88000000,3060.00000000,3347.12000000,8605.95527574,coinbase
2025-10-11T00:00:00Z,3339.83000000,3391.71000000,3180.00000000,3270.83000000,6665.98774924,coinbase
2025-10-12T00:00:00Z,3270.76000000,3635.07000000,3222.72000000,3590.55000000,4793.79325672,coinbase
2025-10-13T00:00:00Z,3588.64000000,3714.34000000,3497.99000000,3673.34000000,2942.53019581,coinbase
2025-10-14T00:00:00Z,3672.85000000,3693.52000000,3370.49000000,3559.05000000,3581.33505292,coinbase
2025-10-15T00:00:00Z,3559.23000000,3626.27000000,3376.00000000,3424.66000000,3025.87477764,coinbase
2025-10-16T00:00:00Z,3424.58000000,3508.09000000,3274.91000000,3328.26000000,3293.90765938,coinbase
2025-10-17T00:00:00Z,3328.52000000,3376.23000000,3143.00000000,3292.26000000,4465.33716114,coinbase
2025-10-18T00:00:00Z,3292.70000000,3374.08000000,3282.04000000,3341.12000000,1726.01866925,coinbase
2025-10-19T00:00:00Z,3342.50000000,3461.45000000,3282.77000000,3418.73000000,3049.87048253,coinbase
2025-10-20T00:00:00Z,3418.39000000,3508.36000000,3355.34000000,3418.15000000,1990.34312616,coinbase
2025-10-21T00:00:00Z,3418.04000000,3539.00000000,3301.77000000,3340.15000000,3645.79296463,coinbase
2025-10-22T00:00:00Z,3339.40000000,3353.19000000,3197.15000000,3278.72000000,4630.24818255,coinbase
2025-10-23T00:00:00Z,3279.42000000,3390.00000000,3272.47000000,3321.50000000,2762.59579365,coinbase
2025-10-24T00:00:00Z,3321.04000000,3456.58000000,3310.78000000,3384.26000000,2790.68962535,coinbase
2025-10-25T00:00:00Z,3385.11000000,3409.00000000,3365.39000000,3399.17000000,837.50032413,coinbase
2025-10-26T00:00:00Z,3399.22000000,3589.79000000,3371.23000000,3574.25000000,3212.62061503,coinbase
2025-10-27T00:00:00Z,3574.72000000,3658.69000000,3516.06000000,3535.52000000,4903.44951788,coinbase
2025-10-28T00:00:00Z,3533.71000000,3584.06000000,3376.20000000,3415.24000000,3479.44170585,coinbase
2025-10-29T00:00:00Z,3414.80000000,3473.00000000,3315.79000000,3364.98000000,2519.31208785,coinbase
2025-10-30T00:00:00Z,3365.14000000,3400.53000000,3181.03000000,3288.16000000,3582.12710104,coinbase
2025-10-31T00:00:00Z,3287.77000000,3384.20000000,3282.49000000,3331.31000000,2073.46946632,coinbase
2025-11-01T00:00:00Z,3331.31000000,3383.83000000,3318.15000000,3352.63000000,1112.08328513,coinbase
2025-11-02T00:00:00Z,3352.20000000,3394.92000000,3324.94000000,3387.61000000,1170.04329180,coinbase
2025-11-03T00:00:00Z,3387.57000000,3393.28000000,3088.85000000,3127.57000000,3603.60872674,coinbase
2025-11-04T00:00:00Z,3128.07000000,3174.89000000,2660.01000000,2861.04000000,6109.87451796,coinbase
2025-11-05T00:00:00Z,2860.10000000,3032.58000000,2757.33000000,2978.26000000,3556.60757067,coinbase
2025-11-06T00:00:00Z,2977.47000000,3003.72000000,2812.00000000,2870.08000000,2697.73656307,coinbase
2025-11-07T00:00:00Z,2869.21000000,3002.82000000,2758.99000000,2968.09000000,3338.87869105,coinbase
2025-11-08T00:00:00Z,2970.10000000,3011.35000000,2892.70000000,2939.09000000,1841.20532125,coinbase
2025-11-09T00:00:00Z,2938.56000000,3133.27000000,2903.05000000,3102.32000000,2582.30758135,coinbase
2025-11-10T00:00:00Z,3099.36000000,3163.00000000,3037.08000000,3085.28000000,3484.23726311,coinbase
2025-11-11T00:00:00Z,3085.93000000,3155.12000000,2938.87000000,2948.06000000,2792.22757582,coinbase
2025-11-12T00:00:00Z,2952.61000000,3101.79000000,2908.24000000,2946.98000000,1958.11182583,coinbase
2025-11-13T00:00:00Z,2945.48000000,3075.94000000,2710.73000000,2778.70000000,4841.25030300,coinbase
2025-11-14T00:00:00Z,2776.68000000,2801.99000000,2630.00000000,2677.03000000,3863.78078361,coinbase
2025-11-15T00:00:00Z,2675.64000000,2780.23000000,2673.77000000,2726.49000000,1341.30914158,coinbase
2025-11-16T00:00:00Z,2726.23000000,2794.91000000,2583.31000000,2660.70000000,3455.63839958,coinbase
2025-11-17T00:00:00Z,2660.33000000,2774.27000000,2545.93000000,2609.50000000,4593.80581131,coinbase
2025-11-18T00:00:00Z,2606.33000000,2735.93000000,2535.00000000,2695.50000000,3383.61721557,coinbase
2025-11-19T00:00:00Z,2695.99000000,2697.69000000,2489.79000000,2619.71000000,4239.45517780,coinbase
2025-11-20T00:00:00Z,2619.50000000,2656.94000000,2416.77000000,2454.54000000,5862.15828017,coinbase
2025-11-21T00:00:00Z,2454.50000000,2498.52000000,2278.00000000,2402.19000000,6614.91412206,coinbase
2025-11-22T00:00:00Z,2401.63000000,2430.97000000,2350.21000000,2406.53000000,1697.88136697,coinbase
2025-11-23T00:00:00Z,2406.27000000,2488.37000000,2404.92000000,2434.77000000,3334.69723779,coinbase
2025-11-24T00:00:00Z,2434.47000000,2591.04000000,2402.97000000,2563.07000000,6729.52250443,coinbase
2025-11-25T00:00:00Z,2562.45000000,2575.15000000,2469.53000000,2558.63000000,5624.34269072,coinbase
2025-11-26T00:00:00Z,2559.83000000,2627.12000000,2495.52000000,2608.33000000,4327.72801294,coinbase
2025-11-27T00:00:00Z,2609.85000000,2645.99000000,2575.90000000,2600.07000000,2172.47715738,coinbase
2025-11-28T00:00:00Z,2600.67000000,2678.89000000,2581.96000000,2615.63000000,2964.44020901,coinbase
2025-11-29T00:00:00Z,2615.60000000,2634.48000000,2558.00000000,2580.70000000,2020.45740566,coinbase
2025-11-30T00:00:00Z,2581.13000000,2635.00000000,2568.83000000,2579.76000000,1118.43454328,coinbase
2025-12-01T00:00:00Z,2579.00000000,2585.93000000,2338.91000000,2412.79000000,4622.32864090,coinbase
2025-12-02T00:00:00Z,2411.17000000,2615.10000000,2396.45000000,2577.24000000,3541.38160439,coinbase
2025-12-03T00:00:00Z,2575.91000000,2756.72000000,2567.11000000,2734.65000000,4759.52126875,coinbase
2025-12-04T00:00:00Z,2733.70000000,2778.00000000,2633.00000000,2692.05000000,3608.63597185,coinbase
2025-12-05T00:00:00Z,2692.58000000,2742.00000000,2566.25000000,2598.97000000,5440.81616659,coinbase
2025-12-06T00:00:00Z,2597.88000000,2637.69000000,2590.91000000,2613.08000000,1092.18896757,coinbase
2025-12-07T00:00:00Z,2611.92000000,2708.00000000,2507.30000000,2630.08000000,2035.62084067,coinbase
2025-12-08T00:00:00Z,2628.13000000,2731.07000000,2613.78000000,2684.06000000,2943.21313281,coinbase
2025-12-09T00:00:00Z,2684.28000000,2919.75000000,2655.85000000,2853.42000000,3381.91471850,coinbase
2025-12-10T00:00:00Z,2852.92000000,2962.48000000,2828.10000000,2840.83000000,4632.10223475,coinbase
2025-12-11T00:00:00Z,2839.76000000,2845.87000000,2682.15000000,2758.29000000,3317.76350138,coinbase
2025-12-12T00:00:00Z,2758.01000000,2782.33000000,2596.89000000,2630.47000000,2667.41711592,coinbase
2025-12-13T00:00:00Z,2631.60000000,2672.72000000,2625.77000000,2654.92000000,929.06491213,coinbase
2025-12-14T00:00:00Z,2655.32000000,2668.02000000,2571.56000000,2610.91000000,1215.75419389,coinbase
2025-12-15T00:00:00Z,2611.39000000,2705.92000000,2466.47000000,2522.94000000,3342.12864012,coinbase
2025-12-16T00:00:00Z,2521.71000000,2534.14000000,2448.42000000,2521.19000000,2996.44590078,coinbase
2025-12-17T00:00:00Z,2518.89000000,2578.55000000,2376.40000000,2411.88000000,3846.32622833,coinbase
2025-12-18T00:00:00Z,2413.12000000,2554.44000000,2367.08000000,2411.10000000,4181.05680320,coinbase
2025-12-19T00:00:00Z,2411.74000000,2573.00000000,2395.00000000,2543.29000000,2997.99674934,coinbase
2025-12-20T00:00:00Z,2543.21000000,2556.19000000,2534.07000000,2543.02000000,1169.76145358,coinbase
2025-12-21T00:00:00Z,2541.89000000,2572.46000000,2514.02000000,2562.67000000,970.79435517,coinbase
2025-12-22T00:00:00Z,2562.23000000,2620.00000000,2520.21000000,2556.74000000,2867.25223470,coinbase
2025-12-23T00:00:00Z,2557.51000000,2578.60000000,2463.76000000,2512.23000000,1837.98002705,coinbase
2025-12-24T00:00:00Z,2512.61000000,2521.94000000,2451.05000000,2501.38000000,1641.26630705,coinbase
2025-12-25T00:00:00Z,2499.71000000,2519.11000000,2453.35000000,2462.70000000,1122.28977957,coinbase
2025-12-26T00:00:00Z,2463.14000000,2538.00000000,2454.23000000,2486.32000000,1401.70293274,coinbase
2025-12-27T00:00:00Z,2486.11000000,2510.38000000,2477.39000000,2501.80000000,726.20139744,coinbase
2025-12-28T00:00:00Z,2502.99000000,2510.00000000,2482.08000000,2504.92000000,1507.33934440,coinbase
2025-12-29T00:00:00Z,2504.31000000,2591.15000000,2471.91000000,2492.81000000,1921.02191368,coinbase
2025-12-30T00:00:00Z,2492.72000000,2555.00000000,2477.32000000,2528.58000000,2481.71501909,coinbase
2025-12-31T00:00:00Z,2528.52000000,2573.45000000,2515.94000000,2523.99000000,2661.82486769,coinbase
2026-01-01T00:00:00Z,2524.77000000,2558.76000000,2524.76000000,2553.94000000,1229.37604497,coinbase
2026-01-02T00:00:00Z,2553.97000000,2684.95000000,2541.30000000,2667.17000000,3025.82009150,coinbase
2026-01-03T00:00:00Z,2666.79000000,2676.60000000,2623.47000000,2669.70000000,1014.12975606,coinbase
2026-01-04T00:00:00Z,2669.68000000,2703.00000000,2660.63000000,2686.41000000,1821.81814918,coinbase
2026-01-05T00:00:00Z,2687.51000000,2786.10000000,2682.07000000,2754.57000000,2998.07089148,coinbase
2026-01-06T00:00:00Z,2754.28000000,2827.42000000,2719.60000000,2819.59000000,3697.43901435,coinbase
2026-01-07T00:00:00Z,2819.26000000,2820.07000000,2675.12000000,2711.54000000,2270.93677952,coinbase
2026-01-08T00:00:00Z,2710.57000000,2725.00000000,2618.00000000,2663.25000000,1871.37001428,coinbase
2026-01-09T00:00:00Z,2664.21000000,2700.44000000,2628.40000000,2651.90000000,3734.53077070,coinbase
2026-01-10T00:00:00Z,2651.63000000,2666.22000000,2643.40000000,2652.23000000,739.41853212,coinbase
2026-01-11T00:00:00Z,2652.40000000,2701.71000000,2650.19000000,2683.92000000,1283.29368743,coinbase
2026-01-12T00:00:00Z,2682.75000000,2716.06000000,2622.22000000,2650.36000000,1950.15244914,coinbase
2026-01-13T00:00:00Z,2651.14000000,2890.08000000,2649.13000000,2853.56000000,2785.54384215,coinbase
2026-01-14T00:00:00Z,2855.43000000,2921.00000000,2815.73000000,2881.51000000,3417.19238563,coinbase
2026-01-15T00:00:00Z,2881.48000000,2916.26000000,2815.18000000,2858.21000000,1976.72431331,coinbase
2026-01-16T00:00:00Z,2857.61000000,2865.76000000,2805.61000000,2840.46000000,1561.80710983,coinbase
2026-01-17T00:00:00Z,2841.05000000,2871.10000000,2830.01000000,2856.55000000,760.46408871,coinbase
2026-01-18T00:00:00Z,2855.24000000,2904.98000000,2819.14000000,2824.96000000,1613.62455432,coinbase
2026-01-19T00:00:00Z,2819.12000000,2819.12000000,2716.22000000,2739.46000000,1709.85216133,coinbase
2026-01-20T00:00:00Z,2738.73000000,2747.04000000,2481.66000000,2503.30000000,3931.38222825,coinbase
2026-01-21T00:00:00Z,2504.21000000,2623.88000000,2447.38000000,2553.35000000,3245.52229628,coinbase
2026-01-22T00:00:00Z,2553.17000000,2598.51000000,2477.00000000,2509.88000000,1830.19428923,coinbase
2026-01-23T00:00:00Z,2509.76000000,2559.04000000,2460.00000000,2498.39000000,1597.93049054,coinbase
2026-01-24T00:00:00Z,2498.32000000,2508.77000000,2488.13000000,2494.99000000,827.62378976,coinbase
2026-01-25T00:00:00Z,2494.59000000,2500.98000000,2343.83000000,2373.54000000,2873.32215791,coinbase
2026-01-26T00:00:00Z,2372.85000000,2484.58000000,2371.53000000,2463.79000000,3056.02520077,coinbase
2026-01-27T00:00:00Z,2463.22000000,2521.20000000,2430.30000000,2513.99000000,2391.07467521,coinbase
2026-01-28T00:00:00Z,2515.63000000,2542.73000000,2487.83000000,2510.82000000,2065.81451514,coinbase
2026-01-29T00:00:00Z,2510.30000000,2512.71000000,2300.00000000,2357.99000000,3817.93249563,coinbase
2026-01-30T00:00:00Z,2357.98000000,2360.46000000,2220.00000000,2282.33000000,4078.18761549,coinbase
2026-01-31T00:00:00Z,2281.78000000,2287.91000000,1894.60000000,2072.85000000,5389.69292862,coinbase
2026-02-01T00:00:00Z,2074.39000000,2094.94000000,1876.00000000,1914.84000000,5570.46806494,coinbase
2026-02-02T00:00:00Z,1915.37000000,2030.30000000,1815.02000000,1988.93000000,5968.15894402,coinbase
2026-02-03T00:00:00Z,1989.66000000,1997.85000000,1785.02000000,1888.93000000,5593.77012575,coinbase
2026-02-04T00:00:00Z,1888.33000000,1940.10000000,1757.70000000,1816.00000000,5241.12821288,coinbase
2026-02-05T00:00:00Z,1816.35000000,1838.06000000,1541.16000000,1549.54000000,9740.25333544,coinbase
2026-02-06T00:00:00Z,1549.04000000,1772.99000000,1481.62000000,1749.75000000,9812.32331137,coinbase
2026-02-07T00:00:00Z,1749.07000000,1800.00000000,1690.08000000,1774.18000000,4135.91547739,coinbase
2026-02-08T00:00:00Z,1770.53000000,1823.00000000,1752.65000000,1769.62000000,3798.73008985,coinbase
2026-02-09T00:00:00Z,1769.83000000,1801.49000000,1686.49000000,1768.61000000,5910.81316058,coinbase
2026-02-10T00:00:00Z,1769.99000000,1783.67000000,1664.51000000,1701.10000000,4398.53914246,coinbase
2026-02-11T00:00:00Z,1701.14000000,1707.17000000,1604.00000000,1634.41000000,3494.98700422,coinbase
2026-02-12T00:00:00Z,1635.18000000,1684.42000000,1598.80000000,1639.29000000,5070.78731103,coinbase
2026-02-13T00:00:00Z,1638.94000000,1746.00000000,1623.31000000,1726.23000000,3072.92395494,coinbase
2026-02-14T00:00:00Z,1727.28000000,1777.72000000,1721.85000000,1760.88000000,2001.25012307,coinbase
2026-02-15T00:00:00Z,1760.67000000,1775.01000000,1626.53000000,1657.23000000,3882.03836327,coinbase
2026-02-16T00:00:00Z,1657.54000000,1706.54000000,1633.89000000,1686.22000000,2899.17102275,coinbase
2026-02-17T00:00:00Z,1685.97000000,1701.45000000,1644.73000000,1680.67000000,2811.86309035,coinbase
2026-02-18T00:00:00Z,1681.46000000,1723.00000000,1631.84000000,1659.56000000,3151.50696807,coinbase
2026-02-19T00:00:00Z,1658.63000000,1685.20000000,1620.50000000,1656.00000000,2985.76711420,coinbase
2026-02-20T00:00:00Z,1655.20000000,1681.59000000,1636.11000000,1670.57000000,3113.95333194,coinbase
2026-02-21T00:00:00Z,1670.16000000,1693.89000000,1659.97000000,1674.64000000,1245.67253357,coinbase
2026-02-22T00:00:00Z,1674.49000000,1684.20000000,1642.88000000,1654.77000000,1280.57362692,coinbase
2026-02-23T00:00:00Z,1654.72000000,1655.21000000,1558.30000000,1574.12000000,5996.71360105,coinbase
2026-02-24T00:00:00Z,1575.29000000,1585.04000000,1527.23000000,1573.76000000,5053.47883021,coinbase
2026-02-25T00:00:00Z,1573.07000000,1818.95000000,1568.41000000,1741.97000000,7012.50825106,coinbase
2026-02-26T00:00:00Z,1741.19000000,1766.60000000,1677.62000000,1718.57000000,5011.85780458,coinbase
2026-02-27T00:00:00Z,1718.19000000,1748.81000000,1599.00000000,1634.63000000,5616.56837191,coinbase
2026-02-28T00:00:00Z,1634.48000000,1683.29000000,1556.11000000,1667.10000000,4929.18070826,coinbase
2026-03-01T00:00:00Z,1666.89000000,1740.41000000,1618.91000000,1650.55000000,4284.10478169,coinbase
2026-03-02T00:00:00Z,1649.79000000,1787.95000000,1638.56000000,1733.93000000,5628.22761367,coinbase
2026-03-03T00:00:00Z,1733.54000000,1745.49000000,1665.52000000,1707.22000000,5063.62894997,coinbase
2026-03-04T00:00:00Z,1707.29000000,1892.32000000,1677.15000000,1830.27000000,6667.01814835,coinbase
2026-03-05T00:00:00Z,1829.30000000,1863.92000000,1775.00000000,1786.63000000,5172.01618527,coinbase
2026-03-06T00:00:00Z,1786.24000000,1802.24000000,1687.33000000,1704.74000000,4347.33065499,coinbase
2026-03-07T00:00:00Z,1704.81000000,1719.81000000,1680.00000000,1698.63000000,1993.47552249,coinbase
2026-03-08T00:00:00Z,1699.19000000,1707.91000000,1658.27000000,1681.65000000,2393.22494505,coinbase
2026-03-09T00:00:00Z,1681.59000000,1768.29000000,1676.07000000,1715.83000000,6027.31146545,coinbase
2026-03-10T00:00:00Z,1715.56000000,1793.94000000,1714.73000000,1754.90000000,4863.89339556,coinbase
2026-03-11T00:00:00Z,1754.40000000,1802.56000000,1728.00000000,1777.83000000,3756.61853864,coinbase
2026-03-12T00:00:00Z,1778.11000000,1817.77000000,1749.57000000,1799.76000000,3930.93440287,coinbase
2026-03-13T00:00:00Z,1800.12000000,1925.56000000,1797.47000000,1832.58000000,6474.50725147,coinbase
2026-03-14T00:00:00Z,1830.31000000,1844.77000000,1807.18000000,1839.14000000,1505.40601125,coinbase
2026-03-15T00:00:00Z,1838.61000000,1927.36000000,1827.13000000,1907.83000000,3114.95117657,coinbase
2026-03-16T00:00:00Z,1908.05000000,2073.59000000,1891.71000000,2046.35000000,8148.80736305,coinbase
2026-03-17T00:00:00Z,2045.45000000,2067.69000000,1998.44000000,2009.43000000,4975.19998308,coinbase
2026-03-18T00:00:00Z,2010.41000000,2038.42000000,1879.36000000,1922.51000000,3785.05739760,coinbase
2026-03-19T00:00:00Z,1922.45000000,1945.63000000,1824.40000000,1847.47000000,4345.95676796,coinbase
2026-03-20T00:00:00Z,1847.45000000,1881.29000000,1831.08000000,1855.48000000,2941.99010178,coinbase
2026-03-21T00:00:00Z,1855.51000000,1874.05000000,1791.62000000,1801.40000000,1341.58016987,coinbase
2026-03-22T00:00:00Z,1800.01000000,1839.78000000,1756.22000000,1776.54000000,2915.08148258,coinbase
2026-03-23T00:00:00Z,1776.87000000,1902.48000000,1754.24000000,1854.85000000,5907.93057519,coinbase
2026-03-24T00:00:00Z,1856.70000000,1876.93000000,1817.72000000,1857.15000000,2880.92063699,coinbase
2026-03-25T00:00:00Z,1857.19000000,1897.29000000,1847.65000000,1875.43000000,2716.57077517,coinbase
2026-03-26T00:00:00Z,1876.65000000,1878.86000000,1764.09000000,1785.57000000,3128.15069134,coinbase
2026-03-27T00:00:00Z,1785.12000000,1799.49000000,1710.00000000,1731.44000000,3430.21690322,coinbase
2026-03-28T00:00:00Z,1730.59000000,1777.50000000,1722.69000000,1734.48000000,1626.71764262,coinbase
2026-03-29T00:00:00Z,1734.39000000,1755.09000000,1688.00000000,1728.76000000,1961.33772175,coinbase
2026-03-30T00:00:00Z,1727.76000000,1814.89000000,1723.60000000,1768.13000000,4164.96529266,coinbase
2026-03-31T00:00:00Z,1767.48000000,1836.59000000,1753.80000000,1816.96000000,4539.09694852,coinbase
2026-04-01T00:00:00Z,1817.50000000,1868.99000000,1799.81000000,1846.90000000,4587.95110159,coinbase
2026-04-02T00:00:00Z,1846.17000000,1862.37000000,1750.59000000,1782.85000000,3655.18102517,coinbase
2026-04-03T00:00:00Z,1782.64000000,1805.83000000,1770.00000000,1782.71000000,1708.24132370,coinbase
2026-04-04T00:00:00Z,1782.49000000,1809.12000000,1775.40000000,1793.94000000,1067.26897645,coinbase
2026-04-05T00:00:00Z,1793.33000000,1843.83000000,1756.40000000,1832.06000000,2797.42586813,coinbase
2026-04-06T00:00:00Z,1833.74000000,1881.29000000,1808.92000000,1824.84000000,4707.06254518,coinbase
2026-04-07T00:00:00Z,1824.61000000,1945.21000000,1782.50000000,1916.43000000,6372.23987217,coinbase
2026-04-08T00:00:00Z,1920.81000000,1938.52000000,1870.31000000,1879.46000000,4601.65669093,coinbase
2026-04-09T00:00:00Z,1878.83000000,1919.95000000,1846.99000000,1873.64000000,4877.25363263,coinbase
2026-04-10T00:00:00Z,1873.86000000,1925.67000000,1863.10000000,1915.95000000,3690.41777423,coinbase
2026-04-11T00:00:00Z,1915.85000000,1989.26000000,1903.23000000,1950.01000000,2070.17578842,coinbase
2026-04-12T00:00:00Z,1950.02000000,1953.86000000,1858.31000000,1877.48000000,3380.75488616,coinbase
2026-04-13T00:00:00Z,1875.65000000,2035.15000000,1861.49000000,2013.93000000,6092.61567880,coinbase
2026-04-14T00:00:00Z,2018.95000000,2049.00000000,1953.96000000,1969.70000000,5640.25702590,coinbase
2026-04-15T00:00:00Z,1971.99000000,2021.92000000,1959.63000000,1999.92000000,3533.74609392,coinbase
2026-04-16T00:00:00Z,1999.83000000,2007.84000000,1940.76000000,1993.36000000,3459.75646585,coinbase
2026-04-17T00:00:00Z,1993.42000000,2090.00000000,1966.60000000,2057.71000000,5883.07985562,coinbase
2026-04-18T00:00:00Z,2056.20000000,2064.54000000,1989.91000000,1999.67000000,2316.09748447,coinbase
2026-04-19T00:00:00Z,1999.17000000,2003.55000000,1919.97000000,1929.77000000,2484.07543592,coinbase
2026-04-20T00:00:00Z,1928.21000000,1992.26000000,1927.12000000,1964.67000000,3589.43630104,coinbase
2026-04-21T00:00:00Z,1964.67000000,1988.51000000,1949.27000000,1982.92000000,3646.98235608,coinbase
2026-04-22T00:00:00Z,1983.03000000,2066.39000000,1970.93000000,2028.91000000,4835.08354662,coinbase
2026-04-23T00:00:00Z,2030.28000000,2034.31000000,1958.78000000,1995.80000000,3711.69359956,coinbase
2026-04-24T00:00:00Z,1995.92000000,2000.90000000,1966.99000000,1975.81000000,2490.65662083,coinbase
2026-04-25T00:00:00Z,1975.82000000,1983.28000000,1965.00000000,1981.06000000,853.61910480,coinbase
2026-04-26T00:00:00Z,1980.64000000,2033.45000000,1970.01000000,2025.10000000,2495.16173289,coinbase
2026-04-27T00:00:00Z,2024.90000000,2051.38000000,1931.83000000,1964.71000000,3686.57174269,coinbase
2026-04-28T00:00:00Z,1964.16000000,1971.45000000,1931.00000000,1953.88000000,2210.85196361,coinbase
2026-04-29T00:00:00Z,1953.21000000,2005.67000000,1901.64000000,1928.34000000,4743.59833606,coinbase
2026-04-30T00:00:00Z,1930.64000000,1950.38000000,1913.30000000,1924.63000000,2755.53554091,coinbase
2026-05-01T00:00:00Z,1925.37000000,1976.13000000,1925.37000000,1958.75000000,2638.03217675,coinbase
2026-05-02T00:00:00Z,1958.18000000,1998.00000000,1956.33000000,1976.30000000,966.94358129,coinbase
2026-05-03T00:00:00Z,1976.68000000,2007.26000000,1960.10000000,1978.40000000,1822.69246486,coinbase
2026-05-04T00:00:00Z,1978.63000000,2043.01000000,1968.99000000,2007.73000000,5885.72889568,coinbase
2026-05-05T00:00:00Z,2007.63000000,2052.26000000,2005.95000000,2014.68000000,4317.69021825,coinbase
2026-05-06T00:00:00Z,2015.64000000,2056.96000000,1990.01000000,2001.21000000,4759.66006924,coinbase
2026-05-07T00:00:00Z,2000.50000000,2001.92000000,1940.23000000,1952.82000000,3869.48988232,coinbase
2026-05-08T00:00:00Z,1952.95000000,1979.00000000,1926.94000000,1958.00000000,3477.92989987,coinbase
2026-05-09T00:00:00Z,1958.01000000,1984.67000000,1952.06000000,1976.05000000,1119.49209617,coinbase
2026-05-10T00:00:00Z,1975.67000000,2024.82000000,1964.03000000,2014.23000000,2374.00852961,coinbase
2026-05-11T00:00:00Z,2016.10000000,2017.36000000,1954.73000000,1985.84000000,2239.15539448,coinbase
2026-05-12T00:00:00Z,1985.70000000,1986.90000000,1923.31000000,1938.27000000,2745.22771134,coinbase
2026-05-13T00:00:00Z,1938.31000000,1985.68000000,1907.09000000,1927.50000000,3476.32460531,coinbase
2026-05-14T00:00:00Z,1928.82000000,1986.05000000,1910.73000000,1957.19000000,3290.21115811,coinbase
2026-05-15T00:00:00Z,1957.15000000,1972.33000000,1896.25000000,1913.32000000,3040.67201471,coinbase
2026-05-16T00:00:00Z,1913.25000000,1919.17000000,1862.00000000,1876.88000000,2069.84887870,coinbase
2026-05-17T00:00:00Z,1877.87000000,1891.79000000,1800.01000000,1834.38000000,2309.85040401,coinbase
2026-05-18T00:00:00Z,1834.52000000,1850.33000000,1784.64000000,1826.62000000,5530.44967337,coinbase
2026-05-19T00:00:00Z,1827.13000000,1842.23000000,1804.75000000,1818.12000000,2647.83017576,coinbase
2026-05-20T00:00:00Z,1817.31000000,1847.03000000,1811.31000000,1830.22000000,2965.14955750,coinbase
2026-05-21T00:00:00Z,1830.54000000,1852.33000000,1816.04000000,1835.32000000,3803.93804239,coinbase
2026-05-22T00:00:00Z,1834.98000000,1842.11000000,1771.81000000,1779.68000000,3497.02719161,coinbase
2026-05-23T00:00:00Z,1780.26000000,1850.91000000,1730.00000000,1823.09000000,3268.14564211,coinbase
2026-05-24T00:00:00Z,1823.22000000,1834.31000000,1771.49000000,1802.27000000,2447.08766647,coinbase
2026-05-25T00:00:00Z,1802.51000000,1838.00000000,1796.39000000,1815.49000000,1765.60565627,coinbase
2026-05-26T00:00:00Z,1815.01000000,1839.63000000,1766.22000000,1779.96000000,4312.31785521,coinbase
2026-05-27T00:00:00Z,1780.70000000,1797.71000000,1731.00000000,1739.97000000,3650.36346375,coinbase
2026-05-28T00:00:00Z,1740.19000000,1743.51000000,1689.09000000,1722.70000000,5225.99138397,coinbase
2026-05-29T00:00:00Z,1722.64000000,1749.34000000,1695.71000000,1726.57000000,4600.53100737,coinbase
2026-05-30T00:00:00Z,1726.74000000,1740.87000000,1715.52000000,1732.46000000,1712.67128245,coinbase
2026-05-31T00:00:00Z,1733.53000000,1745.39000000,1708.37000000,1720.26000000,1733.33357814,coinbase
2026-06-01T00:00:00Z,1720.88000000,1732.93000000,1682.90000000,1722.32000000,2982.79179341,coinbase
2026-06-02T00:00:00Z,1722.54000000,1722.54000000,1580.65000000,1598.76000000,7280.29179476,coinbase
2026-06-03T00:00:00Z,1598.76000000,1627.12000000,1525.00000000,1560.43000000,9222.00367973,coinbase
2026-06-04T00:00:00Z,1560.11000000,1566.23000000,1478.47000000,1523.97000000,6597.73374773,coinbase
2026-06-05T00:00:00Z,1522.93000000,1527.18000000,1337.00000000,1375.78000000,12416.79935866,coinbase
2026-06-06T00:00:00Z,1374.94000000,1390.50000000,1309.00000000,1364.45000000,5581.77136921,coinbase
2026-06-07T00:00:00Z,1364.58000000,1493.00000000,1359.38000000,1467.32000000,6410.92266903,coinbase
2026-06-08T00:00:00Z,1466.78000000,1486.85000000,1427.06000000,1466.23000000,8992.65117755,coinbase
2026-06-09T00:00:00Z,1466.02000000,1471.50000000,1397.90000000,1421.78000000,5741.94299562,coinbase
2026-06-10T00:00:00Z,1421.45000000,1440.29000000,1388.35000000,1405.26000000,4547.28374316,coinbase
2026-06-11T00:00:00Z,1405.38000000,1464.34000000,1405.38000000,1444.68000000,5369.66118721,coinbase
2026-06-12T00:00:00Z,1443.86000000,1460.00000000,1426.77000000,1440.28000000,4605.66843298,coinbase
2026-06-13T00:00:00Z,1440.30000000,1467.37000000,1436.99000000,1453.77000000,2664.03748308,coinbase
2026-06-14T00:00:00Z,1454.05000000,1492.65000000,1431.64000000,1487.18000000,2627.86358884,coinbase
2026-06-15T00:00:00Z,1487.47000000,1593.91000000,1474.42000000,1548.70000000,6798.93655167,coinbase
2026-06-16T00:00:00Z,1547.94000000,1585.39000000,1518.23000000,1543.95000000,6430.78427408,coinbase
2026-06-17T00:00:00Z,1544.86000000,1556.82000000,1499.37000000,1520.14000000,3878.20764718,coinbase
2026-06-18T00:00:00Z,1519.78000000,1529.10000000,1455.50000000,1491.41000000,3336.91852992,coinbase
2026-06-19T00:00:00Z,1491.95000000,1498.31000000,1463.41000000,1489.58000000,2389.67517821,coinbase
2026-06-20T00:00:00Z,1490.93000000,1524.02000000,1484.78000000,1516.80000000,1367.17949387,coinbase
2026-06-21T00:00:00Z,1516.75000000,1516.79000000,1483.54000000,1491.47000000,908.57870511,coinbase
2026-06-22T00:00:00Z,1490.66000000,1554.02000000,1489.17000000,1510.63000000,3267.83428183,coinbase
2026-06-23T00:00:00Z,1510.45000000,1517.69000000,1431.44000000,1462.96000000,3362.32739548,coinbase
2026-06-24T00:00:00Z,1464.92000000,1489.90000000,1366.27000000,1426.62000000,6319.80933044,coinbase
2026-06-25T00:00:00Z,1426.63000000,1460.00000000,1347.17000000,1377.76000000,7661.23488028,coinbase
2026-06-26T00:00:00Z,1378.75000000,1396.91000000,1329.50000000,1385.67000000,5186.50997225,coinbase
2026-06-27T00:00:00Z,1385.90000000,1412.20000000,1371.03000000,1380.59000000,1946.92905001,coinbase
2026-06-28T00:00:00Z,1380.31000000,1393.30000000,1357.97000000,1378.71000000,1848.70410216,coinbase
2026-06-29T00:00:00Z,1376.60000000,1431.37000000,1358.92000000,1410.77000000,4826.86054515,coinbase
2026-06-30T00:00:00Z,1410.60000000,1411.35000000,1358.40000000,1375.63000000,5455.08903425,coinbase
2026-07-01T00:00:00Z,1376.52000000,1444.53000000,1360.12000000,1412.83000000,5133.53175257,coinbase
2026-07-02T00:00:00Z,1412.72000000,1504.17000000,1402.34000000,1487.14000000,6288.17946947,coinbase
2026-07-03T00:00:00Z,1487.34000000,1551.37000000,1481.76000000,1536.58000000,2803.40993403,coinbase
2026-07-04T00:00:00Z,1536.73000000,1579.99000000,1524.31000000,1556.83000000,1772.36344488,coinbase
2026-07-05T00:00:00Z,1556.60000000,1580.00000000,1529.14000000,1560.16000000,2203.84736501,coinbase
2026-07-06T00:00:00Z,1560.15000000,1601.10000000,1513.69000000,1571.61000000,4539.58168460,coinbase
2026-07-07T00:00:00Z,1571.83000000,1585.53000000,1536.46000000,1552.95000000,3107.55801797,coinbase
2026-07-08T00:00:00Z,1552.77000000,1563.53000000,1501.56000000,1526.33000000,3495.80448740,coinbase
2026-07-09T00:00:00Z,1526.72000000,1540.32000000,1506.58000000,1525.95000000,2057.22585887,coinbase
2026-07-10T00:00:00Z,1525.87000000,1585.29000000,1519.05000000,1573.68000000,2908.87976130,coinbase
2026-07-11T00:00:00Z,1573.83000000,1603.00000000,1564.49000000,1566.08000000,1522.21527874,coinbase
2026-07-12T00:00:00Z,1565.11000000,1599.79000000,1558.89000000,1581.78000000,1526.07488167,coinbase
2026-07-13T00:00:00Z,1581.99000000,1617.50000000,1535.82000000,1559.53000000,3646.60846486,coinbase
2026-07-14T00:00:00Z,1558.84000000,1659.26000000,1556.50000000,1655.41000000,4768.22378874,coinbase
2026-07-15T00:00:00Z,1655.22000000,1701.98000000,1628.78000000,1671.92000000,3472.68391927,coinbase
2026-07-16T00:00:00Z,1672.12000000,1681.44000000,1622.37000000,1628.25000000,2477.49751285,coinbase
2026-07-17T00:00:00Z,1627.56000000,1633.01000000,1577.00000000,1610.26000000,2591.32005416,coinbase
2026-07-18T00:00:00Z,1610.31000000,1631.68000000,1605.93000000,1628.22000000,960.15179383,coinbase
2026-07-19T00:00:00Z,1628.60000000,1645.00000000,1618.86000000,1636.45000000,1475.98663927,coinbase
2026-07-20T00:00:00Z,1637.11000000,1678.92000000,1610.48000000,1667.41000000,3292.89274720,coinbase
2026-07-21T00:00:00Z,1666.76000000,1708.57000000,1663.52000000,1691.51000000,3058.86458560,coinbase
2026-07-22T00:00:00Z,1692.71000000,1713.90000000,1674.02000000,1694.58000000,3150.39784556,coinbase
2026-07-23T00:00:00Z,1694.11000000,1700.38000000,1641.94000000,1650.41000000,3697.88334827,coinbase
2026-07-24T00:00:00Z,1650.40000000,1674.90000000,1623.00000000,1636.01000000,2867.86116729,coinbase
2026-07-25T00:00:00Z,1635.91000000,1650.18000000,1627.63000000,1648.22000000,1042.26050392,coinbase
2026-07-26T00:00:00Z,1647.90000000,1725.06000000,1647.43000000,1714.55000000,1327.51397393,coinbase
2026-07-27T00:00:00Z,1714.05000000,1736.00000000,1654.59000000,1663.63000000,3840.50185869,coinbase
2026-07-28T00:00:00Z,1664.61000000,1692.14000000,1631.84000000,1686.12000000,3415.92950862,coinbase
2026-07-29T00:00:00Z,1686.83000000,1692.99000000,1632.98000000,1664.33000000,3605.62415032,coinbase
2026-07-30T00:00:00Z,1664.59000000,1682.62000000,1651.39000000,1663.46000000,2375.21709105,coinbase
2026-07-31T00:00:00Z,1664.36000000,1679.63000000,1609.70000000,1614.55000000,3233.05324072,coinbase
2026-08-01T00:00:00Z,1614.35000000,1626.10000000,1580.84000000,1600.36000000,1498.33647127,coinbase
2026-08-02T00:00:00Z,1600.53000000,1642.17000000,1599.06000000,1631.68000000,1446.61333297,coinbase
2026-08-03T00:00:00Z,1631.57000000,1633.04000000,1585.00000000,1614.47000000,2036.85917363,coinbase
2026-08-04T00:00:00Z,1614.16000000,1631.46000000,1604.20000000,1620.39000000,2271.97954315,coinbase
2026-08-05T00:00:00Z,1620.19000000,1666.85000000,1606.00000000,1650.93000000,2992.54112875,coinbase
2026-08-06T00:00:00Z,1650.73000000,1664.20000000,1638.47000000,1650.74000000,2457.32649850,coinbase
2026-08-07T00:00:00Z,1650.15000000,1681.66000000,1643.00000000,1655.58000000,2526.48893552,coinbase
2026-08-08T00:00:00Z,1655.56000000,1666.32000000,1654.47000000,1658.18000000,786.20208001,coinbase
2026-08-09T00:00:00Z,1658.01000000,1675.57000000,1650.00000000,1652.58000000,948.23804210,coinbase
2026-08-10T00:00:00Z,1652.39000000,1670.53000000,1616.91000000,1621.07000000,2483.04560707,coinbase
2026-08-11T00:00:00Z,1620.87000000,1643.12000000,1607.34000000,1629.60000000,1949.00265045,coinbase
2026-08-12T00:00:00Z,1629.21000000,1665.53000000,1624.23000000,1629.21000000,2193.24407204,coinbase
2026-08-13T00:00:00Z,1629.43000000,1646.90000000,1615.77000000,1634.51000000,2040.77764214,coinbase
2026-08-14T00:00:00Z,1634.65000000,1638.36000000,1608.72000000,1625.57000000,1783.57139424,coinbase
2026-08-15T00:00:00Z,1625.92000000,1630.15000000,1621.03000000,1626.72000000,822.84314114,coinbase
2026-08-16T00:00:00Z,1626.73000000,1635.00000000,1614.73000000,1619.66000000,1025.53028357,coinbase
2026-08-17T00:00:00Z,1619.44000000,1654.88000000,1615.91000000,1650.40000000,2160.67078329,coinbase
2026-08-18T00:00:00Z,1651.14000000,1658.71000000,1628.00000000,1656.35000000,2038.11538871,coinbase
2026-08-19T00:00:00Z,1656.06000000,1997.05000000,1643.65000000,1927.89000000,8754.31145089,coinbase
2026-08-20T00:00:00Z,1928.25000000,2021.59000000,1903.00000000,1991.18000000,6247.56230972,coinbase
2026-08-21T00:00:00Z,1991.66000000,2178.09000000,1989.17000000,2152.71000000,6580.45953964,coinbase
2026-08-22T00:00:00Z,2152.55000000,2162.89000000,2012.43000000,2068.64000000,3401.44797091,coinbase
2026-08-23T00:00:00Z,2069.12000000,2126.60000000,2010.15000000,2106.37000000,2457.85547021,coinbase
2026-08-24T00:00:00Z,2106.37000000,2169.98000000,2074.27000000,2128.12000000,4859.84462201,coinbase
2026-08-25T00:00:00Z,2127.59000000,2170.00000000,2068.96000000,2091.37000000,3845.95914978,coinbase
2026-08-26T00:00:00Z,2091.20000000,2158.42000000,2086.31000000,2150.85000000,2815.02709453,coinbase
2026-08-27T00:00:00Z,2148.96000000,2203.62000000,2129.37000000,2155.16000000,2887.03529469,coinbase
2026-08-28T00:00:00Z,2154.09000000,2176.69000000,2074.85000000,2108.21000000,2824.23416726,coinbase
2026-08-29T00:00:00Z,2108.53000000,2125.83000000,2098.08000000,2123.25000000,1312.89528767,coinbase
2026-08-30T00:00:00Z,2122.87000000,2189.00000000,2060.87000000,2086.33000000,1715.18815618,coinbase
2026-08-31T00:00:00Z,2085.97000000,2152.28000000,2072.27000000,2123.08000000,2695.53817861,coinbase
2026-09-01T00:00:00Z,2122.20000000,2140.51000000,2056.47000000,2086.15000000,5313.86632800,coinbase
2026-09-02T00:00:00Z,2086.34000000,2098.58000000,2036.53000000,2063.81000000,2831.68855541,coinbase
2026-09-03T00:00:00Z,2063.96000000,2174.46000000,2044.82000000,2156.33000000,3796.63059314,coinbase
2026-09-04T00:00:00Z,2155.50000000,2191.03000000,2080.28000000,2116.51000000,5233.58385484,coinbase
2026-09-05T00:00:00Z,2116.30000000,2149.12000000,2105.85000000,2137.53000000,998.58241002,coinbase
2026-09-06T00:00:00Z,2137.43000000,2175.00000000,2121.83000000,2165.79000000,1408.50010596,coinbase
2026-09-07T00:00:00Z,2164.83000000,2184.47000000,2121.52000000,2141.31000000,2130.61429408,coinbase
2026-09-08T00:00:00Z,2141.36000000,2156.72000000,2101.00000000,2137.94000000,2668.42804602,coinbase
2026-09-09T00:00:00Z,2138.07000000,2168.98000000,2100.12000000,2122.57000000,2995.27507391,coinbase
2026-09-10T00:00:00Z,2122.77000000,2134.71000000,2073.66000000,2101.12000000,3579.24278772,coinbase
2026-09-11T00:00:00Z,2101.25000000,2300.00000000,2063.82000000,2169.92000000,5584.12017833,coinbase
2026-09-12T00:00:00Z,2168.68000000,2196.77000000,2163.97000000,2178.80000000,1646.59383606,coinbase
2026-09-13T00:00:00Z,2178.66000000,2180.46000000,2123.50000000,2136.70000000,1372.05007566,coinbase
2026-09-14T00:00:00Z,2135.41000000,2263.00000000,2126.47000000,2177.31000000,3500.66806403,coinbase
2026-09-15T00:00:00Z,2177.27000000,2183.53000000,2042.82000000,2077.89000000,4209.58810598,coinbase
2026-09-16T00:00:00Z,2077.69000000,2111.28000000,2051.46000000,2106.55000000,4106.19504114,coinbase
2026-09-17T00:00:00Z,2106.72000000,2159.50000000,2105.06000000,2131.03000000,3046.19260261,coinbase
2026-09-18T00:00:00Z,2131.09000000,2301.99000000,2121.68000000,2271.34000000,4512.90082257,coinbase
2026-09-19T00:00:00Z,2271.51000000,2320.00000000,2263.12000000,2288.85000000,1805.82217323,coinbase
2026-09-20T00:00:00Z,2289.07000000,2306.36000000,2230.36000000,2303.55000000,1828.68159523,coinbase
2026-09-21T00:00:00Z,2304.26000000,2448.15000000,2301.14000000,2421.35000000,4730.40916914,coinbase
2026-09-22T00:00:00Z,2420.44000000,2423.15000000,2366.09000000,2405.58000000,3368.41263630,coinbase
2026-09-23T00:00:00Z,2402.94000000,2439.00000000,2313.52000000,2358.34000000,2844.37050224,coinbase
2026-09-24T00:00:00Z,2360.17000000,2376.05000000,2308.00000000,2362.92000000,2340.97358473,coinbase
2026-09-25T00:00:00Z,2363.30000000,2404.16000000,2343.43000000,2362.69000000,1791.03646465,coinbase
2026-09-26T00:00:00Z,2362.83000000,2368.52000000,2340.03000000,2368.33000000,917.79062173,coinbase
2026-09-27T00:00:00Z,2368.04000000,2392.18000000,2346.20000000,2362.33000000,1169.51191763,coinbase
2026-09-28T00:00:00Z,2363.30000000,2389.02000000,2314.57000000,2363.54000000,1988.76078425,coinbase
2026-09-29T00:00:00Z,2363.23000000,2421.28000000,2332.95000000,2361.01000000,1984.12678404,coinbase
2026-09-30T00:00:00Z,2362.26000000,2408.47000000,2341.00000000,2369.92000000,2612.91180565,coinbase
