timestamp,Open,High,Low,Close,Volume
2014-09-17T00:00:00Z,359.54620361,361.46850586,351.58688354,355.95736694,16389166
2014-09-18T00:00:00Z,355.58840942,355.50540161,319.78945923,328.53936768,26691849
2014-09-19T00:00:00Z,328.27850342,330.93670654,298.92102051,307.76113892,29560103
2014-09-20T00:00:00Z,307.66525269,329.97817993,303.93124390,318.75897217,28736826
2014-09-21T00:00:00Z,318.12051392,321.50451660,306.50219727,310.63244629,20702625
2014-09-22T00:00:00Z,310.84976196,316.46911621,309.17089844,312.95877075,18776342
2014-09-23T00:00:00Z,312.91207886,343.70437622,307.34387207,339.18975830,35102351
2014-09-24T00:00:00Z,339.15863037,339.30755615,327.88226318,331.25000000,23972840
2014-09-25T00:00:00Z,331.21163940,331.44467163,321.22695923,322.67660522,21022658
2014-09-26T00:00:00Z,322.56289673,325.33947754,314.10208130,318.89685059,16922252
2014-09-27T00:00:00Z,318.21163940,320.63000488,313.33544922,315.02917480,11850891
2014-09-28T00:00:00Z,314.99053955,316.20959473,295.21450806,297.57870483,18629822
2014-09-29T00:00:00Z,297.37908936,303.26797485,293.33331299,295.89959717,25610923
2014-09-30T00:00:00Z,296.38900757,309.56213379,294.32769775,306.41748047,27484400
2014-10-01T00:00:00Z,306.79995728,310.22430420,301.89486694,303.94976807,20782347
2014-10-02T00:00:00Z,304.24530029,304.69253540,294.37683105,296.05493164,17189755
2014-10-03T00:00:00Z,296.14096069,299.35406494,285.94406128,287.26486206,24691330
2014-10-04T00:00:00Z,287.56851196,291.24011230,260.39630127,262.77746582,37743907
2014-10-05T00:00:00Z,262.81741333,273.11306763,231.15940857,256.16207886,66582558
2014-10-06T00:00:00Z,256.06536865,274.56961060,241.69995117,261.07650757,62494503
2014-10-07T00:00:00Z,261.47592163,268.81695557,254.43156433,265.50860596,38856342
2014-10-08T00:00:00Z,265.45254517,278.10705566,258.97418213,277.03295898,42964129
2014-10-09T00:00:00Z,276.88226318,301.69165039,272.78128052,287.71655273,65926621
2014-10-10T00:00:00Z,287.44937134,295.28182983,279.75192261,286.36306763,34583954
2014-10-11T00:00:00Z,286.20465088,290.82131958,281.91903687,286.94677734,10569618
2014-10-12T00:00:00Z,287.18991089,300.04193115,282.07192993,299.50866699,13887808
2014-10-13T00:00:00Z,299.01177979,311.91677856,290.88235474,306.92926025,27689780
2014-10-14T00:00:00Z,307.93395996,323.81469727,307.71722412,317.11889648,30449727
2014-10-15T00:00:00Z,317.18612671,318.09173584,304.15115356,307.93527222,19709126
2014-10-16T00:00:00Z,307.73635864,310.76678467,291.34713745,298.80184937,21080997
2014-10-17T00:00:00Z,298.95806885,302.16979980,292.81512451,300.82150269,10661362
2014-10-18T00:00:00Z,300.99240112,309.75778198,297.06906128,306.84484863,8949440
2014-10-19T00:00:00Z,306.69750977,308.80221558,302.93722534,305.62216187,4640334
2014-10-20T00:00:00Z,305.37500000,305.90026855,296.29641724,299.21453857,12832356
2014-10-21T00:00:00Z,298.88314819,308.41723633,297.71264648,304.02377319,11161816
2014-10-22T00:00:00Z,303.74291992,305.48425293,301.24438477,303.10733032,9209161
2014-10-23T00:00:00Z,302.95230103,304.65069580,281.91000366,283.35598755,20916199
2014-10-24T00:00:00Z,283.49356079,287.27035522,279.20419312,282.82952881,12301263
2014-10-25T00:00:00Z,283.03945923,284.02603149,270.62115479,274.08917236,14307419
2014-10-26T00:00:00Z,274.25967407,283.52093506,271.45303345,279.84536743,8893491
2014-10-27T00:00:00Z,279.90295410,282.07644653,275.61376953,277.90032959,10260589
2014-10-28T00:00:00Z,278.07824707,283.27352905,277.52517700,280.77099609,6159912
2014-10-29T00:00:00Z,280.35565186,280.98391724,265.36596680,265.68838501,14403214
2014-10-30T00:00:00Z,265.78182983,278.21533203,265.69818115,273.87768555,23935517
2014-10-31T00:00:00Z,273.64291382,276.11663818,268.91760254,270.13815308,10017087
2014-11-01T00:00:00Z,270.40081787,271.90115356,256.35180664,260.09979248,13316193
2014-11-02T00:00:00Z,260.36010742,262.73553467,256.00927734,260.69274902,6882345
2014-11-03T00:00:00Z,260.43435669,267.60836792,260.19744873,262.23199463,10366264
2014-11-04T00:00:00Z,261.91738892,265.07431030,259.74990845,263.31927490,12473508
2014-11-05T00:00:00Z,263.47143555,275.09130859,263.45046997,272.08944702,15882985
2014-11-06T00:00:00Z,272.06701660,285.20199585,270.50115967,282.18615723,15185814
2014-11-07T00:00:00Z,282.61270142,284.96685791,274.89422607,274.98797607,13519274
2014-11-08T00:00:00Z,274.77835083,278.69580078,274.77835083,277.45584106,6854698
2014-11-09T00:00:00Z,277.36590576,291.71762085,276.46563721,291.54415894,19426645
2014-11-10T00:00:00Z,290.74240112,301.78424072,286.62203979,295.31106567,24507123
2014-11-11T00:00:00Z,294.45230103,298.91320801,292.62670898,294.79275513,12698549
2014-11-12T00:00:00Z,295.02523804,345.40469360,295.09622192,340.78445435,36835787
2014-11-13T00:00:00Z,343.77102661,367.29046631,321.30966187,337.34362793,47261867
2014-11-14T00:00:00Z,335.48507690,336.20852661,308.89379883,317.72061157,23631659
2014-11-15T00:00:00Z,319.18377686,323.87829590,296.30859375,300.40173340,12560898
2014-11-16T00:00:00Z,299.28121948,312.11486816,299.17898560,309.78515625,9508506
2014-11-17T00:00:00Z,310.15814209,328.34307861,303.19012451,311.22106934,33353792
2014-11-18T00:00:00Z,311.52395630,314.90411377,296.41934204,299.39196777,25712177
2014-11-19T00:00:00Z,298.35302734,308.64157104,298.47210693,303.52130127,15099537
2014-11-20T00:00:00Z,303.32351685,304.71801758,284.37829590,285.31335449,20118960
2014-11-21T00:00:00Z,285.34445190,285.25347900,274.36773682,283.21600342,24095980
2014-11-22T00:00:00Z,283.82629395,294.51162720,283.24023438,284.88861084,12328867
2014-11-23T00:00:00Z,285.09442139,299.86657715,285.09442139,297.12472534,12247676
2014-11-24T00:00:00Z,296.61950684,311.23623657,295.79623413,303.14566040,24877423
2014-11-25T00:00:00Z,303.13357544,317.38580322,300.40396118,300.78372192,20388012
2014-11-26T00:00:00Z,301.32144165,302.95822144,292.55920410,294.60171509,14876599
2014-11-27T00:00:00Z,296.30679321,299.02615356,295.57144165,296.70922852,7021454
2014-11-28T00:00:00Z,296.47161865,307.37695312,287.89251709,302.26995850,18425004
2014-11-29T00:00:00Z,302.03308105,311.22613525,298.81564331,301.50231934,12345913
2014-11-30T00:00:00Z,301.51757812,307.15191650,299.75027466,304.01849365,7394001
2014-12-01T00:00:00Z,304.18093872,308.23651123,302.73992920,304.17468262,9434552
2014-12-02T00:00:00Z,304.17871094,308.83633423,303.21215820,307.83483887,9981513
2014-12-03T00:00:00Z,308.16339111,309.29101562,303.33523560,304.56430054,10834159
2014-12-04T00:00:00Z,305.13928223,307.74951172,296.86712646,298.45285034,11732558
2014-12-05T00:00:00Z,298.32202148,308.66259766,295.29791260,306.75946045,12357998
2014-12-06T00:00:00Z,306.68048096,308.05697632,301.94952393,305.07528687,5705592
2014-12-07T00:00:00Z,305.11682129,306.32693481,303.84616089,305.12893677,5280770
2014-12-08T00:00:00Z,305.02319336,305.96337891,293.88174438,293.90042114,15347328
2014-12-09T00:00:00Z,293.88906860,295.05645752,278.20870972,284.34567261,26572616
2014-12-10T00:00:00Z,284.33438110,284.57077026,277.55828857,277.55828857,13164276
2014-12-11T00:00:00Z,275.93557739,290.40985107,271.92407227,282.82580566,26169047
2014-12-12T00:00:00Z,283.08966064,283.49771118,281.79989624,282.93899536,13635474
2014-12-13T00:00:00Z,282.80981445,282.80981445,278.16052246,278.79293823,9370706
2014-12-14T00:00:00Z,278.27206421,283.15115356,277.22149658,282.14071655,9961646
2014-12-15T00:00:00Z,281.92327881,282.35552979,277.21127319,277.63082886,13879090
2014-12-16T00:00:00Z,277.89453125,277.97702026,261.48226929,261.48226929,24676127
2014-12-17T00:00:00Z,261.31677246,266.99234009,253.95004272,259.20077515,30451406
2014-12-18T00:00:00Z,259.20806885,262.17623901,247.08193970,253.41470337,31879069
2014-12-19T00:00:00Z,253.23811340,260.53738403,249.75088501,259.95172119,19484011
2014-12-20T00:00:00Z,259.76852417,270.16030884,258.48040771,269.85848999,17057905
2014-12-21T00:00:00Z,269.52072144,269.59106445,260.81869507,262.46972656,12440772
2014-12-22T00:00:00Z,262.65377808,272.68179321,261.80651855,271.57025146,18259635
2014-12-23T00:00:00Z,271.67742920,276.36996460,269.50283813,274.84759521,13615543
2014-12-24T00:00:00Z,274.69400024,274.89611816,263.40737915,264.58901978,12380886
2014-12-25T00:00:00Z,264.38555908,264.67886353,259.39767456,261.33203125,8096699
2014-12-26T00:00:00Z,261.44998169,272.12744141,259.16918945,269.34210205,13478850
2014-12-27T00:00:00Z,269.06201172,270.15277100,256.78030396,259.43572998,12472444
2014-12-28T00:00:00Z,259.67968750,262.85668945,255.50555420,260.71582031,9596154
2014-12-29T00:00:00Z,261.09548950,262.90182495,257.02163696,257.27804565,10123015
2014-12-30T00:00:00Z,257.31835938,259.40093994,254.46041870,255.56130981,10303726
2014-12-31T00:00:00Z,255.70687866,264.70980835,256.45751953,264.70980835,11526868
2015-01-01T00:00:00Z,264.90988159,264.90988159,259.87170410,260.01074219,6649470
2015-01-02T00:00:00Z,259.87011719,263.17721558,259.89639282,262.54855347,6551088
2015-01-03T00:00:00Z,262.39355469,262.64688110,234.25451660,234.25451660,27547629
2015-01-04T00:00:00Z,234.30786133,239.37829590,214.69454956,221.15771484,46567135
2015-01-05T00:00:00Z,221.90190125,232.74604797,221.62362671,229.93550110,36829019
2015-01-06T00:00:00Z,230.05026245,242.35398865,228.94468689,241.10278320,19583572
2015-01-07T00:00:00Z,241.00842285,252.51795959,238.52293396,248.72148132,21013013
2015-01-08T00:00:00Z,248.55079651,248.46681213,239.37477112,240.30955505,16947248
2015-01-09T00:00:00Z,239.49028015,245.83180237,237.63912964,245.19418335,15804289
2015-01-10T00:00:00Z,242.57261658,243.26832581,231.31205750,232.01281738,12887791
2015-01-11T00:00:00Z,231.85411072,236.10098267,223.62385559,223.84564209,15336030
2015-01-12T00:00:00Z,224.25514221,229.94003296,224.80293274,226.35110474,15958330
2015-01-13T00:00:00Z,226.01133728,226.85354614,186.72497559,191.81401062,61863188
2015-01-14T00:00:00Z,190.14352417,190.11123657,145.48307800,151.15251160,82864045
2015-01-15T00:00:00Z,150.12899780,195.73358154,150.15449524,180.37132263,70288382
2015-01-16T00:00:00Z,179.70603943,191.01025391,173.11178589,179.90576172,33216046
2015-01-17T00:00:00Z,179.67839050,183.04747009,168.47497559,172.26593018,20290222
2015-01-18T00:00:00Z,172.94891357,189.06803894,168.15596008,181.96989441,26027425
2015-01-19T00:00:00Z,182.94920349,186.68963623,179.12388611,185.32084656,16093065
2015-01-20T00:00:00Z,183.63549805,185.77679443,176.91703796,183.05180359,20834286
2015-01-21T00:00:00Z,183.10638428,196.14913940,182.22068787,195.39872742,25770410
2015-01-22T00:00:00Z,195.76472473,204.30911255,195.28590393,205.69842529,29562528
2015-01-23T00:00:00Z,205.79624939,209.32792664,198.14869690,207.79780579,21969930
2015-01-24T00:00:00Z,207.63807678,221.47766113,205.24850464,221.15374756,22113411
2015-01-25T00:00:00Z,220.71205139,228.99183655,217.64233398,227.71316528,30140639
2015-01-26T00:00:00Z,228.03715515,275.30166626,227.38409424,243.10871887,94936439
2015-01-27T00:00:00Z,242.83668518,245.00178528,222.01329041,231.76901245,39056122
2015-01-28T00:00:00Z,231.65992737,234.72920227,201.29975891,207.31631470,39308872
2015-01-29T00:00:00Z,206.81379700,211.61878967,195.25123596,206.02876282,28421916
2015-01-30T00:00:00Z,205.37498474,214.15431213,200.10543823,200.62466431,23573631
2015-01-31T00:00:00Z,200.63883972,206.89703369,191.66136169,192.68475342,20687755
2015-02-01T00:00:00Z,192.15577698,204.71534729,187.85662842,200.73582458,25761475
2015-02-02T00:00:00Z,200.31042480,213.53936768,196.93879700,210.11553955,26999559
2015-02-03T00:00:00Z,209.43199158,216.75949097,195.49159241,198.41802979,35606513
2015-02-04T00:00:00Z,198.63017273,201.46948242,192.90962219,200.47100830,23501502
2015-02-05T00:00:00Z,201.18858337,209.91232300,187.92666626,189.28594971,19630689
2015-02-06T00:00:00Z,189.12205505,203.07461548,189.09663391,196.34806824,21585954
2015-02-07T00:00:00Z,196.67225647,203.44433594,196.64929199,201.19610596,19084982
2015-02-08T00:00:00Z,201.14222717,202.68374634,195.29769897,197.50000000,15156648
2015-02-09T00:00:00Z,197.47967529,197.54542542,191.89936829,194.39195251,24544114
2015-02-10T00:00:00Z,194.54385376,196.09849548,190.03794861,194.23838806,18656211
2015-02-11T00:00:00Z,194.14384460,197.23316956,192.98583984,193.81465149,15210806
2015-02-12T00:00:00Z,193.83499146,194.82595825,192.10275269,194.51277161,13337602
2015-02-13T00:00:00Z,194.69256592,210.66111755,194.12351990,206.82333374,37551085
2015-02-14T00:00:00Z,206.91206360,228.24212646,206.91206360,226.05729675,43690152
2015-02-15T00:00:00Z,226.22067261,233.34005737,199.47784424,206.04106140,49620426
2015-02-16T00:00:00Z,206.04106140,210.05085754,200.75561523,206.35633850,24844423
2015-02-17T00:00:00Z,205.98481750,215.19569397,204.88049316,213.65550232,23998509
2015-02-18T00:00:00Z,213.80459595,214.18011475,203.75338745,207.33988953,22109844
2015-02-19T00:00:00Z,207.41358948,213.61972046,206.27966309,211.47949219,16080356
2015-02-20T00:00:00Z,211.45133972,218.51875305,210.46525574,214.25471497,20984971
2015-02-21T00:00:00Z,214.23097229,224.39796448,213.73176575,214.91825867,10796449
2015-02-22T00:00:00Z,214.92706299,216.55123901,205.27650452,207.37939453,17160559
2015-02-23T00:00:00Z,207.39520264,211.79235840,205.70051575,210.81185913,14472291
2015-02-24T00:00:00Z,210.90539551,211.77700806,208.70661926,210.54325867,12523503
2015-02-25T00:00:00Z,210.67994690,210.94657898,207.29624939,209.00369263,10118113
2015-02-26T00:00:00Z,208.88664246,209.21493530,206.17585754,211.07579041,12159093
2015-02-27T00:00:00Z,211.08473206,228.92964172,211.02821350,226.75361633,39319189
2015-02-28T00:00:00Z,226.47846985,227.52546692,222.86849976,227.14221191,12461408
2015-03-01T00:00:00Z,227.16009521,234.42036438,219.70072937,233.15591431,22592921
2015-03-02T00:00:00Z,233.29479980,247.18286133,231.23533630,246.68457031,36210917
2015-03-03T00:00:00Z,246.12615967,255.72296143,240.22306824,251.92451477,45127258
2015-03-04T00:00:00Z,252.18206787,256.49761963,242.10023499,246.53968811,37359393
2015-03-05T00:00:00Z,246.22100830,255.38760376,240.41497803,250.38804626,37445512
2015-03-06T00:00:00Z,249.86401367,251.77580261,246.25172424,251.51986694,26670571
2015-03-07T00:00:00Z,251.12423706,256.25195312,249.13122559,254.78279114,16440007
2015-03-08T00:00:00Z,254.94145203,256.25564575,251.37416077,253.00074768,20350332
2015-03-09T00:00:00Z,253.42309570,269.72076416,252.62220764,267.31307983,54622669
2015-03-10T00:00:00Z,267.54846191,279.03283691,267.48800659,272.49462891,63295788
2015-03-11T00:00:00Z,272.27514648,281.70028687,272.08764648,280.98123169,32199374
2015-03-12T00:00:00Z,280.74234009,280.11315918,274.92761230,277.01300049,30665537
2015-03-13T00:00:00Z,276.79089355,277.54028320,271.95672607,271.95672607,29948056
2015-03-14T00:00:00Z,271.10369873,272.91461182,267.80023193,268.66662598,21551944
2015-03-15T00:00:00Z,268.22814941,273.22302246,267.81930542,273.19757080,11418582
2015-03-16T00:00:00Z,272.52218628,278.14639282,272.39224243,274.92242432,20355818
2015-03-17T00:00:00Z,274.92431641,276.05041504,268.37863159,269.47146606,20289948
2015-03-18T00:00:00Z,269.05804443,269.31195068,230.67761230,236.28561401,52556467
2015-03-19T00:00:00Z,235.89933777,248.53648376,229.15760803,244.63529968,49439340
2015-03-20T00:00:00Z,244.66152954,247.79939270,242.41136169,241.91218567,17057948
2015-03-21T00:00:00Z,241.81517029,242.32533264,236.27540588,240.31884766,15831885
2015-03-22T00:00:00Z,240.21902466,249.02789307,239.91682434,247.53810120,17032887
2015-03-23T00:00:00Z,247.47804260,254.40090942,238.90562439,243.75398254,20846112
2015-03-24T00:00:00Z,243.60504150,244.17283630,223.79010010,225.27517700,36758118
2015-03-25T00:00:00Z,226.99688721,226.82505798,216.41046143,224.59132385,32719303
2015-03-26T00:00:00Z,224.66337585,234.08245850,223.12773132,228.36717224,23642378
2015-03-27T00:00:00Z,228.39840698,236.34364319,225.44175720,226.90274048,15867457
2015-03-28T00:00:00Z,226.85313416,233.49407959,226.85313416,232.20170593,14733995
2015-03-29T00:00:00Z,232.14843750,232.51493835,221.30847168,223.04080200,19940636
2015-03-30T00:00:00Z,223.19334412,230.54481506,219.96690369,228.59808350,21250092
2015-03-31T00:00:00Z,228.53158569,229.94360352,226.03500366,227.39665222,21109870
2015-04-01T00:00:00Z,227.39572144,229.92848206,224.12640381,229.61463928,21243570
2015-04-02T00:00:00Z,229.44470215,233.79364014,226.73318481,232.77670288,24172049
2015-04-03T00:00:00Z,232.84019470,235.20393372,231.50643921,231.70736694,21088375
2015-04-04T00:00:00Z,231.67912292,232.56011963,228.77186584,231.13793945,11382562
2015-04-05T00:00:00Z,231.19624329,236.76202393,229.53900146,237.03656006,17872658
2015-04-06T00:00:00Z,237.14845276,238.45341492,231.85336304,233.68884277,18324522
2015-04-07T00:00:00Z,233.48944092,233.93232727,230.51367188,233.99259949,17067837
2015-04-08T00:00:00Z,233.88539124,233.50842285,226.46049500,227.25097656,27904285
2015-04-09T00:00:00Z,226.99963379,228.62796021,222.82203674,228.50337219,20295855
2015-04-10T00:00:00Z,228.52024841,228.56312561,219.61599731,222.66741943,27242030
2015-04-11T00:00:00Z,222.61460876,225.93566895,220.87814331,223.12016296,15435955
2015-04-12T00:00:00Z,223.10414124,224.22938538,220.23674011,222.65982056,11680087
2015-04-13T00:00:00Z,222.46841431,223.67129517,210.08422852,212.45578003,29497493
2015-04-14T00:00:00Z,212.61848450,212.44192505,203.06298828,205.87974548,29797088
2015-04-15T00:00:00Z,205.79896545,209.67961121,205.69050598,209.67961121,21135363
2015-04-16T00:00:00Z,209.75831604,213.44981384,209.66012573,212.48768616,23059775
2015-04-17T00:00:00Z,212.48953247,212.34323120,205.99777222,206.27673340,18907728
2015-04-18T00:00:00Z,206.24987793,207.60388184,204.42018127,206.71540833,11975012
2015-04-19T00:00:00Z,206.80795288,209.48912048,205.52033997,205.99667358,13901073
2015-04-20T00:00:00Z,206.00776672,210.87292480,205.40113831,209.01275635,17088211
2015-04-21T00:00:00Z,209.00715637,219.11985779,208.55508423,219.11985779,23263481
2015-04-22T00:00:00Z,219.43000793,221.76454163,217.83541870,218.38664246,22239952
2015-04-23T00:00:00Z,218.27192688,218.65464783,217.92262268,218.70329285,15756567
2015-04-24T00:00:00Z,218.24824524,218.67942810,211.41320801,212.60159302,19717503
2015-04-25T00:00:00Z,212.57124329,213.79022217,208.06858826,208.11729431,12830667
2015-04-26T00:00:00Z,208.13569641,208.62658691,197.53079224,201.96041870,26639393
2015-04-27T00:00:00Z,201.95950317,214.35592651,201.38832092,210.83769226,35470345
2015-04-28T00:00:00Z,210.54620361,211.04928589,203.84629822,205.94055176,19576183
2015-04-29T00:00:00Z,205.69982910,206.96444702,202.98899841,203.22923279,17043020
2015-04-30T00:00:00Z,203.12573242,213.51426697,202.36822510,210.65567017,30168243
2015-05-01T00:00:00Z,210.47189331,212.71675110,207.23188782,207.23188782,16800875
2015-05-02T00:00:00Z,207.46585083,210.48933411,207.46585083,209.77764893,11193410
2015-05-03T00:00:00Z,209.73301697,217.19796753,209.02133179,214.85475159,16531778
2015-05-04T00:00:00Z,214.85295105,217.30073547,213.26338196,214.42361450,19039562
2015-05-05T00:00:00Z,214.27470398,214.66749573,208.73797607,211.21835327,21405403
2015-05-06T00:00:00Z,211.33285522,211.45948792,202.12591553,202.66537476,26095608
2015-05-07T00:00:00Z,202.55953979,212.19825745,201.36816406,211.07612610,25848808
2015-05-08T00:00:00Z,210.96051025,219.32051086,210.73313904,217.79316711,24511476
2015-05-09T00:00:00Z,217.70919800,221.31285095,214.02072144,215.97927856,17674824
2015-05-10T00:00:00Z,215.88729858,217.97624207,213.31517029,214.64582825,13415900
2015-05-11T00:00:00Z,214.64849854,218.86032104,214.84114075,217.27949524,18745895
2015-05-12T00:00:00Z,217.26783752,217.86956787,215.41270447,214.95230103,17190514
2015-05-13T00:00:00Z,215.20727539,215.28620911,207.10635376,208.35345459,23957779
2015-05-14T00:00:00Z,208.20979309,209.05406189,205.18717957,207.83245850,21415526
2015-05-15T00:00:00Z,207.85527039,209.10229492,206.78979492,207.49716187,14260239
2015-05-16T00:00:00Z,207.53121948,207.57751465,205.47987366,206.22915649,9684482
2015-05-17T00:00:00Z,206.10426331,207.86393738,206.10426331,206.94049072,9730228
2015-05-18T00:00:00Z,207.01477051,207.51466370,205.48042297,205.92527771,14822277
2015-05-19T00:00:00Z,205.84489441,209.43739319,207.96357727,208.19226074,12783323
2015-05-20T00:00:00Z,208.14109802,211.61677551,209.05499268,210.80804443,13962166
2015-05-21T00:00:00Z,210.80624390,212.50517273,210.18876648,211.88800049,13603043
2015-05-22T00:00:00Z,211.86729431,219.02290344,210.64611816,218.20063782,24514753
2015-05-23T00:00:00Z,218.14434814,218.81524658,216.69631958,216.86064148,13259192
2015-05-24T00:00:00Z,216.95506287,219.76023865,216.80526733,219.22755432,10470385
2015-05-25T00:00:00Z,219.20390320,219.07015991,215.59492493,216.18344116,13150894
2015-05-26T00:00:00Z,216.17797852,218.49046326,216.25103760,217.83738708,15089573
2015-05-27T00:00:00Z,217.79054260,218.71139526,217.35078430,217.77075195,17287996
2015-05-28T00:00:00Z,217.74688721,217.29008484,216.61509705,216.61314392,12618248
2015-05-29T00:00:00Z,216.58485413,216.67761230,215.37780762,215.79684448,13475016
2015-05-30T00:00:00Z,215.79321289,215.79412842,211.20051575,212.38281250,12832074
2015-05-31T00:00:00Z,212.19168091,212.29817200,209.34063721,210.10404968,13445418
2015-06-01T00:00:00Z,210.14329529,212.40534973,202.63346863,204.12599182,23890212
2015-06-02T00:00:00Z,204.09669495,203.52000427,203.40101624,202.56840515,18353817
2015-06-03T00:00:00Z,202.50828552,201.74237061,200.81607056,200.61639404,15767297
2015-06-04T00:00:00Z,200.52580261,201.06575012,200.15544128,200.18205261,13143048
2015-06-05T00:00:00Z,200.03034973,203.20863342,197.92390442,202.45881653,16251013
2015-06-06T00:00:00Z,202.50653076,203.14912415,201.94311523,203.05912781,10018450
2015-06-07T00:00:00Z,203.03842163,203.57662964,200.80447388,200.75752258,11996397
2015-06-08T00:00:00Z,200.75572205,203.31738281,200.71969604,202.59709167,20729207
2015-06-09T00:00:00Z,202.64053345,204.40216064,201.54655457,202.84095764,25109015
2015-06-10T00:00:00Z,202.79400635,203.74357605,201.92170715,202.31938171,14063843
2015-06-11T00:00:00Z,202.36537170,204.37255859,202.46658325,204.27301025,12819920
2015-06-12T00:00:00Z,204.27301025,204.91043091,203.74322510,204.10188293,12440273
2015-06-13T00:00:00Z,204.04685974,206.47142029,203.41676331,206.24955750,11808040
2015-06-14T00:00:00Z,206.28504944,208.42918396,205.89634705,208.09320068,10840150
2015-06-15T00:00:00Z,207.98538208,211.01588440,207.94833374,210.07983398,17663532
2015-06-16T00:00:00Z,210.02838135,224.04948425,209.45799255,223.23605347,37024646
2015-06-17T00:00:00Z,223.17198181,228.11100769,219.03137207,219.42082214,38604348
2015-06-18T00:00:00Z,219.54757690,221.05041504,214.82489014,218.98426819,27244921
2015-06-19T00:00:00Z,219.01591492,221.86793518,214.69572449,215.41699219,21105504
2015-06-20T00:00:00Z,215.35006714,216.49317932,211.91281128,215.95068359,18148921
2015-06-21T00:00:00Z,215.85205078,215.96124268,213.11189270,214.72053528,9330957
2015-06-22T00:00:00Z,214.74253845,218.60241699,215.02955627,217.74662781,15597725
2015-06-23T00:00:00Z,217.69108582,219.47462463,217.41304016,218.62896729,13521299
2015-06-24T00:00:00Z,218.61642456,218.63009644,214.64970398,214.64970398,15479607
2015-06-25T00:00:00Z,214.51583862,217.28012085,214.45841980,216.74610901,14401982
2015-06-26T00:00:00Z,216.57203674,218.33482361,216.73664856,218.17643738,12524407
2015-06-27T00:00:00Z,218.13613892,225.11331177,217.74922180,224.80072021,18350739
2015-06-28T00:00:00Z,224.76936340,224.96372986,224.89910889,226.90997314,13794059
2015-06-29T00:00:00Z,226.64570618,229.35253906,225.75695801,229.21444702,30978957
2015-06-30T00:00:00Z,229.18948364,240.26101685,228.72743225,236.29928589,40001617
2015-07-01T00:00:00Z,236.54450989,238.10002136,229.86788940,234.36430359,24494608
2015-07-02T00:00:00Z,234.30177307,236.36372375,229.18109131,230.43305969,19444154
2015-07-03T00:00:00Z,230.47546387,231.83064270,228.34175110,230.68394470,17129050
2015-07-04T00:00:00Z,230.82342529,235.29248047,228.76170349,234.77861023,14057235
2015-07-05T00:00:00Z,234.70571899,250.23336792,232.81227112,247.32853699,40163817
2015-07-06T00:00:00Z,246.59632874,250.26792908,242.39131165,243.55422974,44500091
2015-07-07T00:00:00Z,244.39889526,245.95812988,241.98831177,241.87443542,26219880
2015-07-08T00:00:00Z,241.66999817,247.30114746,240.72291565,244.63366699,33408799
2015-07-09T00:00:00Z,244.67160034,246.32325745,241.11763000,243.38093567,36432110
2015-07-10T00:00:00Z,243.31585693,264.61062622,242.86412048,255.25849915,89947137
2015-07-11T00:00:00Z,255.24595642,267.45452881,254.03637695,262.62429810,36833527
2015-07-12T00:00:00Z,262.64672852,281.68981934,262.07778931,279.35568237,50687455
2015-07-13T00:00:00Z,279.31973267,279.22772217,253.78034973,265.96301270,56510245
2015-07-14T00:00:00Z,265.94482422,269.02890015,261.10220337,261.23590088,26106143
2015-07-15T00:00:00Z,261.76391602,266.22604370,260.56155396,261.36523438,25134053
2015-07-16T00:00:00Z,261.55996704,266.26098633,252.72242737,255.57301331,45476151
2015-07-17T00:00:00Z,255.57485962,258.72796631,249.60363770,258.12503052,25483883
2015-07-18T00:00:00Z,257.99481201,260.94671631,253.14030457,253.90321350,23263231
2015-07-19T00:00:00Z,253.77943420,254.61347961,251.69760132,252.66784668,14158740
2015-07-20T00:00:00Z,252.56163025,257.57638550,252.08717346,257.57638550,20968886
2015-07-21T00:00:00Z,257.48498535,259.35748291,251.91531372,252.24783325,20970005
2015-07-22T00:00:00Z,252.08688354,255.11392212,251.08071899,253.79655457,17751350
2015-07-23T00:00:00Z,253.90551758,254.00584412,250.78770447,251.29632568,16869640
2015-07-24T00:00:00Z,251.25625610,263.50823975,250.54978943,262.35711670,33854569
2015-07-25T00:00:00Z,262.25335693,264.59136963,260.28576660,262.73843384,18804332
2015-07-26T00:00:00Z,262.68658447,266.70184326,261.83654785,266.75720215,14612012
2015-07-27T00:00:00Z,266.71438599,267.99926758,259.52511597,264.81240845,27590188
2015-07-28T00:00:00Z,264.82052612,267.34768677,265.99856567,266.11260986,23005785
2015-07-29T00:00:00Z,266.16415405,266.16302490,261.02957153,263.74316406,22470492
2015-07-30T00:00:00Z,263.29962158,264.64108276,261.13357544,263.02401733,19778590
2015-07-31T00:00:00Z,263.00027466,264.17901611,257.94262695,259.10247803,21508374
2015-08-01T00:00:00Z,259.13525391,259.35919189,253.15127563,256.32714844,17290188
2015-08-02T00:00:00Z,255.27853394,257.91143799,252.62060547,257.74191284,16162517
2015-08-03T00:00:00Z,257.91702271,260.72793579,255.10514832,256.82830811,19611050
2015-08-04T00:00:00Z,256.82647705,262.17196655,256.80303955,262.10070801,20132972
2015-08-05T00:00:00Z,261.75976562,262.81967163,259.00625610,258.53616333,18460974
2015-08-06T00:00:00Z,258.55819702,258.46337891,254.71455383,255.08378601,17207307
2015-08-07T00:00:00Z,255.23394775,255.76210022,253.12876892,254.84002686,38724638
2015-08-08T00:00:00Z,254.98313904,255.15267944,237.63557434,237.89718628,53352475
2015-08-09T00:00:00Z,238.00564575,243.37161255,237.41499329,241.95236206,21713764
2015-08-10T00:00:00Z,242.31288147,243.50903320,239.72613525,240.14346313,19049669
2015-08-11T00:00:00Z,240.02725220,244.89265442,240.67619324,244.89265442,23035866
2015-08-12T00:00:00Z,245.08467102,244.77572632,238.08879089,238.81657410,24041062
2015-08-13T00:00:00Z,238.64355469,238.45230103,236.70838928,236.69444275,24814466
2015-08-14T00:00:00Z,236.74104309,240.70014954,234.65673828,239.20050049,24391105
2015-08-15T00:00:00Z,239.06454468,240.08912659,235.25343323,235.48301697,17395426
2015-08-16T00:00:00Z,235.76663208,236.28343201,231.42251587,233.03613281,26788966
2015-08-17T00:00:00Z,233.02081299,234.81611633,231.38679504,232.97752380,19523074
2015-08-18T00:00:00Z,232.93235779,232.99287415,191.40278625,191.40278625,38218353
2015-08-19T00:00:00Z,204.63456726,215.10282898,200.20310974,203.92587280,54758186
2015-08-20T00:00:00Z,204.11929321,212.61645508,203.97248840,209.51660156,28732307
2015-08-21T00:00:00Z,209.52105713,210.23654175,203.91059875,204.15115356,20342170
2015-08-22T00:00:00Z,204.23280334,206.24736023,195.49156189,202.23841858,20370348
2015-08-23T00:00:00Z,202.22613525,204.27053833,198.01615906,200.57051086,16180204
2015-08-24T00:00:00Z,200.52038574,200.56176758,181.66694641,181.77461243,51140501
2015-08-25T00:00:00Z,181.40586853,197.02359009,172.36741638,191.83604431,52881925
2015-08-26T00:00:00Z,192.24031067,202.70320129,191.16589355,199.21577454,28059280
2015-08-27T00:00:00Z,199.40896606,203.18405151,198.98942566,199.97241211,19488790
2015-08-28T00:00:00Z,199.91192627,209.94198608,196.55337524,207.01019287,28034174
2015-08-29T00:00:00Z,207.14706421,208.64376831,203.37269592,205.56449890,15335928
2015-08-30T00:00:00Z,205.66738892,207.61137390,202.40382385,204.05049133,17315672
2015-08-31T00:00:00Z,204.36535645,206.64230347,201.45799255,204.96792603,18452156
2015-09-01T00:00:00Z,205.14611816,205.67158508,201.42057800,201.96635437,18216202
2015-09-02T00:00:00Z,201.88313293,205.06669617,200.82913208,204.51698303,16733922
2015-09-03T00:00:00Z,204.55267334,204.73027039,201.98449707,204.26452637,15718396
2015-09-04T00:00:00Z,204.29328918,207.02949524,203.98077393,206.48973083,18795302
2015-09-05T00:00:00Z,206.40097046,211.73048401,205.72311401,210.72267151,18534385
2015-09-06T00:00:00Z,210.58908081,217.79969788,210.41961670,215.08384705,22844319
2015-09-07T00:00:00Z,215.16815186,216.96029663,214.15806580,214.95518494,18992830
2015-09-08T00:00:00Z,214.95428467,220.31283569,214.68827820,217.40919495,23988577
2015-09-09T00:00:00Z,217.23783875,218.85386658,213.36892700,212.34664917,21073199
2015-09-10T00:00:00Z,212.49642944,215.07531738,210.09623718,211.37831116,18804733
2015-09-11T00:00:00Z,211.24711609,213.55619812,211.26583862,211.80928040,16958980
2015-09-12T00:00:00Z,211.58697510,211.82426453,207.08715820,207.50617981,15845625
2015-09-13T00:00:00Z,207.51765442,208.12896729,202.17932129,203.25543213,16293801
2015-09-14T00:00:00Z,203.34097290,205.84484863,200.98835754,203.98336792,18570620
2015-09-15T00:00:00Z,203.84895325,230.03639221,203.92369080,204.38764954,17019702
2015-09-16T00:00:00Z,204.33972168,204.81442261,202.69363403,202.95092773,17845677
2015-09-17T00:00:00Z,202.93763733,203.59385681,202.64317322,201.57003784,16608543
2015-09-18T00:00:00Z,204.82501221,204.56790161,203.38558960,206.00849915,17899195
2015-09-19T00:00:00Z,205.90502930,206.21186829,204.34078979,204.69802856,11241135
2015-09-20T00:00:00Z,204.61491394,205.46910095,204.18251038,204.82991028,12796510
2015-09-21T00:00:00Z,204.83433533,204.77990723,202.50401306,202.99008179,17590775
2015-09-22T00:00:00Z,202.88638306,207.80291748,201.30287170,207.42759705,22494423
2015-09-23T00:00:00Z,207.71362305,208.46597290,205.65299988,205.88555908,15426106
2015-09-24T00:00:00Z,205.95262146,210.70190430,205.91470337,209.79426575,22450845
2015-09-25T00:00:00Z,209.64486694,213.09190369,209.26301575,210.17518616,19988917
2015-09-26T00:00:00Z,210.11441040,210.40669250,208.57884216,209.45655823,12266804
2015-09-27T00:00:00Z,209.27691650,209.62281799,207.77191162,207.87443542,12664017
2015-09-28T00:00:00Z,207.94497681,213.14364624,207.43017578,213.00614929,22012114
2015-09-29T00:00:00Z,212.89392090,213.23315430,210.59358215,210.36973572,20168252
2015-09-30T00:00:00Z,210.32797241,211.18769836,210.08291626,211.35284424,17677053
2015-10-01T00:00:00Z,211.30270386,212.93534851,211.35270691,212.28686523,18309920
2015-10-02T00:00:00Z,212.03218079,213.72726440,210.01509094,211.71752930,17557013
2015-10-03T00:00:00Z,211.63632202,213.52159119,211.40614319,212.99963379,14706192
2015-10-04T00:00:00Z,212.82209778,213.21199036,212.23797607,212.38990784,11587627
2015-10-05T00:00:00Z,212.29006958,214.72352600,210.52935791,214.72352600,20844931
2015-10-06T00:00:00Z,214.70655823,219.20550537,214.88679504,218.39265442,24438715
2015-10-07T00:00:00Z,218.48760986,218.88287354,215.89979553,216.24154663,20469206
2015-10-08T00:00:00Z,216.33587646,216.95771790,214.27976990,214.75140381,16409909
2015-10-09T00:00:00Z,214.92333984,214.93267822,214.64715576,214.78471375,15279651
2015-10-10T00:00:00Z,214.61654663,216.00686646,214.03012085,215.67402649,14011359
2015-10-11T00:00:00Z,215.49880981,217.62432861,214.97930908,217.35879517,14804945
2015-10-12T00:00:00Z,217.20481873,217.59936523,215.56092834,216.11135864,15318738
2015-10-13T00:00:00Z,216.01620483,219.85238647,214.68821716,219.19352722,24772468
2015-10-14T00:00:00Z,219.18035889,221.74499512,218.58523560,219.65568542,23938808
2015-10-15T00:00:00Z,219.75854492,224.35095215,219.78201294,223.77474976,22194017
2015-10-16T00:00:00Z,223.75363159,233.73881531,223.40840149,231.70471191,31645218
2015-10-17T00:00:00Z,231.59718323,241.14411926,231.26223755,238.55444336,38078096
2015-10-18T00:00:00Z,238.78977966,239.46055603,229.86073303,230.38038635,19753720
2015-10-19T00:00:00Z,230.57232666,233.15725708,229.50834656,232.59492493,22301607
2015-10-20T00:00:00Z,232.71409607,238.81050110,232.24545288,237.37051392,27210888
2015-10-21T00:00:00Z,237.23220825,238.52183533,232.41630554,234.72497559,22599877
2015-10-22T00:00:00Z,234.92242432,244.33154297,234.56285095,247.31318665,34123285
2015-10-23T00:00:00Z,246.97561646,250.38992310,246.92453003,250.97213745,26724607
2015-10-24T00:00:00Z,250.97938538,255.70118713,250.97938538,255.65397644,23547608
2015-10-25T00:00:00Z,255.46429443,266.91384888,255.46429443,257.49295044,41496868
2015-10-26T00:00:00Z,257.44577026,258.02658081,254.22331238,258.02658081,29039342
2015-10-27T00:00:00Z,257.91897583,268.13796997,257.78582764,266.32943726,42001450
2015-10-28T00:00:00Z,266.25238037,276.37225342,266.22824097,278.90313721,46519044
2015-10-29T00:00:00Z,278.63394165,290.06292725,276.44531250,285.66033936,58702011
2015-10-30T00:00:00Z,285.74041748,303.98345947,285.84176636,298.03289795,71147556
2015-10-31T00:00:00Z,298.48446655,302.35961914,280.98400879,285.44973755,44156006
2015-11-01T00:00:00Z,286.21206665,297.18847656,283.37362671,295.25585938,33570223
2015-11-02T00:00:00Z,295.71945190,331.72323608,293.21328735,327.96603394,92543358
2015-11-03T00:00:00Z,328.58709717,381.67868042,324.89733887,368.08120728,188104015
2015-11-04T00:00:00Z,368.30657959,454.35226440,350.25128174,378.93655396,242979468
2015-11-05T00:00:00Z,375.72689819,411.85333252,344.18908691,355.07214355,139532205
2015-11-06T00:00:00Z,356.62805176,368.80276489,325.39062500,348.60360718,114212437
2015-11-07T00:00:00Z,348.41650391,363.60641479,346.70733643,359.78588867,52713740
2015-11-08T00:00:00Z,357.73413086,362.96313477,343.64807129,348.03134155,48301268
2015-11-09T00:00:00Z,348.92245483,357.36761475,337.73382568,353.43154907,63411469
2015-11-10T00:00:00Z,353.17782593,354.71261597,306.86059570,313.78701782,89247162
2015-11-11T00:00:00Z,316.58282471,317.32507324,279.89306641,289.08465576,99498188
2015-11-12T00:00:00Z,291.86785889,321.90390015,291.33132935,312.95883179,72631004
2015-11-13T00:00:00Z,313.27902222,316.12945557,302.50952148,312.67687988,48285051
2015-11-14T00:00:00Z,312.55709839,314.00277710,306.37884521,309.10491943,35851439
2015-11-15T00:00:00Z,309.23956299,310.73535156,294.79107666,299.27648926,41328379
2015-11-16T00:00:00Z,298.87359619,310.39498901,294.68750000,309.54702759,44904165
2015-11-17T00:00:00Z,309.18295288,317.31219482,308.54067993,314.93795776,47933835
2015-11-18T00:00:00Z,314.46710205,315.84326172,310.51843262,313.55075073,41030644
2015-11-19T00:00:00Z,313.63412476,314.10079956,303.11529541,304.12997437,41972305
2015-11-20T00:00:00Z,304.37429810,304.60253906,291.38311768,302.53851318,49936960
2015-11-21T00:00:00Z,302.60430908,308.30419922,300.25836182,307.14675903,26494269
2015-11-22T00:00:00Z,307.19186401,307.22473145,301.82168579,305.15844727,22039868
2015-11-23T00:00:00Z,304.98355103,305.38983154,302.50448608,303.75738525,25838176
2015-11-24T00:00:00Z,303.72732544,303.88299561,298.95498657,300.73858643,27591242
2015-11-25T00:00:00Z,300.73767090,310.06500244,296.96258545,308.98699951,39226982
2015-11-26T00:00:00Z,309.07833862,345.63848877,309.03775024,332.59524536,100061298
2015-11-27T00:00:00Z,331.81912231,343.29995728,327.90084839,338.12634277,52109831
2015-11-28T00:00:00Z,337.27545166,339.53726196,332.58285522,337.50213623,34768722
2015-11-29T00:00:00Z,337.58804321,351.21719360,335.88250732,350.90634155,38190436
2015-11-30T00:00:00Z,351.04150391,361.98333740,350.14462280,357.04107666,67847843
2015-12-01T00:00:00Z,357.12905884,358.25942993,335.90484619,341.19729614,56901544
2015-12-02T00:00:00Z,340.59207153,342.27722168,329.00112915,338.60012817,51056278
2015-12-03T00:00:00Z,338.73583984,349.61288452,329.65502930,330.74935913,46459234
2015-12-04T00:00:00Z,330.94723511,332.09939575,325.87432861,333.65457153,32874690
2015-12-05T00:00:00Z,334.14883423,358.09371948,333.69683838,357.32568359,60893156
2015-12-06T00:00:00Z,357.88238525,370.05877686,355.61688232,357.37014771,71478996
2015-12-07T00:00:00Z,358.46859741,370.10177612,354.27062988,365.18881226,58587203
2015-12-08T00:00:00Z,365.39007568,381.53045654,359.16921997,381.53045654,53067756
2015-12-09T00:00:00Z,380.50036621,387.54348755,370.16305542,379.15463257,82554436
2015-12-10T00:00:00Z,379.54055786,380.85247803,374.27066040,379.60620117,47637186
2015-12-11T00:00:00Z,379.42532349,411.52612305,379.59872437,411.52612305,101023493
2015-12-12T00:00:00Z,411.88763428,427.15625000,374.01293945,396.09997559,120168457
2015-12-13T00:00:00Z,393.06137085,402.25863647,388.15151978,395.07696533,50141725
2015-12-14T00:00:00Z,394.63702393,405.64456177,392.00073242,404.20602417,118751479
2015-12-15T00:00:00Z,403.92938232,425.61145020,403.74566650,425.61145020,76027718
2015-12-16T00:00:00Z,425.50808716,425.58596802,405.86230469,418.40704346,99277108
2015-12-17T00:00:00Z,418.26266479,421.91299438,414.34320068,420.73617554,44260517
2015-12-18T00:00:00Z,420.52304077,428.57656860,419.76379395,426.78448486,55435975
2015-12-19T00:00:00Z,426.72558594,428.59338379,420.47778320,425.59329224,44087913
2015-12-20T00:00:00Z,425.51229858,425.89062500,399.75888062,407.36633301,69393025
2015-12-21T00:00:00Z,407.50714111,409.36029053,393.21984863,402.01541138,71157269
2015-12-22T00:00:00Z,400.91284180,405.86169434,397.62255859,398.84158325,46446556
2015-12-23T00:00:00Z,398.97680664,407.63778687,398.73880005,405.64916992,43243536
2015-12-24T00:00:00Z,406.28186035,418.14666748,406.08285522,414.90515137,52122196
2015-12-25T00:00:00Z,414.78662109,417.81838989,412.85388184,415.24926758,35613324
2015-12-26T00:00:00Z,415.34313965,416.92245483,369.78036499,380.27337646,105865306
2015-12-27T00:00:00Z,379.58081055,386.69128418,372.62643433,385.71701050,48888159
2015-12-28T00:00:00Z,386.19137573,391.73184204,381.44287109,384.83459473,45237036
2015-12-29T00:00:00Z,384.66964722,396.39569092,382.94522095,396.39569092,47236565
2015-12-30T00:00:00Z,396.68588257,397.82672119,386.27621460,390.21310425,42887954
2015-12-31T00:00:00Z,389.53170776,398.78500366,385.71755981,396.61660767,42369749
2016-01-01T00:00:00Z,396.75848389,401.77380371,393.73275757,400.01290894,33412139
2016-01-02T00:00:00Z,400.27813721,401.60437012,397.74359131,399.18768311,27718364
2016-01-03T00:00:00Z,399.31665039,399.46859741,391.14569092,396.36001587,36532215
2016-01-04T00:00:00Z,396.40612793,401.62399292,395.79745483,400.19497681,35554888
2016-01-05T00:00:00Z,400.17465210,401.31436157,399.88458252,401.89801025,32120022
2016-01-06T00:00:00Z,401.80123901,401.80123901,396.74389648,398.27825928,31596900
2016-01-07T00:00:00Z,399.11917114,420.23083496,397.18319702,419.38107300,80170482
2016-01-08T00:00:00Z,418.91412354,425.64727783,411.02770996,414.70401001,52148412
2016-01-09T00:00:00Z,414.84399414,415.99417114,408.90200806,409.56262207,29534267
2016-01-10T00:00:00Z,410.13635254,410.20129395,402.91976929,409.68542480,32918061
2016-01-11T00:00:00Z,410.33197021,412.69412231,406.49786377,413.10733032,37263934
2016-01-12T00:00:00Z,412.88070679,412.80465698,401.89096069,401.89096069,106638686
2016-01-13T00:00:00Z,400.94549561,401.72253418,391.66098022,397.21728516,159750115
2016-01-14T00:00:00Z,397.14102173,398.12936401,391.83532715,396.41271973,40484109
2016-01-15T00:00:00Z,396.36572266,396.25622559,333.94226074,333.94226074,140560044
2016-01-16T00:00:00Z,334.62237549,357.98074341,325.31072998,355.21173096,110313474
2016-01-17T00:00:00Z,354.85977173,358.35470581,348.38864136,350.28314209,41524281
2016-01-18T00:00:00Z,349.76452637,356.28753662,345.84979248,355.52618408,49957668
2016-01-19T00:00:00Z,355.39578247,356.82864380,347.04394531,348.50476074,42922442
2016-01-20T00:00:00Z,348.12979126,390.47561646,344.96563721,386.48947144,111947025
2016-01-21T00:00:00Z,385.93948364,388.85241699,375.05767822,377.94747925,62955320
2016-01-22T00:00:00Z,377.47674561,378.08383179,347.67651367,354.45465088,84836067
2016-01-23T00:00:00Z,354.40087891,365.62228394,353.98107910,359.08718872,52124363
2016-01-24T00:00:00Z,359.65341187,375.48382568,359.10482788,373.29412842,50787216
2016-01-25T00:00:00Z,372.68826294,372.58471680,358.90817261,361.03781128,54435392
2016-01-26T00:00:00Z,361.29217529,367.07824707,360.01016235,361.09854126,53542357
2016-01-27T00:00:00Z,361.36648560,365.28256226,360.72369385,362.32638550,43504633
2016-01-28T00:00:00Z,362.48599243,363.04571533,347.23388672,347.80410767,54186848
2016-01-29T00:00:00Z,347.63854980,352.12438965,334.38742065,350.35916138,79517400
2016-01-30T00:00:00Z,349.79687500,351.69143677,347.60501099,349.23367310,27960853
2016-01-31T00:00:00Z,349.26876831,351.16516113,339.92697144,340.72531128,35012751
2016-02-01T00:00:00Z,341.26397705,348.16464233,339.63171387,342.41027832,47413217
2016-02-02T00:00:00Z,342.28546143,345.03671265,342.25405884,343.02673340,36990381
2016-02-03T00:00:00Z,343.20812988,343.51809692,332.14062500,333.55783081,41415021
2016-02-04T00:00:00Z,333.76071167,349.40042114,333.53738403,347.94497681,61878632
2016-02-05T00:00:00Z,347.32339478,349.31582642,345.52557373,346.40112305,39273232
2016-02-06T00:00:00Z,346.43695068,346.47460938,333.70999146,337.41552734,44134152
2016-02-07T00:00:00Z,337.40838623,341.31283569,336.47729492,338.04864502,33279149
2016-02-08T00:00:00Z,338.17160034,341.09634399,333.75112915,333.82229614,42612944
2016-02-09T00:00:00Z,333.80084229,335.80737305,332.79608154,333.18182373,49015152
2016-02-10T00:00:00Z,333.28549194,344.02767944,332.58074951,338.28131104,75457274
2016-02-11T00:00:00Z,338.69351196,339.32336426,332.06793213,335.62057495,65749293
2016-02-12T00:00:00Z,335.64886475,341.69537354,335.66186523,341.53674316,59588303
2016-02-13T00:00:00Z,341.87271118,348.28903198,341.87271118,348.28903198,55027731
2016-02-14T00:00:00Z,349.24185181,362.88540649,349.24185181,362.88540649,66360542
2016-02-15T00:00:00Z,363.18658447,365.43276978,356.53369141,358.10739136,66282323
2016-02-16T00:00:00Z,359.22326660,367.06311035,359.25543213,365.75531006,65607310
2016-02-17T00:00:00Z,365.90612793,378.20312500,365.32015991,374.45764160,74827847
2016-02-18T00:00:00Z,374.68249512,384.33416748,373.54003906,380.41339111,69127803
2016-02-19T00:00:00Z,380.73495483,380.96884155,375.64450073,378.13174438,50064073
2016-02-20T00:00:00Z,378.86505127,397.18188477,378.86505127,392.85046387,84464500
2016-02-21T00:00:00Z,393.39773560,402.62939453,385.58322144,394.60250854,80774014
2016-02-22T00:00:00Z,394.77429199,394.86016846,389.55908203,397.08633423,77453919
2016-02-23T00:00:00Z,397.54626465,398.24172974,379.42337036,381.75845337,77347696
2016-02-24T00:00:00Z,381.95806885,386.37188721,375.90319824,385.90173340,61518068
2016-02-25T00:00:00Z,385.97619629,388.37646484,381.25964355,385.21368408,64239180
2016-02-26T00:00:00Z,385.29080200,395.27304077,381.69473267,395.27304077,56238910
2016-02-27T00:00:00Z,395.90139771,397.17459106,391.56954956,395.60873413,38318485
2016-02-28T00:00:00Z,395.65628052,398.50271606,387.65206909,396.90899658,48556491
2016-02-29T00:00:00Z,396.84854126,405.64773560,395.28704834,402.18414307,55770192
2016-03-01T00:00:00Z,402.38629150,404.27862549,397.38854980,400.07629395,68863369
2016-03-02T00:00:00Z,400.08367920,401.10137939,390.16195679,390.16195679,68975150
2016-03-03T00:00:00Z,390.09109497,390.21466064,386.30468750,385.24533081,91808132
2016-03-04T00:00:00Z,385.41433716,388.46780396,373.44509888,373.44509888,82566427
2016-03-05T00:00:00Z,373.30154419,373.73410034,358.08343506,364.02218628,123032526
2016-03-06T00:00:00Z,363.98126221,374.32479858,359.66741943,370.97998047,82995902
2016-03-07T00:00:00Z,371.02548218,377.69433594,369.77520752,376.31335449,77895005
2016-03-08T00:00:00Z,376.44415283,377.81884766,372.97586060,376.40661621,63931348
2016-03-09T00:00:00Z,376.33572388,377.55877686,375.21057129,377.76361084,63751870
2016-03-10T00:00:00Z,377.65798950,373.57910156,376.22998047,373.27160645,72503710
2016-03-11T00:00:00Z,373.36734009,381.84649658,372.36627197,378.16339111,66334585
2016-03-12T00:00:00Z,378.08718872,378.25756836,367.76431274,369.13638306,83143123
2016-03-13T00:00:00Z,369.15792847,373.60235596,369.15252686,370.92626953,66579593
2016-03-14T00:00:00Z,371.04809570,373.33929443,371.18109131,375.23696899,85834745
2016-03-15T00:00:00Z,375.19192505,376.45721436,374.29870605,375.35342407,60136605
2016-03-16T00:00:00Z,375.40567017,376.80288696,375.40570068,371.83325195,58123763
2016-03-17T00:00:00Z,372.61614990,372.10272217,372.61614990,371.83609009,73840700
2016-03-18T00:00:00Z,371.77069092,371.70495605,360.46594238,363.52566528,93147524
2016-03-19T00:00:00Z,363.27447510,364.80029297,361.46813965,364.32095337,51857802
2016-03-20T00:00:00Z,364.28280640,368.29367065,364.28280640,367.06442261,40762864
2016-03-21T00:00:00Z,366.76544189,366.66784668,364.10345459,367.90725708,54882856
2016-03-22T00:00:00Z,367.75146484,373.34909058,367.11843872,372.66156006,59553704
2016-03-23T00:00:00Z,372.72573853,374.94903564,373.31307983,374.05242920,54978704
2016-03-24T00:00:00Z,374.39514160,374.49014282,372.19921875,373.07949829,61237079
2016-03-25T00:00:00Z,373.18161011,374.59008789,372.19705200,373.81451416,47096774
2016-03-26T00:00:00Z,373.98297119,375.43637085,372.99194336,374.50268555,40009319
2016-03-27T00:00:00Z,374.67742920,384.22671509,374.29299927,382.57733154,63854236
2016-03-28T00:00:00Z,382.38278198,382.38555908,378.21032715,378.91299438,61202930
2016-03-29T00:00:00Z,378.97817993,380.77636719,368.72854614,368.95739746,66800872
2016-03-30T00:00:00Z,369.23910522,369.17370605,364.17056274,366.15411377,58287669
2016-03-31T00:00:00Z,366.54336548,367.69995117,366.28472900,366.29077148,52927134
2016-04-01T00:00:00Z,366.31802368,368.04522705,364.73202515,367.05014038,44994906
2016-04-02T00:00:00Z,367.45587158,370.66918945,367.45587158,369.60830688,40116975
2016-04-03T00:00:00Z,369.87179565,370.22918701,368.21984863,369.44088745,33400948
2016-04-04T00:00:00Z,369.78759766,371.19262695,368.68554688,370.20730591,44478479
2016-04-05T00:00:00Z,369.83221436,372.77655029,369.05679321,372.67532349,53364387
2016-04-06T00:00:00Z,372.89855957,373.37466431,370.39254761,371.51266479,51847855
2016-04-07T00:00:00Z,371.69430542,372.34753418,368.94015503,371.97094727,50909459
2016-04-08T00:00:00Z,372.11352539,373.97659302,368.19778442,368.79190063,55671785
2016-04-09T00:00:00Z,369.19723511,369.26739502,365.42816162,367.96896362,43685471
2016-04-10T00:00:00Z,368.12774658,370.36209106,367.83383179,369.69567871,64437955
2016-04-11T00:00:00Z,369.96582031,370.49868774,369.60186768,370.40417480,44491934
2016-04-12T00:00:00Z,370.71978760,374.54156494,370.62231445,373.56353760,62140924
2016-04-13T00:00:00Z,373.95184326,375.28189087,373.79882812,375.85064697,61256342
2016-04-14T00:00:00Z,376.02890015,377.43655396,376.04498291,376.70425415,40203321
2016-04-15T00:00:00Z,376.83300781,380.90548706,376.86645508,380.95126343,48582890
2016-04-16T00:00:00Z,380.82891846,383.53280640,380.30496216,381.71276855,34922695
2016-04-17T00:00:00Z,381.76950073,382.42111206,377.72961426,378.36312866,46145450
2016-04-18T00:00:00Z,378.55081177,380.49456787,377.18447876,379.04925537,49235783
2016-04-19T00:00:00Z,379.14831543,384.02325439,378.11694336,383.43811035,46496302
2016-04-20T00:00:00Z,383.27523804,392.32620239,382.29870605,390.60974121,64504510
2016-04-21T00:00:00Z,390.63360596,399.24502563,390.18847656,398.17932129,60427664
2016-04-22T00:00:00Z,398.41232300,398.20291138,393.12268066,397.09310913,52386993
2016-04-23T00:00:00Z,397.20355225,401.14208984,395.84051514,401.14208984,44975857
2016-04-24T00:00:00Z,401.38973999,410.07574463,399.93585205,408.33035278,60728762
2016-04-25T00:00:00Z,408.83438110,414.25781250,403.12124634,409.64666748,77318714
2016-04-26T00:00:00Z,409.84375000,414.78903198,409.63793945,412.68725586,69923768
2016-04-27T00:00:00Z,412.84045410,413.34426880,392.10205078,392.62493896,82610715
2016-04-28T00:00:00Z,392.93484497,396.08016968,385.83544922,395.46502686,65232256
2016-04-29T00:00:00Z,395.81466675,397.81951904,391.86172485,397.29113770,43001746
2016-04-30T00:00:00Z,397.36184692,397.71890259,390.83108521,391.37319946,60517329
2016-05-01T00:00:00Z,391.51812744,395.00567627,391.03186035,394.27188110,35476922
2016-05-02T00:00:00Z,394.32250977,394.63150024,383.85263062,385.96389771,79964413
2016-05-03T00:00:00Z,386.01422119,392.22415161,383.78305054,391.60272217,51627446
2016-05-04T00:00:00Z,391.49752808,391.56494141,387.47067261,388.82580566,43874402
2016-05-05T00:00:00Z,388.81625366,393.39181519,389.82601929,393.03036499,44254080
2016-05-06T00:00:00Z,393.00051880,404.64392090,391.95861816,403.05444336,63840042
2016-05-07T00:00:00Z,403.08602905,403.99453735,401.05587769,402.11874390,33644216
2016-05-08T00:00:00Z,402.02490234,402.89132690,399.87985229,402.80041504,35413739
2016-05-09T00:00:00Z,402.50000000,405.82748413,400.29022217,404.60681152,48759424
2016-05-10T00:00:00Z,404.63757324,405.87731934,394.44210815,396.49575806,51843211
2016-05-11T00:00:00Z,396.46853638,399.31130981,396.43368530,396.36489868,44305025
2016-05-12T00:00:00Z,396.11889648,399.95516968,393.45770264,399.89974976,52628649
2016-05-13T00:00:00Z,399.97363281,404.43765259,399.83511353,402.85565186,53792768
2016-05-14T00:00:00Z,402.99090576,403.88647461,402.07409668,402.85650635,32896296
2016-05-15T00:00:00Z,402.93432617,405.67080688,402.66909790,404.39062500,25200177
2016-05-16T00:00:00Z,404.40652466,405.19985962,400.23416138,401.41680908,52299364
2016-05-17T00:00:00Z,401.28073120,401.58135986,400.88821411,401.11639404,56660744
2016-05-18T00:00:00Z,401.03509521,406.66903687,400.79489136,405.33078003,77434108
2016-05-19T00:00:00Z,405.24606323,405.12652588,391.67483521,391.67483521,85731095
2016-05-20T00:00:00Z,390.85171509,395.77005005,390.42132568,394.40127563,73046957
2016-05-21T00:00:00Z,394.65966797,395.38311768,393.53704834,394.85745239,38098984
2016-05-22T00:00:00Z,394.88415527,395.07037354,391.64584351,391.62329102,35351756
2016-05-23T00:00:00Z,391.64556885,396.34735107,390.75958252,396.17785645,45118633
2016-05-24T00:00:00Z,396.29916382,401.45462036,396.04782104,400.52175903,59077773
2016-05-25T00:00:00Z,400.59454346,404.54406738,400.63052368,403.19165039,58497893
2016-05-26T00:00:00Z,403.25711060,405.47372437,400.76593018,405.13269043,58264498
2016-05-27T00:00:00Z,405.25512695,427.72070312,405.07412720,426.04516602,148277686
2016-05-28T00:00:00Z,425.65371704,480.04409790,425.35678101,476.95489502,163051388
2016-05-29T00:00:00Z,474.64859009,498.47927856,460.88275146,473.82763672,133924898
2016-05-30T00:00:00Z,475.84280396,488.73135376,471.09539795,479.01660156,78922121
2016-05-31T00:00:00Z,479.30999756,490.10845947,468.01077271,477.34997559,124371182
2016-06-01T00:00:00Z,477.09933472,486.32580566,472.69424438,480.07867432,76950823
2016-06-02T00:00:00Z,479.71658325,484.66409302,476.00500488,482.48608398,54150852
2016-06-03T00:00:00Z,482.22601318,505.44287109,481.28359985,500.61035156,107317502
2016-06-04T00:00:00Z,501.05981445,519.02551270,496.25152588,503.71768188,83487507
2016-06-05T00:00:00Z,504.22866821,512.58398438,500.86059570,506.63229370,60687370
2016-06-06T00:00:00Z,506.30187988,516.25878906,506.21264648,515.43750000,63502549
2016-06-07T00:00:00Z,515.35650635,519.73144531,500.10043335,507.88073730,94926451
2016-06-08T00:00:00Z,508.38281250,511.35198975,504.24951172,510.17016602,70402421
2016-06-09T00:00:00Z,510.65960693,510.57003784,504.95355225,508.20730591,63059167
2016-06-10T00:00:00Z,509.27474976,514.77954102,507.63681030,513.39788818,59558944
2016-06-11T00:00:00Z,514.46838379,539.75463867,514.46838379,539.40875244,73219239
2016-06-12T00:00:00Z,542.03771973,609.12921143,539.68615723,598.77539062,246604656
2016-06-13T00:00:00Z,597.76965332,633.68798828,590.70764160,624.17010498,215591500
2016-06-14T00:00:00Z,624.28356934,624.28356934,591.20867920,611.61480713,166557231
2016-06-15T00:00:00Z,611.72717285,618.27648926,599.21685791,616.75756836,88120604
2016-06-16T00:00:00Z,618.58172607,689.03906250,618.41693115,680.31604004,241152330
2016-06-17T00:00:00Z,682.25054932,688.34875488,638.35723877,663.98529053,322121635
2016-06-18T00:00:00Z,663.84960938,689.76861572,650.70397949,670.47344971,224060644
2016-06-19T00:00:00Z,670.88214111,677.70593262,661.07635498,673.23138428,120039658
2016-06-20T00:00:00Z,673.36004639,673.79541016,647.57135010,651.31726074,154175288
2016-06-21T00:00:00Z,650.13073730,649.95849609,567.96124268,592.73760986,275579266
2016-06-22T00:00:00Z,592.08233643,602.40545654,518.70294189,526.41827393,235246372
2016-06-23T00:00:00Z,527.59008789,554.47314453,492.44659424,550.72991943,223708738
2016-06-24T00:00:00Z,552.14031982,622.29754639,552.40917969,599.63861084,202178452
2016-06-25T00:00:00Z,599.62237549,623.46191406,582.74810791,599.47991943,114155926
2016-06-26T00:00:00Z,600.20825195,600.25231934,556.04687500,570.18212891,98953615
2016-06-27T00:00:00Z,570.16577148,595.05541992,562.98675537,595.05541992,110909916
2016-06-28T00:00:00Z,597.62255859,598.28295898,576.59613037,584.30505371,124975158
2016-06-29T00:00:00Z,581.70507812,582.57910156,568.37707520,575.44067383,128107914
2016-06-30T00:00:00Z,576.07104492,610.72705078,573.21087646,606.55523682,125195928
2016-07-01T00:00:00Z,605.81481934,618.60260010,602.64062500,607.19702148,120695823
2016-07-02T00:00:00Z,607.59020996,631.80285645,607.28942871,631.80285645,100874484
2016-07-03T00:00:00Z,632.93951416,632.93951416,582.69793701,592.00433350,116404818
2016-07-04T00:00:00Z,592.13018799,613.53497314,584.51611328,613.53497314,82570582
2016-07-05T00:00:00Z,613.12841797,613.65686035,599.10455322,606.24389648,117949738
2016-07-06T00:00:00Z,606.05499268,616.76739502,606.00018311,610.37304688,121619349
2016-07-07T00:00:00Z,611.05706787,616.08020020,553.14526367,579.11761475,233334245
2016-07-08T00:00:00Z,579.23150635,603.30010986,574.48052979,603.13366699,128468012
2016-07-09T00:00:00Z,603.00787354,603.00787354,573.15991211,589.05078125,163366211
2016-07-10T00:00:00Z,588.72412109,590.25787354,580.27685547,588.08184814,92856367
2016-07-11T00:00:00Z,587.28851318,597.00335693,583.79797363,585.85162354,97611940
2016-07-12T00:00:00Z,586.41613770,610.54156494,583.68286133,600.96856689,124952968
2016-07-13T00:00:00Z,601.19097900,605.04888916,589.98291016,589.98291016,118497251
2016-07-14T00:00:00Z,588.59008789,596.34936523,588.59008789,592.64947510,88717039
2016-07-15T00:00:00Z,593.63385010,604.72943115,592.12933350,601.26464844,74039619
2016-07-16T00:00:00Z,601.74145508,604.17010498,597.71008301,599.00915527,45626145
2016-07-17T00:00:00Z,600.12054443,616.91076660,600.12054443,614.72808838,67319193
2016-07-18T00:00:00Z,615.04479980,616.17846680,603.88818359,608.26495361,62773360
2016-07-19T00:00:00Z,607.93237305,608.14465332,606.33184814,611.02795410,55578732
2016-07-20T00:00:00Z,610.97534180,610.80969238,602.17864990,604.28918457,85908134
2016-07-21T00:00:00Z,603.87438965,605.32342529,598.47302246,602.96673584,54847946
2016-07-22T00:00:00Z,602.88513184,604.61041260,589.42944336,592.92718506,122271940
2016-07-23T00:00:00Z,593.02471924,598.16461182,591.01794434,597.42645264,63366627
2016-07-24T00:00:00Z,597.29333496,604.31054688,594.90844727,602.97711182,107763290
2016-07-25T00:00:00Z,602.95703125,603.58233643,595.18585205,595.33721924,71153632
2016-07-26T00:00:00Z,595.45465088,597.38275146,586.52288818,593.34002686,204947663
2016-07-27T00:00:00Z,593.19708252,598.39447021,589.76538086,591.37097168,133267955
2016-07-28T00:00:00Z,591.49749756,593.33660889,591.28375244,591.18682861,78003971
2016-07-29T00:00:00Z,591.25543213,588.31591797,590.53570557,587.59680176,54291655
2016-07-30T00:00:00Z,587.61474609,588.69781494,585.10778809,585.85723877,34394151
2016-07-31T00:00:00Z,585.90466309,586.07006836,559.21630859,559.49932861,99254814
2016-08-01T00:00:00Z,559.42858887,560.78729248,543.00408936,543.01116943,109168831
2016-08-02T00:00:00Z,543.12310791,548.99938965,473.68634033,488.11074829,295054379
2016-08-03T00:00:00Z,489.17260742,512.98199463,482.92044067,508.07839966,186581143
2016-08-04T00:00:00Z,508.05505371,521.08258057,508.42648315,519.48345947,112551204
2016-08-05T00:00:00Z,519.47631836,519.52294922,511.74536133,518.71099854,59649919
2016-08-06T00:00:00Z,518.69927979,530.75592041,513.68304443,530.19848633,72882280
2016-08-07T00:00:00Z,530.19213867,538.97979736,529.33068848,534.67749023,74333243
2016-08-08T00:00:00Z,534.71899414,535.19317627,530.53680420,533.24975586,55209401
2016-08-09T00:00:00Z,533.23529053,533.23498535,527.64868164,528.78826904,82968780
2016-08-10T00:00:00Z,528.65057373,537.23498535,526.55438232,529.46710205,92019136
2016-08-11T00:00:00Z,529.48583984,535.71990967,529.02301025,529.02301025,66913075
2016-08-12T00:00:00Z,528.73382568,529.01977539,524.16137695,526.20367432,61989970
2016-08-13T00:00:00Z,526.02276611,528.18731689,523.89306641,524.43847656,39013971
2016-08-14T00:00:00Z,524.43933105,524.50836182,505.84954834,511.08496094,54516305
2016-08-15T00:00:00Z,511.10375977,513.50048828,503.02758789,507.37030029,51218515
2016-08-16T00:00:00Z,507.37295532,515.72515869,505.40979004,512.18646240,51805216
2016-08-17T00:00:00Z,512.47204590,515.66265869,507.44161987,507.40551758,48192440
2016-08-18T00:00:00Z,507.84011841,509.74151611,507.68481445,506.27468872,52800247
2016-08-19T00:00:00Z,506.29318237,510.72070312,506.37799072,508.23770142,44703867
2016-08-20T00:00:00Z,508.63851929,514.58416748,508.08489990,513.59442139,39997704
2016-08-21T00:00:00Z,513.80810547,515.76727295,512.83190918,514.61401367,33905276
2016-08-22T00:00:00Z,514.61663818,519.92224121,514.34619141,518.56207275,64378259
2016-08-23T00:00:00Z,518.57800293,519.68084717,514.31072998,516.25073242,75523582
2016-08-24T00:00:00Z,516.24810791,516.49707031,514.83172607,515.30511475,50029488
2016-08-25T00:00:00Z,515.30328369,515.40667725,509.26776123,512.01788330,120639844
2016-08-26T00:00:00Z,512.01080322,517.39709473,511.12704468,517.73046875,43637728
2016-08-27T00:00:00Z,517.55273438,517.90368652,507.88674927,509.06307983,53321097
2016-08-28T00:00:00Z,508.95855713,512.71704102,508.87817383,512.65026855,77089415
2016-08-29T00:00:00Z,512.79229736,514.76373291,512.75482178,513.14532471,98675366
2016-08-30T00:00:00Z,513.15161133,517.96258545,513.19744873,518.03283691,63098672
2016-08-31T00:00:00Z,518.11175537,518.58654785,515.30902100,515.93328857,67994348
2016-09-01T00:00:00Z,515.99963379,516.54656982,510.82189941,511.21301270,68712282
2016-09-02T00:00:00Z,511.30859375,515.43963623,509.51617432,516.03784180,71649601
2016-09-03T00:00:00Z,516.05395508,537.52355957,514.70996094,536.36865234,142575092
2016-09-04T00:00:00Z,536.70764160,548.58508301,535.14569092,545.56646729,87793919
2016-09-05T00:00:00Z,545.88562012,545.84600830,539.74011230,544.12451172,73956584
2016-09-06T00:00:00Z,544.04913330,547.43682861,542.53656006,542.85101318,69834686
2016-09-07T00:00:00Z,542.97290039,546.89416504,540.61212158,546.89331055,66772626
2016-09-08T00:00:00Z,546.97430420,556.67999268,545.73614502,555.83599854,76955094
2016-09-09T00:00:00Z,555.86791992,556.29217529,550.21997070,554.83789062,57500624
2016-09-10T00:00:00Z,554.89666748,556.82788086,554.42279053,555.41510010,40100481
2016-09-11T00:00:00Z,555.33941650,560.14428711,534.82897949,539.88165283,65501691
2016-09-12T00:00:00Z,540.13616943,541.04479980,539.48583984,541.18957520,64785394
2016-09-13T00:00:00Z,540.99566650,545.22125244,540.44970703,543.14080811,77490060
2016-09-14T00:00:00Z,542.78417969,544.05407715,542.20654297,543.26483154,42592029
2016-09-15T00:00:00Z,543.17944336,543.67083740,539.93334961,539.93334961,52880925
2016-09-16T00:00:00Z,540.01422119,542.38494873,544.20574951,544.12640381,58237024
2016-09-17T00:00:00Z,544.34606934,544.92156982,542.52984619,543.23980713,33294756
2016-09-18T00:00:00Z,543.50787354,546.88360596,543.12506104,546.62902832,43631263
2016-09-19T00:00:00Z,546.62628174,547.38104248,544.31323242,545.12078857,49030422
2016-09-20T00:00:00Z,545.14495850,545.38745117,544.79614258,545.62023926,65217415
2016-09-21T00:00:00Z,541.38311768,541.28601074,532.89483643,533.78833008,73993206
2016-09-22T00:00:00Z,533.90454102,534.79315186,531.95306396,532.07635498,59860177
2016-09-23T00:00:00Z,531.98803711,537.66381836,531.66699219,537.29229736,45514260
2016-09-24T00:00:00Z,537.39837646,538.84136963,536.58197021,537.09893799,31514706
2016-09-25T00:00:00Z,537.20947266,537.77270508,534.40649414,534.68542480,30237430
2016-09-26T00:00:00Z,534.66851807,540.66766357,534.64154053,540.57879639,52590505
2016-09-27T00:00:00Z,540.56005859,541.14587402,538.75854492,540.49578857,44068123
2016-09-28T00:00:00Z,540.56439209,541.25994873,539.58679199,538.82922363,43413169
2016-09-29T00:00:00Z,539.08843994,540.98596191,538.88812256,539.97772217,49619863
2016-09-30T00:00:00Z,539.99737549,542.32409668,540.57086182,542.32409668,49917638
2016-10-01T00:00:00Z,542.49670410,547.21783447,542.49670410,546.10241699,50126301
2016-10-02T00:00:00Z,546.07135010,546.12200928,542.27697754,543.93377686,34947734
2016-10-03T00:00:00Z,544.00146484,546.44781494,543.73834229,546.20593262,41758098
2016-10-04T00:00:00Z,546.13366699,546.23297119,543.98339844,544.38751221,44430012
2016-10-05T00:00:00Z,544.40002441,547.60821533,543.52441406,546.73834229,60767209
2016-10-06T00:00:00Z,546.70172119,550.85614014,546.24707031,550.28814697,50998294
2016-10-07T00:00:00Z,549.91741943,552.69409180,549.90203857,550.95166016,57201500
2016-10-08T00:00:00Z,551.14813232,553.38720703,551.14813232,552.72564697,37805464
2016-10-09T00:00:00Z,552.78277588,552.80596924,551.03393555,551.16357422,35070063
2016-10-10T00:00:00Z,551.22613525,555.14471436,550.66760254,555.64990234,60575497
2016-10-11T00:00:00Z,555.86889648,580.59503174,555.65539551,579.89324951,93704206
2016-10-12T00:00:00Z,579.71142578,580.65820312,577.62493896,577.83105469,83896639
2016-10-13T00:00:00Z,577.68395996,579.59808350,574.37500000,576.48559570,55785533
2016-10-14T00:00:00Z,576.68658447,583.72924805,576.68658447,583.91357422,53017781
2016-10-15T00:00:00Z,583.85241699,585.48553467,581.18902588,582.33428955,35593508
2016-10-16T00:00:00Z,582.73272705,586.21136475,582.56677246,585.21612549,36754925
2016-10-17T00:00:00Z,585.38671875,585.74505615,580.65551758,580.60949707,52741938
2016-10-18T00:00:00Z,580.80755615,583.28265381,579.49517822,581.49670410,59745420
2016-10-19T00:00:00Z,581.65527344,581.00585938,572.63885498,574.66278076,63235231
2016-10-20T00:00:00Z,574.79315186,576.09350586,572.49682617,577.33776855,52125286
2016-10-21T00:00:00Z,577.30853271,583.23583984,577.66436768,581.53649902,51416100
2016-10-22T00:00:00Z,581.81951904,604.84930420,581.55670166,604.01947021,72189392
2016-10-23T00:00:00Z,604.31994629,607.54370117,600.88769531,603.92553711,50068566
2016-10-24T00:00:00Z,604.00830078,604.03637695,599.48095703,601.38073730,57233189
2016-10-25T00:00:00Z,601.60241699,610.12304688,601.54412842,604.06762695,83022965
2016-10-26T00:00:00Z,604.15026855,623.31774902,604.15026855,621.89788818,81486297
2016-10-27T00:00:00Z,621.81530762,631.79559326,621.59881592,631.65362549,88194270
2016-10-28T00:00:00Z,631.36645508,629.04882812,627.15368652,628.04022217,73896279
2016-10-29T00:00:00Z,628.62127686,656.04406738,628.40545654,650.65020752,122721967
2016-10-30T00:00:00Z,650.32147217,650.32147217,634.25457764,639.16223145,91671979
2016-10-31T00:00:00Z,639.86889648,648.22607422,630.52142334,639.10650635,88497812
2016-11-01T00:00:00Z,639.43927002,668.59014893,639.32269287,660.14746094,118070556
2016-11-02T00:00:00Z,660.39434814,667.89483643,651.88067627,667.89483643,76510278
2016-11-03T00:00:00Z,669.26251221,671.20239258,610.73126221,620.67413330,155739005
2016-11-04T00:00:00Z,621.05627441,636.24334717,617.84698486,630.98699951,89643514
2016-11-05T00:00:00Z,631.24719238,634.82281494,626.05566406,631.15124512,48229969
2016-11-06T00:00:00Z,631.50469971,640.87750244,627.68957520,641.41528320,54000000
2016-11-07T00:00:00Z,640.70678711,640.24505615,632.93817139,636.37524414,58871482
2016-11-08T00:00:00Z,636.33721924,647.46368408,635.24462891,644.32061768,72307162
2016-11-09T00:00:00Z,644.29974365,666.34796143,639.94396973,662.39855957,121283085
2016-11-10T00:00:00Z,662.00567627,661.68023682,653.14538574,657.29742432,63207606
2016-11-11T00:00:00Z,657.31671143,660.52227783,655.06140137,660.28662109,58174839
2016-11-12T00:00:00Z,660.60095215,660.96588135,648.88018799,649.81939697,59559908
2016-11-13T00:00:00Z,649.95019531,650.00646973,633.47003174,648.64733887,74210566
2016-11-14T00:00:00Z,648.61590576,657.80383301,647.55065918,656.26080322,58636321
2016-11-15T00:00:00Z,656.98034668,667.46063232,655.56793213,663.57611084,67175024
2016-11-16T00:00:00Z,663.15460205,700.14514160,659.08068848,695.18731689,131988790
2016-11-17T00:00:00Z,695.82061768,706.40838623,696.33801270,697.58709717,102220862
2016-11-18T00:00:00Z,697.33105469,710.19903564,694.65496826,710.04724121,82534817
2016-11-19T00:00:00Z,710.28155518,714.44213867,703.32263184,710.07653809,104495040
2016-11-20T00:00:00Z,710.32501221,713.72692871,677.68920898,690.95086670,145667297
2016-11-21T00:00:00Z,691.17675781,700.39849854,689.09539795,695.10858154,57171979
2016-11-22T00:00:00Z,695.48004150,710.46081543,693.13659668,706.75097656,122195466
2016-11-23T00:00:00Z,707.12164307,707.80017090,700.20281982,706.44592285,72622201
2016-11-24T00:00:00Z,706.47058105,708.56921387,693.47637939,701.09765625,81370675
2016-11-25T00:00:00Z,701.24255371,700.32952881,692.29199219,700.32952881,64029839
2016-11-26T00:00:00Z,700.19921875,700.86309814,688.97546387,694.41174316,51900567
2016-11-27T00:00:00Z,694.46368408,697.84515381,689.96319580,690.20837402,49596266
2016-11-28T00:00:00Z,690.63171387,697.48223877,690.43640137,693.11700439,58297476
2016-11-29T00:00:00Z,693.60302734,694.80969238,693.30725098,691.03240967,64359891
2016-11-30T00:00:00Z,691.67120361,703.33740234,691.13397217,704.27935791,79401964
2016-12-01T00:00:00Z,704.61468506,711.72802734,704.21563721,709.78613281,75466051
2016-12-02T00:00:00Z,710.50927734,732.37347412,710.64257812,729.16296387,119603524
2016-12-03T00:00:00Z,729.44793701,729.44793701,716.89569092,722.79974365,65186330
2016-12-04T00:00:00Z,723.25244141,732.41717529,719.99346924,732.41717529,57313931
2016-12-05T00:00:00Z,731.96478271,730.99707031,702.73254395,705.37377930,98887133
2016-12-06T00:00:00Z,705.39233398,713.86669922,705.32672119,713.02856445,108432543
2016-12-07T00:00:00Z,713.01641846,716.91418457,708.92041016,714.01007080,89631991
2016-12-08T00:00:00Z,713.95794678,730.29602051,711.77954102,726.01489258,75456253
2016-12-09T00:00:00Z,725.19915771,733.03808594,726.35803223,731.95111084,65074158
2016-12-10T00:00:00Z,732.16802979,736.02197266,732.06097412,733.70904541,50997443
2016-12-11T00:00:00Z,733.80566406,733.84918213,724.95928955,730.01806641,54356411
2016-12-12T00:00:00Z,730.31103516,735.09637451,730.51892090,733.02667236,71951701
2016-12-13T00:00:00Z,733.55285645,741.45196533,731.64862061,734.64099121,76842918
2016-12-14T00:00:00Z,734.12237549,734.78717041,729.15240479,743.55950928,72292103
2016-12-15T00:00:00Z,742.21691895,751.37982178,746.52270508,747.15576172,78336946
2016-12-16T00:00:00Z,747.99597168,751.58636475,748.28338623,751.46673584,80046146
2016-12-17T00:00:00Z,751.71472168,758.74481201,751.42559814,757.13641357,75624509
2016-12-18T00:00:00Z,757.30780029,760.87792969,755.17584229,756.77777100,57940264
2016-12-19T00:00:00Z,756.93280029,760.16381836,755.27520752,762.07843018,71992309
2016-12-20T00:00:00Z,761.62951660,771.03527832,760.46984863,770.88842773,95898831
2016-12-21T00:00:00Z,770.66510010,800.26953125,768.80651855,800.26953125,149233573
2016-12-22T00:00:00Z,800.17266846,838.71093750,799.98944092,828.26208496,191633462
2016-12-23T00:00:00Z,828.59552002,884.26397705,828.39337158,881.26934814,263395144
2016-12-24T00:00:00Z,881.45666504,882.69836426,847.19464111,859.13018799,131645009
2016-12-25T00:00:00Z,859.92352295,859.92352295,824.33953857,857.42724609,137452155
2016-12-26T00:00:00Z,858.11810303,873.77667236,858.02929688,868.69256592,118463821
2016-12-27T00:00:00Z,869.40466309,899.56744385,866.47662354,892.24401855,159965580
2016-12-28T00:00:00Z,893.80535889,937.12408447,893.80535889,937.12408447,227222969
2016-12-29T00:00:00Z,936.35968018,938.47924805,911.56811523,921.17431641,188607116
2016-12-30T00:00:00Z,920.26397705,920.61242676,884.58837891,914.33270264,178325882
2016-12-31T00:00:00Z,913.75158691,916.71545410,901.01397705,916.71545410,94297635
2017-01-01T00:00:00Z,916.63464355,953.95153809,911.74414062,948.70758057,140430493
2017-01-02T00:00:00Z,948.98510742,980.87493896,947.70562744,977.37707520,212535864
2017-01-03T00:00:00Z,977.23358154,1001.99609375,976.76641846,1002.15051270,177772657
2017-01-04T00:00:00Z,1002.68817139,1105.57836914,1003.65173340,1100.26672363,328676497
2017-01-05T00:00:00Z,1102.17248535,1123.04357910,858.39807129,955.83850098,481229021
2017-01-06T00:00:00Z,956.64965820,989.32995605,835.72277832,857.03521729,334260473
2017-01-07T00:00:00Z,858.25683594,863.09967041,782.32739258,863.09967041,265555254
2017-01-08T00:00:00Z,862.71014404,895.52960205,842.75170898,865.41833496,150740819
2017-01-09T00:00:00Z,867.36065674,868.44024658,834.73150635,853.09271240,134061223
2017-01-10T00:00:00Z,852.72607422,864.31079102,849.33544922,860.35925293,109770616
2017-01-11T00:00:00Z,860.77252197,871.59729004,722.24694824,734.28723145,293550785
2017-01-12T00:00:00Z,731.85229492,778.52252197,710.63092041,758.20440674,209445125
2017-01-13T00:00:00Z,757.17095947,779.06304932,735.43560791,774.34826660,158789587
2017-01-14T00:00:00Z,775.43652344,784.78057861,763.51470947,769.11193848,87457284
2017-01-15T00:00:00Z,768.85821533,773.71203613,763.90466309,773.31134033,66823751
2017-01-16T00:00:00Z,773.29730225,787.14398193,771.72924805,784.31805420,78056216
2017-01-17T00:00:00Z,783.76342773,850.11761475,783.03112793,848.85748291,145002812
2017-01-18T00:00:00Z,850.19909668,857.79638672,804.71032715,834.22845459,212341919
2017-01-19T00:00:00Z,835.84399414,848.60601807,831.77014160,843.64550781,99113259
2017-01-20T00:00:00Z,842.80004883,841.18780518,833.96765137,836.55108643,81062155
2017-01-21T00:00:00Z,837.03991699,866.77911377,837.02679443,861.56555176,103895691
2017-01-22T00:00:00Z,861.95440674,876.27349854,838.92327881,863.21228027,108824683
2017-01-23T00:00:00Z,863.98339844,864.22680664,853.25573730,856.19787598,68409966
2017-01-24T00:00:00Z,846.59014893,859.35003662,831.81317139,832.26458740,103812232
2017-01-25T00:00:00Z,831.55322266,840.78192139,831.25476074,838.72174072,112411387
2017-01-26T00:00:00Z,839.51531982,861.59887695,838.80993652,859.00207520,123533046
2017-01-27T00:00:00Z,859.72570801,863.63238525,858.17657471,860.06170654,117443426
2017-01-28T00:00:00Z,860.11871338,863.95269775,860.11871338,861.78234863,64503086
2017-01-29T00:00:00Z,862.22839355,863.49169922,858.29492188,858.13903809,56791134
2017-01-30T00:00:00Z,858.75036621,863.71099854,857.39837646,859.84869385,73082302
2017-01-31T00:00:00Z,860.38769531,900.01757812,860.38769531,898.52130127,152390741
2017-02-01T00:00:00Z,899.01940918,918.73864746,899.58483887,918.48345947,139403789
2017-02-02T00:00:00Z,919.39172363,938.79217529,910.47412109,940.24719238,135508774
2017-02-03T00:00:00Z,939.93127441,961.47119141,937.71142578,955.30102539,186696967
2017-02-04T00:00:00Z,956.61810303,970.13269043,941.61950684,967.34997559,143830813
2017-02-05T00:00:00Z,967.92504883,968.02709961,948.04339600,953.00555420,105944341
2017-02-06T00:00:00Z,953.98889160,972.66296387,953.67779541,966.53015137,104051764
2017-02-07T00:00:00Z,968.38287354,994.31652832,968.38287354,994.14575195,136761903
2017-02-08T00:00:00Z,995.05426025,1010.36608887,974.44348145,994.54571533,188843679
2017-02-09T00:00:00Z,996.07067871,1019.36718750,892.81140137,933.07965088,382115042
2017-02-10T00:00:00Z,934.25170898,937.23498535,889.74713135,929.37957764,179029893
2017-02-11T00:00:00Z,929.59014893,948.75915527,923.88610840,944.20947266,96128032
2017-02-12T00:00:00Z,943.33520508,944.50085449,937.13201904,941.11425781,63605538
2017-02-13T00:00:00Z,940.83544922,940.85058594,919.02258301,934.74432373,94930176
2017-02-14T00:00:00Z,935.77557373,953.80480957,929.75592041,949.83923340,130433056
2017-02-15T00:00:00Z,951.40887451,952.36480713,947.29974365,950.36315918,84670691
2017-02-16T00:00:00Z,950.52355957,969.29931641,950.43389893,963.01428223,114609617
2017-02-17T00:00:00Z,961.77709961,992.24615479,961.23712158,985.96734619,128615588
2017-02-18T00:00:00Z,988.79461670,1000.00000000,986.67419434,993.70471191,93368678
2017-02-19T00:00:00Z,994.02508545,995.95709229,983.37573242,986.32342529,72875843
2017-02-20T00:00:00Z,987.09521484,1018.56146240,981.89270020,1018.17663574,103212973
2017-02-21T00:00:00Z,1017.51678467,1060.11010742,1017.21929932,1058.05908203,177278239
2017-02-22T00:00:00Z,1057.58471680,1065.00427246,1043.86804199,1059.18481445,129004739
2017-02-23T00:00:00Z,1059.02368164,1111.90698242,1058.12805176,1102.44726562,179017292
2017-02-24T00:00:00Z,1108.10729980,1134.58410645,1069.40002441,1111.54467773,313248421
2017-02-25T00:00:00Z,1108.44775391,1112.65270996,1065.05346680,1083.28442383,132551370
2017-02-26T00:00:00Z,1083.69165039,1105.66333008,1070.36645508,1104.24560547,110392343
2017-02-27T00:00:00Z,1102.89990234,1113.08032227,1101.58129883,1114.96740723,124322026
2017-02-28T00:00:00Z,1115.67602539,1127.40930176,1106.84802246,1116.54992676,175015140
2017-03-01T00:00:00Z,1116.61621094,1160.52783203,1117.55395508,1160.52783203,217445407
2017-03-02T00:00:00Z,1162.59741211,1201.79968262,1154.65429688,1190.98437500,350604539
2017-03-03T00:00:00Z,1190.69873047,1213.10412598,1190.47204590,1200.55554199,297306034
2017-03-04T00:00:00Z,1202.85314941,1204.70812988,1158.67236328,1181.87390137,172570621
2017-03-05T00:00:00Z,1181.06408691,1193.97973633,1165.78161621,1193.25732422,126308504
2017-03-06T00:00:00Z,1193.58691406,1203.43298340,1192.56884766,1203.39416504,145274645
2017-03-07T00:00:00Z,1203.75341797,1205.39599609,1139.72192383,1157.88781738,275627898
2017-03-08T00:00:00Z,1157.59436035,1166.15563965,1089.15661621,1090.56420898,315413000
2017-03-09T00:00:00Z,1090.89611816,1131.70776367,1083.06921387,1123.44262695,200664532
2017-03-10T00:00:00Z,1124.26501465,1198.21740723,1008.37780762,1046.69604492,528443123
2017-03-11T00:00:00Z,1046.32104492,1118.97082520,1046.32104492,1102.09948730,265554410
2017-03-12T00:00:00Z,1102.83996582,1148.75012207,1101.65905762,1142.75817871,212552395
2017-03-13T00:00:00Z,1143.13256836,1160.43322754,1137.83654785,1156.84106445,357101129
2017-03-14T00:00:00Z,1157.06640625,1170.81457520,1147.18542480,1168.70874023,231202639
2017-03-15T00:00:00Z,1168.85961914,1178.31860352,1167.92272949,1164.05212402,277414990
2017-03-16T00:00:00Z,1165.65441895,1173.05102539,1070.14575195,1102.88769531,592913649
2017-03-17T00:00:00Z,1095.78466797,1095.78466797,1023.71282959,1024.32727051,657852133
2017-03-18T00:00:00Z,1023.82452393,1037.21252441,891.58831787,906.63623047,578439639
2017-03-19T00:00:00Z,909.34735107,996.09912109,909.34735107,965.12750244,378558928
2017-03-20T00:00:00Z,965.59301758,989.32531738,964.08447266,982.04937744,266911955
2017-03-21T00:00:00Z,983.10198975,1037.65368652,982.27844238,1036.38549805,312052357
2017-03-22T00:00:00Z,1036.48730469,1036.58312988,938.73565674,972.32623291,352957361
2017-03-23T00:00:00Z,973.16961670,981.72961426,953.41925049,963.17346191,230492442
2017-03-24T00:00:00Z,963.04364014,963.04144287,865.30651855,868.31530762,454791161
2017-03-25T00:00:00Z,867.40759277,903.73345947,837.00378418,900.97155762,403633424
2017-03-26T00:00:00Z,902.11633301,933.55566406,883.75103760,891.40155029,280007377
2017-03-27T00:00:00Z,896.31628418,962.82666016,894.35406494,962.95581055,343034077
2017-03-28T00:00:00Z,961.85998535,980.70196533,950.89746094,968.23858643,301740176
2017-03-29T00:00:00Z,967.24914551,978.87561035,939.23815918,966.69451904,277428875
2017-03-30T00:00:00Z,968.77667236,975.81146240,950.02325439,960.44732666,330278836
2017-03-31T00:00:00Z,960.64379883,1009.40936279,964.07177734,1006.47015381,420027240
2017-04-01T00:00:00Z,1006.39495850,1025.18542480,996.42218018,1014.64929199,271982331
2017-04-02T00:00:00Z,1014.75256348,1039.01501465,1009.90698242,1033.05847168,481944895
2017-04-03T00:00:00Z,1033.78942871,1079.72253418,1033.49877930,1072.18786621,544098268
2017-04-04T00:00:00Z,1073.79077148,1086.87963867,1051.24304199,1061.49304199,408683042
2017-04-05T00:00:00Z,1062.32678223,1062.81835938,1044.28918457,1054.15185547,388738519
2017-04-06T00:00:00Z,1055.11718750,1116.57421875,1054.42541504,1111.12365723,480291259
2017-04-07T00:00:00Z,1107.60986328,1120.26049805,1092.79541016,1111.12158203,299303263
2017-04-08T00:00:00Z,1107.10913086,1118.75000000,1097.60192871,1110.22460938,197613293
2017-04-09T00:00:00Z,1110.80993652,1130.29638672,1106.36328125,1122.85656738,229079316
2017-04-10T00:00:00Z,1122.31787109,1125.29772949,1113.77294922,1120.56823730,203778561
2017-04-11T00:00:00Z,1120.87976074,1139.04394531,1120.45666504,1135.73046875,203753063
2017-04-12T00:00:00Z,1135.54199219,1139.24121094,1128.38012695,1124.99536133,270573586
2017-04-13T00:00:00Z,1125.60449219,1129.95690918,1089.33679199,1101.74316406,331639491
2017-04-14T00:00:00Z,1102.73242188,1121.91455078,1091.97814941,1100.51843262,240198895
2017-04-15T00:00:00Z,1100.29223633,1119.80395508,1098.08654785,1105.21252441,191873888
2017-04-16T00:00:00Z,1105.29736328,1118.43615723,1105.29736328,1115.13940430,172729080
2017-04-17T00:00:00Z,1115.43176270,1123.02636719,1101.49353027,1121.77966309,237908484
2017-04-18T00:00:00Z,1121.64807129,1139.61999512,1122.28076172,1129.76232910,252236830
2017-04-19T00:00:00Z,1130.19116211,1133.76550293,1125.08630371,1129.63415527,268864096
2017-04-20T00:00:00Z,1130.37145996,1156.80590820,1128.30065918,1147.17187500,294108643
2017-04-21T00:00:00Z,1147.48925781,1153.68237305,1133.60070801,1139.65307617,253816104
2017-04-22T00:00:00Z,1140.26855469,1152.25219727,1126.98864746,1148.66174316,232509559
2017-04-23T00:00:00Z,1148.85766602,1149.11865234,1106.96936035,1110.28234863,238159669
2017-04-24T00:00:00Z,1112.50805664,1150.92456055,1112.61035156,1150.83312988,217072632
2017-04-25T00:00:00Z,1151.10925293,1158.66540527,1151.93994141,1158.13122559,221978585
2017-04-26T00:00:00Z,1158.58886719,1188.24438477,1158.21594238,1174.44079590,302191977
2017-04-27T00:00:00Z,1175.17419434,1213.74035645,1174.96569824,1212.82092285,413434875
2017-04-28T00:00:00Z,1212.83020020,1225.06677246,1185.87817383,1208.33410645,484156945
2017-04-29T00:00:00Z,1209.58239746,1218.17346191,1207.16833496,1213.20788574,387981628
2017-04-30T00:00:00Z,1213.28137207,1235.93432617,1206.90234375,1236.02941895,378830819
2017-05-01T00:00:00Z,1236.40539551,1315.28649902,1236.63220215,1303.26367188,654220755
2017-05-02T00:00:00Z,1302.74108887,1350.71484375,1297.96459961,1328.71765137,436563000
2017-05-03T00:00:00Z,1329.59582520,1371.52697754,1326.26904297,1368.68737793,536232174
2017-05-04T00:00:00Z,1369.26611328,1465.71020508,1369.01452637,1400.68322754,850381665
2017-05-05T00:00:00Z,1403.59814453,1476.43945312,1392.58349609,1414.81713867,860502063
2017-05-06T00:00:00Z,1416.05432129,1436.05603027,1403.03796387,1436.05603027,529861728
2017-05-07T00:00:00Z,1436.66540527,1455.93139648,1418.73754883,1456.32067871,985069274
2017-05-08T00:00:00Z,1456.51220703,1577.58142090,1455.98107910,1577.58142090,1226949835
2017-05-09T00:00:00Z,1578.07580566,1682.40966797,1578.93286133,1612.78942871,1073061374
2017-05-10T00:00:00Z,1613.85522461,1645.60168457,1577.73498535,1644.54772949,842664036
2017-05-11T00:00:00Z,1638.32702637,1721.72924805,1614.11486816,1701.86889648,736043071
2017-05-12T00:00:00Z,1699.28186035,1709.00476074,1550.15551758,1577.96289062,678122083
2017-05-13T00:00:00Z,1576.93786621,1659.18371582,1511.00939941,1651.78918457,530461250
2017-05-14T00:00:00Z,1648.08276367,1676.05017090,1625.75036621,1655.60131836,400142779
2017-05-15T00:00:00Z,1655.17114258,1659.46545410,1555.76403809,1583.26965332,666237727
2017-05-16T00:00:00Z,1586.24768066,1613.31518555,1534.89270020,1563.69445801,864627652
2017-05-17T00:00:00Z,1556.73461914,1679.92968750,1497.75598145,1649.26013184,954829149
2017-05-18T00:00:00Z,1630.97473145,1714.35766602,1619.71850586,1699.95495605,804969419
2017-05-19T00:00:00Z,1707.80383301,1789.11108398,1702.00793457,1774.10742188,1032925727
2017-05-20T00:00:00Z,1771.01037598,1860.70153809,1762.69189453,1860.70153809,858029275
2017-05-21T00:00:00Z,1844.90368652,1891.36035156,1819.19641113,1822.33728027,1024783473
2017-05-22T00:00:00Z,1824.11389160,2063.31713867,1803.11853027,1934.14599609,1728415086
2017-05-23T00:00:00Z,1950.30712891,2076.42480469,1938.51220703,2076.43847656,1233780718
2017-05-24T00:00:00Z,2077.28857422,2249.50537109,2075.80273438,2176.18652344,1536539289
2017-05-25T00:00:00Z,2178.50219727,2464.95727539,2038.98999023,2056.18188477,2146922419
2017-05-26T00:00:00Z,2070.37451172,2293.31738281,1854.12976074,1969.61181641,1577070349
2017-05-27T00:00:00Z,1964.11193848,2021.28417969,1659.65832520,1823.34997559,1520729744
2017-05-28T00:00:00Z,1836.95227051,2027.66955566,1836.95227051,1928.95495605,1026431611
2017-05-29T00:00:00Z,1932.20288086,2067.06396484,1887.46862793,2027.15026855,893884267
2017-05-30T00:00:00Z,2026.92553711,2069.73559570,1901.01110840,1947.07775879,1292374517
2017-05-31T00:00:00Z,1957.56726074,2056.48706055,1920.14501953,2034.35351562,1374526161
2017-06-01T00:00:00Z,2036.06201172,2183.33325195,2036.60559082,2147.59179688,1474473807
2017-06-02T00:00:00Z,2144.15795898,2206.55273438,2114.88159180,2206.55273438,1167786856
2017-06-03T00:00:00Z,2211.13671875,2289.33325195,2148.93603516,2230.31567383,1343278964
2017-06-04T00:00:00Z,2259.07958984,2292.86206055,2174.62329102,2227.76953125,1201880266
2017-06-05T00:00:00Z,2228.29248047,2386.79052734,2226.55664062,2386.79052734,1216407526
2017-06-06T00:00:00Z,2390.37060547,2661.85449219,2390.37060547,2540.77563477,1854299391
2017-06-07T00:00:00Z,2546.25952148,2546.03369141,2398.79199219,2427.50781250,1348476190
2017-06-08T00:00:00Z,2417.13916016,2499.60058594,2374.38867188,2507.92895508,1145231115
2017-06-09T00:00:00Z,2509.55566406,2592.66430664,2497.87353516,2523.06127930,1205280572
2017-06-10T00:00:00Z,2526.92993164,2636.69580078,2454.02978516,2633.76513672,1803868821
2017-06-11T00:00:00Z,2629.02954102,2677.44824219,2538.00048828,2641.16967773,1564642857
2017-06-12T00:00:00Z,2636.80346680,2675.40844727,2249.71875000,2375.51782227,2295042972
2017-06-13T00:00:00Z,2394.52465820,2487.99291992,2368.52539062,2424.17919922,1589221984
2017-06-14T00:00:00Z,2424.05419922,2484.02709961,2151.72094727,2235.83422852,1513434434
2017-06-15T00:00:00Z,2229.77709961,2258.69726562,1987.92663574,2210.98071289,1817762598
2017-06-16T00:00:00Z,2215.45703125,2267.78564453,2138.95605469,2249.71875000,1067610555
2017-06-17T00:00:00Z,2245.65429688,2398.56176758,2219.70507812,2372.38037109,1370710096
2017-06-18T00:00:00Z,2371.90722656,2377.93676758,2245.92114258,2274.64965820,1052093161
2017-06-19T00:00:00Z,2275.31030273,2382.86352539,2275.51342773,2324.17895508,1298546099
2017-06-20T00:00:00Z,2325.66870117,2482.66088867,2323.75073242,2444.35571289,1665190797
2017-06-21T00:00:00Z,2433.25537109,2490.35131836,2382.80322266,2408.29321289,1456725746
2017-06-22T00:00:00Z,2410.02148438,2441.06469727,2366.01000977,2427.02954102,984964536
2017-06-23T00:00:00Z,2428.76123047,2469.56323242,2427.23779297,2453.00268555,859087557
2017-06-24T00:00:00Z,2447.29223633,2464.64697266,2308.48071289,2331.29565430,878239514
2017-06-25T00:00:00Z,2329.98217773,2397.01513672,2279.28930664,2312.17968750,1036789028
2017-06-26T00:00:00Z,2313.21557617,2336.71362305,2126.24365234,2216.66210938,1487595027
2017-06-27T00:00:00Z,2216.66210938,2251.83056641,2067.33715820,2251.83056641,1314327262
2017-06-28T00:00:00Z,2252.34228516,2289.41455078,2188.53051758,2262.95483398,1040490378
2017-06-29T00:00:00Z,2256.60058594,2263.35913086,2201.40307617,2219.87939453,830473825
2017-06-30T00:00:00Z,2219.80932617,2240.82836914,2170.06396484,2172.17407227,753237916
2017-07-01T00:00:00Z,2182.47094727,2202.32031250,2118.22949219,2131.64355469,682877142
2017-07-02T00:00:00Z,2133.26318359,2201.45336914,2096.87426758,2194.42309570,703683250
2017-07-03T00:00:00Z,2187.49780273,2282.72338867,2174.51562500,2254.71337891,847794583
2017-07-04T00:00:00Z,2252.02246094,2315.72509766,2250.37377930,2290.37768555,867608092
2017-07-05T00:00:00Z,2291.46069336,2309.89062500,2236.60791016,2293.31030273,829866046
2017-07-06T00:00:00Z,2298.69555664,2291.14794922,2271.01513672,2284.20312500,667212778
2017-07-07T00:00:00Z,2284.22949219,2558.24194336,2191.99121094,2209.35083008,804747340
2017-07-08T00:00:00Z,2210.76318359,2255.56152344,2186.23681641,2255.56152344,643271916
2017-07-09T00:00:00Z,2256.67553711,2311.83325195,2207.83129883,2208.57666016,462909761
2017-07-10T00:00:00Z,2214.54882812,2228.51123047,2036.79345703,2082.10620117,975164546
2017-07-11T00:00:00Z,2093.80419922,2118.19384766,2017.40014648,2037.82250977,1159135286
2017-07-12T00:00:00Z,2033.44665527,2122.52392578,1982.00183105,2100.92846680,978639033
2017-07-13T00:00:00Z,2104.30883789,2121.06005859,2053.71997070,2068.15185547,733067261
2017-07-14T00:00:00Z,2070.51147461,2074.48217773,1903.91552734,1947.62365723,769602316
2017-07-15T00:00:00Z,1944.81567383,1945.70495605,1735.77221680,1743.14123535,866493416
2017-07-16T00:00:00Z,1737.14135742,1795.38671875,1607.24694824,1682.20007324,1031093110
2017-07-17T00:00:00Z,1684.64086914,1943.44335938,1684.64086914,1942.30798340,1047467968
2017-07-18T00:00:00Z,1946.76196289,2067.01586914,1878.48840332,2008.20983887,1309820774
2017-07-19T00:00:00Z,2011.84729004,2081.05737305,1958.60485840,1972.26501465,1080159653
2017-07-20T00:00:00Z,1969.19396973,2495.22583008,1969.36486816,2423.11669922,1934348153
2017-07-21T00:00:00Z,2441.01293945,2441.22290039,2246.85083008,2288.35131836,1277620504
2017-07-22T00:00:00Z,2289.09741211,2455.32666016,2279.73071289,2410.46508789,1009718634
2017-07-23T00:00:00Z,2408.73217773,2429.38745117,2276.49682617,2337.87133789,918606045
2017-07-24T00:00:00Z,2339.84057617,2386.78247070,2312.53417969,2367.12500000,744521382
2017-07-25T00:00:00Z,2369.39331055,2373.18261719,2130.49365234,2212.71044922,1253941931
2017-07-26T00:00:00Z,2213.81835938,2242.72827148,2107.12744141,2156.39379883,799150922
2017-07-27T00:00:00Z,2164.28808594,2306.31958008,2157.03564453,2285.91723633,675140315
2017-07-28T00:00:00Z,2292.71899414,2466.33471680,2292.71899414,2391.05371094,1174753122
2017-07-29T00:00:00Z,2389.35986328,2390.84106445,2292.13476562,2320.77807617,684155587
2017-07-30T00:00:00Z,2319.02441406,2346.68652344,2251.31933594,2347.53515625,601058302
2017-07-31T00:00:00Z,2352.69482422,2440.55761719,2318.76757812,2433.01757812,728190029
2017-08-01T00:00:00Z,2429.59887695,2470.27734375,2273.62866211,2301.65966797,1121651102
2017-08-02T00:00:00Z,2309.17016602,2336.96801758,2249.69653320,2287.67822266,924086434
2017-08-03T00:00:00Z,2286.74145508,2369.50219727,2269.19628906,2360.48632812,677324518
2017-08-04T00:00:00Z,2362.33789062,2463.11279297,2311.47436523,2460.19018555,851346530
2017-08-05T00:00:00Z,2461.66845703,2795.01318359,2442.29882812,2763.49487305,1652960639
2017-08-06T00:00:00Z,2767.48803711,2797.79980469,2680.82592773,2729.69238281,938534072
2017-08-07T00:00:00Z,2728.70727539,2882.81005859,2698.87133789,2863.75122070,1256275901
2017-08-08T00:00:00Z,2856.36059570,2950.51220703,2834.48828125,2910.09179688,1491456828
2017-08-09T00:00:00Z,2910.48315430,2913.97924805,2767.03588867,2841.75317383,1248903248
2017-08-10T00:00:00Z,2841.21752930,2935.10961914,2827.72802734,2872.79516602,1287264245
2017-08-11T00:00:00Z,2866.45703125,3114.18408203,2864.52612305,3089.55664062,1710553500
2017-08-12T00:00:00Z,3089.56494141,3342.85717773,3058.31079102,3287.66918945,1878461313
2017-08-13T00:00:00Z,3283.71704102,3561.60302734,3264.89501953,3445.49145508,2672212756
2017-08-14T00:00:00Z,3439.43505859,3673.45825195,3373.49682617,3673.45825195,2091973773
2017-08-15T00:00:00Z,3675.03833008,3782.65722656,3335.76416016,3562.42456055,2775406805
2017-08-16T00:00:00Z,3578.10693359,3721.10571289,3402.40209961,3717.51464844,1929873385
2017-08-17T00:00:00Z,3724.14843750,3843.58935547,3614.12866211,3698.50585938,2180122842
2017-08-18T00:00:00Z,3692.22998047,3720.84277344,3414.45581055,3537.94238281,2501454150
2017-08-19T00:00:00Z,3518.49487305,3608.21411133,3376.31811523,3566.07153320,2530459211
2017-08-20T00:00:00Z,3562.33837891,3568.27392578,3460.78222656,3477.37988281,1794785184
2017-08-21T00:00:00Z,3479.77880859,3496.24780273,3376.16406250,3388.43359375,2371625836
2017-08-22T00:00:00Z,3385.56323242,3512.34350586,3112.73193359,3486.83666992,3200884245
2017-08-23T00:00:00Z,3477.04931641,3606.89868164,3468.33056641,3513.77075195,2005772242
2017-08-24T00:00:00Z,3501.98901367,3710.06274414,3499.92358398,3674.39184570,1727345949
2017-08-25T00:00:00Z,3672.81494141,3748.69604492,3651.53442383,3666.21948242,1449153009
2017-08-26T00:00:00Z,3666.60522461,3672.65991211,3580.61059570,3650.11743164,1267703777
2017-08-27T00:00:00Z,3643.99536133,3703.94995117,3620.67260742,3667.68188477,1286577379
2017-08-28T00:00:00Z,3668.99609375,3676.37548828,3542.97216797,3663.81884766,1637961919
2017-08-29T00:00:00Z,3669.29443359,3865.68627930,3613.22534180,3826.05273438,2077272727
2017-08-30T00:00:00Z,3818.81665039,3861.22509766,3742.39208984,3839.93579102,1629952043
2017-08-31T00:00:00Z,3831.76879883,3981.54663086,3825.91870117,3949.77343750,1633296984
2017-09-01T00:00:00Z,3948.40429688,4125.84130859,3934.51342773,4125.84130859,2192021537
2017-09-02T00:00:00Z,4133.77734375,4195.86767578,3769.28417969,3861.65991211,2295808302
2017-09-03T00:00:00Z,3867.14184570,3975.77807617,3725.72314453,3857.71044922,1627264323
2017-09-04T00:00:00Z,3865.00830078,3864.68310547,3452.43701172,3562.31933594,2512050158
2017-09-05T00:00:00Z,3555.57519531,3714.63085938,3359.75634766,3670.66162109,2262828080
2017-09-06T00:00:00Z,3670.71191406,3873.53198242,3670.40405273,3854.70410156,1821314855
2017-09-07T00:00:00Z,3848.01293945,3877.90747070,3761.89794922,3824.62792969,1533732462
2017-09-08T00:00:00Z,3829.01806641,3864.20166016,3386.66992188,3514.29394531,2244569195
2017-09-09T00:00:00Z,3515.17504883,3580.83593750,3419.02246094,3512.05859375,1152023615
2017-09-10T00:00:00Z,3514.78417969,3528.16406250,3283.50366211,3430.92285156,1397262252
2017-09-11T00:00:00Z,3430.53198242,3547.25317383,3413.03808594,3480.48681641,1302551061
2017-09-12T00:00:00Z,3486.85180664,3628.70605469,3415.45019531,3451.25756836,1557799355
2017-09-13T00:00:00Z,3452.23486328,3452.52343750,3181.33129883,3265.97412109,1866932974
2017-09-14T00:00:00Z,3259.90087891,3297.67016602,2646.52197266,2646.77001953,2278783570
2017-09-15T00:00:00Z,2656.29199219,3126.58056641,2464.96582031,3046.24414062,3473804445
2017-09-16T00:00:00Z,3046.43676758,3189.71606445,2920.85253906,3035.79272461,1522820534
2017-09-17T00:00:00Z,3020.08203125,3069.09814453,2885.55395508,3001.49096680,1038074853
2017-09-18T00:00:00Z,3008.36889648,3412.15380859,3008.11694336,3398.99658203,1624757512
2017-09-19T00:00:00Z,3406.17895508,3421.99096680,3228.63232422,3272.99023438,1304186151
2017-09-20T00:00:00Z,3265.81054688,3361.73266602,3212.63330078,3289.77514648,1022344829
2017-09-21T00:00:00Z,3286.00170898,3298.59326172,3026.99780273,3040.05371094,1181748212
2017-09-22T00:00:00Z,3037.52514648,3140.26562500,2969.68920898,3037.73413086,999690388
2017-09-23T00:00:00Z,3037.08154297,3195.45678711,3007.51342773,3173.02539062,776534458
2017-09-24T00:00:00Z,3176.16284180,3176.16284180,3068.02197266,3088.07666016,643983713
2017-09-25T00:00:00Z,3087.02001953,3338.05126953,3087.02001953,3311.74194336,1159181820
2017-09-26T00:00:00Z,3313.71557617,3368.59545898,3268.77270508,3303.64111328,885876788
2017-09-27T00:00:00Z,3304.14184570,3584.54638672,3297.25000000,3575.34252930,1435764746
2017-09-28T00:00:00Z,3572.32934570,3639.17846680,3487.82153320,3544.21435547,1453705748
2017-09-29T00:00:00Z,3541.57397461,3563.26513672,3428.93896484,3524.44116211,1157339980
2017-09-30T00:00:00Z,3527.01489258,3689.83251953,3522.57006836,3673.13745117,1022223149
2017-10-01T00:00:00Z,3675.11840820,3729.45483398,3614.80712891,3729.45483398,1023213117
2017-10-02T00:00:00Z,3722.73876953,3810.61279297,3727.71850586,3758.69042969,1220467179
2017-10-03T00:00:00Z,3757.95751953,3785.52416992,3623.04565430,3675.70239258,1096560504
2017-10-04T00:00:00Z,3677.31152344,3701.57348633,3579.98461914,3597.92407227,950038322
2017-10-05T00:00:00Z,3598.36645508,3727.47778320,3536.64843750,3695.38989258,991863727
2017-10-06T00:00:00Z,3692.01733398,3770.09228516,3689.60693359,3725.22802734,911906561
2017-10-07T00:00:00Z,3723.98364258,3787.50512695,3682.81762695,3773.02490234,772971959
2017-10-08T00:00:00Z,3775.39404297,3942.14843750,3754.91357422,3926.48608398,1118949031
2017-10-09T00:00:00Z,3929.92675781,4152.44677734,3892.08666992,4064.75292969,1676950569
2017-10-10T00:00:00Z,4068.32202148,4168.15136719,4033.09350586,4048.41699219,1352133397
2017-10-11T00:00:00Z,4054.56323242,4109.03808594,4022.71411133,4068.51562500,1030329542
2017-10-12T00:00:00Z,4071.12890625,4604.70898438,4066.45312500,4604.70898438,2359971352
2017-10-13T00:00:00Z,4619.29150391,4928.93896484,4591.93408203,4776.86523438,3058264307
2017-10-14T00:00:00Z,4773.75195312,4937.99707031,4729.85986328,4932.99804688,1411800047
2017-10-15T00:00:00Z,4936.52490234,4950.49902344,4634.24951172,4806.32275391,1672625644
2017-10-16T00:00:00Z,4814.26269531,4893.45117188,4704.46337891,4854.66308594,1702619990
2017-10-17T00:00:00Z,4868.22119141,4930.17431641,4649.71972656,4762.54003906,1547638104
2017-10-18T00:00:00Z,4761.10449219,4758.27441406,4378.24218750,4740.28320312,2034313963
2017-10-19T00:00:00Z,4734.39062500,4848.37109375,4684.56005859,4818.12988281,1502819068
2017-10-20T00:00:00Z,4817.78369141,5147.02734375,4760.77001953,5101.79931641,1998158323
2017-10-21T00:00:00Z,5089.35742188,5257.47265625,5062.43750000,5118.90039062,1873122213
2017-10-22T00:00:00Z,5123.19433594,5156.80175781,4915.84472656,5111.80859375,1731010733
2017-10-23T00:00:00Z,5109.75000000,5163.24462891,4879.94384766,5045.36328125,2043423624
2017-10-24T00:00:00Z,5049.78710938,5049.35791016,4679.23144531,4700.32324219,2326671175
2017-10-25T00:00:00Z,4698.58837891,4869.53564453,4590.42431641,4866.13623047,1664401719
2017-10-26T00:00:00Z,4863.72509766,5076.70068359,4837.42285156,5074.62207031,1637194912
2017-10-27T00:00:00Z,5070.24755859,5149.97412109,4941.61962891,4980.09960938,1473234018
2017-10-28T00:00:00Z,4986.06103516,5062.64648438,4901.09423828,4956.14208984,1209441764
2017-10-29T00:00:00Z,4957.30517578,5389.13671875,4931.58154297,5302.75732422,2463627747
2017-10-30T00:00:00Z,5269.15136719,5340.71533203,5201.79980469,5262.70898438,1521289395
2017-10-31T00:00:00Z,5263.98828125,5554.01708984,5246.56591797,5551.79785156,1983846853
2017-11-01T00:00:00Z,5528.25537109,5820.34082031,5483.98974609,5820.34082031,2468667866
2017-11-02T00:00:00Z,5829.33691406,6323.34570312,5811.95312500,6071.79638672,3991911340
2017-11-03T00:00:00Z,6079.54199219,6405.64062500,6007.49755859,6209.83886719,2903299816
2017-11-04T00:00:00Z,6172.55126953,6455.46630859,6057.79248047,6358.18896484,2139915623
2017-11-05T00:00:00Z,6379.35742188,6562.83251953,6317.90283203,6377.45166016,2049427561
2017-11-06T00:00:00Z,6373.84423828,6427.63281250,6037.14160156,6048.88867188,2680361674
2017-11-07T00:00:00Z,6049.18164062,6249.62939453,6049.18164062,6159.47900391,2005638500
2017-11-08T00:00:00Z,6156.89257812,6709.59423828,6134.89160156,6434.65039062,3969809423
2017-11-09T00:00:00Z,6423.55761719,6424.11132812,6106.20800781,6133.93457031,2770264455
2017-11-10T00:00:00Z,6159.82324219,6275.31738281,5518.57861328,5674.47509766,4465617642
2017-11-11T00:00:00Z,5674.87792969,5893.12353516,5319.57470703,5451.08447266,4208762919
2017-11-12T00:00:00Z,5397.79638672,5680.39941406,4732.06689453,5102.97607422,7682118257
2017-11-13T00:00:00Z,5092.83886719,5835.99511719,5016.55810547,5624.18798828,5370187705
2017-11-14T00:00:00Z,5625.89404297,5796.89794922,5494.68554688,5628.76416016,2711943351
2017-11-15T00:00:00Z,5627.92431641,6227.52343750,5626.49218750,6209.08154297,3565506814
2017-11-16T00:00:00Z,6215.61718750,6770.37695312,6089.07177734,6683.38427734,4350322459
2017-11-17T00:00:00Z,6667.99951172,6788.72851562,6415.85888672,6536.92041016,3944433152
2017-11-18T00:00:00Z,6526.93115234,6686.16162109,6328.70361328,6605.74072266,3109632847
2017-11-19T00:00:00Z,6585.28759766,6874.18115234,6524.29394531,6848.30859375,2683698284
2017-11-20T00:00:00Z,6850.50683594,7106.08642578,6774.06054688,6987.59326172,2972435283
2017-11-21T00:00:00Z,6991.93945312,7113.71875000,6613.87939453,6875.00830078,3643620089
2017-11-22T00:00:00Z,6880.70703125,7066.35449219,6880.93896484,6986.24511719,3075613773
2017-11-23T00:00:00Z,6968.32568359,6995.60009766,6784.34472656,6784.34472656,3565853578
2017-11-24T00:00:00Z,6814.09423828,7069.78466797,6702.90380859,6918.43310547,4240243232
2017-11-25T00:00:00Z,6908.39062500,7368.75097656,6866.00976562,7368.75097656,3639614444
2017-11-26T00:00:00Z,7367.17529297,7985.68505859,7355.90087891,7823.04833984,4590911297
2017-11-27T00:00:00Z,7841.63623047,8247.94140625,7842.95166016,8247.94140625,4749092903
2017-11-28T00:00:00Z,8252.20898438,8510.42187500,8196.91894531,8489.87109375,5358558379
2017-11-29T00:00:00Z,8505.57128906,9720.14550781,8096.66894531,8343.41113281,9761052771
2017-11-30T00:00:00Z,8358.75000000,9118.61523438,7735.41503906,8601.10937500,6984946875
2017-12-01T00:00:00Z,8571.69238281,9279.04296875,8138.55810547,9231.72656250,5705374608
2017-12-02T00:00:00Z,9233.99804688,9521.57519531,9172.42773438,9314.99707031,4322062491
2017-12-03T00:00:00Z,9321.81054688,10004.80859375,9154.65625000,9550.60742188,5573810526
2017-12-04T00:00:00Z,9544.02832031,9823.20703125,9341.48144531,9823.20703125,5167615957
2017-12-05T00:00:00Z,9847.22363281,10161.30371094,9777.23437500,10073.28808594,5828622282
2017-12-06T00:00:00Z,10078.95214844,12176.17089844,10080.65625000,12107.33691406,10722043402
2017-12-07T00:00:00Z,12085.81835938,15205.31738281,11917.00585938,15205.31738281,15248640435
2017-12-08T00:00:00Z,15123.08886719,15603.97949219,12217.21386719,14084.83496094,17966677130
2017-12-09T00:00:00Z,14045.64843750,14266.40625000,11624.36328125,12902.24414062,11825314601
2017-12-10T00:00:00Z,12893.91406250,13473.81835938,11243.28417969,13134.52929688,11416078837
2017-12-11T00:00:00Z,13110.73339844,14866.22558594,13090.41406250,14383.69531250,10321783467
2017-12-12T00:00:00Z,14369.25781250,15160.54296875,14075.93652344,14832.97851562,12438292779
2017-12-13T00:00:00Z,14905.03320312,15031.58984375,13626.45507812,13862.95996094,10963923704
2017-12-14T00:00:00Z,13843.02050781,14450.10253906,13678.61132812,14068.28613281,11701545616
2017-12-15T00:00:00Z,14099.96679688,15390.04687500,14101.16406250,15067.13769531,12176650456
2017-12-16T00:00:00Z,15112.57714844,16777.31445312,14904.10253906,16590.70898438,10841218353
2017-12-17T00:00:00Z,16572.32812500,17094.11132812,16157.79589844,16299.75390625,11338329163
2017-12-18T00:00:00Z,16270.45898438,16432.81250000,15618.05566406,16221.84472656,12593991153
2017-12-19T00:00:00Z,16225.32519531,16270.29882812,14593.17480469,15019.17773438,14273825482
2017-12-20T00:00:00Z,15005.32324219,15146.27050781,13544.81933594,13997.30566406,18649237673
2017-12-21T00:00:00Z,14012.29296875,14800.08398438,12928.87890625,13333.53027344,13935706892
2017-12-22T00:00:00Z,13413.76953125,13478.23144531,9983.96875000,11665.51367188,18721430055
2017-12-23T00:00:00Z,11764.10546875,13159.48437500,11662.98339844,12397.06542969,11036518620
2017-12-24T00:00:00Z,12320.31738281,12335.32910156,10751.20214844,11753.71386719,9767302309
2017-12-25T00:00:00Z,11812.87988281,12289.87695312,11343.53906250,11815.85351562,8983826050
2017-12-26T00:00:00Z,11824.27734375,13869.07031250,11823.76757812,13579.45312500,11348093927
2017-12-27T00:00:00Z,13633.18164062,14249.20117188,12703.22753906,13310.78222656,10494663525
2017-12-28T00:00:00Z,13332.29687500,13354.96386719,11660.08496094,12234.27441406,10332942216
2017-12-29T00:00:00Z,12309.07128906,12786.84375000,11941.40722656,12217.57226562,10858202868
2017-12-30T00:00:00Z,12238.99707031,12238.99707031,10295.18164062,10797.09960938,12047849123
2017-12-31T00:00:00Z,10751.66699219,11979.17089844,10627.89550781,11795.03417969,10111897617
2018-01-01T00:00:00Z,11758.20703125,11758.20703125,10961.33691406,11372.47070312,8569572820
2018-01-02T00:00:00Z,11345.65722656,12820.28710938,10956.88378906,12421.93847656,13967830356
2018-01-03T00:00:00Z,12418.70507812,12935.29394531,12340.59375000,12656.95214844,14048209958
2018-01-04T00:00:00Z,12714.98730469,13043.58984375,12043.62304688,12928.22851562,18053372902
2018-01-05T00:00:00Z,12827.11816406,14719.98632812,12591.35351562,14490.77148438,19821166505
2018-01-06T00:00:00Z,14517.87500000,14725.97265625,13937.97753906,14571.83203125,15226638218
2018-01-07T00:00:00Z,14572.08203125,14615.56347656,13377.43261719,13689.12500000,13181025491
2018-01-08T00:00:00Z,13687.96191406,13732.37597656,11880.75976562,12674.49218750,15384660186
2018-01-09T00:00:00Z,12635.72558594,12950.19628906,12089.51464844,12237.27734375,13968306988
2018-01-10T00:00:00Z,12231.49121094,12524.71777344,11462.82714844,12524.71777344,15475366384
2018-01-11T00:00:00Z,12520.45214844,12563.82812500,10970.03417969,11133.46093750,13731500679
2018-01-12T00:00:00Z,11173.40820312,11736.96875000,10911.43554688,11465.14648438,9894784189
2018-01-13T00:00:00Z,11442.02050781,12021.89648438,11442.02050781,11776.44726562,10467114870
2018-01-14T00:00:00Z,11785.13964844,11900.77050781,10880.76074219,11297.78515625,9092780627
2018-01-15T00:00:00Z,11293.92968750,11788.39550781,11186.30566406,11267.67187500,10396086320
2018-01-16T00:00:00Z,11280.96191406,11287.58984375,8316.25781250,9364.71093750,15365770119
2018-01-17T00:00:00Z,9316.29980469,9523.73144531,7688.51904297,9186.79687500,15461532303
2018-01-18T00:00:00Z,9195.17187500,9894.81835938,8958.98144531,9380.28320312,12278590383
2018-01-19T00:00:00Z,9343.41503906,9786.84472656,9112.64257812,9498.69140625,8789198141
2018-01-20T00:00:00Z,9538.62500000,10722.58593750,9538.62500000,10555.81054688,9657692596
2018-01-21T00:00:00Z,10547.62695312,10553.11035156,9199.83691406,9464.83300781,8106380366
2018-01-22T00:00:00Z,9491.75878906,9777.26953125,8351.84765625,8919.22363281,8597748303
2018-01-23T00:00:00Z,8929.91210938,9262.88378906,8278.60449219,8831.07226562,7849686793
2018-01-24T00:00:00Z,8859.51074219,9282.80859375,8638.30468750,9167.46093750,8022750345
2018-01-25T00:00:00Z,9217.73925781,9477.84472656,8855.12988281,9086.75683594,7160979679
2018-01-26T00:00:00Z,9084.01269531,9380.14062500,8413.93457031,8995.41015625,7847813473
2018-01-27T00:00:00Z,8998.22851562,9352.52441406,8848.70019531,9212.25585938,6106183983
2018-01-28T00:00:00Z,9240.11621094,9695.06347656,9240.11621094,9482.90234375,6718448841
2018-01-29T00:00:00Z,9458.12207031,9558.59570312,9021.30468750,9124.71777344,5741001409
2018-01-30T00:00:00Z,9133.11816406,9137.13183594,8096.97460938,8144.98681641,6961524694
2018-01-31T00:00:00Z,8146.51855469,8347.35058594,7870.41748047,8232.20019531,6476449897
2018-02-01T00:00:00Z,8245.24804688,8279.39160156,7090.09619141,7331.15380859,7961787871
2018-02-02T00:00:00Z,7308.56201172,7309.73095703,6242.68554688,7087.27929688,10214205226
2018-02-03T00:00:00Z,7104.43017578,7568.82031250,6622.49609375,7363.49121094,5829687063
2018-02-04T00:00:00Z,7364.12548828,7491.87011719,6458.04150391,6650.33740234,5683392113
2018-02-05T00:00:00Z,6645.13916016,6717.12841797,5450.25439453,5624.96582031,7509332781
2018-02-06T00:00:00Z,5702.99218750,6342.46240234,4879.59619141,6263.83398438,11309314420
2018-02-07T00:00:00Z,6265.03759766,6896.11035156,5840.83154297,6211.83447266,7473534925
2018-02-08T00:00:00Z,6225.33203125,6995.31640625,6223.30322266,6741.91650391,7623776887
2018-02-09T00:00:00Z,6747.01464844,7142.14062500,6432.29736328,7142.14062500,5546325696
2018-02-10T00:00:00Z,7128.32519531,7457.32861328,6781.22265625,7048.06689453,6360631289
2018-02-11T00:00:00Z,7043.35009766,7043.35009766,6483.36474609,6636.71044922,4997705979
2018-02-12T00:00:00Z,6646.06542969,7302.65722656,6644.43847656,7257.96435547,5086950002
2018-02-13T00:00:00Z,7258.08593750,7285.08544922,6862.04345703,6961.63037109,4612355171
2018-02-14T00:00:00Z,6962.93408203,7636.82617188,6961.80664062,7615.80957031,6344605682
2018-02-15T00:00:00Z,7610.74853516,8187.83984375,7514.66064453,8132.46972656,7249452274
2018-02-16T00:00:00Z,8107.91162109,8301.78515625,7880.66113281,8249.81933594,5881628169
2018-02-17T00:00:00Z,8228.53710938,8979.84667969,8181.70117188,8958.24316406,6981765727
2018-02-18T00:00:00Z,8966.86816406,9149.37500000,8324.06250000,8501.97363281,7045370823
2018-02-19T00:00:00Z,8502.61816406,9088.10937500,8465.41601562,9054.12109375,6172035696
2018-02-20T00:00:00Z,9059.36425781,9693.98535156,9060.09472656,9245.74316406,8048111146
2018-02-21T00:00:00Z,9220.20410156,9256.24218750,8532.07910156,8706.24707031,7659695128
2018-02-22T00:00:00Z,8681.81445312,8984.37304688,8085.81982422,8117.64697266,6523391377
2018-02-23T00:00:00Z,8062.53173828,8522.79589844,7922.64941406,8379.64648438,6295859458
2018-02-24T00:00:00Z,8368.74707031,8620.51562500,7766.18359375,7982.64892578,5627535983
2018-02-25T00:00:00Z,7969.10449219,8072.25244141,7652.37109375,7865.81787109,4644697570
2018-02-26T00:00:00Z,7869.64257812,8500.36523438,7713.06982422,8419.31347656,5918695882
2018-02-27T00:00:00Z,8441.40332031,8847.18652344,8312.59082031,8772.77929688,5697840537
2018-02-28T00:00:00Z,8741.37109375,9074.37988281,8525.22363281,8529.86132812,5690065588
2018-03-01T00:00:00Z,8519.27832031,9012.72070312,8496.26562500,8924.29296875,5963067186
2018-03-02T00:00:00Z,8945.80761719,9116.76074219,8810.47460938,9000.89355469,6187050483
2018-03-03T00:00:00Z,9013.47753906,9359.58496094,8932.69531250,9328.32714844,5431980385
2018-03-04T00:00:00Z,9334.57812500,9346.91894531,9041.24316406,9346.91894531,4939636080
2018-03-05T00:00:00Z,9362.99414062,9495.45605469,9285.86523438,9381.72851562,5243628327
2018-03-06T00:00:00Z,9322.38964844,9323.14550781,8623.74023438,8682.96484375,5503157458
2018-03-07T00:00:00Z,8702.29589844,8805.59179688,7808.66894531,8029.62695312,7088800271
2018-03-08T00:00:00Z,8018.24218750,8195.28417969,7533.18017578,7635.11572266,5839975607
2018-03-09T00:00:00Z,7651.10986328,7691.84179688,6912.17138672,7588.41894531,7073702124
2018-03-10T00:00:00Z,7599.01660156,7745.89208984,7174.70117188,7205.20117188,4377342440
2018-03-11T00:00:00Z,7194.45751953,7889.43115234,6994.81542969,7782.44238281,5115672876
2018-03-12T00:00:00Z,7802.18554688,8072.70507812,7259.22314453,7460.78808594,5233749237
2018-03-13T00:00:00Z,7434.78710938,7680.13916016,7244.79589844,7419.38964844,4834293424
2018-03-14T00:00:00Z,7435.36718750,7548.69238281,6524.81787109,6683.21435547,5203030561
2018-03-15T00:00:00Z,6700.14550781,6834.53564453,6291.36669922,6745.37646484,5553737975
2018-03-16T00:00:00Z,6763.29443359,6987.75048828,6507.85302734,6786.31835938,4304858664
2018-03-17T00:00:00Z,6772.93896484,6792.97656250,6358.60644531,6443.29785156,3602303156
2018-03-18T00:00:00Z,6421.84423828,6712.94433594,6020.98974609,6696.80761719,5406506528
2018-03-19T00:00:00Z,6794.88623047,7047.25048828,6656.68701172,6996.31201172,5454855720
2018-03-20T00:00:00Z,6987.41064453,7393.41552734,6798.38720703,7278.08398438,5194570060
2018-03-21T00:00:00Z,7297.68945312,7470.38671875,7209.13525391,7233.11474609,4895204420
2018-03-22T00:00:00Z,7241.34521484,7366.01367188,6962.76757812,7083.07226562,4487860112
2018-03-23T00:00:00Z,7089.38574219,7189.39355469,6779.61425781,7189.39355469,4820759608
2018-03-24T00:00:00Z,7207.47314453,7283.76611328,7016.19335938,7018.15234375,4586349335
2018-03-25T00:00:00Z,6973.37011719,7031.67529297,6840.82226562,6878.06054688,3699708601
2018-03-26T00:00:00Z,6880.23779297,6896.33789062,6364.12792969,6590.71972656,4753564444
2018-03-27T00:00:00Z,6583.17285156,6613.73730469,6265.39160156,6313.40380859,4334851487
2018-03-28T00:00:00Z,6316.45849609,6553.36035156,6292.64306641,6461.27832031,4008845631
2018-03-29T00:00:00Z,6481.25244141,6491.01171875,5757.21923828,5824.82519531,5170890769
2018-03-30T00:00:00Z,5829.49951172,5904.94189453,5426.14892578,5592.50048828,5104707319
2018-03-31T00:00:00Z,5594.09130859,5850.05273438,5570.58691406,5659.87304688,3695535882
2018-04-01T00:00:00Z,5683.84082031,5730.82568359,5297.35400391,5558.99121094,3681042963
2018-04-02T00:00:00Z,5559.50292969,5784.26562500,5534.28613281,5762.46630859,3525128122
2018-04-03T00:00:00Z,5777.48291016,6141.68994141,5750.92724609,6073.23437500,4479677628
2018-04-04T00:00:00Z,6073.47900391,6085.44189453,5538.81445312,5578.57714844,4017580986
2018-04-05T00:00:00Z,5574.35302734,5653.33886719,5411.51562500,5561.29199219,4604278302
2018-04-06T00:00:00Z,5564.95751953,5602.52490234,5371.29296875,5403.72900391,3067185174
2018-04-07T00:00:00Z,5398.99804688,5741.01464844,5398.99804688,5627.46484375,3238018116
2018-04-08T00:00:00Z,5634.70410156,5790.70117188,5634.70410156,5724.14013672,2976772590
2018-04-09T00:00:00Z,5741.09179688,5844.89013672,5407.89843750,5496.61474609,3973096308
2018-04-10T00:00:00Z,5516.67480469,5562.90283203,5439.47265625,5529.29345703,3456637877
2018-04-11T00:00:00Z,5536.34033203,5633.24169922,5511.83593750,5633.24169922,3752538231
2018-04-12T00:00:00Z,5622.78076172,6407.03222656,5516.70410156,6398.93750000,7223822078
2018-04-13T00:00:00Z,6408.54052734,6644.98193359,6295.78906250,6404.37988281,6297720847
2018-04-14T00:00:00Z,6387.11181641,6602.89550781,6363.85742188,6477.60595703,4210747136
2018-04-15T00:00:00Z,6488.22314453,6763.25732422,6488.22314453,6754.61083984,4253085719
2018-04-16T00:00:00Z,6761.47119141,6784.85205078,6397.90917969,6507.84960938,4547613522
2018-04-17T00:00:00Z,6518.33984375,6709.82275391,6372.15625000,6387.59179688,5578271661
2018-04-18T00:00:00Z,6421.81738281,6622.87890625,6377.17089844,6595.63720703,5275842094
2018-04-19T00:00:00Z,6592.28417969,6723.94287109,6577.85498047,6720.93798828,5723369244
2018-04-20T00:00:00Z,6714.91748047,7227.92626953,6681.69238281,7199.92675781,6868069517
2018-04-21T00:00:00Z,7202.33593750,7323.43359375,7042.28417969,7240.41992188,6144025838
2018-04-22T00:00:00Z,7264.41455078,7326.74560547,7151.84960938,7172.79980469,5402460704
2018-04-23T00:00:00Z,7166.22363281,7322.06787109,7163.42773438,7315.59619141,5672665583
2018-04-24T00:00:00Z,7318.43017578,7953.42822266,7313.69726562,7925.38427734,8727362197
2018-04-25T00:00:00Z,7928.26904297,7972.28417969,7230.76416016,7269.07714844,9107650719
2018-04-26T00:00:00Z,7286.81103516,7665.60107422,7170.39648438,7665.60107422,7408787156
2018-04-27T00:00:00Z,7673.13330078,7756.01416016,7410.16650391,7410.16650391,6238695515
2018-04-28T00:00:00Z,7370.76953125,7760.62792969,7364.76757812,7708.17968750,6435916834
2018-04-29T00:00:00Z,7706.47265625,7859.07812500,7580.56542969,7769.59521484,7302648018
2018-04-30T00:00:00Z,7775.39404297,7816.84228516,7571.49560547,7650.09521484,7180991804
2018-05-01T00:00:00Z,7659.13525391,7664.69042969,7391.96044922,7605.51269531,6432877318
2018-05-02T00:00:00Z,7593.49414062,7742.80175781,7515.74804688,7728.80322266,6324819977
2018-05-03T00:00:00Z,7727.17138672,8175.49462891,7667.65429688,8128.01171875,8514597584
2018-05-04T00:00:00Z,8087.67089844,8175.22167969,8001.63623047,8112.35986328,6872244429
2018-05-05T00:00:00Z,8111.95898438,8332.91503906,8107.64355469,8243.97949219,6399013079
2018-05-06T00:00:00Z,8233.24121094,8312.54394531,7915.41210938,8077.30273438,6042232236
2018-05-07T00:00:00Z,8069.66455078,8081.81396484,7743.27294922,7854.69677734,6196279092
2018-05-08T00:00:00Z,7861.28369141,7935.88574219,7689.78076172,7781.93359375,6249153073
2018-05-09T00:00:00Z,7772.58837891,7907.18603516,7619.69140625,7872.00732422,6100700861
2018-05-10T00:00:00Z,7872.66601562,7881.92285156,7588.14794922,7592.29394531,5798102565
2018-05-11T00:00:00Z,7599.86572266,7599.22753906,7029.35839844,7068.74072266,7108122753
2018-05-12T00:00:00Z,7068.69921875,7255.78662109,6886.20019531,7121.83007812,5712091857
2018-05-13T00:00:00Z,7130.70703125,7346.18603516,7029.91113281,7299.14697266,4908282945
2018-05-14T00:00:00Z,7290.07666016,7446.23144531,6999.55664062,7306.61376953,6172799464
2018-05-15T00:00:00Z,7296.89062500,7412.91162109,7157.38476562,7201.20166016,5674149670
2018-05-16T00:00:00Z,7196.14990234,7192.85644531,6911.39599609,7085.02392578,5723179953
2018-05-17T00:00:00Z,7086.05615234,7140.89794922,6830.15625000,6865.99365234,4972881540
2018-05-18T00:00:00Z,6863.88183594,7028.04736328,6755.45947266,7007.19287109,4895278308
2018-05-19T00:00:00Z,7011.23583984,7110.02929688,6949.76660156,7003.97412109,4002038108
2018-05-20T00:00:00Z,7003.81347656,7276.62988281,6968.35693359,7236.08154297,4412290666
2018-05-21T00:00:00Z,7243.79931641,7301.01464844,7110.17431641,7142.60644531,4373453873
2018-05-22T00:00:00Z,7143.35302734,7143.79589844,6793.90625000,6824.32080078,4359309382
2018-05-23T00:00:00Z,6820.33251953,6835.83154297,6429.08007812,6454.70996094,5543701536
2018-05-24T00:00:00Z,6457.52832031,6612.49267578,6248.30810547,6473.28710938,5161010235
2018-05-25T00:00:00Z,6477.51904297,6544.59570312,6318.50439453,6420.72119141,4178394644
2018-05-26T00:00:00Z,6426.16308594,6519.45068359,6308.25781250,6314.06005859,3477716711
2018-05-27T00:00:00Z,6319.38183594,6336.25781250,6241.16748047,6304.08984375,3470670719
2018-05-28T00:00:00Z,6306.73339844,6332.94921875,6109.86914062,6139.01416016,4336373076
2018-05-29T00:00:00Z,6133.39648438,6524.85449219,6102.13427734,6477.62646484,4908685936
2018-05-30T00:00:00Z,6475.14746094,6564.76562500,6275.07519531,6350.98632812,4221008431
2018-05-31T00:00:00Z,6350.66894531,6516.70068359,6316.93994141,6411.30126953,4386286348
2018-06-01T00:00:00Z,6416.88769531,6505.88574219,6344.07324219,6467.79589844,4220806367
2018-06-02T00:00:00Z,6463.73925781,6600.19726562,6429.89697266,6555.27441406,4236106209
2018-06-03T00:00:00Z,6545.53173828,6650.84912109,6529.19384766,6617.73535156,4158889189
2018-06-04T00:00:00Z,6619.68945312,6639.68115234,6391.89257812,6423.72216797,4268396239
2018-06-05T00:00:00Z,6412.12158203,6523.19726562,6330.33789062,6510.11425781,4231400116
2018-06-06T00:00:00Z,6503.47119141,6523.76660156,6378.17529297,6497.98779297,3983580813
2018-06-07T00:00:00Z,6495.30517578,6563.17919922,6492.54882812,6511.95019531,3804427051
2018-06-08T00:00:00Z,6517.80175781,6521.67919922,6433.22851562,6480.46923828,3593047683
2018-06-09T00:00:00Z,6486.92822266,6530.32470703,6401.47900391,6401.47900391,3268077593
2018-06-10T00:00:00Z,6373.91601562,6373.91601562,5698.20800781,5759.16162109,4926453311
2018-06-11T00:00:00Z,5770.42333984,5868.51806641,5679.73388672,5867.74267578,4031322538
2018-06-12T00:00:00Z,5866.80810547,5875.11474609,5566.30664062,5603.43896484,3962186117
2018-06-13T00:00:00Z,5615.79980469,5646.84960938,5334.03759766,5380.35937500,4280926921
2018-06-14T00:00:00Z,5374.30078125,5796.00781250,5370.46191406,5773.52539062,4444481937
2018-06-15T00:00:00Z,5772.42675781,5778.98095703,5543.09472656,5562.66064453,3407762516
2018-06-16T00:00:00Z,5561.68701172,5679.75390625,5515.88720703,5643.28417969,2751934274
2018-06-17T00:00:00Z,5639.29492188,5676.84130859,5607.16943359,5607.16943359,2677957008
2018-06-18T00:00:00Z,5616.48681641,5841.78173828,5549.82812500,5791.40087891,3473385502
2018-06-19T00:00:00Z,5797.91064453,5900.28515625,5764.53613281,5842.70312500,3501363500
2018-06-20T00:00:00Z,5843.41064453,5887.25292969,5709.74072266,5853.45947266,3358935821
2018-06-21T00:00:00Z,5856.51708984,5889.26953125,5795.93457031,5800.00000000,3041566822
2018-06-22T00:00:00Z,5807.01513672,5811.43847656,5153.66796875,5219.81103516,4358481380
2018-06-23T00:00:00Z,5225.31103516,5340.90087891,5209.61816406,5287.41308594,2944109824
2018-06-24T00:00:00Z,5288.95751953,5340.00830078,4999.06494141,5294.81933594,3917068318
2018-06-25T00:00:00Z,5293.73876953,5409.85839844,5237.21044922,5341.63623047,4701949090
2018-06-26T00:00:00Z,5345.37109375,5369.32128906,5231.51611328,5231.51611328,2815727912
2018-06-27T00:00:00Z,5223.55761719,5347.40869141,5221.57519531,5325.31542969,2850908064
2018-06-28T00:00:00Z,5321.88232422,5338.64892578,5078.29638672,5105.45703125,2999048745
2018-06-29T00:00:00Z,5100.86474609,5359.63378906,5010.94775391,5322.51953125,3394872906
2018-06-30T00:00:00Z,5319.02783203,5534.11767578,5319.02783203,5481.46875000,3889292326
2018-07-01T00:00:00Z,5488.04248047,5506.16308594,5383.28320312,5468.24804688,4100239630
2018-07-02T00:00:00Z,5463.58935547,5765.92480469,5416.33740234,5682.28515625,3777431313
2018-07-03T00:00:00Z,5667.23388672,5736.83886719,5531.22607422,5600.47167969,4007470418
2018-07-04T00:00:00Z,5618.72363281,5817.30078125,5528.80761719,5659.24658203,3582681352
2018-07-05T00:00:00Z,5661.09960938,5772.78466797,5604.52880859,5678.84716797,4276144207
2018-07-06T00:00:00Z,5678.46191406,5705.35546875,5578.50927734,5681.99218750,3673018251
2018-07-07T00:00:00Z,5677.91406250,5844.18066406,5601.73730469,5838.16943359,3372567104
2018-07-08T00:00:00Z,5838.91015625,5862.84375000,5744.91748047,5764.51367188,2881635646
2018-07-09T00:00:00Z,5765.53515625,5822.13525391,5721.38183594,5734.73095703,3162750868
2018-07-10T00:00:00Z,5732.57080078,5754.88134766,5390.80615234,5397.75732422,3455640897
2018-07-11T00:00:00Z,5398.45654297,5499.11279297,5396.36035156,5477.73681641,3122203104
2018-07-12T00:00:00Z,5479.50976562,5479.31494141,5261.89306641,5341.11669922,3232867529
2018-07-13T00:00:00Z,5346.44970703,5403.33056641,5300.66796875,5338.51074219,3256653884
2018-07-14T00:00:00Z,5346.59814453,5389.97851562,5316.40576172,5371.09130859,2502071045
2018-07-15T00:00:00Z,5368.16455078,5480.06835938,5354.30859375,5445.83007812,2813375551
2018-07-16T00:00:00Z,5443.57763672,5758.73388672,5443.11132812,5758.73388672,4036730107
2018-07-17T00:00:00Z,5756.94042969,6338.25830078,5696.89746094,6283.07568359,5116675427
2018-07-18T00:00:00Z,6278.16650391,6471.13574219,6253.62500000,6330.65332031,5242128469
2018-07-19T00:00:00Z,6337.02685547,6436.88037109,6265.42431641,6407.12207031,4386159108
2018-07-20T00:00:00Z,6407.58544922,6487.84375000,6249.58154297,6275.92578125,4213065274
2018-07-21T00:00:00Z,6274.72265625,6347.19238281,6197.65332031,6331.53271484,3180244001
2018-07-22T00:00:00Z,6330.26074219,6428.95556641,6298.57519531,6319.52490234,3148019504
2018-07-23T00:00:00Z,6316.30468750,6646.28417969,6313.13916016,6595.20166016,4389736572
2018-07-24T00:00:00Z,6599.82031250,7210.70751953,6590.40380859,7210.70751953,6229298858
2018-07-25T00:00:00Z,7172.52441406,7204.37402344,6925.03222656,6970.59716797,4980318705
2018-07-26T00:00:00Z,6966.72900391,7079.70117188,6769.81445312,6828.90771484,4207394297
2018-07-27T00:00:00Z,6827.89404297,7087.54541016,6731.14062500,7004.98437500,4457686973
2018-07-28T00:00:00Z,7008.45898438,7054.60693359,6958.45068359,7028.26904297,3422057378
2018-07-29T00:00:00Z,7039.99707031,7096.99707031,6984.54052734,7049.02636719,3522763544
2018-07-30T00:00:00Z,7051.70263672,7066.06591797,6760.16064453,6989.47363281,4743164730
2018-07-31T00:00:00Z,6990.08886719,6987.98242188,6585.89013672,6657.34570312,4524283392
2018-08-01T00:00:00Z,6647.59130859,6647.02246094,6435.94042969,6538.25244141,4113891271
2018-08-02T00:00:00Z,6546.20996094,6615.29296875,6472.89013672,6531.85156250,3637557186
2018-08-03T00:00:00Z,6527.52685547,6529.21777344,6324.34423828,6427.24121094,4000302585
2018-08-04T00:00:00Z,6430.94140625,6481.79296875,6037.92675781,6080.09863281,3690144376
2018-08-05T00:00:00Z,6078.56835938,6139.48486328,6000.43212891,6114.60205078,3182621107
2018-08-06T00:00:00Z,6109.80957031,6198.36523438,5963.25390625,6014.70849609,3396694930
2018-08-07T00:00:00Z,6020.34960938,6166.67529297,5815.44287109,5821.15332031,4036548573
2018-08-08T00:00:00Z,5815.74853516,5813.74414062,5360.03808594,5432.75585938,4363254932
2018-08-09T00:00:00Z,5432.54931641,5752.50048828,5394.10449219,5699.60937500,3702742103
2018-08-10T00:00:00Z,5702.37744141,5714.13964844,5367.67724609,5420.42968750,3969044698
2018-08-11T00:00:00Z,5421.37597656,5657.96679688,5354.10156250,5517.72998047,3547633655
2018-08-12T00:00:00Z,5507.14306641,5638.99902344,5466.69580078,5549.62695312,4972570877
2018-08-13T00:00:00Z,5566.01416016,5740.80078125,5463.55419922,5524.66894531,3582752873
2018-08-14T00:00:00Z,5515.97509766,5518.64160156,5234.09033203,5464.22509766,4672748105
2018-08-15T00:00:00Z,5483.35986328,5809.95605469,5484.32666016,5562.57812500,4316594657
2018-08-16T00:00:00Z,5549.97802734,5696.99902344,5535.24121094,5571.44238281,3806877748
2018-08-17T00:00:00Z,5576.87792969,5755.44287109,5564.32666016,5753.80761719,4365646586
2018-08-18T00:00:00Z,5756.25585938,5785.91406250,5555.41650391,5616.64794922,3483885634
2018-08-19T00:00:00Z,5615.60742188,5718.01660156,5562.25390625,5688.61572266,2895138585
2018-08-20T00:00:00Z,5683.75439453,5718.08935547,5482.65869141,5489.97460938,3189539640
2018-08-21T00:00:00Z,5483.48291016,5619.21533203,5479.11279297,5606.80908203,2918154325
2018-08-22T00:00:00Z,5604.64013672,5889.23535156,5441.62646484,5504.75634766,4029791091
2018-08-23T00:00:00Z,5500.12109375,5674.87841797,5501.07080078,5662.80761719,2968960139
2018-08-24T00:00:00Z,5677.22705078,5782.60058594,5627.50244141,5782.60058594,3526219775
2018-08-25T00:00:00Z,5782.59179688,5842.55224609,5766.25097656,5819.80029297,2850529214
2018-08-26T00:00:00Z,5812.44287109,5829.74804688,5697.22900391,5759.77685547,2829969944
2018-08-27T00:00:00Z,5762.81689453,5893.37451172,5756.07470703,5893.37451172,3440335559
2018-08-28T00:00:00Z,5898.88720703,6080.18457031,5896.45312500,6068.82763672,3985239032
2018-08-29T00:00:00Z,6064.91894531,6093.28417969,5961.02294922,6019.09814453,3541065938
2018-08-30T00:00:00Z,6016.19384766,6043.48437500,5856.13037109,5983.22021484,3826845580
2018-08-31T00:00:00Z,5979.56787109,6082.19433594,5950.77832031,6067.40234375,3875894474
2018-09-01T00:00:00Z,6073.63574219,6243.89160156,6067.80761719,6201.61230469,3548624881
2018-09-02T00:00:00Z,6198.44824219,6299.08593750,6148.94384766,6271.74902344,3733649534
2018-09-03T00:00:00Z,6277.19042969,6300.42187500,6210.70996094,6252.20458984,3520289356
2018-09-04T00:00:00Z,6254.73632812,6381.29199219,6251.99462891,6354.47558594,3688942598
2018-09-05T00:00:00Z,6354.30273438,6370.98388672,5839.27636719,5839.27636719,4986211639
2018-09-06T00:00:00Z,5806.87695312,5801.39111328,5500.44677734,5619.39062500,4753825630
2018-09-07T00:00:00Z,5619.17529297,5642.84228516,5499.84521484,5598.70996094,3692043979
2018-09-08T00:00:00Z,5592.73632812,5656.86962891,5365.35351562,5389.99218750,3320110813
2018-09-09T00:00:00Z,5387.74121094,5580.69433594,5368.55664062,5451.04248047,3176650229
2018-09-10T00:00:00Z,5451.65673828,5519.46337891,5444.97705078,5460.40380859,3204020014
2018-09-11T00:00:00Z,5462.28417969,5517.73730469,5403.72021484,5452.60058594,3320891918
2018-09-12T00:00:00Z,5448.98632812,5472.88427734,5408.86621094,5464.85400391,3496713413
2018-09-13T00:00:00Z,5466.95361328,5594.42724609,5463.19335938,5575.59228516,3602455300
2018-09-14T00:00:00Z,5573.96679688,5632.87792969,5519.98095703,5600.88574219,3505521156
2018-09-15T00:00:00Z,5598.03906250,5643.03417969,5584.40820312,5627.10693359,2765995872
2018-09-16T00:00:00Z,5621.50000000,5628.07861328,5555.64160156,5607.14111328,2816596404
2018-09-17T00:00:00Z,5604.45654297,5623.56835938,5356.08984375,5383.27050781,3351714090
2018-09-18T00:00:00Z,5383.02197266,5458.43017578,5361.26464844,5456.28173828,3579763638
2018-09-19T00:00:00Z,5456.75244141,5523.30615234,5319.00292969,5481.95703125,3796555860
2018-09-20T00:00:00Z,5482.22265625,5544.71289062,5430.55810547,5536.32763672,3692297556
2018-09-21T00:00:00Z,5531.40234375,5781.50585938,5514.20800781,5728.07470703,5555414821
2018-09-22T00:00:00Z,5728.15966797,5795.78320312,5627.58837891,5717.04394531,3835465727
2018-09-23T00:00:00Z,5711.37939453,5748.89306641,5685.89648438,5712.16210938,3572958259
2018-09-24T00:00:00Z,5707.17431641,5719.04687500,5600.08251953,5611.99462891,3554447900
2018-09-25T00:00:00Z,5618.99755859,5618.52880859,5423.77050781,5479.00976562,4016893838
2018-09-26T00:00:00Z,5484.38134766,5604.04980469,5436.91455078,5527.28417969,3776169001
2018-09-27T00:00:00Z,5527.53076172,5766.65380859,5520.85351562,5738.58642578,3959497896
2018-09-28T00:00:00Z,5740.30566406,5836.25195312,5683.15917969,5721.92480469,4318427031
2018-09-29T00:00:00Z,5721.03759766,5721.03759766,5607.83300781,5685.60791016,3758009754
2018-09-30T00:00:00Z,5687.97607422,5724.51367188,5657.96093750,5708.81445312,3448504607
2018-10-01T00:00:00Z,5703.89453125,5739.14306641,5647.73046875,5691.25683594,3455517677
2018-10-02T00:00:00Z,5694.38330078,5713.15234375,5662.55371094,5674.99951172,3444471473
2018-10-03T00:00:00Z,5673.06054688,5691.35742188,5577.74707031,5666.68212891,3387596218
2018-10-04T00:00:00Z,5662.60351562,5733.00000000,5662.58398438,5711.32910156,3333351985
2018-10-05T00:00:00Z,5709.12353516,5745.99023438,5699.04492188,5745.00146484,3185026293
2018-10-06T00:00:00Z,5744.97558594,5750.25830078,5706.24169922,5715.35888672,2827824488
2018-10-07T00:00:00Z,5717.41503906,5765.03955078,5688.06835938,5730.56201172,2869754836
2018-10-08T00:00:00Z,5728.16650391,5807.10839844,5725.99462891,5788.32519531,3462659600
2018-10-09T00:00:00Z,5789.06445312,5793.40136719,5754.20849609,5772.57373047,3111788285
2018-10-10T00:00:00Z,5770.53125000,5771.00292969,5681.20556641,5710.78710938,3284543913
2018-10-11T00:00:00Z,5711.83642578,5712.00097656,5386.94921875,5397.44628906,4470356475
2018-10-12T00:00:00Z,5382.78857422,5454.76220703,5380.27783203,5425.62939453,3271592547
2018-10-13T00:00:00Z,5428.65576172,5454.96875000,5412.85791016,5435.49560547,2649466819
2018-10-14T00:00:00Z,5437.65722656,5511.65380859,5430.44580078,5445.26513672,2670572684
2018-10-15T00:00:00Z,5446.74560547,6023.18847656,5416.73730469,5694.49609375,6362854095
2018-10-16T00:00:00Z,5698.70019531,5764.97412109,5671.63085938,5699.34912109,3520818684
2018-10-17T00:00:00Z,5694.51904297,5711.25488281,5649.18212891,5691.61865234,3555653960
2018-10-18T00:00:00Z,5689.79248047,5712.39355469,5631.50439453,5654.04492188,3425647284
2018-10-19T00:00:00Z,5655.23193359,5668.02832031,5613.97460938,5608.35546875,3104454988
2018-10-20T00:00:00Z,5604.46044922,5636.38232422,5594.12060547,5628.98291016,2931192523
2018-10-21T00:00:00Z,5629.76367188,5686.11914062,5617.54150391,5632.01513672,2826811302
2018-10-22T00:00:00Z,5635.22949219,5703.26220703,5632.82324219,5653.89746094,3201088479
2018-10-23T00:00:00Z,5640.99853516,5670.59912109,5621.28808594,5644.21630859,3238974043
2018-10-24T00:00:00Z,5647.39550781,5688.42089844,5637.85107422,5700.39208984,3005302035
2018-10-25T00:00:00Z,5690.92871094,5718.76464844,5651.27294922,5692.96337891,2839805286
2018-10-26T00:00:00Z,5686.79394531,5711.97070312,5669.23925781,5673.82324219,2897091615
2018-10-27T00:00:00Z,5679.16015625,5702.44335938,5655.22851562,5678.75683594,2973504975
2018-10-28T00:00:00Z,5680.75488281,5702.12890625,5643.95214844,5690.88623047,3022665008
2018-10-29T00:00:00Z,5695.96582031,5707.16259766,5545.82470703,5566.75537109,3691968685
2018-10-30T00:00:00Z,5571.17089844,5594.53955078,5543.15527344,5583.55761719,3332979152
2018-10-31T00:00:00Z,5585.95507812,5597.97802734,5569.06884766,5583.19433594,3704012541
2018-11-01T00:00:00Z,5584.01025391,5769.17626953,5571.66064453,5592.87304688,3323042331
2018-11-02T00:00:00Z,5593.57910156,5617.72265625,5558.29345703,5610.32812500,3719062834
2018-11-03T00:00:00Z,5609.27392578,5620.54150391,5569.86914062,5586.45849609,3213017648
2018-11-04T00:00:00Z,5590.15576172,5604.48974609,5530.06298828,5593.52392578,3851188945
2018-11-05T00:00:00Z,5582.99462891,5690.45703125,5583.83496094,5626.59423828,3659057732
2018-11-06T00:00:00Z,5638.56787109,5660.22753906,5618.23876953,5651.39355469,4111087388
2018-11-07T00:00:00Z,5655.73291016,5710.08300781,5655.56689453,5710.90771484,4321359168
2018-11-08T00:00:00Z,5704.32519531,5718.56298828,5664.92773438,5676.85986328,4103683993
2018-11-09T00:00:00Z,5667.55517578,5682.31103516,5621.54199219,5632.30224609,3834021298
2018-11-10T00:00:00Z,5632.75195312,5678.32470703,5632.02880859,5653.57275391,3268462772
2018-11-11T00:00:00Z,5657.46289062,5665.94873047,5601.04052734,5661.89501953,3478646911
2018-11-12T00:00:00Z,5662.03955078,5679.33544922,5668.66699219,5675.68652344,3826779310
2018-11-13T00:00:00Z,5678.32128906,5671.40869141,5608.10644531,5621.90380859,3981440268
2018-11-14T00:00:00Z,5614.61035156,5651.36718750,4891.94433594,5072.28271484,6540122837
2018-11-15T00:00:00Z,5070.33789062,5103.98242188,4742.37011719,4987.66796875,6209949223
2018-11-16T00:00:00Z,4985.27490234,4993.83642578,4814.95458984,4882.03515625,4622651782
2018-11-17T00:00:00Z,4884.68847656,4884.68847656,4833.00976562,4864.48242188,3768698770
2018-11-18T00:00:00Z,4869.22021484,4950.38574219,4869.22021484,4927.89697266,3645119265
2018-11-19T00:00:00Z,4925.34912109,4925.34912109,4228.88720703,4253.27832031,6146211678
2018-11-20T00:00:00Z,4246.36181641,4325.11767578,3758.26049805,3914.93432617,7411762371
2018-11-21T00:00:00Z,3926.26806641,4108.70898438,3821.09936523,4041.60278320,5374658783
2018-11-22T00:00:00Z,4049.93139648,4064.77294922,3828.33447266,3828.59765625,4006990218
2018-11-23T00:00:00Z,3824.00244141,3863.33642578,3676.01977539,3833.60766602,4296045244
2018-11-24T00:00:00Z,3834.11914062,3891.79370117,3346.85668945,3422.34521484,4126734063
2018-11-25T00:00:00Z,3422.36279297,3633.76245117,3160.73217773,3537.53149414,6021470398
2018-11-26T00:00:00Z,3541.82983398,3617.83178711,3211.14257812,3334.84033203,5715449728
2018-11-27T00:00:00Z,3322.75048828,3420.36523438,3235.72875977,3381.91796875,5309779005
2018-11-28T00:00:00Z,3383.46704102,3858.08764648,3383.46704102,3744.87768555,6403821651
2018-11-29T00:00:00Z,3754.66186523,3886.44995117,3642.70556641,3756.49780273,5709438582
2018-11-30T00:00:00Z,3765.35253906,3794.58325195,3467.99975586,3549.29687500,5343483250
2018-12-01T00:00:00Z,3555.65429688,3807.37792969,3507.27905273,3722.87866211,4748090193
2018-12-02T00:00:00Z,3710.56640625,3799.59228516,3632.39892578,3650.52368164,4640620690
2018-12-03T00:00:00Z,3656.44653320,3664.17309570,3382.03149414,3429.27294922,4482008546
2018-12-04T00:00:00Z,3422.39184570,3579.51367188,3369.52368164,3488.16821289,4432454213
2018-12-05T00:00:00Z,3489.99926758,3501.03930664,3308.42578125,3308.42578125,4673119431
2018-12-06T00:00:00Z,3308.18041992,3417.47973633,3095.35131836,3095.35131836,5167560339
2018-12-07T00:00:00Z,3087.58447266,3087.58447266,2881.19873047,3004.02148438,6004302076
2018-12-08T00:00:00Z,3005.75488281,3079.65600586,2943.16137695,3053.36694336,4659853943
2018-12-09T00:00:00Z,3050.83105469,3237.70678711,3047.20043945,3168.85229492,4337708091
2018-12-10T00:00:00Z,3167.97412109,3196.63891602,3056.52050781,3084.09204102,4420967997
2018-12-11T00:00:00Z,3079.71923828,3091.14965820,2996.70019531,3024.58935547,4148173620
2018-12-12T00:00:00Z,3021.43505859,3109.47436523,3013.32226562,3065.84521484,3639470296
2018-12-13T00:00:00Z,3066.13208008,3068.71289062,2902.29028320,2916.66235352,3822988659
2018-12-14T00:00:00Z,2914.68945312,2930.04931641,2836.92724609,2867.30004883,3866795553
2018-12-15T00:00:00Z,2868.63793945,2896.38720703,2822.04101562,2862.23925781,3140792551
2018-12-16T00:00:00Z,2861.80859375,2922.90380859,2859.63769531,2876.57666016,3311144225
2018-12-17T00:00:00Z,2877.33837891,3170.84497070,2876.71069336,3124.26855469,4766099159
2018-12-18T00:00:00Z,3123.27514648,3253.78588867,3066.17382812,3249.05029297,5196397947
2018-12-19T00:00:00Z,3258.67724609,3463.31542969,3238.54565430,3289.63403320,5981038213
2018-12-20T00:00:00Z,3286.49316406,3665.83715820,3276.35913086,3608.39135742,7791277058
2018-12-21T00:00:00Z,3608.07006836,3666.05615234,3390.39233398,3426.88940430,6337467427
2018-12-22T00:00:00Z,3428.24365234,3530.07202148,3391.00292969,3530.07202148,4929760951
2018-12-23T00:00:00Z,3536.06274414,3589.16528320,3499.03417969,3516.36328125,5408908807
2018-12-24T00:00:00Z,3517.24365234,3750.70214844,3517.24365234,3576.95190430,6350365580
2018-12-25T00:00:00Z,3578.75366211,3586.54956055,3297.53784180,3342.62158203,5394996031
2018-12-26T00:00:00Z,3346.59326172,3411.18652344,3310.97338867,3395.22802734,4688475417
2018-12-27T00:00:00Z,3392.91625977,3407.92944336,3188.72851562,3197.24829102,4487918526
2018-12-28T00:00:00Z,3195.96069336,3459.71215820,3178.29492188,3429.69702148,4922254447
2018-12-29T00:00:00Z,3437.19042969,3464.51953125,3339.22436523,3339.22436523,4362951863
2018-12-30T00:00:00Z,3340.95166016,3411.22436523,3318.95556641,3379.53833008,4170344379
2018-12-31T00:00:00Z,3380.23608398,3366.61108398,3242.27978516,3256.92773438,4056771164
2019-01-01T00:00:00Z,3260.41992188,3358.30493164,3235.65283203,3353.50585938,3772904282
2019-01-02T00:00:00Z,3358.42211914,3481.46411133,3323.57031250,3483.44604492,4633091490
2019-01-03T00:00:00Z,3473.87158203,3471.45922852,3355.36401367,3368.35571289,3977171075
2019-01-04T00:00:00Z,3363.94873047,3392.45043945,3333.13989258,3385.29760742,4254278768
2019-01-05T00:00:00Z,3380.25732422,3426.70483398,3367.01416016,3374.29272461,4508432437
2019-01-06T00:00:00Z,3366.67993164,3590.92700195,3357.76513672,3572.60180664,4905016564
2019-01-07T00:00:00Z,3574.44335938,3586.81152344,3515.71289062,3506.49438477,4554786508
2019-01-08T00:00:00Z,3509.33911133,3591.63769531,3492.50341797,3518.60791016,4632231428
2019-01-09T00:00:00Z,3519.37158203,3549.93847656,3510.32836914,3492.60546875,4427887595
2019-01-10T00:00:00Z,3491.71044922,3515.61254883,3181.47656250,3197.25781250,5974139645
2019-01-11T00:00:00Z,3192.72314453,3239.57080078,3169.44360352,3215.76977539,4830339183
2019-01-12T00:00:00Z,3215.42773438,3225.89746094,3186.50683594,3192.19677734,4165967738
2019-01-13T00:00:00Z,3190.07568359,3203.93139648,3093.60131836,3100.22167969,4084792180
2019-01-14T00:00:00Z,3104.10961914,3249.57348633,3098.56958008,3230.38037109,4926029291
2019-01-15T00:00:00Z,3228.39111328,3241.08325195,3171.64379883,3180.91796875,4851261531
2019-01-16T00:00:00Z,3181.45678711,3237.27319336,3177.52636719,3206.82983398,4732988810
2019-01-17T00:00:00Z,3203.91430664,3230.76196289,3179.52026367,3228.88891602,4796438707
2019-01-18T00:00:00Z,3228.48852539,3232.40551758,3198.43066406,3217.80126953,4401105431
2019-01-19T00:00:00Z,3212.99682617,3306.38183594,3212.99682617,3280.02148438,5239221707
2019-01-20T00:00:00Z,3277.27490234,3293.05834961,3150.60278320,3168.37353516,4911786934
2019-01-21T00:00:00Z,3167.80957031,3172.10253906,3130.11767578,3145.28491211,4401553439
2019-01-22T00:00:00Z,3144.65942383,3185.60156250,3115.65551758,3172.09619141,4676089688
2019-01-23T00:00:00Z,3172.92626953,3190.16186523,3132.52416992,3148.84594727,4772516490
2019-01-24T00:00:00Z,3148.33105469,3199.28637695,3134.04541016,3183.17602539,4652392026
2019-01-25T00:00:00Z,3188.94384766,3194.63745117,3150.44799805,3156.99829102,4618153557
2019-01-26T00:00:00Z,3156.95385742,3205.38012695,3151.36791992,3158.25195312,4469541555
2019-01-27T00:00:00Z,3160.20410156,3167.20385742,3129.02734375,3140.37475586,4881255301
2019-01-28T00:00:00Z,3140.62792969,3142.06201172,3008.07348633,3036.35961914,6044747641
2019-01-29T00:00:00Z,3034.98388672,3042.30810547,2973.73803711,3015.45410156,5157195714
2019-01-30T00:00:00Z,3012.24243164,3059.73193359,2998.61572266,3035.26513672,5184854539
2019-01-31T00:00:00Z,3034.59252930,3061.36645508,3011.67504883,3020.30249023,5093417572
2019-02-01T00:00:00Z,3023.14770508,3056.47412109,2998.87817383,3044.24731445,4733081624
2019-02-02T00:00:00Z,3041.35009766,3075.09350586,3026.46801758,3073.15014648,4426467434
2019-02-03T00:00:00Z,3068.85498047,3073.43603516,3010.15869141,3023.35961914,4402303328
2019-02-04T00:00:00Z,3026.67822266,3036.47460938,3006.61425781,3024.73291016,4663004052
2019-02-05T00:00:00Z,3021.28540039,3045.83178711,3017.62109375,3038.15820312,4581790350
2019-02-06T00:00:00Z,3040.58251953,3041.70312500,2990.38403320,3003.62402344,4823543077
2019-02-07T00:00:00Z,3004.47900391,3023.77368164,2992.61132812,2998.15722656,4414116828
2019-02-08T00:00:00Z,2999.83374023,3262.93896484,2990.34033203,3237.05932617,6829062223
2019-02-09T00:00:00Z,3241.30175781,3248.67822266,3219.20800781,3240.96435547,5437061453
2019-02-10T00:00:00Z,3242.72802734,3263.15649414,3212.01782227,3258.58374023,5547484136
2019-02-11T00:00:00Z,3263.37402344,3263.95434570,3229.37255859,3234.70947266,5565257065
2019-02-12T00:00:00Z,3229.67480469,3237.48388672,3208.13305664,3223.95776367,5718440360
2019-02-13T00:00:00Z,3223.15087891,3237.43212891,3196.40869141,3224.06567383,5715596001
2019-02-14T00:00:00Z,3223.75292969,3237.30346680,3191.99731445,3202.04272461,5551786978
2019-02-15T00:00:00Z,3202.77099609,3236.49169922,3202.75585938,3205.25024414,5392778873
2019-02-16T00:00:00Z,3200.34570312,3233.60473633,3200.34570312,3213.19677734,5253613477
2019-02-17T00:00:00Z,3216.35888672,3258.12207031,3203.80859375,3252.19018555,6231587653
2019-02-18T00:00:00Z,3250.53930664,3480.38574219,3248.77856445,3461.66381836,8759299472
2019-02-19T00:00:00Z,3458.17089844,3550.25000000,3457.10913086,3480.85571289,8760246807
2019-02-20T00:00:00Z,3480.33276367,3527.26464844,3459.40820312,3525.29785156,7662026836
2019-02-21T00:00:00Z,3525.84643555,3538.56079102,3477.77587891,3486.70190430,6856030209
2019-02-22T00:00:00Z,3485.42553711,3533.86694336,3483.81005859,3532.99462891,6903230070
2019-02-23T00:00:00Z,3527.16406250,3674.78930664,3500.53588867,3653.83300781,7869699502
2019-02-24T00:00:00Z,3656.41821289,3713.91235352,3346.89746094,3359.55859375,9517000488
2019-02-25T00:00:00Z,3356.70263672,3446.43798828,3357.58959961,3416.38452148,8199608659
2019-02-26T00:00:00Z,3412.85791016,3424.97875977,3379.69238281,3382.94287109,6961175395
2019-02-27T00:00:00Z,3385.92993164,3414.51635742,3330.30541992,3384.32739258,7295249060
2019-02-28T00:00:00Z,3382.49145508,3434.39404297,3381.43066406,3389.31225586,7385479037
2019-03-01T00:00:00Z,3388.58178711,3437.39453125,3387.19750977,3394.98632812,6739025250
2019-03-02T00:00:00Z,3391.23437500,3408.20166016,3370.83544922,3398.93090820,6665890978
2019-03-03T00:00:00Z,3397.04077148,3409.65063477,3372.87792969,3381.98291016,6376472408
2019-03-04T00:00:00Z,3380.15087891,3401.70654297,3293.70849609,3317.81738281,7964031008
2019-03-05T00:00:00Z,3316.48437500,3454.64624023,3303.94067383,3445.98535156,8998078794
2019-03-06T00:00:00Z,3446.60961914,3468.37866211,3427.74096680,3450.86279297,8110434720
2019-03-07T00:00:00Z,3450.37353516,3484.55297852,3442.31030273,3493.00244141,8558774818
2019-03-08T00:00:00Z,3494.58520508,3514.06347656,3449.36010742,3472.41674805,9469505717
2019-03-09T00:00:00Z,3466.56079102,3549.04028320,3464.63623047,3527.74560547,9609611742
2019-03-10T00:00:00Z,3530.29174805,3530.29174805,3491.60034180,3518.21606445,8647984408
2019-03-11T00:00:00Z,3520.12158203,3531.01440430,3464.79858398,3468.38476562,8993208390
2019-03-12T00:00:00Z,3467.08007812,3482.30249023,3431.08764648,3463.68041992,8691981778
2019-03-13T00:00:00Z,3467.05786133,3464.02880859,3446.14501953,3447.83422852,8356934390
2019-03-14T00:00:00Z,3446.35156250,3493.29174805,3451.31347656,3470.22143555,9267900197
2019-03-15T00:00:00Z,3472.79199219,3505.31469727,3457.90332031,3494.71191406,8288512017
2019-03-16T00:00:00Z,3497.34912109,3597.16918945,3495.37036133,3572.19091797,8696096120
2019-03-17T00:00:00Z,3571.30297852,3576.95190430,3534.85644531,3555.38403320,7261956175
2019-03-18T00:00:00Z,3560.24731445,3594.79785156,3533.96069336,3557.13110352,8509713345
2019-03-19T00:00:00Z,3557.38281250,3595.55859375,3546.39111328,3585.59887695,8230304628
2019-03-20T00:00:00Z,3585.18090820,3579.55517578,3552.50512695,3576.83618164,8904659506
2019-03-21T00:00:00Z,3573.74145508,3596.86328125,3524.14062500,3542.43115234,9522390586
2019-03-22T00:00:00Z,3541.72509766,3586.81542969,3530.90625000,3558.98657227,8183731459
2019-03-23T00:00:00Z,3557.87670898,3581.90649414,3551.90795898,3569.47460938,8471985632
2019-03-24T00:00:00Z,3568.88818359,3573.78466797,3547.01513672,3560.78930664,8095854344
2019-03-25T00:00:00Z,3562.51074219,3573.08984375,3478.05737305,3502.47070312,9155769653
2019-03-26T00:00:00Z,3507.79418945,3534.56347656,3494.65283203,3534.56347656,9497165017
2019-03-27T00:00:00Z,3534.14868164,3632.13891602,3531.16210938,3631.97949219,9683758088
2019-03-28T00:00:00Z,3632.92260742,3649.54882812,3598.24121094,3623.73120117,8330101742
2019-03-29T00:00:00Z,3622.54443359,3662.80517578,3590.79418945,3652.06152344,9729622878
2019-03-30T00:00:00Z,3646.50244141,3828.88452148,3612.43896484,3659.44482422,8672798331
2019-03-31T00:00:00Z,3658.37207031,3664.65478516,3647.79467773,3657.86596680,8059095555
2019-04-01T00:00:00Z,3657.87377930,3711.02343750,3650.33911133,3710.85815430,9065049147
2019-04-02T00:00:00Z,3709.75976562,4378.11767578,3708.28344727,4354.89550781,19021953657
2019-04-03T00:00:00Z,4355.74316406,4722.58593750,4352.80371094,4422.50830078,20364873584
2019-04-04T00:00:00Z,4421.10351562,4502.37451172,4308.96923828,4386.38623047,16263001737
2019-04-05T00:00:00Z,4386.22021484,4505.31542969,4382.77490234,4488.18652344,15003740653
2019-04-06T00:00:00Z,4488.28613281,4638.90771484,4448.56884766,4508.80322266,15086140497
2019-04-07T00:00:00Z,4511.45556641,4666.12158203,4500.42236328,4634.54101562,14847420752
2019-04-08T00:00:00Z,4635.32031250,4739.82275391,4577.84130859,4699.30566406,15239302854
2019-04-09T00:00:00Z,4699.43603516,4699.43603516,4582.14160156,4619.98876953,13067531219
2019-04-10T00:00:00Z,4619.26269531,4810.05126953,4609.57861328,4722.05761719,13750184451
2019-04-11T00:00:00Z,4722.46875000,4748.88232422,4451.70654297,4497.26513672,14701387025
2019-04-12T00:00:00Z,4494.34619141,4516.77050781,4391.52978516,4500.67919922,12092984942
2019-04-13T00:00:00Z,4500.06982422,4533.91406250,4475.96337891,4506.91162109,9571034992
2019-04-14T00:00:00Z,4506.17919922,4586.13330078,4469.24951172,4571.38281250,9192752356
2019-04-15T00:00:00Z,4571.02832031,4595.40087891,4444.60839844,4482.45019531,10872080100
2019-04-16T00:00:00Z,4482.17333984,4641.77880859,4471.07226562,4639.52783203,10295957065
2019-04-17T00:00:00Z,4640.03808594,4674.55859375,4611.70068359,4649.06835938,11010667480
2019-04-18T00:00:00Z,4648.74707031,4736.94238281,4647.56494141,4715.56347656,11798276027
2019-04-19T00:00:00Z,4715.54833984,4745.77099609,4657.02978516,4716.38867188,12254008323
2019-04-20T00:00:00Z,4716.69824219,4765.01074219,4709.33300781,4746.68847656,11711043211
2019-04-21T00:00:00Z,4744.90380859,4766.28662109,4674.64208984,4726.60058594,12212731492
2019-04-22T00:00:00Z,4724.68310547,4816.10546875,4699.21923828,4795.59765625,12968847994
2019-04-23T00:00:00Z,4795.59765625,5023.04150391,4790.31152344,4964.70703125,14137009893
2019-04-24T00:00:00Z,4963.70117188,5035.35546875,4858.91992188,4899.65722656,15284823497
2019-04-25T00:00:00Z,4901.14355469,4978.44287109,4653.11718750,4678.54296875,13765122793
2019-04-26T00:00:00Z,4678.35351562,4833.07714844,4649.99121094,4732.40771484,15070373647
2019-04-27T00:00:00Z,4732.51806641,4760.22705078,4691.43115234,4722.16943359,11752133720
2019-04-28T00:00:00Z,4725.26660156,4771.13232422,4714.50585938,4740.14062500,11498007295
2019-04-29T00:00:00Z,4739.84667969,4758.27001953,4664.00976562,4690.79199219,12278635854
2019-04-30T00:00:00Z,4691.55615234,4782.43261719,4658.42578125,4771.25927734,12375914347
2019-05-01T00:00:00Z,4770.99853516,4817.55371094,4767.23388672,4823.61962891,12213315362
2019-05-02T00:00:00Z,4823.37500000,4938.74707031,4813.42773438,4927.24560547,13106836445
2019-05-03T00:00:00Z,4927.52978516,5258.24121094,4912.93457031,5147.04443359,16704551999
2019-05-04T00:00:00Z,5147.85937500,5252.87500000,5037.45214844,5203.15087891,15675730777
2019-05-05T00:00:00Z,5203.06250000,5205.55566406,5091.22460938,5181.74609375,13240072049
2019-05-06T00:00:00Z,5177.91259766,5178.90185547,5053.33935547,5130.17480469,14048573270
2019-05-07T00:00:00Z,5129.09619141,5354.23388672,5125.35546875,5209.49902344,16109192274
2019-05-08T00:00:00Z,5227.39501953,5349.60400391,5178.43017578,5342.54980469,13681852074
2019-05-09T00:00:00Z,5342.40576172,5510.97363281,5342.40576172,5503.88232422,14961581150
2019-05-10T00:00:00Z,5504.83789062,5727.32470703,5486.54931641,5678.45117188,17287573052
2019-05-11T00:00:00Z,5679.17968750,6527.83935547,5675.64697266,6413.68798828,25697903986
2019-05-12T00:00:00Z,6412.56250000,6679.94677734,6066.27490234,6205.38281250,24718155882
2019-05-13T00:00:00Z,6204.32080078,7169.19091797,6140.26464844,6958.03320312,25533251460
2019-05-14T00:00:00Z,6951.39843750,7357.64941406,6867.75927734,7134.91259766,28587654704
2019-05-15T00:00:00Z,7130.71630859,7334.35791016,7043.24658203,7321.37255859,25291111829
2019-05-16T00:00:00Z,7311.98583984,7424.99609375,6916.60839844,7057.22265625,29685603684
2019-05-17T00:00:00Z,7058.91699219,7095.83203125,6304.85742188,6578.51513672,26933099173
2019-05-18T00:00:00Z,6576.51611328,6671.11718750,6495.75292969,6513.40283203,19128742817
2019-05-19T00:00:00Z,6510.49609375,7400.84863281,6510.49609375,7342.63769531,23200695811
2019-05-20T00:00:00Z,7341.95214844,7345.33642578,6881.74707031,7142.94042969,21346880688
2019-05-21T00:00:00Z,7142.63623047,7222.89648438,7028.53466797,7131.44677734,22502352529
2019-05-22T00:00:00Z,7125.14599609,7164.84521484,6827.57275391,6884.59619141,22159129021
2019-05-23T00:00:00Z,6882.32617188,7104.40283203,6765.66943359,7047.16699219,21867124559
2019-05-24T00:00:00Z,7047.81201172,7266.78125000,6996.73193359,7128.09033203,23130747309
2019-05-25T00:00:00Z,7132.11816406,7243.94189453,7108.99658203,7185.59912109,19860622351
2019-05-26T00:00:00Z,7187.97460938,7749.45117188,7071.50000000,7737.37597656,23799417119
2019-05-27T00:00:00Z,7738.14013672,7958.87207031,7730.75097656,7866.87109375,24969715870
2019-05-28T00:00:00Z,7864.17285156,7868.13525391,7713.46582031,7808.07177734,21693389184
2019-05-29T00:00:00Z,7806.84472656,7857.72949219,7596.37695312,7775.35400391,21076837662
2019-05-30T00:00:00Z,7777.39453125,8089.79980469,7387.27441406,7473.81445312,26273677417
2019-05-31T00:00:00Z,7474.54589844,7671.14990234,7301.19335938,7660.28808594,22660754298
2019-06-01T00:00:00Z,7659.69677734,7705.93896484,7577.27246094,7650.92089844,20090600620
2019-06-02T00:00:00Z,7652.22265625,7866.53222656,7648.43603516,7824.93896484,18138243074
2019-06-03T00:00:00Z,7823.85498047,7825.91357422,7296.10546875,7299.26562500,19565949474
2019-06-04T00:00:00Z,7301.03613281,7301.03613281,6722.48535156,6849.16357422,21868330503
2019-06-05T00:00:00Z,6846.11767578,7017.31591797,6821.55664062,6968.26074219,19380278436
2019-06-06T00:00:00Z,6964.16552734,7064.05859375,6715.22070312,6936.57031250,17270085103
2019-06-07T00:00:00Z,6940.55957031,7168.85986328,6908.07714844,7095.00634766,16883309532
2019-06-08T00:00:00Z,7088.67675781,7124.06005859,6913.00781250,7015.77929688,14573537200
2019-06-09T00:00:00Z,7011.85156250,7035.04882812,6696.88525391,6791.20898438,14672969020
2019-06-10T00:00:00Z,6794.92578125,7107.66210938,6701.43505859,7068.95556641,16513525776
2019-06-11T00:00:00Z,7072.41357422,7093.68701172,6866.02099609,6997.71435547,15100424923
2019-06-12T00:00:00Z,6995.70166016,7256.76318359,6937.42382812,7211.59277344,16851335707
2019-06-13T00:00:00Z,7212.59521484,7368.25439453,7160.82568359,7296.71386719,16550429436
2019-06-14T00:00:00Z,7296.63427734,7756.90869141,7257.34375000,7741.94482422,17659848879
2019-06-15T00:00:00Z,7738.30615234,7889.14160156,7674.76757812,7870.66162109,16359588799
2019-06-16T00:00:00Z,7873.39160156,8313.68261719,7849.45068359,8017.55175781,20812547519
2019-06-17T00:00:00Z,8012.59179688,8390.81933594,8012.59179688,8302.83984375,13863928895
2019-06-18T00:00:00Z,8316.30468750,8327.39160156,8043.96142578,8109.80517578,14152087499
2019-06-19T00:00:00Z,8107.45800781,8276.99707031,8098.85693359,8253.92578125,13837484833
2019-06-20T00:00:00Z,8253.51562500,8496.76074219,8178.44824219,8435.32910156,15801542085
2019-06-21T00:00:00Z,8431.88183594,8909.28417969,8365.23437500,8909.28417969,18112684983
2019-06-22T00:00:00Z,8936.83203125,9798.74902344,8876.33203125,9398.57812500,26342778750
2019-06-23T00:00:00Z,9394.18652344,9889.30859375,9263.34375000,9536.26953125,18446693859
2019-06-24T00:00:00Z,9533.89648438,9713.69921875,9324.58203125,9659.91894531,16906808632
2019-06-25T00:00:00Z,9656.47558594,10372.48144531,9656.47558594,10372.48144531,21886683363
2019-06-26T00:00:00Z,10361.62988281,12135.59863281,10339.58886719,11443.03808594,39654073839
2019-06-27T00:00:00Z,11443.82324219,11707.29785156,9228.68554688,9833.76855469,35154792499
2019-06-28T00:00:00Z,9815.62011719,10936.82031250,9605.71582031,10903.56347656,30835121525
2019-06-29T00:00:00Z,10897.79101562,10897.91992188,10113.56250000,10509.89550781,26297177039
2019-06-30T00:00:00Z,10485.83300781,10718.98632812,9504.90917969,9520.88183594,23990193993
2019-07-01T00:00:00Z,9503.08007812,9870.46386719,8938.22460938,9376.39257812,26028695677
2019-07-02T00:00:00Z,9381.30859375,9656.79589844,8618.66113281,9566.48437500,27469165572
2019-07-03T00:00:00Z,9581.50000000,10603.71679688,9581.50000000,10597.43359375,27285047218
2019-07-04T00:00:00Z,10607.57714844,10636.91406250,9894.57421875,9937.92089844,22967791101
2019-07-05T00:00:00Z,9927.08007812,10166.06933594,9646.30078125,9772.96972656,21220895891
2019-07-06T00:00:00Z,9776.60546875,10346.72656250,9776.60546875,9979.53320312,18779283841
2019-07-07T00:00:00Z,9987.60449219,10281.10156250,9926.33789062,10198.81152344,17251232976
2019-07-08T00:00:00Z,10195.02636719,11008.81640625,10146.70019531,10953.47265625,20935727857
2019-07-09T00:00:00Z,10952.98828125,11399.49707031,10905.51269531,11221.00878906,25137363014
2019-07-10T00:00:00Z,11219.99609375,11672.97851562,10405.08691406,10797.56054688,29868414975
2019-07-11T00:00:00Z,10782.63964844,10787.06054688,9915.95312500,10096.29394531,25417328757
2019-07-12T00:00:00Z,10092.41699219,10559.65527344,9919.60156250,10473.77343750,20861316438
2019-07-13T00:00:00Z,10471.23828125,10496.79394531,9669.35253906,10098.28515625,18652322461
2019-07-14T00:00:00Z,10088.21679688,10150.42675781,9080.85351562,9098.84667969,19948859649
2019-07-15T00:00:00Z,9100.42578125,9811.16503906,8868.98535156,9674.61035156,22540500855
2019-07-16T00:00:00Z,9675.99902344,9808.35937500,8423.45996094,8452.74902344,21539536705
2019-07-17T00:00:00Z,8447.76367188,8879.26464844,8166.90039062,8633.60156250,21882733799
2019-07-18T00:00:00Z,8638.25292969,9552.59082031,8358.30957031,9472.15722656,22366833498
2019-07-19T00:00:00Z,9461.03320312,9516.80761719,9113.32031250,9378.67089844,18459845871
2019-07-20T00:00:00Z,9374.29394531,9840.71191406,9307.90625000,9589.96777344,17997425920
2019-07-21T00:00:00Z,9599.22265625,9656.54394531,9248.76953125,9448.13769531,15270353604
2019-07-22T00:00:00Z,9445.11328125,9493.15332031,9058.40332031,9229.92968750,14576423508
2019-07-23T00:00:00Z,9233.17871094,9276.84179688,8848.76269531,8877.62304688,16007099892
2019-07-24T00:00:00Z,8865.93261719,8891.99609375,8625.36914062,8806.17480469,15615311858
2019-07-25T00:00:00Z,8803.63476562,9110.58984375,8742.77539062,8892.67675781,14195091511
2019-07-26T00:00:00Z,8893.83007812,8897.02050781,8715.55273438,8863.53222656,13017151606
2019-07-27T00:00:00Z,8864.30664062,9130.25390625,8451.54687500,8510.95410156,15102392964
2019-07-28T00:00:00Z,8523.48046875,8603.14843750,8311.52343750,8582.59570312,12343276122
2019-07-29T00:00:00Z,8578.38964844,8700.25781250,8520.01757812,8542.98632812,12377173980
2019-07-30T00:00:00Z,8545.84277344,8702.75976562,8472.81250000,8610.65332031,12394968227
2019-07-31T00:00:00Z,8607.63085938,9109.95410156,8669.58691406,9109.95410156,15022603972
2019-08-01T00:00:00Z,9102.56054688,9458.06738281,8976.66992188,9386.74121094,15493433951
2019-08-02T00:00:00Z,9388.88476562,9594.11816406,9350.02929688,9454.78710938,15720946670
2019-08-03T00:00:00Z,9455.77929688,9840.06152344,9441.60058594,9727.65039062,13800528601
2019-08-04T00:00:00Z,9727.56542969,9913.29589844,9546.56835938,9875.90820312,14881938032
2019-08-05T00:00:00Z,9867.40234375,10613.41992188,9867.40234375,10500.03125000,21235471599
2019-08-06T00:00:00Z,10503.35742188,10960.32617188,10078.77343750,10243.87597656,21093529993
2019-08-07T00:00:00Z,10241.91699219,10733.74511719,10195.09960938,10658.73242188,19810003942
2019-08-08T00:00:00Z,10669.50683594,10691.39257812,10330.71777344,10697.32226562,17415491000
2019-08-09T00:00:00Z,10685.51757812,10699.81738281,10449.03906250,10516.32714844,16258144339
2019-08-10T00:00:00Z,10515.10351562,10563.06152344,10038.47753906,10065.18359375,16067873849
2019-08-11T00:00:00Z,10061.38574219,10281.45312500,9944.43750000,10281.45312500,14074052012
2019-08-12T00:00:00Z,10285.91210938,10285.91210938,10119.52636719,10148.33105469,12167350642
2019-08-13T00:00:00Z,10150.45703125,10191.11523438,9686.14648438,9749.75292969,14926859587
2019-08-14T00:00:00Z,9742.88964844,9743.23535156,8997.94531250,9021.05273438,17941077695
2019-08-15T00:00:00Z,9009.01171875,9361.32421875,8687.37011719,9280.87597656,20610279832
2019-08-16T00:00:00Z,9288.03515625,9479.05078125,8894.21484375,9350.39160156,18231683056
2019-08-17T00:00:00Z,9336.31640625,9420.95019531,9091.14062500,9221.87109375,12418143563
2019-08-18T00:00:00Z,9223.00878906,9452.52050781,9120.33984375,9327.29589844,11720021193
2019-08-19T00:00:00Z,9331.00878906,9849.55566406,9301.20019531,9849.55566406,14471326152
2019-08-20T00:00:00Z,9849.91796875,9876.57421875,9575.64746094,9699.05078125,13564753835
2019-08-21T00:00:00Z,9699.95605469,9731.68554688,8977.40820312,9140.37402344,17556757969
2019-08-22T00:00:00Z,9145.22753906,9231.16503906,8852.95703125,9139.01269531,15423303692
2019-08-23T00:00:00Z,9145.37402344,9302.12890625,9095.38769531,9271.41503906,13920552878
2019-08-24T00:00:00Z,9271.12988281,9271.74609375,8892.23046875,9042.08007812,13750984650
2019-08-25T00:00:00Z,9042.77148438,9167.40429688,8977.78320312,9097.29199219,12700255536
2019-08-26T00:00:00Z,9087.92871094,9435.24511719,9087.92871094,9342.15917969,16609760859
2019-08-27T00:00:00Z,9344.46386719,9351.58398438,9083.46289062,9184.27539062,13311459751
2019-08-28T00:00:00Z,9200.77734375,9274.47558594,8767.68847656,8799.73828125,15880872157
2019-08-29T00:00:00Z,8801.05957031,8801.05957031,8503.27539062,8598.34375000,15411485578
2019-08-30T00:00:00Z,8602.54296875,8786.06835938,8532.56640625,8718.02148438,12348578279
2019-08-31T00:00:00Z,8717.44531250,8785.21875000,8656.78027344,8746.56933594,10403255190
2019-09-01T00:00:00Z,8746.50488281,8913.09863281,8703.46972656,8877.67480469,10412835971
2019-09-02T00:00:00Z,8877.12500000,9477.75097656,8869.83886719,9436.46289062,15730631502
2019-09-03T00:00:00Z,9435.87011719,9785.12207031,9419.95117188,9681.07324219,17665184989
2019-09-04T00:00:00Z,9678.93261719,9755.40039062,9474.75878906,9600.94140625,15172537667
2019-09-05T00:00:00Z,9594.65234375,9642.00488281,9525.97167969,9585.35644531,13188821504
2019-09-06T00:00:00Z,9586.88281250,9879.58593750,9332.86230469,9302.54589844,17553807808
2019-09-07T00:00:00Z,9303.11132812,9489.66113281,9298.60742188,9452.43554688,13757572158
2019-09-08T00:00:00Z,9453.20800781,9522.88281250,9440.46289062,9475.26953125,12405793930
2019-09-09T00:00:00Z,9476.27929688,9482.87402344,9195.49609375,9355.65234375,15928586966
2019-09-10T00:00:00Z,9355.48339844,9410.89257812,9076.94628906,9155.44335938,13491378250
2019-09-11T00:00:00Z,9160.69824219,9249.41699219,9035.23828125,9241.62597656,14008172465
2019-09-12T00:00:00Z,9240.69433594,9437.91796875,9173.33300781,9416.11621094,13860393424
2019-09-13T00:00:00Z,9420.77832031,9437.02832031,9231.02734375,9308.95214844,12677713410
2019-09-14T00:00:00Z,9295.34570312,9364.28710938,9247.08789062,9306.70703125,12101638742
2019-09-15T00:00:00Z,9305.28417969,9310.31445312,9244.03710938,9336.20312500,10866163849
2019-09-16T00:00:00Z,9336.31933594,9375.89257812,9257.70898438,9338.71777344,13776332504
2019-09-17T00:00:00Z,9344.70312500,9299.40625000,9261.88378906,9247.51074219,13819521176
2019-09-18T00:00:00Z,9253.40136719,9284.77441406,9219.45800781,9246.48632812,14660255693
2019-09-19T00:00:00Z,9248.52441406,9332.08691406,8922.42187500,9292.97363281,18047239238
2019-09-20T00:00:00Z,9292.88671875,9311.79980469,9195.80957031,9239.48339844,13370761401
2019-09-21T00:00:00Z,9241.30468750,9245.34179688,9075.29296875,9092.54199219,12182959742
2019-09-22T00:00:00Z,9096.53417969,9142.20605469,9004.35156250,9138.95117188,11978776314
2019-09-23T00:00:00Z,9136.74609375,9138.34179688,8824.14355469,8850.27929688,13776581397
2019-09-24T00:00:00Z,8850.27734375,8925.55664062,7596.94580078,7826.95703125,22701120940
2019-09-25T00:00:00Z,7811.39697266,7944.51904297,7568.97558594,7748.66699219,19853045710
2019-09-26T00:00:00Z,7749.28466797,7789.79980469,7223.49853516,7433.72656250,17632812763
2019-09-27T00:00:00Z,7428.35546875,7559.79785156,7271.26220703,7541.81542969,14997033814
2019-09-28T00:00:00Z,7541.29296875,7572.68066406,7426.27880859,7537.40136719,12926102470
2019-09-29T00:00:00Z,7537.51318359,7551.83691406,7301.91601562,7405.60498047,11911044079
2019-09-30T00:00:00Z,7405.64208984,7626.70214844,7154.35351562,7609.14257812,15702454866
2019-10-01T00:00:00Z,7614.51269531,7768.81103516,7555.96972656,7630.92773438,13998573192
2019-10-02T00:00:00Z,7631.78369141,7657.53417969,7527.44482422,7657.53417969,11975466884
2019-10-03T00:00:00Z,7655.46533203,7674.70068359,7413.20068359,7525.15820312,12452803872
2019-10-04T00:00:00Z,7524.70507812,7525.21630859,7427.62695312,7473.72314453,11967022550
2019-10-05T00:00:00Z,7477.55761719,7482.45458984,7351.41894531,7424.63134766,11112578862
2019-10-06T00:00:00Z,7423.15234375,7433.65722656,7246.53369141,7272.20947266,11981277728
2019-10-07T00:00:00Z,7273.08740234,7567.12060547,7201.98681641,7515.01123047,16413971354
2019-10-08T00:00:00Z,7516.12939453,7590.02880859,7471.83349609,7508.35302734,14227161316
2019-10-09T00:00:00Z,7509.31787109,7859.17578125,7452.04248047,7824.07470703,17644697905
2019-10-10T00:00:00Z,7814.55371094,7829.59130859,7686.71240234,7798.22656250,16001250003
2019-10-11T00:00:00Z,7797.12695312,7918.09472656,7533.46240234,7538.51318359,17759216752
2019-10-12T00:00:00Z,7532.99414062,7625.80810547,7530.88964844,7554.50292969,13169334496
2019-10-13T00:00:00Z,7554.81738281,7676.47705078,7500.90332031,7545.00537109,12520552918
2019-10-14T00:00:00Z,7544.84814453,7607.93115234,7512.48095703,7595.37988281,13741475462
2019-10-15T00:00:00Z,7594.26611328,7628.69482422,7416.80517578,7435.96826172,13793224980
2019-10-16T00:00:00Z,7435.33837891,7435.19628906,7210.53613281,7266.73144531,14512327589
2019-10-17T00:00:00Z,7266.98974609,7309.07275391,7223.97119141,7284.27343750,12865415827
2019-10-18T00:00:00Z,7281.59716797,7316.35253906,7101.64306641,7138.11767578,14012291755
2019-10-19T00:00:00Z,7138.65136719,7236.07910156,7112.66503906,7151.86279297,12352682776
2019-10-20T00:00:00Z,7160.14062500,7421.06445312,7116.83886719,7370.44384766,13898334789
2019-10-21T00:00:00Z,7373.16601562,7445.89306641,7348.23486328,7392.27685547,14229761008
2019-10-22T00:00:00Z,7391.99072266,7445.14111328,7255.71240234,7259.02490234,15099414522
2019-10-23T00:00:00Z,7257.25048828,7274.65966797,6708.87109375,6750.24951172,19710761538
2019-10-24T00:00:00Z,6745.80859375,6767.16650391,6689.85302734,6748.62109375,14651566652
2019-10-25T00:00:00Z,6746.11230469,7845.34033203,6736.08496094,7816.34277344,25906522539
2019-10-26T00:00:00Z,7822.54882812,9044.62402344,7818.01660156,8343.45800781,40157247739
2019-10-27T00:00:00Z,8340.51171875,8798.81445312,8223.94140625,8617.56640625,29405554029
2019-10-28T00:00:00Z,8629.64453125,8850.37402344,8340.04882812,8340.04882812,27885244605
2019-10-29T00:00:00Z,8333.10351562,8577.39062500,8309.72460938,8483.09960938,25578615575
2019-10-30T00:00:00Z,8478.39843750,8482.36718750,8170.73681641,8253.66992188,24841122082
2019-10-31T00:00:00Z,8250.73925781,8403.74609375,8083.82617188,8245.56054688,23826849281
2019-11-01T00:00:00Z,8240.54785156,8305.38671875,8179.64794922,8292.35546875,21780231051
2019-11-02T00:00:00Z,8291.17285156,8397.12695312,8282.04394531,8349.87402344,19021882025
2019-11-03T00:00:00Z,8349.93652344,8399.20410156,8185.58886719,8270.44531250,18924326413
2019-11-04T00:00:00Z,8270.67089844,8541.18261719,8229.09082031,8458.52148438,23517560013
2019-11-05T00:00:00Z,8458.87500000,8501.20703125,8314.55761719,8436.57324219,23658103730
2019-11-06T00:00:00Z,8435.07128906,8507.75976562,8406.02832031,8456.39453125,20898606220
2019-11-07T00:00:00Z,8448.72753906,8464.59667969,8326.85937500,8385.03906250,20538694387
2019-11-08T00:00:00Z,8383.05468750,8392.01464844,7958.78613281,7990.45556641,22082304835
2019-11-09T00:00:00Z,7994.61962891,8069.35156250,7979.82226562,7998.57275391,15953099477
2019-11-10T00:00:00Z,7997.58105469,8260.88476562,7991.83886719,8215.49023438,18678081493
2019-11-11T00:00:00Z,8216.75292969,8241.07910156,7888.77246094,7936.01025391,18363916828
2019-11-12T00:00:00Z,7937.78955078,8040.51416016,7886.74218750,8005.50292969,18443301326
2019-11-13T00:00:00Z,8002.20751953,8023.83447266,7955.04492188,8000.45703125,15936634176
2019-11-14T00:00:00Z,8003.79345703,8016.62158203,7886.23095703,7902.33496094,17318828985
2019-11-15T00:00:00Z,7900.16894531,7924.18457031,7676.11132812,7684.15722656,19723343312
2019-11-16T00:00:00Z,7683.41015625,7774.64892578,7667.85351562,7737.33544922,14926199871
2019-11-17T00:00:00Z,7736.16845703,7898.70166016,7692.27929688,7759.69677734,16887781426
2019-11-18T00:00:00Z,7756.08251953,7822.41796875,7467.75976562,7504.62304688,19489736313
2019-11-19T00:00:00Z,7500.87353516,7595.32031250,7312.74414062,7407.72900391,19032283610
2019-11-20T00:00:00Z,7405.44287109,7439.36425781,7231.39355469,7245.54882812,18742210567
2019-11-21T00:00:00Z,7242.27832031,7320.97753906,6868.49658203,6906.82958984,20346346877
2019-11-22T00:00:00Z,6907.57031250,6958.34179688,6273.81396484,6620.43310547,31069217350
2019-11-23T00:00:00Z,6620.05810547,6752.61474609,6488.72460938,6712.27246094,19062111428
2019-11-24T00:00:00Z,6713.03222656,6722.05419922,6377.39306641,6394.29296875,27611112896
2019-11-25T00:00:00Z,6387.08935547,6647.70361328,6002.06835938,6490.00439453,38766044068
2019-11-26T00:00:00Z,6489.11914062,6645.96386719,6443.58007812,6548.16699219,19167694341
2019-11-27T00:00:00Z,6550.44335938,6927.12451172,6336.63037109,6844.79101562,21803443903
2019-11-28T00:00:00Z,6849.47705078,7021.91308594,6769.46093750,6777.56005859,17300211127
2019-11-29T00:00:00Z,6780.84863281,7058.73583984,6775.44091797,7043.89501953,17887987434
2019-11-30T00:00:00Z,7046.44873047,7111.99121094,6821.18212891,6870.14355469,15572657481
2019-12-01T00:00:00Z,6871.94580078,6871.94580078,6617.57080078,6737.85693359,16989829215
2019-12-02T00:00:00Z,6737.62451172,6784.32519531,6564.72949219,6610.97900391,15423272061
2019-12-03T00:00:00Z,6612.77343750,6690.27490234,6528.00097656,6604.84277344,13351519852
2019-12-04T00:00:00Z,6604.82421875,6797.56103516,6473.70117188,6543.50341797,19547622916
2019-12-05T00:00:00Z,6544.59277344,6978.24121094,6526.30468750,6707.20068359,16943884751
2019-12-06T00:00:00Z,6709.23095703,6824.45458984,6664.04589844,6824.45458984,16371162807
2019-12-07T00:00:00Z,6824.69775391,6863.29736328,6805.20703125,6832.81152344,13974015959
2019-12-08T00:00:00Z,6828.38134766,6903.67724609,6760.33789062,6839.69628906,13933669711
2019-12-09T00:00:00Z,6837.39013672,6879.57861328,6657.58349609,6689.00683594,16152911546
2019-12-10T00:00:00Z,6685.60400391,6708.10205078,6532.63427734,6561.18115234,16451392128
2019-12-11T00:00:00Z,6560.35009766,6613.23730469,6461.85693359,6483.00341797,14686713808
2019-12-12T00:00:00Z,6482.38525391,6529.78027344,6436.55273438,6474.60156250,16918822377
2019-12-13T00:00:00Z,6475.96728516,6553.00878906,6475.65380859,6537.19091797,15400147686
2019-12-14T00:00:00Z,6536.48828125,6572.39794922,6382.09423828,6406.79199219,15410302614
2019-12-15T00:00:00Z,6406.40136719,6457.51025391,6226.67578125,6429.29687500,15174667036
2019-12-16T00:00:00Z,6430.52099609,6432.98291016,6194.70214844,6224.84033203,18149976615
2019-12-17T00:00:00Z,6223.79443359,6239.14941406,5906.77783203,5954.81542969,20054517794
2019-12-18T00:00:00Z,5961.25732422,6590.20849609,5884.80810547,6546.53906250,28641568535
2019-12-19T00:00:00Z,6547.24853516,6609.17236328,6325.94921875,6475.34277344,23288187561
2019-12-20T00:00:00Z,6480.55029297,6552.12548828,6399.54931641,6516.82275391,20432789823
2019-12-21T00:00:00Z,6518.42675781,6520.80371094,6421.05810547,6491.85449219,17434503033
2019-12-22T00:00:00Z,6491.88134766,6785.52832031,6470.20654297,6779.71240234,20880470519
2019-12-23T00:00:00Z,6777.28759766,6906.50634766,6606.18164062,6631.29003906,25091080546
2019-12-24T00:00:00Z,6630.17626953,6799.91406250,6558.64160156,6603.12304688,20732787200
2019-12-25T00:00:00Z,6606.02978516,6633.02294922,6506.27929688,6557.31591797,19432228776
2019-12-26T00:00:00Z,6556.99511719,6652.76757812,6490.01806641,6521.94726562,20529956690
2019-12-27T00:00:00Z,6521.20312500,6583.69482422,6465.44042969,6523.74707031,20382982030
2019-12-28T00:00:00Z,6522.80078125,6621.24609375,6520.89843750,6548.71582031,19119692112
2019-12-29T00:00:00Z,6548.40917969,6723.89453125,6514.59863281,6638.04833984,20072704182
2019-12-30T00:00:00Z,6635.92041016,6653.48242188,6490.38671875,6510.73388672,20420606561
2019-12-31T00:00:00Z,6512.02294922,6537.01220703,6392.17236328,6411.46044922,18866418835
2020-01-01T00:00:00Z,6412.61279297,6469.86181641,6420.14013672,6417.78173828,16548264141
2020-01-02T00:00:00Z,6419.90039062,6425.73486328,6206.92773438,6252.93847656,18620672983
2020-01-03T00:00:00Z,6252.00634766,6634.89697266,6187.71142578,6581.73583984,25190641930
2020-01-04T00:00:00Z,6582.17626953,6655.66552734,6550.04101562,6640.67431641,16527874601
2020-01-05T00:00:00Z,6640.49072266,6760.60839844,6628.50439453,6640.66650391,17674001715
2020-01-06T00:00:00Z,6639.89111328,6950.91943359,6637.79296875,6939.71484375,20791101700
2020-01-07T00:00:00Z,6939.23535156,7335.24609375,6938.82958984,7320.77490234,25797010963
2020-01-08T00:00:00Z,7319.19921875,7551.09423828,7160.52392578,7270.78564453,28501027543
2020-01-09T00:00:00Z,7272.97558594,7272.97558594,7061.70800781,7092.74804688,21646224663
2020-01-10T00:00:00Z,7092.06054688,7343.36572266,6963.04492188,7343.36572266,25820153792
2020-01-11T00:00:00Z,7339.44238281,7389.94824219,7219.60400391,7226.70263672,22946564430
2020-01-12T00:00:00Z,7222.85839844,7374.16113281,7201.09716797,7369.64013672,20603017030
2020-01-13T00:00:00Z,7367.19140625,7373.55810547,7263.31982422,7313.74707031,20190373251
2020-01-14T00:00:00Z,7310.81835938,7980.09716797,7310.81835938,7933.51171875,40299311377
2020-01-15T00:00:00Z,7931.33642578,7973.26171875,7776.33593750,7896.18945312,35955399490
2020-01-16T00:00:00Z,7901.09472656,7929.06542969,7720.04638672,7833.05224609,28116699120
2020-01-17T00:00:00Z,7834.33105469,8051.61376953,7790.62500000,8051.00097656,32795485000
2020-01-18T00:00:00Z,8049.35498047,8125.83056641,7959.14648438,8063.26562500,29157288013
2020-01-19T00:00:00Z,8062.03662109,8263.18457031,7772.27783203,7847.59179688,30842637240
2020-01-20T00:00:00Z,7846.13769531,7880.93164062,7722.77197266,7802.23339844,23811739272
2020-01-21T00:00:00Z,7803.44824219,7896.49121094,7702.06494141,7889.40917969,21737558317
2020-01-22T00:00:00Z,7887.89013672,7936.46826172,7788.61865234,7823.07519531,20366964887
2020-01-23T00:00:00Z,7822.87207031,7829.36279297,7541.40869141,7604.29882812,23311436253
2020-01-24T00:00:00Z,7603.44140625,7719.29492188,7489.09619141,7660.26220703,22129639052
2020-01-25T00:00:00Z,7655.44189453,7672.07080078,7524.64550781,7589.61279297,17820070773
2020-01-26T00:00:00Z,7586.49462891,7797.86181641,7551.20166016,7797.02392578,20114378449
2020-01-27T00:00:00Z,7797.45800781,8148.42724609,7797.45800781,8085.50048828,25996943940
2020-01-28T00:00:00Z,8087.95556641,8491.03027344,8084.22851562,8490.75000000,31208880037
2020-01-29T00:00:00Z,8489.73339844,8547.80371094,8425.35351562,8458.93164062,27857927450
2020-01-30T00:00:00Z,8458.37500000,8657.19531250,8379.80859375,8621.29101562,29356103023
2020-01-31T00:00:00Z,8620.67382812,8633.06445312,8352.56054688,8427.62304688,26527473551
2020-02-01T00:00:00Z,8423.86230469,8508.26660156,8394.61816406,8466.39941406,23365749350
2020-02-02T00:00:00Z,8463.64648438,8534.83300781,8308.61425781,8426.54296875,27806989192
2020-02-03T00:00:00Z,8426.83007812,8608.75488281,8359.59082031,8400.93457031,27963062144
2020-02-04T00:00:00Z,8400.32031250,8436.39746094,8247.30371094,8311.94824219,27063674305
2020-02-05T00:00:00Z,8314.16894531,8821.39257812,8298.65039062,8739.87207031,32021502647
2020-02-06T00:00:00Z,8743.86914062,8929.34082031,8674.95703125,8860.47363281,34266801203
2020-02-07T00:00:00Z,8857.01367188,8976.76562500,8857.01367188,8949.75097656,31540576719
2020-02-08T00:00:00Z,8947.12500000,9022.91406250,8842.17773438,9012.29003906,32131455751
2020-02-09T00:00:00Z,9011.17089844,9253.75585938,8998.83593750,9238.54687500,32699760275
2020-02-10T00:00:00Z,9237.52929688,9280.79492188,8931.02734375,9034.05761719,36099661865
2020-02-11T00:00:00Z,9033.39746094,9354.09277344,8913.67578125,9349.30468750,34480314024
2020-02-12T00:00:00Z,9343.94824219,9524.73730469,9343.94824219,9495.31347656,39949166143
2020-02-13T00:00:00Z,9493.38769531,9616.42578125,9319.04882812,9421.15136719,45523177582
2020-02-14T00:00:00Z,9418.54199219,9523.97167969,9341.44238281,9521.36230469,40014999389
2020-02-15T00:00:00Z,9522.96972656,9548.24511719,9116.95019531,9130.79687500,40500122610
2020-02-16T00:00:00Z,9130.57128906,9282.71875000,8976.57324219,9163.17382812,40007379236
2020-02-17T00:00:00Z,9165.13574219,9170.96289062,8772.70703125,8941.85058594,42446217813
2020-02-18T00:00:00Z,8942.85449219,9416.83203125,8926.10742188,9395.31250000,43790789357
2020-02-19T00:00:00Z,9396.98144531,9429.61328125,8891.34277344,8911.50878906,43470672713
2020-02-20T00:00:00Z,8907.75195312,8920.09082031,8808.50878906,8906.88378906,41644907585
2020-02-21T00:00:00Z,8909.94921875,8956.17089844,8889.69238281,8930.47265625,37736163863
2020-02-22T00:00:00Z,8931.63964844,8940.89648438,8851.00781250,8908.58398438,33039433770
2020-02-23T00:00:00Z,8908.70996094,9166.60937500,8903.61425781,9157.42968750,38001900384
2020-02-24T00:00:00Z,9154.72460938,9180.37597656,8774.88085938,8895.31835938,41554210040
2020-02-25T00:00:00Z,8896.36816406,8896.53222656,8549.88183594,8586.52148438,39078325581
2020-02-26T00:00:00Z,8583.38281250,8606.45214844,8000.54296875,8103.85498047,46323421638
2020-02-27T00:00:00Z,8108.05468750,8137.10644531,7871.55322266,7986.99365234,41342183979
2020-02-28T00:00:00Z,7990.84375000,8091.20410156,7724.58496094,7864.46875000,40449694441
2020-02-29T00:00:00Z,7863.34179688,7957.73437500,7798.02587891,7798.02587891,32456505767
2020-03-01T00:00:00Z,7798.25244141,7913.45068359,7681.68701172,7748.16455078,31987458775
2020-03-02T00:00:00Z,7748.89794922,8011.30810547,7721.17773438,7959.35839844,38459105569
2020-03-03T00:00:00Z,7955.51562500,8006.14257812,7782.37451172,7862.48535156,37923648965
2020-03-04T00:00:00Z,7863.16162109,7926.58300781,7824.53906250,7861.05517578,31197955753
2020-03-05T00:00:00Z,7865.57958984,8161.13037109,7862.85839844,8089.78613281,35373626416
2020-03-06T00:00:00Z,8089.38134766,8091.16064453,8044.33154297,8082.73974609,36173355571
2020-03-07T00:00:00Z,8081.90234375,8118.74218750,7877.32373047,7894.34375000,32088707345
2020-03-08T00:00:00Z,7892.79541016,7898.23388672,7117.15771484,7121.03417969,35106776668
2020-03-09T00:00:00Z,7123.69531250,7184.40380859,6733.99609375,6952.20605469,41182520122
2020-03-10T00:00:00Z,6950.89160156,7151.21142578,6885.31445312,6989.21093750,37301166969
2020-03-11T00:00:00Z,6989.52929688,7026.16650391,6775.38378906,7024.82763672,34347740131
2020-03-12T00:00:00Z,7026.76904297,7037.55810547,4344.84033203,4444.23730469,48262271981
2020-03-13T00:00:00Z,4486.29687500,5254.10498047,3672.95092773,4993.67724609,66559039992
2020-03-14T00:00:00Z,5002.08789062,5047.53808594,4598.74511719,4666.30957031,32441582859
2020-03-15T00:00:00Z,4666.93798828,5213.88085938,4638.41845703,4834.83593750,30483051816
2020-03-16T00:00:00Z,4828.48291016,4828.48291016,4098.80712891,4493.08935547,40650795146
2020-03-17T00:00:00Z,4482.42529297,4825.00732422,4462.77441406,4744.93408203,35069823257
2020-03-18T00:00:00Z,4746.28173828,4885.96435547,4641.39794922,4780.42089844,34566905928
2020-03-19T00:00:00Z,4786.78906250,5934.07666016,4804.69384766,5808.23046875,47846030531
2020-03-20T00:00:00Z,5808.66259766,6377.57861328,5498.05029297,5759.60693359,50585800132
2020-03-21T00:00:00Z,5766.80224609,5925.70849609,5511.98437500,5746.33496094,39480093757
2020-03-22T00:00:00Z,5746.79150391,5908.57861328,5449.42968750,5452.09277344,37498720286
2020-03-23T00:00:00Z,5453.14013672,5995.93310547,5412.40380859,5960.80761719,43191361899
2020-03-24T00:00:00Z,5979.69238281,6254.93701172,5937.91699219,6236.59667969,44654694830
2020-03-25T00:00:00Z,6240.22021484,6359.28613281,6042.19189453,6135.96875000,40952090166
2020-03-26T00:00:00Z,6130.55664062,6168.27734375,6032.16748047,6079.73535156,31971551465
2020-03-27T00:00:00Z,6082.40429688,6139.85449219,5790.93164062,5793.70410156,30971403337
2020-03-28T00:00:00Z,5791.42578125,5791.64746094,5478.52392578,5589.10449219,31235359141
2020-03-29T00:00:00Z,5592.17626953,5596.51220703,5322.30517578,5315.30029297,25466664426
2020-03-30T00:00:00Z,5318.43750000,5899.18310547,5305.32519531,5830.15625000,33641328894
2020-03-31T00:00:00Z,5830.84960938,5905.56005859,5820.57910156,5839.27783203,29734409217
2020-04-01T00:00:00Z,5838.07568359,6037.44531250,5677.55371094,6032.15185547,36837295841
2020-04-02T00:00:00Z,6032.15185547,6542.11914062,6024.10498047,6264.63232422,43949502253
2020-04-03T00:00:00Z,6268.11035156,6489.85644531,6186.54931641,6232.12060547,36074898995
2020-04-04T00:00:00Z,6236.74414062,6366.45751953,6197.58300781,6355.88281250,30713566062
2020-04-05T00:00:00Z,6351.26513672,6370.58593750,6215.57910156,6284.36181641,27308284052
2020-04-06T00:00:00Z,6281.51171875,6732.44775391,6276.03173828,6732.44775391,43418654993
2020-04-07T00:00:00Z,6734.17236328,6825.34765625,6550.84716797,6586.58496094,40607110827
2020-04-08T00:00:00Z,6589.21826172,6776.64160156,6579.02392578,6752.57031250,34584821929
2020-04-09T00:00:00Z,6756.13134766,6754.47753906,6607.07861328,6683.55859375,31866087998
2020-04-10T00:00:00Z,6685.13818359,6685.13818359,6213.72070312,6277.59423828,39887373495
2020-04-11T00:00:00Z,6279.37451172,6333.56494141,6209.06347656,6272.30908203,28551130160
2020-04-12T00:00:00Z,6271.38085938,6502.38427734,6228.41064453,6377.30078125,32713603421
2020-04-13T00:00:00Z,6372.29248047,6372.29248047,6111.88037109,6267.40527344,35360341049
2020-04-14T00:00:00Z,6265.79785156,6342.71777344,6223.81298828,6229.04541016,31052638302
2020-04-15T00:00:00Z,6231.89794922,6313.76611328,6083.40087891,6091.08056641,29609672748
2020-04-16T00:00:00Z,6089.56201172,6570.77880859,6018.86425781,6554.13525391,43084465668
2020-04-17T00:00:00Z,6553.90380859,6591.42187500,6476.89990234,6526.12695312,29901522712
2020-04-18T00:00:00Z,6522.54638672,6685.01562500,6519.74658203,6673.71337891,29836487608
2020-04-19T00:00:00Z,6676.70898438,6694.73095703,6590.39355469,6616.66503906,28816740031
2020-04-20T00:00:00Z,6614.31689453,6662.60937500,6296.36669922,6334.22363281,34742821138
2020-04-21T00:00:00Z,6332.22216797,6397.97705078,6308.22460938,6337.51416016,30018639034
2020-04-22T00:00:00Z,6336.70068359,6609.26123047,6326.29150391,6585.73730469,30766306550
2020-04-23T00:00:00Z,6589.52978516,6947.13964844,6568.14355469,6895.33447266,40371945047
2020-04-24T00:00:00Z,6899.47070312,6998.85253906,6899.47070312,6977.32714844,32005501113
2020-04-25T00:00:00Z,6976.94091797,7061.93457031,6950.31884766,6994.91601562,30439269017
2020-04-26T00:00:00Z,6995.10351562,7116.67382812,6987.03564453,7097.44921875,30562213185
2020-04-27T00:00:00Z,7097.03466797,7201.93457031,7097.03466797,7201.93457031,33408252755
2020-04-28T00:00:00Z,7203.20019531,7215.63720703,7139.67822266,7206.93750000,30636834630
2020-04-29T00:00:00Z,7206.61816406,8159.05908203,7176.47949219,8091.74462891,55349329003
2020-04-30T00:00:00Z,8088.64843750,8689.92089844,7796.77636719,7911.76269531,61188997208
2020-05-01T00:00:00Z,7924.76318359,8241.46484375,7920.17724609,7990.95800781,39724524727
2020-05-02T00:00:00Z,7994.82568359,8118.61083984,7942.10742188,8101.85302734,36175050971
2020-05-03T00:00:00Z,8097.36279297,8263.36132812,7959.77832031,8119.24267578,42981980432
2020-05-04T00:00:00Z,8117.66943359,8215.23925781,7906.00439453,8173.67089844,41928068001
2020-05-05T00:00:00Z,8173.83349609,8307.13476562,8174.76269531,8307.33105469,39814035765
2020-05-06T00:00:00Z,8311.36425781,8716.58203125,8270.37890625,8582.73437500,45717626720
2020-05-07T00:00:00Z,8576.37597656,9224.34765625,8460.98144531,9183.59960938,56396877911
2020-05-08T00:00:00Z,9169.42871094,9215.40820312,9013.82128906,8973.57812500,47208611551
2020-05-09T00:00:00Z,8971.97363281,9036.84277344,8733.10253906,8745.18261719,42446696439
2020-05-10T00:00:00Z,8742.69628906,8746.71679688,7652.44287109,8078.63085938,58423522765
2020-05-11T00:00:00Z,8077.80468750,8345.57226562,7748.86132812,7958.57128906,52848550000
2020-05-12T00:00:00Z,7966.51855469,8247.33105469,7927.34912109,8117.50830078,38854531998
2020-05-13T00:00:00Z,8118.34765625,8614.50000000,8118.34765625,8566.41406250,42100372008
2020-05-14T00:00:00Z,8567.65332031,9062.75878906,8559.25097656,9006.83593750,52213115456
2020-05-15T00:00:00Z,9007.36328125,9028.78515625,8560.06933594,8619.98144531,44502489737
2020-05-16T00:00:00Z,8624.64160156,8838.07128906,8557.60351562,8665.09277344,33419065012
2020-05-17T00:00:00Z,8663.16699219,9077.22070312,8639.70996094,8938.74218750,37050193562
2020-05-18T00:00:00Z,8943.32226562,9152.52832031,8853.35742188,8911.88671875,38323740485
2020-05-19T00:00:00Z,8912.33496094,8974.27246094,8741.92089844,8904.07421875,35925760777
2020-05-20T00:00:00Z,8900.67968750,8961.72851562,8604.08593750,8673.22656250,33285145641
2020-05-21T00:00:00Z,8673.00683594,8706.73632812,8095.67480469,8294.29199219,35916228479
2020-05-22T00:00:00Z,8292.98828125,8476.70312500,8241.58007812,8423.99609375,27348075873
2020-05-23T00:00:00Z,8426.27539062,8534.01269531,8364.85253906,8448.49902344,25437240006
2020-05-24T00:00:00Z,8451.24707031,8517.56835938,8057.47851562,8058.64013672,29811873075
2020-05-25T00:00:00Z,8054.73437500,8213.67578125,7998.59521484,8170.75000000,28702097202
2020-05-26T00:00:00Z,8173.18212891,8218.97265625,7980.67089844,8047.23144531,26946164997
2020-05-27T00:00:00Z,8049.35205078,8374.55273438,8047.24609375,8334.06933594,29720222373
2020-05-28T00:00:00Z,8337.63378906,8619.31445312,8314.09082031,8599.19042969,31024222280
2020-05-29T00:00:00Z,8601.54199219,8648.13281250,8423.84667969,8499.88476562,29623261678
2020-05-30T00:00:00Z,8499.69531250,8738.43066406,8434.69335938,8735.17480469,29466875500
2020-05-31T00:00:00Z,8734.89648438,8735.11132812,8485.76562500,8510.13769531,24981824664
2020-06-01T00:00:00Z,8512.42773438,9164.18652344,8491.75585938,9138.78808594,31638321032
2020-06-02T00:00:00Z,9134.92773438,9100.94531250,8455.83007812,8519.59765625,34988507699
2020-06-03T00:00:00Z,8523.13378906,8618.75195312,8451.13183594,8595.48339844,22259239519
2020-06-04T00:00:00Z,8594.71484375,8703.94531250,8504.42578125,8642.15234375,22857718103
2020-06-05T00:00:00Z,8641.78125000,8708.00292969,8543.14355469,8560.42382812,20821655255
2020-06-06T00:00:00Z,8559.86816406,8655.56640625,8494.02246094,8549.51074219,18100713709
2020-06-07T00:00:00Z,8548.91210938,8637.67675781,8376.34570312,8621.27246094,22099248070
2020-06-08T00:00:00Z,8622.34277344,8662.68261719,8568.83886719,8644.08398438,19007316133
2020-06-09T00:00:00Z,8646.62402344,8697.05175781,8576.72363281,8643.34375000,20927699476
2020-06-10T00:00:00Z,8641.94921875,8702.98339844,8560.64355469,8683.81738281,22616920947
2020-06-11T00:00:00Z,8683.80371094,8726.69042969,8203.42968750,8257.70898438,26794462264
2020-06-12T00:00:00Z,8256.74316406,8443.11132812,8227.24609375,8422.06152344,20085507113
2020-06-13T00:00:00Z,8421.96484375,8434.35742188,8347.99707031,8418.42382812,15605232933
2020-06-14T00:00:00Z,8420.44628906,8424.63769531,8315.39550781,8342.94921875,16879795089
2020-06-15T00:00:00Z,8342.28027344,8392.43945312,7994.81982422,8335.82128906,23549993996
2020-06-16T00:00:00Z,8338.96582031,8451.56738281,8295.80859375,8466.17968750,19142088399
2020-06-17T00:00:00Z,8462.41503906,8468.88085938,8298.71093750,8432.17480469,17946983341
2020-06-18T00:00:00Z,8433.34179688,8434.42285156,8325.03320312,8397.58300781,15855107778
2020-06-19T00:00:00Z,8396.20312500,8391.54199219,8295.80175781,8308.07714844,17560905776
2020-06-20T00:00:00Z,8310.70800781,8405.36132812,8273.31640625,8349.32812500,15326113093
2020-06-21T00:00:00Z,8348.06250000,8410.85156250,8321.42089844,8324.28320312,13711188606
2020-06-22T00:00:00Z,8321.85449219,8573.32812500,8319.25000000,8554.96777344,18711722307
2020-06-23T00:00:00Z,8550.85253906,8541.96972656,8488.79199219,8512.65625000,15033755038
2020-06-24T00:00:00Z,8514.85839844,8550.42675781,8230.86035156,8278.49609375,16854310951
2020-06-25T00:00:00Z,8278.95507812,8327.91210938,8088.61767578,8257.80175781,16592633069
2020-06-26T00:00:00Z,8254.39941406,8299.85937500,8128.23486328,8167.83398438,16349600988
2020-06-27T00:00:00Z,8172.20751953,8208.03613281,8021.19921875,8063.25146484,15397597964
2020-06-28T00:00:00Z,8065.98779297,8198.88671875,8000.97216797,8146.45605469,12972978682
2020-06-29T00:00:00Z,8143.29052734,8216.87597656,8025.09912109,8171.95654297,14635730829
2020-06-30T00:00:00Z,8167.26757812,8195.12597656,8099.94140625,8133.86523438,14006669609
2020-07-01T00:00:00Z,8140.97851562,8272.47167969,8105.67236328,8201.64648438,14194667464
2020-07-02T00:00:00Z,8204.14746094,8234.08984375,8047.01367188,8118.01025391,14538368165
2020-07-03T00:00:00Z,8119.28515625,8186.86572266,8054.17431641,8079.52197266,11628513115
2020-07-04T00:00:00Z,8076.79199219,8166.55761719,8051.24804688,8121.37548828,10929770360
2020-07-05T00:00:00Z,8115.68652344,8147.78271484,7983.57421875,8067.40673828,11472082913
2020-07-06T00:00:00Z,8066.43505859,8287.67578125,8044.42919922,8287.67578125,15813643594
2020-07-07T00:00:00Z,8264.41601562,8266.56738281,8151.42822266,8205.98339844,12274595481
2020-07-08T00:00:00Z,8206.64257812,8338.97656250,8201.99414062,8316.36523438,17378683261
2020-07-09T00:00:00Z,8316.06542969,8318.78710938,8183.16992188,8218.99023438,15946120339
2020-07-10T00:00:00Z,8214.90527344,8218.56738281,8091.98095703,8210.90039062,14919597247
2020-07-11T00:00:00Z,8209.75390625,8223.93066406,8140.70751953,8177.29980469,11725587747
2020-07-12T00:00:00Z,8177.92724609,8247.27636719,8138.43750000,8201.40917969,12777419876
2020-07-13T00:00:00Z,8202.03222656,8185.56933594,8131.17724609,8146.83154297,15441041914
2020-07-14T00:00:00Z,8142.50341797,8148.42822266,8065.88916016,8101.28857422,15850776553
2020-07-15T00:00:00Z,8100.13476562,8127.08642578,8041.75878906,8051.52832031,13877576461
2020-07-16T00:00:00Z,8050.77734375,8074.87060547,7983.50439453,8017.41113281,13795684937
2020-07-17T00:00:00Z,8017.04638672,8037.27294922,7983.00097656,8007.90771484,12202168745
2020-07-18T00:00:00Z,8007.72509766,8076.45507812,7962.57519531,8013.50976562,10720156356
2020-07-19T00:00:00Z,8012.60498047,8041.34130859,7959.78320312,8026.40136719,11305867731
2020-07-20T00:00:00Z,8027.62792969,8071.00976562,8001.90917969,7998.32128906,12005561164
2020-07-21T00:00:00Z,7996.82275391,8224.92089844,7984.59033203,8126.14306641,15662695569
2020-07-22T00:00:00Z,8126.31054688,8240.63964844,8088.95605469,8235.90527344,14294267008
2020-07-23T00:00:00Z,8237.44335938,8268.30078125,8189.38964844,8262.81250000,15649635963
2020-07-24T00:00:00Z,8266.64355469,8256.09179688,8162.23291016,8181.61425781,14200470971
2020-07-25T00:00:00Z,8183.83886719,8325.77246094,8176.19775391,8302.22753906,14250178495
2020-07-26T00:00:00Z,8304.90625000,8599.66503906,8281.40917969,8499.58398438,17597831907
2020-07-27T00:00:00Z,8499.62792969,9667.13183594,8474.47070312,9340.18750000,30049174878
2020-07-28T00:00:00Z,9362.78417969,9525.13476562,9062.56445312,9311.41015625,24545174828
2020-07-29T00:00:00Z,9311.52050781,9586.69433594,9262.44921875,9420.31250000,20891207415
2020-07-30T00:00:00Z,9419.77343750,9427.95312500,9250.88476562,9356.70898438,19247997028
2020-07-31T00:00:00Z,9355.86425781,9680.94921875,9239.57324219,9613.43066406,19662845104
2020-08-01T00:00:00Z,9612.66992188,10013.56347656,9542.29980469,9983.69433594,22137800801
2020-08-02T00:00:00Z,9982.99121094,10216.78417969,9354.20507812,9382.72753906,23266706737
2020-08-03T00:00:00Z,9374.37109375,9747.13085938,9346.39062500,9563.89453125,17239065112
2020-08-04T00:00:00Z,9563.77148438,9685.97656250,9456.19433594,9484.98144531,17986761782
2020-08-05T00:00:00Z,9483.22949219,9932.80566406,9450.49804688,9894.43554688,20561428762
2020-08-06T00:00:00Z,9896.83398438,10020.49316406,9767.31152344,9919.74707031,19705763440
2020-08-07T00:00:00Z,9919.00683594,10042.12304688,9681.80078125,9841.05371094,19622192580
2020-08-08T00:00:00Z,9843.66699219,10009.51074219,9804.54394531,9970.47558594,14905656209
2020-08-09T00:00:00Z,9956.29199219,10014.59375000,9796.36035156,9910.36718750,14845179978
2020-08-10T00:00:00Z,9898.92382812,10211.64062500,9898.92382812,10118.96289062,22246612498
2020-08-11T00:00:00Z,10121.97558594,10164.68945312,9536.23632812,9722.77246094,23040274310
2020-08-12T00:00:00Z,9717.71972656,9951.79687500,9591.95312500,9823.36425781,21253308437
2020-08-13T00:00:00Z,9826.30761719,9983.10156250,9482.16113281,9972.72656250,23291597079
2020-08-14T00:00:00Z,9963.01367188,10264.13867188,9878.44042969,9937.87011719,20467016992
2020-08-15T00:00:00Z,9937.72363281,10102.00390625,9937.72363281,10019.66894531,19721435327
2020-08-16T00:00:00Z,10020.50195312,10078.10449219,9911.15234375,10034.04199219,17366337985
2020-08-17T00:00:00Z,10036.45019531,10413.76660156,9950.06933594,10319.68945312,23771128027
2020-08-18T00:00:00Z,10317.57910156,10376.32812500,10017.70117188,10034.47949219,21793441694
2020-08-19T00:00:00Z,10034.18847656,10067.10253906,9865.10253906,9927.80078125,20688345267
2020-08-20T00:00:00Z,9930.51660156,10032.43945312,9889.33593750,10006.63769531,16996129038
2020-08-21T00:00:00Z,10006.34667969,10022.74609375,9804.56933594,9827.89160156,20145333276
2020-08-22T00:00:00Z,9821.94726562,9910.47851562,9706.49218750,9904.05078125,17146413200
2020-08-23T00:00:00Z,9902.24511719,9935.14355469,9800.69824219,9887.04394531,15665266934
2020-08-24T00:00:00Z,9886.06152344,9968.53417969,9851.92480469,9983.12597656,17534881786
2020-08-25T00:00:00Z,9982.27343750,9975.78417969,9462.12695312,9603.42968750,22222566566
2020-08-26T00:00:00Z,9604.07128906,9742.26074219,9549.89062500,9703.12890625,18975454178
2020-08-27T00:00:00Z,9700.80273438,9760.98828125,9459.43652344,9581.07714844,19664435649
2020-08-28T00:00:00Z,9582.68359375,9698.08593750,9576.79394531,9695.46875000,16637591031
2020-08-29T00:00:00Z,9694.25488281,9730.51269531,9630.27636719,9664.35156250,14685751389
2020-08-30T00:00:00Z,9665.90429688,9837.15527344,9652.18750000,9824.92285156,16577008454
2020-08-31T00:00:00Z,9826.43359375,9854.65722656,9737.91308594,9785.02343750,18668922095
2020-09-01T00:00:00Z,9783.76367188,10126.69433594,9714.03125000,10038.56347656,22903743426
2020-09-02T00:00:00Z,10033.82031250,10033.82031250,9539.77246094,9634.12890625,23665252317
2020-09-03T00:00:00Z,9628.35351562,9667.35156250,8598.74511719,8653.38281250,26966403654
2020-09-04T00:00:00Z,8640.77148438,9002.07617188,8653.52636719,8879.71777344,25312654337
2020-09-05T00:00:00Z,8880.32324219,8938.64453125,8402.32421875,8590.60937500,37942684615
2020-09-06T00:00:00Z,8588.62402344,8743.84082031,8495.42382812,8686.39355469,31323567346
2020-09-07T00:00:00Z,8686.93945312,8797.55859375,8388.90722656,8773.68750000,28516191564
2020-09-08T00:00:00Z,8773.47070312,8856.17285156,8436.01953125,8610.18847656,28411006256
2020-09-09T00:00:00Z,8612.42773438,8766.62988281,8503.70410156,8677.37890625,20441634392
2020-09-10T00:00:00Z,8677.36328125,8825.03027344,8673.81054688,8763.07031250,46006088379
2020-09-11T00:00:00Z,8768.05078125,8815.47460938,8569.25000000,8779.70312500,38155532521
2020-09-12T00:00:00Z,8787.25585938,8929.17382812,8687.39160156,8813.81835938,31019270266
2020-09-13T00:00:00Z,8822.45214844,8927.80468750,8631.18457031,8719.92968750,30835403688
2020-09-14T00:00:00Z,8724.13476562,9090.84472656,8672.97070312,8999.88769531,29873897214
2020-09-15T00:00:00Z,8997.29003906,9204.63964844,8967.02734375,9114.80761719,27444544334
2020-09-16T00:00:00Z,9115.49218750,9379.51660156,9045.48828125,9298.40039062,26069624864
2020-09-17T00:00:00Z,9297.00000000,9372.16113281,9132.95117188,9239.68847656,32195740623
2020-09-18T00:00:00Z,9242.07617188,9305.06445312,9133.58105469,9243.46875000,22247581787
2020-09-19T00:00:00Z,9234.31933594,9404.03320312,9214.43847656,9370.46191406,19227010932
2020-09-20T00:00:00Z,9371.74902344,9371.74902344,9134.08007812,9233.06054688,20849016226
2020-09-21T00:00:00Z,9230.23632812,9257.60253906,8844.99902344,8892.47070312,24551007302
2020-09-22T00:00:00Z,8890.23144531,9027.47265625,8853.24707031,9001.32031250,20176313835
2020-09-23T00:00:00Z,8998.78515625,9002.98242188,8744.90332031,8789.76269531,20407270103
2020-09-24T00:00:00Z,8791.99316406,9228.46875000,8771.14941406,9217.39550781,40385291012
2020-09-25T00:00:00Z,9218.28906250,9237.67089844,9106.21289062,9193.33105469,33830934790
2020-09-26T00:00:00Z,9195.78808594,9261.91308594,9171.02441406,9242.76269531,40280709152
2020-09-27T00:00:00Z,9239.46875000,9286.01757812,9132.88671875,9261.51660156,46195523573
2020-09-28T00:00:00Z,9262.67187500,9380.09765625,9166.19335938,9171.61718750,40903141699
2020-09-29T00:00:00Z,9171.61621094,9246.20507812,9074.42480469,9235.92480469,39672270725
2020-09-30T00:00:00Z,9235.26953125,9233.04394531,9117.70312500,9199.64550781,37679869394
2020-10-01T00:00:00Z,9208.82714844,9313.15136719,8916.86621094,9042.51660156,34079898801
2020-10-02T00:00:00Z,9042.83105469,9097.87109375,8894.07128906,9026.13964844,41530458476
2020-10-03T00:00:00Z,9025.39355469,9045.74023438,8970.79687500,9003.39843750,38115621388
2020-10-04T00:00:00Z,9004.34765625,9122.29589844,8990.65039062,9103.88574219,60796006231
2020-10-05T00:00:00Z,9109.81250000,9155.37695312,9068.79394531,9155.23437500,40322799794
2020-10-06T00:00:00Z,9157.75097656,9157.85742188,8972.21582031,9034.86914062,36315047412
2020-10-07T00:00:00Z,9033.97363281,9076.76562500,9007.75878906,9067.82324219,32126704711
2020-10-08T00:00:00Z,9068.16503906,9312.34863281,8979.18652344,9276.57519531,53807381556
2020-10-09T00:00:00Z,9286.96679688,9395.48046875,9212.50097656,9353.43847656,19273439266
2020-10-10T00:00:00Z,9348.94628906,9671.50585938,9345.85644531,9548.22656250,19337565645
2020-10-11T00:00:00Z,9547.99023438,9660.18164062,9541.69042969,9634.76367188,16900028171
2020-10-12T00:00:00Z,9641.91796875,9902.96386719,9523.67187500,9781.95019531,22148561596
2020-10-13T00:00:00Z,9776.32617188,9784.25390625,9639.18457031,9730.67285156,20644793452
2020-10-14T00:00:00Z,9733.35449219,9808.73925781,9625.67773438,9731.63085938,20522814473
2020-10-15T00:00:00Z,9729.15820312,9885.98242188,9654.08007812,9819.46582031,20917288325
2020-10-16T00:00:00Z,9825.85351562,9856.47070312,9583.98144531,9663.43164062,21879882839
2020-10-17T00:00:00Z,9663.43164062,9719.39257812,9633.25000000,9695.35546875,16329869109
2020-10-18T00:00:00Z,9693.54589844,9800.71484375,9686.37207031,9800.71484375,15604278573
2020-10-19T00:00:00Z,9810.68164062,10009.77246094,9745.41796875,9977.56152344,20275212031
2020-10-20T00:00:00Z,9980.90722656,10141.07031250,9923.70898438,10073.85546875,26135679089
2020-10-21T00:00:00Z,10071.10156250,11117.05468750,10060.00976562,10820.05175781,36631380852
2020-10-22T00:00:00Z,10801.44335938,11132.66894531,10736.34277344,10973.16308594,29392142845
2020-10-23T00:00:00Z,10977.95117188,10989.45410156,10769.77636719,10901.19726562,24425701103
2020-10-24T00:00:00Z,10901.22656250,11081.19921875,10862.59375000,11050.00488281,20689002227
2020-10-25T00:00:00Z,11050.00585938,11236.40917969,10883.09082031,10998.76757812,20600295208
2020-10-26T00:00:00Z,10998.79003906,11197.13183594,10850.92773438,11072.26367188,24948286976
2020-10-27T00:00:00Z,11072.25878906,11680.98144531,11059.91796875,11589.12695312,28645479084
2020-10-28T00:00:00Z,11589.12402344,11747.31738281,11027.51074219,11295.66894531,30527966335
2020-10-29T00:00:00Z,11295.68066406,11680.38964844,11082.62109375,11506.92675781,48380804004
2020-10-30T00:00:00Z,11506.91796875,11721.34179688,11254.01757812,11602.59667969,26193042074
2020-10-31T00:00:00Z,11602.60546875,12013.03320312,11524.32910156,11801.32714844,25952880449
2020-11-01T00:00:00Z,11801.32714844,11870.72460938,11670.63476562,11799.99902344,21005546036
2020-11-02T00:00:00Z,11799.93164062,11864.22167969,11373.82128906,11640.81933594,26434834249
2020-11-03T00:00:00Z,11640.78613281,11894.54882812,11439.02539062,11860.72753906,25395821174
2020-11-04T00:00:00Z,11860.88574219,12135.48925781,11646.15136719,12045.60742188,29928308319
2020-11-05T00:00:00Z,12045.62988281,13285.18359375,12017.63085938,13184.15039062,34573885747
2020-11-06T00:00:00Z,13184.04980469,13478.11621094,12818.15136719,13109.10253906,33550195535
2020-11-07T00:00:00Z,13109.10253906,13253.01074219,12146.51464844,12492.26074219,29496299788
2020-11-08T00:00:00Z,12492.26074219,13168.98535156,12416.76660156,13016.10253906,22393766713
2020-11-09T00:00:00Z,13016.12597656,13296.10449219,12587.05957031,12967.12207031,28881204700
2020-11-10T00:00:00Z,12967.15136719,13050.80078125,12797.62207031,12938.19824219,21639901436
2020-11-11T00:00:00Z,12938.20410156,13515.27734375,12935.48339844,13329.25976562,25274513391
2020-11-12T00:00:00Z,13329.22558594,13812.29492188,13192.20605469,13789.07421875,28953189833
2020-11-13T00:00:00Z,13789.15625000,13946.99511719,13527.68164062,13786.81835938,26698221339
2020-11-14T00:00:00Z,13786.81835938,13786.81835938,13306.39843750,13575.87402344,23219132003
2020-11-15T00:00:00Z,13575.87500000,13622.78710938,13339.96093750,13469.73925781,19968642321
2020-11-16T00:00:00Z,13469.73046875,14190.85644531,13412.81250000,14095.12500000,26583558821
2020-11-17T00:00:00Z,14069.47460938,14987.17871094,13968.50000000,14873.70117188,32879731316
2020-11-18T00:00:00Z,14873.51953125,15496.16601562,14623.43359375,15030.30175781,41420945978
2020-11-19T00:00:00Z,15030.18066406,15315.51171875,14693.52539062,15015.78027344,31170043042
2020-11-20T00:00:00Z,15015.77441406,15827.93359375,14960.79003906,15705.17968750,31199715895
2020-11-21T00:00:00Z,15705.18066406,15971.31640625,15556.13867188,15723.02734375,33441344562
2020-11-22T00:00:00Z,15723.02734375,15762.44433594,14904.20507812,15481.65039062,34789828992
2020-11-23T00:00:00Z,15481.66308594,15743.47656250,15161.26074219,15506.95800781,36091279091
2020-11-24T00:00:00Z,15507.71191406,16289.38671875,15296.52539062,16059.72851562,43259912042
2020-11-25T00:00:00Z,16057.16113281,16295.06250000,15591.44042969,15719.41503906,36680376885
2020-11-26T00:00:00Z,15717.50195312,15819.38085938,13723.83203125,14399.09765625,51546757189
2020-11-27T00:00:00Z,14401.85937500,14641.57421875,13834.20312500,14301.10156250,32505648625
2020-11-28T00:00:00Z,14304.88964844,14923.35742188,14134.90429688,14809.24316406,27249840706
2020-11-29T00:00:00Z,14811.09863281,15285.89941406,14676.92871094,15184.59667969,26007813836
2020-11-30T00:00:00Z,15185.29785156,16459.78710938,15185.29785156,16440.38476562,39981718474
2020-12-01T00:00:00Z,16447.03320312,16590.44140625,15309.74218750,15576.62988281,41117118481
2020-12-02T00:00:00Z,15575.58984375,16020.17968750,15189.17675781,15850.04003906,30862646683
2020-12-03T00:00:00Z,15854.03027344,16097.24316406,15613.41210938,16010.77734375,26290497372
2020-12-04T00:00:00Z,16012.06835938,16057.57421875,15422.84667969,15428.22265625,27946379895
2020-12-05T00:00:00Z,15427.08398438,15804.97558594,15334.58593750,15799.84667969,22471620121
2020-12-06T00:00:00Z,15799.80468750,15990.45312500,15588.40039062,15961.17578125,20869261997
2020-12-07T00:00:00Z,15959.53222656,16014.42773438,15618.17382812,15847.10546875,22209129479
2020-12-08T00:00:00Z,15847.02148438,15910.95214844,15088.91015625,15129.40039062,26171143440
2020-12-09T00:00:00Z,15129.18554688,15423.57617188,14784.54101562,15361.17578125,28497349693
2020-12-10T00:00:00Z,15360.66601562,15360.66601562,14796.40625000,15040.94726562,21037680214
2020-12-11T00:00:00Z,15040.07226562,15040.59960938,14539.37402344,14910.42382812,23051991178
2020-12-12T00:00:00Z,14904.16308594,15621.02246094,14899.80371094,15525.33300781,17960127102
2020-12-13T00:00:00Z,15527.90039062,16002.46191406,15468.09570312,15776.82617188,20975843592
2020-12-14T00:00:00Z,15778.56542969,15894.60351562,15687.13964844,15842.54785156,18499089133
2020-12-15T00:00:00Z,15842.77539062,16064.14160156,15704.23632812,15975.22460938,22001725458
2020-12-16T00:00:00Z,15976.65820312,17598.40820312,15883.24804688,17473.49804688,36412902508
2020-12-17T00:00:00Z,17471.65429688,19279.24218750,17411.83984375,18598.72656250,58212751049
2020-12-18T00:00:00Z,18600.06054688,18956.98046875,18302.79687500,18877.66015625,32951434485
2020-12-19T00:00:00Z,18873.50390625,19649.89062500,18622.45312500,19473.65429688,31399179663
2020-12-20T00:00:00Z,19467.07226562,19807.85937500,18884.52734375,19224.94726562,30989654705
2020-12-21T00:00:00Z,19222.62109375,19740.68554688,18191.22265625,18637.57421875,37476661160
2020-12-22T00:00:00Z,18630.18359375,19520.37695312,18375.62304688,19514.73632812,36244238107
2020-12-23T00:00:00Z,19513.87109375,19748.22656250,18707.33593750,19059.50585938,41943381847
2020-12-24T00:00:00Z,19058.57031250,19509.43164062,18649.06640625,19481.56640625,33717526503
2020-12-25T00:00:00Z,19479.61132812,20267.22460938,19244.27148438,20230.06054688,34504498273
2020-12-26T00:00:00Z,20240.08789062,21914.16210938,20113.50976562,21683.65820312,39642437312
2020-12-27T00:00:00Z,21685.57421875,23029.94531250,21265.79687500,21527.59765625,54473825899
2020-12-28T00:00:00Z,21534.58398438,22421.38476562,21485.54687500,22161.60156250,40139698737
2020-12-29T00:00:00Z,22159.14843750,22340.06445312,21230.68750000,22330.29296875,36941222301
2020-12-30T00:00:00Z,22328.37695312,23524.70507812,22328.37695312,23450.60742188,41701870950
2020-12-31T00:00:00Z,23451.11328125,23781.84570312,22979.40625000,23741.73632812,38275110384
2021-01-01T00:00:00Z,23735.42382812,24316.91601562,23649.96093750,24165.55664062,33508045052
2021-01-02T00:00:00Z,24167.45117188,27321.90625000,23972.96679688,26474.89257812,55925382232
2021-01-03T00:00:00Z,26476.65625000,28519.63085938,26413.12890625,26760.72070312,64216240796
2021-01-04T00:00:00Z,26784.33203125,27294.24023438,23363.98046875,26094.00585938,66241895056
2021-01-05T00:00:00Z,26098.18945312,28009.36718750,24633.16796875,27639.48242188,54923202611
2021-01-06T00:00:00Z,27656.70898438,29889.70507812,27254.71875000,29844.85937500,61019450973
2021-01-07T00:00:00Z,29852.56640625,32748.24609375,29653.54296875,32089.44726562,69085552572
2021-01-08T00:00:00Z,32098.18750000,34261.71875000,30048.31835938,33372.28125000,72071598504
2021-01-09T00:00:00Z,33364.94531250,33894.76953125,31886.20117188,32928.05859375,50702797264
2021-01-10T00:00:00Z,32927.78906250,33881.55078125,29440.85937500,31472.68554688,65626762864
2021-01-11T00:00:00Z,31464.55468750,31464.55468750,25108.53125000,29247.20898438,101409092304
2021-01-12T00:00:00Z,29205.84960938,30067.74023438,26899.25195312,27786.22851562,61246642389
2021-01-13T00:00:00Z,27779.80664062,30918.48437500,26690.49218750,30682.92968750,57033976442
2021-01-14T00:00:00Z,30690.12109375,32956.89843750,30354.29296875,32250.85742188,52355450869
2021-01-15T00:00:00Z,32225.65820312,32558.05078125,28660.18750000,30485.84179688,56095675651
2021-01-16T00:00:00Z,30482.76562500,31345.98046875,29509.46484375,29950.03515625,47772009926
2021-01-17T00:00:00Z,29938.04101562,30384.21875000,28204.25390625,29661.73437500,43392810402
2021-01-18T00:00:00Z,29662.52929688,30927.67187500,28899.03320312,30328.93359375,40994649866
2021-01-19T00:00:00Z,30339.00000000,31129.61914062,29713.65820312,29713.65820312,47156737845
2021-01-20T00:00:00Z,29697.43359375,29955.80664062,27749.52539062,29342.67773438,55168197409
2021-01-21T00:00:00Z,29344.03710938,29349.66210938,24863.66601562,25338.50781250,62178072138
2021-01-22T00:00:00Z,25331.87304688,27783.74023438,23802.71289062,27116.14843750,63430252390
2021-01-23T00:00:00Z,27099.71289062,27402.33984375,25868.13476562,26340.00976562,39718049871
2021-01-24T00:00:00Z,26337.32617188,27059.84570312,25550.68945312,26538.09179688,39979537424
2021-01-25T00:00:00Z,26535.14843750,28648.33007812,26428.94531250,26654.59765625,49326841880
2021-01-26T00:00:00Z,26648.19140625,26962.82617188,25522.39453125,26775.67382812,49535981991
2021-01-27T00:00:00Z,26770.88867188,26770.88867188,24326.74023438,25144.74023438,51703736731
2021-01-28T00:00:00Z,25151.75781250,27928.43359375,24827.54101562,27609.59570312,63126808142
2021-01-29T00:00:00Z,28312.97265625,31619.60546875,26499.83789062,28272.55078125,97130862506
2021-01-30T00:00:00Z,28255.70117188,28700.07226562,27139.18945312,28234.41796875,53669896754
2021-01-31T00:00:00Z,28235.53710938,28249.91601562,26587.17187500,27316.09960938,43517327759
2021-02-01T00:00:00Z,27316.28125000,28640.81445312,26701.18554688,27790.58203125,50879442007
2021-02-02T00:00:00Z,27787.28710938,29868.89843750,27758.37695312,29501.52148438,52413239715
2021-02-03T00:00:00Z,29501.96484375,31129.61914062,29442.21679688,31119.44726562,50797207476
2021-02-04T00:00:00Z,31121.94921875,32148.94335938,30341.81835938,30859.55468750,57528804826
2021-02-05T00:00:00Z,30864.13671875,31829.67968750,30629.38671875,31658.24804688,48634051191
2021-02-06T00:00:00Z,31653.33593750,33900.22265625,31653.33593750,32588.47265625,59196399696
2021-02-07T00:00:00Z,32575.34179688,32883.78515625,31078.09765625,32288.65039062,54363501629
2021-02-08T00:00:00Z,32274.86132812,38335.86328125,31629.58203125,38329.66796875,84188369335
2021-02-09T00:00:00Z,38320.14843750,39742.18750000,37317.62109375,38362.29687500,75773512740
2021-02-10T00:00:00Z,38352.93359375,38880.10156250,36177.20312500,37065.04687500,72038065748
2021-02-11T00:00:00Z,37048.98046875,39940.24609375,36473.28515625,39494.44140625,67093600562
2021-02-12T00:00:00Z,39467.81640625,40177.79296875,38387.74609375,39194.92187500,63163420949
2021-02-13T00:00:00Z,39183.66015625,39641.74218750,38275.90625000,38864.35937500,57960068600
2021-02-14T00:00:00Z,38871.77734375,40829.73046875,38871.77734375,40194.05468750,58783505751
2021-02-15T00:00:00Z,40176.92968750,40319.02343750,38210.52734375,39518.80859375,63525021825
2021-02-16T00:00:00Z,39518.31640625,41385.67187500,38881.41406250,40700.74218750,63739498591
2021-02-17T00:00:00Z,40706.86718750,43628.31250000,40604.15234375,43293.16796875,67095762025
2021-02-18T00:00:00Z,43286.49609375,43561.95703125,42287.22265625,42739.44921875,43049516673
2021-02-19T00:00:00Z,42736.29296875,46308.12500000,42149.52734375,46119.00000000,52396611048
2021-02-20T00:00:00Z,46118.33984375,47453.42968750,45077.94531250,46293.43750000,56233769904
2021-02-21T00:00:00Z,46267.89453125,48134.50390625,45941.14843750,47456.12500000,42802585284
2021-02-22T00:00:00Z,47450.18359375,47461.76562500,40337.86328125,44563.24218750,75675282178
2021-02-23T00:00:00Z,44561.27734375,44561.27734375,37269.80859375,40181.33203125,87319805134
2021-02-24T00:00:00Z,40190.10546875,42211.42187500,38837.58593750,40844.41406250,52340584486
2021-02-25T00:00:00Z,40847.49218750,42492.48828125,38735.16406250,38735.16406250,44832195559
2021-02-26T00:00:00Z,38806.40234375,40021.40625000,36636.48046875,38385.91015625,290727102068
2021-02-27T00:00:00Z,38390.06250000,39970.88671875,37498.86718750,38260.48046875,38030607901
2021-02-28T00:00:00Z,38265.08984375,38697.83593750,35819.45312500,37332.50390625,44202316989
2021-03-01T00:00:00Z,37350.47656250,41319.68750000,37313.16015625,41192.19140625,44727892898
2021-03-02T00:00:00Z,41176.31250000,41606.48437500,39066.09375000,40032.69531250,39330914776
2021-03-03T00:00:00Z,40063.16796875,43555.67187500,39945.79296875,41952.80468750,44179660436
2021-03-04T00:00:00Z,41939.57421875,42899.51171875,39813.21875000,40578.53515625,43739383062
2021-03-05T00:00:00Z,40550.01171875,41470.57421875,38919.17578125,41076.52734375,40823509587
2021-03-06T00:00:00Z,41052.95703125,41244.39453125,39658.56250000,41047.32031250,28837937827
2021-03-07T00:00:00Z,41052.60546875,43084.96875000,41052.60546875,42935.99218750,36170069489
2021-03-08T00:00:00Z,42908.67968750,44139.57812500,41620.08593750,44086.50390625,41007335943
2021-03-09T00:00:00Z,44108.82031250,46082.24609375,43888.00000000,46082.24609375,42794119992
2021-03-10T00:00:00Z,46082.15625000,48033.20703125,44874.66015625,46969.32812500,48048644343
2021-03-11T00:00:00Z,46931.28125000,48472.57812500,45614.77343750,48247.39453125,47385377215
2021-03-12T00:00:00Z,48260.82812500,48397.07812500,46400.92578125,47962.93750000,46589149629
2021-03-13T00:00:00Z,47972.37500000,51604.28906250,47031.56250000,51235.53515625,50755954934
2021-03-14T00:00:00Z,51217.17187500,51532.38671875,49624.29687500,49624.29687500,36736633354
2021-03-15T00:00:00Z,49595.10156250,50651.13671875,46427.17187500,46876.45312500,55690582652
2021-03-16T00:00:00Z,46820.76953125,47739.87109375,44903.37500000,47727.08203125,50201362534
2021-03-17T00:00:00Z,47744.66406250,49206.12500000,45834.09375000,49129.87890625,50287731657
2021-03-18T00:00:00Z,49148.39453125,50395.45312500,45520.59765625,48546.06640625,46773269733
2021-03-19T00:00:00Z,48538.94921875,49977.86328125,47535.96093750,48839.94140625,41069651510
2021-03-20T00:00:00Z,48827.89453125,50250.08984375,48728.31250000,48812.30859375,42156042545
2021-03-21T00:00:00Z,48809.18750000,49192.55078125,46872.50000000,48405.21093750,43709708070
2021-03-22T00:00:00Z,48400.55859375,49095.92968750,45497.92968750,45699.40625000,47369105335
2021-03-23T00:00:00Z,45684.75390625,47231.16406250,44838.54687500,46230.26953125,47662707362
2021-03-24T00:00:00Z,46206.23437500,48454.45312500,44467.14062500,44675.62890625,59738118759
2021-03-25T00:00:00Z,44635.40625000,45187.79296875,43093.26171875,43907.32812500,57745645064
2021-03-26T00:00:00Z,43889.36718750,46749.44140625,43801.76953125,46749.44140625,48033869056
2021-03-27T00:00:00Z,46749.65625000,47962.66406250,45991.09765625,47458.42968750,40076024963
2021-03-28T00:00:00Z,47459.64062500,47875.45312500,46699.69531250,47471.80078125,40460013386
2021-03-29T00:00:00Z,47469.38671875,49509.45312500,46820.02734375,49071.78906250,48965901937
2021-03-30T00:00:00Z,49071.73046875,50642.14062500,48656.43359375,50257.08593750,46415513387
2021-03-31T00:00:00Z,50267.82031250,51103.47265625,49192.60546875,50240.55859375,55870132689
2021-04-01T00:00:00Z,50247.15234375,50761.31640625,49843.74609375,50172.63671875,52357428406
2021-04-02T00:00:00Z,50175.24218750,51184.92187500,50011.33593750,50497.27343750,49939060095
2021-04-03T00:00:00Z,50508.40625000,51117.23046875,48985.82812500,48985.82812500,50718462577
2021-04-04T00:00:00Z,48986.63671875,50099.72265625,48610.75390625,49933.19921875,43127215841
2021-04-05T00:00:00Z,49935.16796875,50707.92578125,49086.75781250,49976.84375000,51371772183
2021-04-06T00:00:00Z,50073.35937500,50336.08203125,48681.75000000,49008.61328125,55632948185
2021-04-07T00:00:00Z,49003.68750000,49448.03906250,46868.35156250,47210.01953125,63716039208
2021-04-08T00:00:00Z,47252.95703125,48956.29296875,47064.21484375,48948.37890625,44525448347
2021-04-09T00:00:00Z,48950.57031250,49553.62109375,48623.29296875,48942.10937500,39203438637
2021-04-10T00:00:00Z,48949.48437500,51489.55468750,48768.76562500,50242.22265625,48935806674
2021-04-11T00:00:00Z,50286.75390625,51080.23828125,49820.03125000,50609.19531250,38903874523
2021-04-12T00:00:00Z,50584.80078125,51569.78906250,50031.35937500,50273.60546875,43504171884
2021-04-13T00:00:00Z,50270.72265625,53385.50000000,50268.01171875,53123.62890625,58544448796
2021-04-14T00:00:00Z,53140.60546875,54238.39453125,51406.68750000,52664.09375000,64632348372
2021-04-15T00:00:00Z,52635.30468750,53314.90234375,51988.96484375,52896.38671875,50925008589
2021-04-16T00:00:00Z,52850.01562500,53170.59375000,50238.83984375,51386.25000000,70347656605
2021-04-17T00:00:00Z,51350.47265625,52222.05078125,50376.92187500,50646.05078125,55198680900
2021-04-18T00:00:00Z,50661.12500000,50957.88281250,44089.46875000,46968.79296875,81435535596
2021-04-19T00:00:00Z,46948.23828125,47856.80078125,45194.27343750,46276.83203125,54266362065
2021-04-20T00:00:00Z,46241.55859375,47416.25000000,44285.18359375,46933.71875000,56388351851
2021-04-21T00:00:00Z,46932.13671875,47150.94531250,44614.33203125,44784.20703125,45632040957
2021-04-22T00:00:00Z,44743.51562500,45998.46875000,42088.26171875,43083.34375000,62257219154
2021-04-23T00:00:00Z,43064.64453125,43369.86718750,39590.52343750,42231.40625000,71635900305
2021-04-24T00:00:00Z,42272.38281250,42292.50000000,40344.44921875,41374.10156250,40517390980
2021-04-25T00:00:00Z,41375.72265625,41750.34765625,38988.30468750,40534.26171875,38146139981
2021-04-26T00:00:00Z,40595.08984375,44895.03906250,40397.45312500,44721.85546875,48250384085
2021-04-27T00:00:00Z,44728.93359375,45835.48046875,44169.45312500,45522.51562500,40902778693
2021-04-28T00:00:00Z,45525.42578125,46368.16015625,44676.15625000,45178.68359375,39555208147
2021-04-29T00:00:00Z,45206.19531250,45418.04687500,43228.15234375,44170.96875000,38013043148
2021-04-30T00:00:00Z,44182.14843750,48172.30078125,43821.45312500,48047.05078125,43592419889
2021-05-01T00:00:00Z,48017.50390625,48626.09375000,47464.64062500,48110.04687500,35637765742
2021-05-02T00:00:00Z,48108.22656250,48172.06250000,46707.25781250,47088.57031250,31744398004
2021-05-03T00:00:00Z,47079.58593750,48963.94531250,47073.01953125,47432.76953125,42882603410
2021-05-04T00:00:00Z,47444.28515625,47444.28515625,44272.71093750,44387.26171875,57063525891
2021-05-05T00:00:00Z,44319.53906250,48266.92187500,44082.38281250,47823.05859375,57664584035
2021-05-06T00:00:00Z,47837.46484375,48438.10937500,45928.21484375,46742.55859375,57622289161
2021-05-07T00:00:00Z,46757.01171875,48207.12109375,45848.58984375,47155.50781250,56262963885
2021-05-08T00:00:00Z,47152.51953125,48888.77343750,46842.11328125,48345.46484375,53754552145
2021-05-09T00:00:00Z,48405.98437500,48680.16796875,46436.62109375,47846.52343750,54152166217
2021-05-10T00:00:00Z,47861.76953125,48969.01171875,44531.68359375,46010.48437500,59120762102
2021-05-11T00:00:00Z,46000.14453125,46813.10156250,44963.07031250,46692.53125000,50483479328
2021-05-12T00:00:00Z,46700.73046875,47802.05859375,40695.51171875,40695.51171875,62276624480
2021-05-13T00:00:00Z,41179.79296875,42440.08593750,38911.71875000,41166.69531250,80088403142
2021-05-14T00:00:00Z,41139.19921875,42387.11718750,40433.86328125,41072.77734375,45895537365
2021-05-15T00:00:00Z,41052.16015625,41692.80078125,38419.66015625,38498.73828125,48708651090
2021-05-16T00:00:00Z,38462.88281250,40935.65625000,36193.97265625,38235.89062500,52714920923
2021-05-17T00:00:00Z,38202.83984375,38381.21093750,34720.68750000,35814.08593750,61615957700
2021-05-18T00:00:00Z,35773.40625000,37621.69531250,34661.67187500,35106.79687500,45970310804
2021-05-19T00:00:00Z,35135.90234375,35623.29296875,25122.68554688,30403.20312500,103822637268
2021-05-20T00:00:00Z,30198.79882812,34775.44531250,28776.09960938,33359.13671875,72212157773
2021-05-21T00:00:00Z,33207.16796875,34471.40625000,27599.71289062,30627.82226562,67365854372
2021-05-22T00:00:00Z,30682.28906250,31880.99414062,29050.64062500,30818.25000000,47107774121
2021-05-23T00:00:00Z,30813.99414062,31436.13671875,25635.58398438,28545.53710938,64420763233
2021-05-24T00:00:00Z,28487.88867188,32608.72656250,28367.05859375,31689.20312500,55148369255
2021-05-25T00:00:00Z,31762.72656250,32553.67968750,29847.70312500,31356.95117188,45899277730
2021-05-26T00:00:00Z,31349.11328125,33317.40625000,30937.22656250,32229.53320312,42115156993
2021-05-27T00:00:00Z,32248.14453125,33136.60546875,30561.30859375,31524.04101562,35439432785
2021-05-28T00:00:00Z,31581.54492188,31880.82031250,28524.93359375,29278.32031250,45273872634
2021-05-29T00:00:00Z,29267.28906250,30538.73046875,27634.85156250,28391.16406250,37097255900
2021-05-30T00:00:00Z,28384.06054688,29854.84570312,27492.80468750,29269.51757812,25961716928
2021-05-31T00:00:00Z,29253.49023438,30627.59570312,28073.39453125,30519.30859375,31890238366
2021-06-01T00:00:00Z,30487.37695312,30987.25195312,29266.42773438,30026.79492188,28352541166
2021-06-02T00:00:00Z,30039.07031250,31297.39843750,29425.50976562,30775.01171875,27085867000
2021-06-03T00:00:00Z,30794.85742188,32362.98828125,30512.01367188,32321.55078125,29231892311
2021-06-04T00:00:00Z,32349.34765625,32349.34765625,29476.15820312,30322.69921875,34380052740
2021-06-05T00:00:00Z,30310.98828125,31165.55468750,28685.55664062,29221.08007812,29556026133
2021-06-06T00:00:00Z,29210.10742188,29948.04101562,29023.33007812,29474.39257812,23763233981
2021-06-07T00:00:00Z,29452.10937500,30251.59960938,27464.53906250,27526.49218750,27627564851
2021-06-08T00:00:00Z,27550.12500000,27898.20507812,25546.29492188,27497.93359375,40994783948
2021-06-09T00:00:00Z,27452.21484375,30822.64843750,26666.55078125,30664.52734375,44317811472
2021-06-10T00:00:00Z,30700.98046875,31523.42773438,29443.95898438,30150.48828125,35796883045
2021-06-11T00:00:00Z,30145.91406250,30952.89648438,29583.44531250,30832.05468750,31959597293
2021-06-12T00:00:00Z,30836.79687500,30893.59960938,28679.75390625,29360.51367188,31319155285
2021-06-13T00:00:00Z,29363.21679688,32476.56640625,28792.00195312,32286.50585938,33584024683
2021-06-14T00:00:00Z,32219.70703125,33787.60546875,32036.11132812,33178.51562500,35595999202
2021-06-15T00:00:00Z,33350.67578125,34060.75000000,32670.28710938,33325.59375000,38285621503
2021-06-16T00:00:00Z,33129.64843750,33403.48828125,31836.44531250,31969.33398438,32690112796
2021-06-17T00:00:00Z,31964.63085938,33063.33984375,31455.69140625,31943.06250000,31139872254
2021-06-18T00:00:00Z,31981.65429688,32063.85742188,29697.76953125,30165.85546875,30514524304
2021-06-19T00:00:00Z,30222.57226562,30728.85546875,29443.71484375,30019.22656250,26303398991
2021-06-20T00:00:00Z,29974.78320312,30407.73632812,28178.59375000,30071.78125000,30885305655
2021-06-21T00:00:00Z,30023.63867188,30090.08789062,26268.65039062,26591.06445312,44330653066
2021-06-22T00:00:00Z,26545.46679688,27878.63476562,24278.26953125,27232.39648438,49398801919
2021-06-23T00:00:00Z,27240.82031250,29078.55859375,26618.44335938,28266.57617188,38822908066
2021-06-24T00:00:00Z,28232.85546875,29537.80664062,27162.22460938,29059.70312500,27769406264
2021-06-25T00:00:00Z,29056.91015625,29710.10156250,26262.50976562,26502.84179688,33701267547
2021-06-26T00:00:00Z,26466.72265625,27343.60742188,25288.42382812,26965.50195312,32326643063
2021-06-27T00:00:00Z,27050.32617188,29021.04101562,26869.55859375,29013.74218750,29735530456
2021-06-28T00:00:00Z,29038.42382812,29497.71679688,28473.47265625,28866.30273438,28412102661
2021-06-29T00:00:00Z,28900.86132812,30720.14843750,28753.52343750,30139.98046875,31848900087
2021-06-30T00:00:00Z,30174.10546875,30306.33398438,28768.81445312,29555.05468750,28726957762
2021-07-01T00:00:00Z,29550.95898438,29550.95898438,27761.31054688,28341.41406250,31943458371
2021-07-02T00:00:00Z,28322.40429688,28654.99023438,27679.82031250,28569.31445312,32641787035
2021-07-03T00:00:00Z,28533.38671875,29422.43164062,28152.66015625,29219.55468750,20551434327
2021-07-04T00:00:00Z,29217.03906250,30280.45507812,28990.24609375,29764.07812500,21022831221
2021-07-05T00:00:00Z,29761.17968750,29761.17968750,27983.93750000,28444.03320312,22523224003
2021-07-06T00:00:00Z,28425.07421875,29579.67187500,28427.51171875,28957.70117188,22415984656
2021-07-07T00:00:00Z,28949.65429688,29601.75976562,28694.29687500,28707.89453125,21025989867
2021-07-08T00:00:00Z,28736.96289062,28757.29687500,27150.16210938,27752.71093750,25248203553
2021-07-09T00:00:00Z,27739.45703125,28662.38476562,27293.29492188,28454.88281250,23098660464
2021-07-10T00:00:00Z,28466.02343750,28802.80468750,27882.49023438,28223.07031250,19341490472
2021-07-11T00:00:00Z,28213.43750000,29119.49023438,28076.75195312,28840.88671875,16937803944
2021-07-12T00:00:00Z,28852.53515625,29151.08593750,27565.92382812,27948.55664062,20501686427
2021-07-13T00:00:00Z,27922.94726562,28141.90429688,27391.36523438,27772.19531250,16238387526
2021-07-14T00:00:00Z,27790.72656250,27938.83203125,26849.87890625,27737.47851562,18064857618
2021-07-15T00:00:00Z,27742.14648438,28025.53320312,26415.39648438,26906.45703125,18033620233
2021-07-16T00:00:00Z,26957.94921875,27281.77343750,26353.80859375,26616.24218750,20075115913
2021-07-17T00:00:00Z,26595.71875000,27051.98046875,26448.90625000,26710.71484375,16005403695
2021-07-18T00:00:00Z,26711.40820312,27444.21679688,26441.70703125,26917.81250000,15905101628
2021-07-19T00:00:00Z,26920.52343750,27015.61328125,25876.17578125,26134.53906250,17329375882
2021-07-20T00:00:00Z,26151.88281250,26284.09960938,24936.05468750,25299.85156250,19647763124
2021-07-21T00:00:00Z,25290.46093750,27762.08398438,25073.48828125,27227.45898438,23914049599
2021-07-22T00:00:00Z,27251.35351562,27691.79687500,26923.94921875,27447.94726562,16610936345
2021-07-23T00:00:00Z,27441.87695312,28527.83007812,27234.62304688,28527.83007812,19158166209
2021-07-24T00:00:00Z,28538.17578125,29300.41601562,28395.22070312,29132.25585938,18404688435
2021-07-25T00:00:00Z,29130.42578125,30039.03906250,28783.43359375,30026.51953125,17715710196
2021-07-26T00:00:00Z,30055.26562500,34319.38671875,29977.70117188,31628.84765625,43221149247
2021-07-27T00:00:00Z,31576.75390625,33336.06640625,30871.86328125,33336.06640625,29690410041
2021-07-28T00:00:00Z,33417.48437500,34560.59765625,32899.85156250,33764.22265625,32672260425
2021-07-29T00:00:00Z,33763.83984375,34189.92187500,33224.74609375,33643.08203125,22844853094
2021-07-30T00:00:00Z,33659.10937500,35590.07812500,32259.80664062,35590.07812500,27869012071
2021-07-31T00:00:00Z,35557.01171875,35586.62500000,34642.98828125,35077.26953125,21743361094
2021-08-01T00:00:00Z,34937.93359375,35848.72656250,33328.82031250,33690.84375000,22493015644
2021-08-02T00:00:00Z,33633.83984375,34015.57031250,32636.47460938,33015.01562500,21555769455
2021-08-03T00:00:00Z,32995.19140625,33479.62109375,31847.32226562,32145.03125000,22065717849
2021-08-04T00:00:00Z,32195.87890625,33745.90625000,31719.16601562,33576.18750000,21433142518
2021-08-05T00:00:00Z,33573.66015625,34938.07031250,31643.24804688,34536.40625000,29732758610
2021-08-06T00:00:00Z,34533.29296875,36792.50781250,33779.55078125,36399.93359375,32497785843
2021-08-07T00:00:00Z,36413.78906250,37992.55078125,36231.66406250,37878.57812500,34031757079
2021-08-08T00:00:00Z,37894.42578125,38496.25000000,36834.03125000,37281.74609375,30901481683
2021-08-09T00:00:00Z,37276.47656250,39556.04296875,36458.36328125,39501.92968750,33000273327
2021-08-10T00:00:00Z,39429.89453125,39747.22656250,38138.30859375,38895.97265625,28623543705
2021-08-11T00:00:00Z,38908.49609375,39816.84375000,38689.54296875,38829.91015625,29228448871
2021-08-12T00:00:00Z,38815.64062500,39373.21093750,37358.15234375,37857.07812500,28735694964
2021-08-13T00:00:00Z,37866.79687500,40547.59765625,37739.46875000,40514.82812500,26909894509
2021-08-14T00:00:00Z,40529.55078125,40774.02343750,39145.51953125,39924.83593750,26458364542
2021-08-15T00:00:00Z,39924.59765625,40145.37500000,38638.54687500,39890.16796875,26274887098
2021-08-16T00:00:00Z,39867.23828125,40689.13671875,38807.20703125,39058.03515625,27827732126
2021-08-17T00:00:00Z,39000.28125000,40059.11328125,38036.66015625,38170.50390625,28567965431
2021-08-18T00:00:00Z,38163.15625000,39276.83593750,37875.07812500,38282.07812500,27509491838
2021-08-19T00:00:00Z,38231.40234375,40219.83984375,37677.21093750,40011.64453125,31863930903
2021-08-20T00:00:00Z,40016.39062500,42170.96093750,39941.07812500,42168.41796875,29662710164
2021-08-21T00:00:00Z,42158.07421875,42504.07421875,41303.06250000,41810.28125000,34697103726
2021-08-22T00:00:00Z,41779.17578125,42299.71093750,41207.09375000,42166.07031250,21690154270
2021-08-23T00:00:00Z,42140.44140625,43068.27734375,41784.32812500,42187.30468750,29209895615
2021-08-24T00:00:00Z,42201.09765625,42483.44531250,40572.19921875,40591.27734375,30087439475
2021-08-25T00:00:00Z,40609.26171875,41798.48437500,40132.55859375,41589.10546875,27731017546
2021-08-26T00:00:00Z,41624.65625000,41936.71093750,39431.36328125,39938.91015625,27793027038
2021-08-27T00:00:00Z,39898.35546875,41637.23046875,39487.51953125,41591.35156250,29258076943
2021-08-28T00:00:00Z,41603.14843750,41781.96484375,41117.07421875,41458.87109375,24219695246
2021-08-29T00:00:00Z,41466.37109375,42087.68359375,40630.96484375,41386.45703125,21943161406
2021-08-30T00:00:00Z,41390.71093750,41472.91406250,39799.18359375,39888.60546875,26996771542
2021-08-31T00:00:00Z,39862.62890625,40754.28906250,39624.82031250,39937.78125000,29407483737
2021-09-01T00:00:00Z,39881.12109375,41465.32812500,39451.46875000,41250.73046875,33052752888
2021-09-02T00:00:00Z,41217.64453125,42469.40625000,41072.38671875,41543.11718750,33273143710
2021-09-03T00:00:00Z,41509.87500000,42880.88281250,40727.29296875,42112.26171875,36371739714
2021-09-04T00:00:00Z,42098.75000000,42534.25781250,41695.44921875,42028.55468750,31532234752
2021-09-05T00:00:00Z,42022.85546875,43661.29296875,41686.87890625,43543.50781250,25512438561
2021-09-06T00:00:00Z,43556.62890625,44384.73437500,43032.12500000,44329.07031250,32749010156
2021-09-07T00:00:00Z,44351.76171875,44487.54296875,36544.40234375,39521.41796875,55055157929
2021-09-08T00:00:00Z,39535.46484375,39952.78125000,37696.31250000,38997.87890625,41465418833
2021-09-09T00:00:00Z,38729.96484375,39943.24609375,38623.81250000,39233.22656250,32705466036
2021-09-10T00:00:00Z,39237.65625000,39785.89062500,37539.69140625,38002.75781250,33151864661
2021-09-11T00:00:00Z,37990.84375000,38908.54687500,37934.31640625,38258.65234375,29200764051
2021-09-12T00:00:00Z,38263.02734375,39252.55468750,37910.78125000,38997.02734375,23604800758
2021-09-13T00:00:00Z,38991.89843750,39505.14843750,36921.58593750,38073.33593750,34692077878
2021-09-14T00:00:00Z,38070.77734375,39998.47265625,37895.51171875,39900.29296875,32749002832
2021-09-15T00:00:00Z,39904.95703125,40996.84765625,39622.33984375,40762.15234375,25793023914
2021-09-16T00:00:00Z,40747.39453125,41129.87500000,40008.63281250,40615.28125000,26999268519
2021-09-17T00:00:00Z,40604.78125000,40904.46484375,39936.24609375,40312.57812500,24500717915
2021-09-18T00:00:00Z,40317.69921875,41610.26562500,40158.85937500,41172.41796875,24369669132
2021-09-19T00:00:00Z,41164.30859375,41215.05859375,40012.69531250,40292.12500000,22991574653
2021-09-20T00:00:00Z,40293.13671875,40359.64062500,36324.09375000,36534.49609375,37443550043
2021-09-21T00:00:00Z,36678.12500000,37162.18750000,33926.77734375,34712.96875000,41543539579
2021-09-22T00:00:00Z,34699.55468750,37449.11328125,34668.08984375,37283.48437500,32633326863
2021-09-23T00:00:00Z,37271.32031250,38274.55468750,36877.66796875,38240.87890625,29168511933
2021-09-24T00:00:00Z,38240.20312500,38415.47656250,34920.03125000,36550.96093750,36550615442
2021-09-25T00:00:00Z,36551.93359375,36685.91406250,35631.02734375,36447.29296875,26966250911
2021-09-26T00:00:00Z,36451.58984375,37477.65625000,34853.33593750,36858.82812500,26155402187
2021-09-27T00:00:00Z,36880.70703125,37792.99609375,36074.25781250,36112.01562500,26488265626
2021-09-28T00:00:00Z,36082.23046875,36578.73828125,35026.08203125,35113.83593750,25855347638
2021-09-29T00:00:00Z,35139.88281250,36501.91796875,34946.44140625,35828.77343750,26379448455
2021-09-30T00:00:00Z,35817.48437500,38067.21484375,35731.65234375,37835.90234375,26906818025
2021-10-01T00:00:00Z,37858.23437500,41776.98046875,37424.38281250,41501.77734375,36959492526
2021-10-02T00:00:00Z,41519.48046875,41644.19531250,40939.89062500,41152.06250000,26405455522
2021-10-03T00:00:00Z,41124.92968750,42376.15625000,40674.05468750,41527.53515625,22950548222
2021-10-04T00:00:00Z,41535.25390625,42535.84375000,40473.23828125,42279.28125000,28738204927
2021-10-05T00:00:00Z,42332.70703125,44701.35937500,42237.53125000,44425.19140625,30936829914
2021-10-06T00:00:00Z,44400.91796875,48092.61718750,43739.53515625,47910.85156250,42435587147
2021-10-07T00:00:00Z,47891.09765625,47891.09765625,46308.52343750,46546.96484375,31842075157
2021-10-08T00:00:00Z,46543.64453125,48419.51562500,46490.47265625,46648.67187500,30081144601
2021-10-09T00:00:00Z,46615.76953125,47879.66796875,46447.52734375,47508.26562500,28081699148
2021-10-10T00:00:00Z,47494.95312500,48723.90234375,46899.83593750,47357.20703125,34176954639
2021-10-11T00:00:00Z,47324.82031250,50008.02734375,47119.63281250,49755.96093750,36904742451
2021-10-12T00:00:00Z,49792.34765625,49838.77734375,47242.48046875,48601.88671875,35630095368
2021-10-13T00:00:00Z,48599.45703125,49756.46875000,47064.27734375,49497.36718750,35944622965
2021-10-14T00:00:00Z,49472.99609375,50443.34765625,49136.92578125,49455.80859375,31591335859
2021-10-15T00:00:00Z,49476.83984375,54100.47265625,49035.86328125,53099.58984375,44639142500
2021-10-16T00:00:00Z,53113.01953125,53686.26562500,51903.15234375,52494.60156250,29527448010
2021-10-17T00:00:00Z,52490.69921875,53143.30859375,51034.91406250,53079.34765625,25035394378
2021-10-18T00:00:00Z,53075.19531250,54052.41796875,51725.23437500,53408.67187500,32768426725
2021-10-19T00:00:00Z,53423.38281250,55387.92578125,52881.78125000,55238.77343750,34788514253
2021-10-20T00:00:00Z,55258.19531250,57457.26171875,54619.55859375,56634.06250000,35004469846
2021-10-21T00:00:00Z,56642.12500000,57214.13281250,53432.02734375,53515.74218750,39492048235
2021-10-22T00:00:00Z,53539.58593750,54746.94140625,51720.33593750,52123.00390625,33007497760
2021-10-23T00:00:00Z,52125.03125000,53026.13671875,51379.49609375,52734.60156250,23091004859
2021-10-24T00:00:00Z,52712.89062500,52830.96484375,51231.18750000,52347.99609375,23468371588
2021-10-25T00:00:00Z,52316.28906250,54906.25390625,52119.68750000,54303.45312500,26759780838
2021-10-26T00:00:00Z,54297.36718750,54507.08984375,51741.35546875,52053.44921875,30077143516
2021-10-27T00:00:00Z,52043.27734375,52939.00390625,50162.48046875,50421.93750000,37639952956
2021-10-28T00:00:00Z,50411.88281250,53186.02343750,49810.27734375,51892.30468750,38739882231
2021-10-29T00:00:00Z,51894.64843750,54531.99609375,51632.07421875,53825.32421875,31880097022
2021-10-30T00:00:00Z,53835.17968750,53913.70703125,52692.57421875,53531.98046875,27815652165
2021-10-31T00:00:00Z,53498.81640625,53979.46484375,51994.21093750,53060.58203125,27898987362
2021-11-01T00:00:00Z,53061.87109375,53961.04296875,51686.59765625,52591.96093750,31165444999
2021-11-02T00:00:00Z,52556.48046875,55465.68750000,52312.24609375,54603.77343750,32598888626
2021-11-03T00:00:00Z,54627.89843750,54845.92187500,52820.17187500,54214.62890625,31101912716
2021-11-04T00:00:00Z,54190.31250000,54351.23437500,52647.94921875,53180.63671875,28225688676
2021-11-05T00:00:00Z,53187.42968750,54139.52343750,52592.55859375,52915.76171875,26494469926
2021-11-06T00:00:00Z,52866.58984375,53318.31640625,52083.06250000,53263.60156250,25187135416
2021-11-07T00:00:00Z,53287.35546875,54741.93750000,53181.36718750,54741.93750000,21374622401
2021-11-08T00:00:00Z,54756.70312500,58408.39062500,54756.70312500,58305.03906250,35488274443
2021-11-09T00:00:00Z,58290.28906250,59153.05859375,57269.13281250,57763.73828125,36534106723
2021-11-10T00:00:00Z,57747.78906250,59496.14843750,55065.32812500,56588.42187500,42427739382
2021-11-11T00:00:00Z,56574.19531250,57220.96875000,55921.48828125,56736.26171875,31343096595
2021-11-12T00:00:00Z,56661.15234375,57222.57031250,54445.74218750,56061.51562500,31532134995
2021-11-13T00:00:00Z,56063.42187500,56725.39453125,55316.82812500,56335.53906250,26629356281
2021-11-14T00:00:00Z,56323.16796875,57244.42578125,55581.08593750,57219.65625000,21957336627
2021-11-15T00:00:00Z,57267.24609375,57891.78125000,55891.98828125,55914.40234375,26883766644
2021-11-16T00:00:00Z,56058.08593750,56058.08593750,51952.14062500,53146.44531250,41382286062
2021-11-17T00:00:00Z,53127.33984375,53709.92578125,51727.15234375,53339.00390625,34616617571
2021-11-18T00:00:00Z,53332.04296875,53811.97656250,49726.46875000,50086.53125000,36405348273
2021-11-19T00:00:00Z,50046.06250000,51562.83593750,49053.81640625,51492.02734375,34289056107
2021-11-20T00:00:00Z,51488.04296875,53033.87890625,50916.28125000,52889.74609375,27132088068
2021-11-21T00:00:00Z,52919.25781250,53161.94140625,51934.43750000,52087.06250000,23168441582
2021-11-22T00:00:00Z,52066.10546875,52559.12500000,49562.79687500,50071.62890625,31166066807
2021-11-23T00:00:00Z,50085.21093750,51445.25781250,49416.91015625,51188.46484375,33331102310
2021-11-24T00:00:00Z,51185.59765625,51405.65625000,49940.39843750,50235.79687500,32700833644
2021-11-25T00:00:00Z,51025.73828125,52950.41015625,51002.73046875,51096.46093750,30585799415
2021-11-26T00:00:00Z,52600.23828125,52793.20312500,47323.10156250,47323.10156250,36935280493
2021-11-27T00:00:00Z,47470.33203125,48877.42578125,47410.19531250,48423.20312500,26997217218
2021-11-28T00:00:00Z,48421.38671875,50827.24218750,47329.26171875,50696.08593750,24898768129
2021-11-29T00:00:00Z,50734.55859375,52219.00781250,50321.47265625,51189.44921875,28665350260
2021-11-30T00:00:00Z,51210.30078125,51991.24218750,49508.78125000,50313.38671875,32399262570
2021-12-01T00:00:00Z,50227.37109375,52107.59375000,49983.92968750,50560.60937500,32562962375
2021-12-02T00:00:00Z,50549.60156250,50583.85937500,49311.75000000,49953.89453125,28639661363
2021-12-03T00:00:00Z,49981.62109375,50839.18359375,46423.78125000,47371.30859375,35166512180
2021-12-04T00:00:00Z,47485.87890625,47642.14062500,37893.53125000,43486.58203125,54256406273
2021-12-05T00:00:00Z,43487.30468750,43988.12500000,42299.37500000,43672.86718750,32906421504
2021-12-06T00:00:00Z,43712.34765625,45136.08203125,41835.86718750,44827.58593750,33417159033
2021-12-07T00:00:00Z,44826.88281250,46178.33203125,44523.50390625,44974.98046875,29873995242
2021-12-08T00:00:00Z,44946.20703125,45188.10937500,43256.89453125,44519.97656250,25104855062
2021-12-09T00:00:00Z,44471.74609375,44787.50390625,41934.92187500,42211.37500000,26212546684
2021-12-10T00:00:00Z,42184.83203125,44288.55468750,41545.85937500,41739.88671875,27358744220
2021-12-11T00:00:00Z,41758.73046875,43702.56250000,41473.98828125,43617.99609375,22776228252
2021-12-12T00:00:00Z,43611.23437500,44821.80859375,43055.42968750,44292.69140625,19396796672
2021-12-13T00:00:00Z,44307.19531250,44382.27343750,40644.06250000,41421.28125000,28507891159
2021-12-14T00:00:00Z,41396.76562500,43013.81640625,41143.71093750,41405.48828125,30769104303
2021-12-15T00:00:00Z,42975.20312500,43813.04687500,41480.96875000,43307.62890625,32364951353
2021-12-16T00:00:00Z,43310.94531250,43746.67187500,41949.87109375,42055.49218750,24058853189
2021-12-17T00:00:00Z,42045.17187500,42383.76171875,40375.58984375,41104.57031250,29272501838
2021-12-18T00:00:00Z,41119.79296875,42094.16796875,40567.47656250,41680.41796875,23219129040
2021-12-19T00:00:00Z,41684.94921875,42784.41406250,41372.75000000,41542.99218750,22372971358
2021-12-20T00:00:00Z,41543.03906250,42023.42578125,40365.48046875,41569.91406250,27454692665
2021-12-21T00:00:00Z,41575.05859375,43688.65234375,41408.41015625,43354.80468750,23969764820
2021-12-22T00:00:00Z,43355.23437500,43932.41015625,42874.91406250,42933.62500000,21584876672
2021-12-23T00:00:00Z,42931.71093750,45285.33984375,42421.75390625,44849.70312500,24925551041
2021-12-24T00:00:00Z,44868.70312500,45774.11718750,44604.04687500,44886.01171875,21521666976
2021-12-25T00:00:00Z,44914.91015625,45199.01953125,44368.91015625,44539.50000000,16807813795
2021-12-26T00:00:00Z,44538.46875000,45242.85156250,43757.65234375,44871.05078125,18514119911
2021-12-27T00:00:00Z,44864.95312500,45876.65625000,44609.05859375,44697.41015625,21469713513
2021-12-28T00:00:00Z,44732.22265625,44732.22265625,41924.26171875,42064.88281250,29549879026
2021-12-29T00:00:00Z,42095.83593750,42554.26171875,40696.17187500,40885.14062500,26452243764
2021-12-30T00:00:00Z,40925.54296875,42321.10156250,40583.37500000,41666.91796875,23569055197
2021-12-31T00:00:00Z,41659.18750000,42793.97265625,40254.16015625,40712.71875000,32507766322
2022-01-01T00:00:00Z,40717.37890625,42049.86718750,40696.92968750,41926.33984375,21613129995
2022-01-02T00:00:00Z,41921.16796875,42097.42968750,41196.71093750,41629.80078125,24577311974
2022-01-03T00:00:00Z,41628.32421875,41849.96484375,40575.27734375,41105.72265625,29261479130
2022-01-04T00:00:00Z,41106.37500000,41956.50000000,40554.57031250,40677.87500000,37661970660
2022-01-05T00:00:00Z,40679.45312500,41486.54296875,37839.75000000,38520.26953125,32580817996
2022-01-06T00:00:00Z,38517.18359375,38691.01953125,37721.00390625,38203.50781250,26738382071
2022-01-07T00:00:00Z,38196.99609375,38196.99609375,36222.50390625,36575.89843750,74103034014
2022-01-08T00:00:00Z,36579.03515625,37170.08203125,35799.89843750,36734.38281250,24704118680
2022-01-09T00:00:00Z,36735.07421875,37580.79687500,36386.01171875,36914.77343750,18755603984
2022-01-10T00:00:00Z,36913.56640625,37231.55078125,35228.76171875,36912.19921875,28335773331
2022-01-11T00:00:00Z,36910.64843750,37828.11718750,36550.12890625,37599.60156250,23163434090
2022-01-12T00:00:00Z,37605.16796875,38559.48437500,37401.82031250,38415.82031250,29282229408
2022-01-13T00:00:00Z,38413.75781250,38574.16796875,37053.21484375,37175.28906250,41626348816
2022-01-14T00:00:00Z,37181.66015625,37969.27343750,36655.23437500,37756.07031250,20654206193
2022-01-15T00:00:00Z,37757.99609375,38303.55859375,37378.80078125,37824.13281250,16093613422
2022-01-16T00:00:00Z,37819.44140625,38051.38281250,37398.06250000,37800.52734375,15695843306
2022-01-17T00:00:00Z,37804.24218750,37857.53125000,36531.25781250,37028.76171875,19010103713
2022-01-18T00:00:00Z,37028.34375000,37549.37109375,36422.04687500,37403.78515625,19787042903
2022-01-19T00:00:00Z,37402.37890625,37446.66406250,36389.53125000,36800.88281250,20356996522
2022-01-20T00:00:00Z,36800.61718750,38251.64843750,35950.99218750,35957.70703125,18015822473
2022-01-21T00:00:00Z,35974.66796875,36321.81250000,31548.89062500,32135.84960938,37913565556
2022-01-22T00:00:00Z,32148.42968750,32339.90234375,30277.66015625,30877.94140625,35006840731
2022-01-23T00:00:00Z,30893.02148438,32121.72070312,30654.94726562,31986.81835938,22941168169
2022-01-24T00:00:00Z,31985.87304688,32899.05859375,29323.49218750,32369.32812500,36963489637
2022-01-25T00:00:00Z,32369.75000000,33179.37109375,31627.01171875,32693.35351562,23381125046
2022-01-26T00:00:00Z,32690.26757812,34411.11328125,32362.68359375,32783.68359375,27866393735
2022-01-27T00:00:00Z,32774.57421875,33333.33984375,31971.11523438,33324.28515625,22469772280
2022-01-28T00:00:00Z,33315.50000000,34046.19921875,32534.77539062,33889.10937500,19946207246
2022-01-29T00:00:00Z,33885.86328125,34599.39843750,33550.20312500,34206.47656250,15421617548
2022-01-30T00:00:00Z,34218.80078125,34334.97265625,33595.70312500,33999.80468750,13130518444
2022-01-31T00:00:00Z,34002.20703125,34406.03515625,32919.34375000,34270.41796875,18464920256
2022-02-01T00:00:00Z,34269.20312500,34795.57031250,33847.98046875,34367.76171875,17997198255
2022-02-02T00:00:00Z,34368.15234375,34456.86718750,32579.46875000,32702.76367188,16952016995
2022-02-03T00:00:00Z,32695.52539062,32490.47265625,32245.67773438,32490.47265625,16257683635
2022-02-04T00:00:00Z,32485.80468750,36271.48828125,32399.46875000,36247.98437500,25689419035
2022-02-05T00:00:00Z,36248.51562500,36550.44140625,35843.78125000,36195.83203125,17165326511
2022-02-06T00:00:00Z,36195.79296875,37100.55078125,36024.41406250,37026.60546875,14092260820
2022-02-07T00:00:00Z,37021.67187500,38824.98828125,36446.97265625,38316.41015625,25032982080
2022-02-08T00:00:00Z,38328.96875000,39677.51562500,37478.90234375,38630.59765625,28964685523
2022-02-09T00:00:00Z,38611.55859375,39157.17578125,37834.03515625,38821.85546875,20353471281
2022-02-10T00:00:00Z,38829.73437500,39776.26953125,38122.81250000,38176.58593750,28166430696
2022-02-11T00:00:00Z,38181.85937500,38463.32421875,37102.06640625,37360.54687500,23746750515
2022-02-12T00:00:00Z,37364.38671875,37877.89843750,36873.53906250,37218.81250000,15992873039
2022-02-13T00:00:00Z,37211.85156250,37614.03125000,36960.20703125,37131.11328125,12971654871
2022-02-14T00:00:00Z,37095.81250000,37829.57421875,36708.25781250,37667.15234375,18421695035
2022-02-15T00:00:00Z,37666.75000000,39328.81640625,37562.96484375,39255.91015625,20010215311
2022-02-16T00:00:00Z,39258.61718750,39258.61718750,38221.98828125,38654.78515625,17403191304
2022-02-17T00:00:00Z,38632.98828125,38791.55859375,35424.96093750,35673.93750000,23097378235
2022-02-18T00:00:00Z,35686.36328125,35996.57812500,35031.05468750,35356.63671875,20588144724
2022-02-19T00:00:00Z,35352.26562500,35699.24609375,35075.84375000,35437.17187500,12132567474
2022-02-20T00:00:00Z,35433.58984375,35435.17187500,33679.30468750,33958.77343750,16206118505
2022-02-21T00:00:00Z,33951.55468750,34667.10546875,32661.08007812,32783.44531250,25890903370
2022-02-22T00:00:00Z,32777.69140625,33859.28515625,32298.25195312,33795.61328125,22503160806
2022-02-23T00:00:00Z,33794.95312500,34485.17578125,32917.58203125,32988.85546875,19325527663
2022-02-24T00:00:00Z,32972.92968750,34756.03515625,30687.86328125,34253.40625000,41447823409
2022-02-25T00:00:00Z,34254.42187500,35321.27734375,34100.88671875,34782.89453125,23545866817
2022-02-26T00:00:00Z,34781.88671875,35484.62500000,34329.03125000,34692.28906250,15496410516
2022-02-27T00:00:00Z,34686.56640625,35290.04687500,33453.75390625,33728.53515625,20974356939
2022-02-28T00:00:00Z,33725.15234375,39005.66406250,33551.86328125,38516.01171875,31825285237
2022-03-01T00:00:00Z,38517.14453125,40115.80468750,38354.29687500,39842.83984375,29175246439
2022-03-02T00:00:00Z,39845.51562500,40631.07812500,39156.92968750,39526.87500000,26261591224
2022-03-03T00:00:00Z,39527.84375000,39650.50000000,37882.17187500,38362.70703125,22562810870
2022-03-04T00:00:00Z,38368.44531250,38394.51953125,35488.87890625,35806.67968750,26089308598
2022-03-05T00:00:00Z,35816.60156250,36198.92578125,35476.80078125,36057.16796875,15535392023
2022-03-06T00:00:00Z,36060.47656250,36276.42968750,34952.53906250,35332.97656250,18158720424
2022-03-07T00:00:00Z,35341.54687500,36295.25000000,34336.87890625,35027.58203125,26270330758
2022-03-08T00:00:00Z,35025.61718750,35897.73046875,34939.01562500,35545.89843750,23652979647
2022-03-09T00:00:00Z,35550.98828125,38442.47656250,35516.55859375,37912.93359375,29154369205
2022-03-10T00:00:00Z,37904.93359375,38005.41406250,35103.23046875,35809.01562500,28218727367
2022-03-11T00:00:00Z,35811.29687500,36374.96484375,34878.10156250,35546.05078125,24156936348
2022-03-12T00:00:00Z,35545.58203125,36016.66015625,35525.49218750,35645.95703125,13392381380
2022-03-13T00:00:00Z,35628.28515625,35925.72265625,34529.17578125,34623.73437500,15826202787
2022-03-14T00:00:00Z,34620.67578125,36325.71875000,34490.38281250,36248.87109375,22226440234
2022-03-15T00:00:00Z,36246.57812500,36323.90234375,34901.86718750,35870.04687500,21823596407
2022-03-16T00:00:00Z,35867.11718750,37790.82421875,35582.09765625,37329.64062500,35944190360
2022-03-17T00:00:00Z,37326.83984375,37422.85546875,36835.60156250,36895.96484375,19829990296
2022-03-18T00:00:00Z,36890.07421875,38172.76171875,36513.08593750,37777.12500000,31107938571
2022-03-19T00:00:00Z,37771.24609375,38242.91015625,37597.74609375,38129.12890625,17771796430
2022-03-20T00:00:00Z,38129.80859375,38174.77734375,37057.39453125,37353.03906250,18227385445
2022-03-21T00:00:00Z,37351.50781250,37560.30859375,36810.31250000,37286.50000000,22343528627
2022-03-22T00:00:00Z,37282.96484375,39245.64062500,37218.05468750,38404.86718750,29017210104
2022-03-23T00:00:00Z,38409.91796875,38973.81250000,37972.76562500,38973.31250000,22936192446
2022-03-24T00:00:00Z,38967.58593750,40167.31250000,38893.71093750,39933.27734375,28198864381
2022-03-25T00:00:00Z,39936.55859375,40864.75781250,39679.01562500,40377.30078125,27836474347
2022-03-26T00:00:00Z,40378.32812500,40726.48828125,40211.18359375,40512.39843750,15431254426
2022-03-27T00:00:00Z,40516.51953125,42638.91406250,40454.55859375,42635.58593750,25643813077
2022-03-28T00:00:00Z,42636.82031250,43792.05859375,42521.00390625,42877.15234375,33082380179
2022-03-29T00:00:00Z,42852.07421875,43253.53125000,42852.07421875,42796.05078125,28308216398
2022-03-30T00:00:00Z,42788.08593750,42735.04296875,42095.57031250,42166.07812500,26281869339
2022-03-31T00:00:00Z,42165.61328125,42784.67578125,40993.91796875,41124.79687500,30097132907
2022-04-01T00:00:00Z,41138.78125000,42231.37890625,40130.22656250,41889.51562500,34541009344
2022-04-02T00:00:00Z,41893.00390625,42565.29687500,41450.89062500,41529.14843750,26560971008
2022-04-03T00:00:00Z,41520.25781250,42842.35156250,41316.52343750,42054.78515625,23007857472
2022-04-04T00:00:00Z,42047.27734375,42636.03906250,41247.23828125,42480.39062500,29612277017
2022-04-05T00:00:00Z,42482.05859375,42981.43359375,41761.85546875,41772.11328125,27178655482
2022-04-06T00:00:00Z,41761.44140625,41761.44140625,39635.37500000,39647.10546875,36147931482
2022-04-07T00:00:00Z,39647.80468750,40176.88281250,39314.24609375,40040.98437500,24024282149
2022-04-08T00:00:00Z,40042.17187500,40374.31250000,38783.86328125,38879.82812500,25022739973
2022-04-09T00:00:00Z,38874.69531250,39338.75781250,38783.83203125,39334.45312500,14757288893
2022-04-10T00:00:00Z,39333.49218750,39705.65625000,38596.35156250,38778.59375000,16220173023
2022-04-11T00:00:00Z,38772.50000000,38944.71484375,36173.99609375,36335.32812500,31212598648
2022-04-12T00:00:00Z,36346.18750000,37277.35937500,36224.38281250,37065.07812500,28626539424
2022-04-13T00:00:00Z,37061.73828125,38045.63281250,36706.25390625,37784.14453125,25415782493
2022-04-14T00:00:00Z,37778.16796875,37997.49218750,36639.17187500,36902.01562500,22492983503
2022-04-15T00:00:00Z,36905.60546875,37585.00000000,36859.91406250,37508.18359375,20123068184
2022-04-16T00:00:00Z,37507.12109375,37582.37500000,37068.81640625,37388.88671875,15569098908
2022-04-17T00:00:00Z,37382.68359375,37524.14843750,36640.21484375,36729.04687500,17651670409
2022-04-18T00:00:00Z,36732.97656250,38018.94921875,35852.29296875,37869.94921875,31264556133
2022-04-19T00:00:00Z,37871.76562500,38643.46093750,37656.92578125,38444.49609375,23438663863
2022-04-20T00:00:00Z,38443.56250000,38901.40625000,37783.53906250,38133.76953125,25640595290
2022-04-21T00:00:00Z,38131.13281250,39409.84765625,36981.59765625,37405.05468750,32647596186
2022-04-22T00:00:00Z,37403.66796875,37592.52734375,36452.23437500,36841.98046875,25968766219
2022-04-23T00:00:00Z,36840.50000000,37023.25781250,36482.16796875,36606.88281250,14961043084
2022-04-24T00:00:00Z,36599.13671875,36830.58593750,36264.54296875,36513.35937500,16619008460
2022-04-25T00:00:00Z,36516.42578125,37814.76171875,35703.95703125,37765.52343750,33086569081
2022-04-26T00:00:00Z,37756.29687500,38091.42578125,35609.53906250,35814.59765625,32480596939
2022-04-27T00:00:00Z,35817.26562500,37346.58593750,35713.90234375,37180.76953125,29354356982
2022-04-28T00:00:00Z,37181.05859375,38350.78515625,37042.05468750,37866.67187500,32278022256
2022-04-29T00:00:00Z,37861.71093750,37881.09765625,36255.77734375,36618.86718750,29290482147
2022-04-30T00:00:00Z,36615.10937500,36771.93359375,35754.01171875,35770.07031250,22663507357
2022-05-01T00:00:00Z,35768.54296875,36635.97265625,35647.63671875,36515.67187500,25631586954
2022-05-02T00:00:00Z,36518.60937500,37167.52734375,36357.86328125,36660.19140625,31325499196
2022-05-03T00:00:00Z,36659.03515625,36719.82031250,35711.64062500,35865.91406250,25962754911
2022-05-04T00:00:00Z,35863.59375000,37683.82812500,35831.23046875,37377.12890625,34605300951
2022-05-05T00:00:00Z,37374.65625000,37479.43750000,34032.96093750,34702.27734375,40898957356
2022-05-06T00:00:00Z,34700.41406250,34757.80078125,33570.81640625,34167.51562500,35830963371
2022-05-07T00:00:00Z,34169.01562500,34251.89062500,33124.60156250,33656.56250000,23108837311
2022-05-08T00:00:00Z,33657.49609375,33657.49609375,32143.24414062,32338.11328125,34905258350
2022-05-09T00:00:00Z,32338.82617188,32533.07617188,28681.09570312,28681.09570312,59976492993
2022-05-10T00:00:00Z,28659.03906250,30856.83789062,28347.60742188,29463.81835938,56805175250
2022-05-11T00:00:00Z,29457.43359375,30325.94335938,26794.28906250,27527.03906250,66960636984
2022-05-12T00:00:00Z,27527.39843750,28532.64843750,25197.89257812,27988.46679688,64546279091
2022-05-13T00:00:00Z,27972.24023438,29749.22656250,27733.04101562,28124.66406250,41146329651
2022-05-14T00:00:00Z,28127.10351562,28998.37500000,27567.42187500,28910.46093750,27449249017
2022-05-15T00:00:00Z,28907.88671875,30108.96289062,28359.62304688,30106.00195312,24845773973
2022-05-16T00:00:00Z,30105.29101562,30106.22265625,28059.66601562,28606.67578125,31241928469
2022-05-17T00:00:00Z,28606.18554688,29153.96484375,28087.50000000,28842.55664062,27587090999
2022-05-18T00:00:00Z,28841.25000000,28996.38281250,27422.68945312,27422.68945312,29871799896
2022-05-19T00:00:00Z,27422.77343750,28738.65039062,27379.52929688,28653.01757812,31922561452
2022-05-20T00:00:00Z,28649.97851562,28987.60156250,27297.95117188,27637.30273438,29103029911
2022-05-21T00:00:00Z,27636.46875000,28004.65039062,27473.23828125,27856.39453125,16349928209
2022-05-22T00:00:00Z,27856.62890625,28770.26757812,27707.75976562,28690.75976562,20466652625
2022-05-23T00:00:00Z,28677.20507812,28839.82617188,27123.06445312,27236.60937500,29468544949
2022-05-24T00:00:00Z,27238.68164062,27733.65039062,26835.77929688,27630.46484375,24798918266
2022-05-25T00:00:00Z,27628.18164062,28148.82421875,27579.44921875,27662.06250000,25755724941
2022-05-26T00:00:00Z,27664.32226562,27900.90625000,26415.78125000,27268.74218750,34263227320
2022-05-27T00:00:00Z,27253.75585938,27332.50976562,26394.17187500,26674.60156250,34086381316
2022-05-28T00:00:00Z,26669.99023438,26849.14648438,26606.57421875,26849.14648438,33096432048
2022-05-29T00:00:00Z,27040.13281250,27486.48046875,26873.56640625,27443.30859375,16863303101
2022-05-30T00:00:00Z,27440.89257812,29631.01562500,27310.22460938,29448.53125000,36457951191
2022-05-31T00:00:00Z,29446.18750000,30046.55273438,29248.61132812,29616.63476562,31243056728
2022-06-01T00:00:00Z,29616.86132812,29788.95117188,27699.98632812,27979.69726562,38624270013
2022-06-02T00:00:00Z,27975.76367188,28473.60546875,27821.35351562,28337.81054688,27050621073
2022-06-03T00:00:00Z,28338.10742188,28471.87304688,27401.08398438,27708.93945312,24417152700
2022-06-04T00:00:00Z,27710.57031250,27922.91210938,27518.28515625,27831.81250000,15475672800
2022-06-05T00:00:00Z,27833.86718750,28097.53515625,27590.68359375,27881.74218750,16095168744
2022-06-06T00:00:00Z,27885.11914062,29626.50781250,27865.50781250,29346.38476562,29885839078
2022-06-07T00:00:00Z,29347.38476562,29415.99218750,27457.54296875,29123.79882812,38112258051
2022-06-08T00:00:00Z,29120.06054688,29219.07617188,28037.96289062,28192.89453125,28218744385
2022-06-09T00:00:00Z,28193.75585938,28560.13867188,28284.82421875,28356.04687500,20427057156
2022-06-10T00:00:00Z,28354.47656250,28450.84179688,27545.00390625,27648.16992188,28393158151
2022-06-11T00:00:00Z,27648.98828125,27950.57812500,26840.49609375,26958.93554688,25899776264
2022-06-12T00:00:00Z,26971.01171875,27093.79687500,25513.98437500,25513.98437500,32569266905
2022-06-13T00:00:00Z,25490.08203125,25545.84375000,21262.47070312,21592.95117188,65491720208
2022-06-14T00:00:00Z,21593.52734375,22084.05859375,20144.82031250,21274.75195312,48776681576
2022-06-15T00:00:00Z,21265.11132812,21666.79492188,19254.54882812,21586.83593750,52513395637
2022-06-16T00:00:00Z,21590.15039062,21868.65820312,19215.79101562,19324.80078125,29566992964
2022-06-17T00:00:00Z,19328.65820312,20222.20898438,19288.17968750,19498.51367188,25842871784
2022-06-18T00:00:00Z,19500.36328125,19750.49804688,16871.78515625,18118.94531250,40024238817
2022-06-19T00:00:00Z,18112.52343750,19728.08398438,17213.37109375,19593.43359375,33680034304
2022-06-20T00:00:00Z,19593.52734375,19867.44726562,18762.99023438,19581.44726562,29295317918
2022-06-21T00:00:00Z,19576.46289062,20469.61132812,19389.30664062,19665.74804688,27508665511
2022-06-22T00:00:00Z,19674.11914062,19716.91210938,18783.96289062,18918.74218750,27047499341
2022-06-23T00:00:00Z,18918.34375000,20078.33984375,18883.22460938,20044.78320312,24895086063
2022-06-24T00:00:00Z,20043.61523438,20341.91796875,19733.66992188,20113.36328125,23643233429
2022-06-25T00:00:00Z,20115.21484375,20387.38671875,19860.35937500,20369.78906250,17404838729
2022-06-26T00:00:00Z,20364.25195312,20636.35351562,19896.68945312,19901.28320312,17061815516
2022-06-27T00:00:00Z,19902.17578125,20292.88476562,19475.28320312,19598.34375000,19815936954
2022-06-28T00:00:00Z,19594.62695312,19982.81445312,19223.58203125,19272.83007812,20319022534
2022-06-29T00:00:00Z,19273.33789062,19340.89843750,18932.66796875,19245.86328125,22547368054
2022-06-30T00:00:00Z,19249.96875000,19290.11523438,17866.33203125,18881.33593750,25067851481
2022-07-01T00:00:00Z,18915.44726562,19707.17187500,18245.08984375,18476.54882812,29501651034
2022-07-02T00:00:00Z,18481.79296875,18574.71679688,18244.23046875,18450.55273438,17355695111
2022-07-03T00:00:00Z,18450.39843750,18762.56054688,18186.57421875,18496.45898438,15710783136
2022-07-04T00:00:00Z,18496.68750000,19415.78125000,18274.80859375,19391.96679688,20698784642
2022-07-05T00:00:00Z,19386.30468750,20098.14062500,18851.30078125,19685.34179688,26047631600
2022-07-06T00:00:00Z,19689.73437500,20225.49023438,19312.75781250,20175.70703125,24152964859
2022-07-07T00:00:00Z,20175.28320312,21416.76171875,19885.14843750,21278.94531250,25387089351
2022-07-08T00:00:00Z,21278.51953125,21904.48046875,20942.01367188,21332.74218750,48985070722
2022-07-09T00:00:00Z,21318.71484375,21476.08789062,21052.80859375,21196.37695312,29097746702
2022-07-10T00:00:00Z,21195.27343750,21195.27343750,20347.15429688,20517.04492188,28216532104
2022-07-11T00:00:00Z,20513.01562500,20513.01562500,19834.20117188,19879.43164062,24040051438
2022-07-12T00:00:00Z,19879.34960938,20018.13085938,19244.05859375,19265.53710938,25732247343
2022-07-13T00:00:00Z,19267.58984375,20127.43750000,18968.60351562,20142.34179688,32928433961
2022-07-14T00:00:00Z,20141.73632812,20739.70703125,19781.67968750,20515.22460938,31075892235
2022-07-15T00:00:00Z,20518.45312500,20966.38867188,20357.71484375,20669.63867188,25698330756
2022-07-16T00:00:00Z,20667.43164062,21342.28906250,20354.74804688,21020.79296875,24108530424
2022-07-17T00:00:00Z,21025.48046875,21427.83593750,20576.52734375,20577.68164062,22705287763
2022-07-18T00:00:00Z,20580.22265625,22271.19921875,20580.22265625,22160.56835938,39396484620
2022-07-19T00:00:00Z,22142.98828125,23139.16601562,21324.61132812,22862.42187500,47666425150
2022-07-20T00:00:00Z,22866.09570312,23725.61132812,22458.47070312,22818.69531250,42169251336
2022-07-21T00:00:00Z,22820.13867188,22961.90625000,22032.90625000,22665.82421875,32906835618
2022-07-22T00:00:00Z,22664.96679688,23141.55859375,22134.25781250,22243.41601562,30769244151
2022-07-23T00:00:00Z,22235.58593750,22500.20312500,21544.01757812,21996.93750000,23520800525
2022-07-24T00:00:00Z,21996.96875000,22490.05468750,21841.60937500,22166.92968750,23104554215
2022-07-25T00:00:00Z,22164.95898438,22215.07421875,20894.01562500,20894.07226562,34795798682
2022-07-26T00:00:00Z,20893.50585938,20893.50585938,20541.04101562,20970.22265625,28261426744
2022-07-27T00:00:00Z,20974.58007812,22515.35156250,20771.89648438,22469.16210938,31119933295
2022-07-28T00:00:00Z,22472.19335938,23648.15234375,22385.81640625,23394.45312500,39454422891
2022-07-29T00:00:00Z,23395.75390625,23731.82812500,23115.07812500,23277.88476562,35093136683
2022-07-30T00:00:00Z,23270.24218750,24028.83789062,23058.71875000,23132.74218750,27525354526
2022-07-31T00:00:00Z,23128.69726562,23587.87890625,22783.91015625,22855.73632812,23067963939
2022-08-01T00:00:00Z,22855.56250000,22842.21875000,22334.98437500,22720.06054688,25190419169
2022-08-02T00:00:00Z,22714.44140625,22972.82421875,22182.36914062,22626.39062500,27954696457
2022-08-03T00:00:00Z,22629.52734375,23139.23828125,22382.73437500,22494.58007812,25883226996
2022-08-04T00:00:00Z,22496.25976562,22800.65234375,21947.75195312,22084.50976562,24513676701
2022-08-05T00:00:00Z,22080.48632812,22891.90234375,22081.13085938,22861.04687500,28350151755
2022-08-06T00:00:00Z,22863.11718750,22897.60937500,22539.02148438,22539.02148438,15684419685
2022-08-07T00:00:00Z,22541.20703125,22955.01562500,22473.52539062,22783.66210938,15617948551
2022-08-08T00:00:00Z,22787.23632812,23732.87890625,22792.97460938,23347.22656250,28020750644
2022-08-09T00:00:00Z,23349.18359375,23441.26757812,22445.59960938,22691.76562500,23075182547
2022-08-10T00:00:00Z,22690.37500000,23377.70312500,22313.28906250,23252.61132812,31884390941
2022-08-11T00:00:00Z,23253.29296875,23987.42187500,23155.04687500,23212.16406250,35971940218
2022-08-12T00:00:00Z,23211.84570312,23788.01953125,22995.40625000,23778.52148438,26568263606
2022-08-13T00:00:00Z,23777.90625000,24224.05664062,23723.26757812,23799.22656250,22399261009
2022-08-14T00:00:00Z,23804.08789062,24335.98046875,23586.99023438,23717.82031250,22425396656
2022-08-15T00:00:00Z,23716.82617188,24529.92382812,23463.20117188,23753.24218750,34565108255
2022-08-16T00:00:00Z,23742.58007812,23855.39453125,23320.53710938,23484.27148438,27290004820
2022-08-17T00:00:00Z,23482.33007812,24013.03125000,22837.87500000,22928.55078125,30391556937
2022-08-18T00:00:00Z,22933.50390625,23180.54296875,22957.16015625,23007.74804688,23537897975
2022-08-19T00:00:00Z,23008.31640625,23008.31640625,20793.99023438,20802.66601562,40364302288
2022-08-20T00:00:00Z,20797.97070312,21274.22070312,20779.85351562,21088.04296875,27493953357
2022-08-21T00:00:00Z,21082.39648438,21584.64062500,21025.41015625,21450.43945312,23012532155
2022-08-22T00:00:00Z,21447.79296875,21447.79296875,20929.88671875,21531.79492188,31863147715
2022-08-23T00:00:00Z,21533.94531250,21639.40625000,21131.22460938,21600.09960938,31984913508
2022-08-24T00:00:00Z,21598.46093750,21851.16992188,21305.32617188,21463.26953125,32064212956
2022-08-25T00:00:00Z,21463.70898438,21791.40234375,21405.03710938,21664.15234375,31119531567
2022-08-26T00:00:00Z,21659.31835938,21725.21093750,20272.46484375,20333.21875000,42479716254
2022-08-27T00:00:00Z,20335.68945312,20414.26562500,19960.37890625,20112.12500000,30222499731
2022-08-28T00:00:00Z,20111.41796875,20209.78320312,19742.87304688,19742.87304688,24523391716
2022-08-29T00:00:00Z,19741.20117188,20360.41601562,19721.19335938,20276.19531250,32602801022
2022-08-30T00:00:00Z,20276.81054688,20545.10937500,19573.50195312,19750.18750000,34402151969
2022-08-31T00:00:00Z,19752.95312500,20346.31054688,19752.95312500,19973.79492188,33099342465
2022-09-01T00:00:00Z,19974.52734375,20143.31054688,19757.46679688,20224.71679688,30328353496
2022-09-02T00:00:00Z,20223.64453125,20370.67968750,19897.35351562,20064.06835938,29261522450
2022-09-03T00:00:00Z,20064.01562500,20131.62500000,19791.37109375,19925.73437500,23724552286
2022-09-04T00:00:00Z,19926.12109375,20170.12695312,19729.54101562,20172.34960938,25480345215
2022-09-05T00:00:00Z,20174.44531250,20188.32421875,19844.91015625,19910.02734375,28955481570
2022-09-06T00:00:00Z,19915.40625000,20225.14648438,18984.92187500,19033.14648438,43854382000
2022-09-07T00:00:00Z,19033.16210938,19408.59960938,18860.37109375,19297.73046875,35253289201
2022-09-08T00:00:00Z,19297.34765625,19418.82812500,19196.42187500,19310.75585938,32162701900
2022-09-09T00:00:00Z,19309.06250000,21123.39257812,19285.06640625,21065.99414062,47755087325
2022-09-10T00:00:00Z,21061.81640625,21435.52539062,20852.79882812,21356.97851562,36362838255
2022-09-11T00:00:00Z,21355.01367188,21618.07226562,21087.46679688,21616.78515625,34252356324
2022-09-12T00:00:00Z,21617.66992188,22140.17968750,21431.62695312,22084.77734375,49570880589
2022-09-13T00:00:00Z,22085.79687500,22291.38085938,20126.26953125,20340.89453125,51202341982
2022-09-14T00:00:00Z,20228.49804688,20493.40039062,19821.56250000,20277.40234375,37940323940
2022-09-15T00:00:00Z,20278.60546875,20385.48046875,19641.56445312,19725.56054688,36433988322
2022-09-16T00:00:00Z,19728.35937500,19931.37500000,19388.62890625,19740.73046875,30074833536
2022-09-17T00:00:00Z,19745.17382812,20130.02929688,19745.17382812,20095.13085938,24917216694
2022-09-18T00:00:00Z,20094.78906250,20094.78906250,19366.72656250,19376.41406250,31185424789
2022-09-19T00:00:00Z,19375.48242188,19583.66406250,18436.14648438,19485.47656250,40056431439
2022-09-20T00:00:00Z,19486.93554688,19509.81640625,18884.79492188,18945.28906250,36897489543
2022-09-21T00:00:00Z,18945.78515625,19916.29296875,18590.47851562,18865.09765625,47157959402
2022-09-22T00:00:00Z,18852.12890625,19772.28710938,18761.45507812,19731.42968750,41809324990
2022-09-23T00:00:00Z,19730.25781250,19809.19726562,19130.35546875,19910.89843750,40132156516
2022-09-24T00:00:00Z,19910.23046875,19923.85546875,19465.40625000,19542.84375000,26986222552
2022-09-25T00:00:00Z,19542.12109375,19746.89062500,19321.36132812,19412.43359375,24118253972
2022-09-26T00:00:00Z,19414.29492188,19895.71679688,19417.28710938,19982.44921875,45893779574
2022-09-27T00:00:00Z,19981.58398438,21130.90234375,19736.34375000,19915.50195312,61038527227
2022-09-28T00:00:00Z,19909.32617188,20217.23242188,19419.69921875,20014.08789062,54675909451
2022-09-29T00:00:00Z,20015.17968750,20224.66406250,19460.66992188,19912.34960938,41749234793
2022-09-30T00:00:00Z,19912.73632812,20503.76171875,19770.92382812,19824.31250000,44863548096
2022-10-01T00:00:00Z,19823.61328125,19864.47265625,19616.76171875,19699.39843750,19094957998
2022-10-02T00:00:00Z,19699.14843750,19758.78125000,19366.66992188,19441.17773438,21198925496
2022-10-03T00:00:00Z,19441.13671875,19983.03515625,19439.34765625,19955.74804688,31000744505
2022-10-04T00:00:00Z,19955.75390625,20408.28515625,19902.17382812,20369.74804688,35945344302
2022-10-05T00:00:00Z,20368.80273438,20377.84375000,20091.79882812,20339.48046875,33518385923
2022-10-06T00:00:00Z,20339.80664062,20584.39453125,20323.84179688,20384.90429688,35458437285
2022-10-07T00:00:00Z,20387.06640625,20428.86132812,19867.55664062,20070.54882812,30010373624
2022-10-08T00:00:00Z,20070.01367188,20126.86328125,19804.42187500,19924.64062500,16867541219
2022-10-09T00:00:00Z,19925.57617188,20053.90820312,19855.57031250,19975.67968750,17295505469
2022-10-10T00:00:00Z,19975.66992188,20015.49218750,19685.08593750,19710.34960938,28240067025
2022-10-11T00:00:00Z,19707.79101562,19779.98437500,19518.18359375,19639.00195312,29597054008
2022-10-12T00:00:00Z,19640.26757812,19777.72070312,19629.38671875,19739.67968750,25708459530
2022-10-13T00:00:00Z,19739.18554688,19898.96484375,18991.75781250,19844.62500000,45273200813
2022-10-14T00:00:00Z,19844.24609375,20295.06445312,19663.02539062,19735.28710938,39553939842
2022-10-15T00:00:00Z,19735.06250000,19762.94335938,19564.11328125,19613.88476562,16656110695
2022-10-16T00:00:00Z,19615.19921875,19917.21484375,19615.19921875,19782.62890625,18469292681
2022-10-17T00:00:00Z,19783.10937500,20058.75781250,19695.78906250,19860.89062500,27908350107
2022-10-18T00:00:00Z,19860.59570312,19928.23242188,19441.20703125,19603.66601562,31005869596
2022-10-19T00:00:00Z,19604.28515625,19620.41601562,19586.10351562,19598.53906250,22963192819
2022-10-20T00:00:00Z,19597.05468750,19631.40820312,19433.96289062,19484.06835938,25047170832
2022-10-21T00:00:00Z,19483.51953125,19505.03515625,19323.47460938,19443.50976562,32918164818
2022-10-22T00:00:00Z,19443.41992188,19525.62500000,19402.71484375,19485.17187500,16336666996
2022-10-23T00:00:00Z,19484.71093750,19933.86523438,19399.96875000,19839.81054688,22437313986
2022-10-24T00:00:00Z,19840.58398438,19888.44726562,19460.15429688,19572.32226562,30556236210
2022-10-25T00:00:00Z,19571.70703125,20418.16601562,19516.31445312,20170.08984375,47937955983
2022-10-26T00:00:00Z,20166.45703125,20804.61132812,20164.11132812,20577.94140625,58350102868
2022-10-27T00:00:00Z,20580.28125000,20681.22656250,20317.23242188,20353.02343750,49789468768
2022-10-28T00:00:00Z,20355.15039062,20853.30859375,20212.36914062,20667.62109375,44149093368
2022-10-29T00:00:00Z,20667.37109375,21062.04296875,20638.65234375,20891.52734375,40511498416
2022-10-30T00:00:00Z,20891.03320312,20990.40429688,20642.82421875,20729.80468750,31630080723
2022-10-31T00:00:00Z,20727.88867188,20932.07031250,20524.05078125,20732.39843750,46195709265
2022-11-01T00:00:00Z,20731.51171875,20795.61914062,20557.27539062,20739.08593750,40312664325
2022-11-02T00:00:00Z,20736.74414062,20820.45117188,20464.15039062,20541.52539062,56604883095
2022-11-03T00:00:00Z,20544.77148438,20741.55468750,20610.13085938,20729.24218750,44339426458
2022-11-04T00:00:00Z,20727.99414062,21374.08398438,20690.94335938,21184.30078125,64185047442
2022-11-05T00:00:00Z,21181.89843750,21482.27343750,21134.61914062,21317.80859375,37908493588
2022-11-06T00:00:00Z,21320.17773438,21380.59570312,21070.98437500,21077.32421875,35335569263
2022-11-07T00:00:00Z,21075.44531250,21195.94531250,20450.91992188,20566.69921875,53417047712
2022-11-08T00:00:00Z,20564.56054688,20635.36523438,17499.06640625,18392.84960938,118039930919
2022-11-09T00:00:00Z,18395.31835938,18456.92382812,15661.39550781,15849.86035156,102704795276
2022-11-10T00:00:00Z,15852.23339844,17705.77343750,15809.52246094,17255.77148438,81636333539
2022-11-11T00:00:00Z,17252.31835938,17331.99218750,16080.84375000,16424.14257812,53870351057
2022-11-12T00:00:00Z,16426.63085938,16455.36328125,16053.45996094,16213.07812500,28680878604
2022-11-13T00:00:00Z,16213.59667969,16330.41796875,15796.93847656,15835.81445312,26348067437
2022-11-14T00:00:00Z,15834.51953125,16582.33984375,15410.02343750,16103.03515625,48091705519
2022-11-15T00:00:00Z,16102.34277344,16423.69921875,16029.81445312,16301.79101562,35336096844
2022-11-16T00:00:00Z,16301.52734375,16369.05957031,15789.33691406,16038.63476562,32641703726
2022-11-17T00:00:00Z,16039.58398438,16101.67285156,15869.74511719,16106.12500000,26897961057
2022-11-18T00:00:00Z,16106.50488281,16340.96386719,16029.24316406,16141.69140625,25967626142
2022-11-19T00:00:00Z,16140.18554688,16236.89550781,16017.02539062,16153.44921875,15568340052
2022-11-20T00:00:00Z,16154.77539062,16187.50488281,15737.99609375,15770.03808594,20630753760
2022-11-21T00:00:00Z,15769.44824219,15769.44824219,15234.93457031,15408.91015625,36532413039
2022-11-22T00:00:00Z,15404.04687500,15811.79394531,15273.31640625,15701.48632812,29800107605
2022-11-23T00:00:00Z,15707.12988281,16013.54492188,15683.86718750,15944.16894531,31636334826
2022-11-24T00:00:00Z,15945.06250000,16096.62500000,15832.67089844,15953.93554688,25105353987
2022-11-25T00:00:00Z,15951.82617188,15952.63281250,15741.80078125,15865.79199219,17936579787
2022-11-26T00:00:00Z,15865.53808594,16003.52148438,15762.86230469,15809.00292969,17283608415
2022-11-27T00:00:00Z,15808.62109375,15989.20703125,15855.13867188,15862.07617188,19719673404
2022-11-28T00:00:00Z,15857.82714844,15875.42187500,15460.83398438,15678.68066406,26821568319
2022-11-29T00:00:00Z,15678.98730469,15928.06738281,15593.77148438,15928.90722656,22841645014
2022-11-30T00:00:00Z,15929.38574219,16487.51953125,15929.38574219,16471.53906250,28324948897
2022-12-01T00:00:00Z,16470.99804688,16385.82617188,16049.25488281,16116.96191406,21748173431
2022-12-02T00:00:00Z,16118.43359375,16218.26660156,16131.01855469,16218.26660156,18544469786
2022-12-03T00:00:00Z,16219.63183594,16244.25195312,16026.71093750,16045.78125000,15390540350
2022-12-04T00:00:00Z,16045.71875000,16281.86328125,16041.22949219,16247.13574219,15956947589
2022-12-05T00:00:00Z,16245.62597656,16424.75390625,16136.50292969,16171.79785156,21158441563
2022-12-06T00:00:00Z,16172.19140625,16330.74609375,16182.04687500,16326.09863281,19001419647
2022-12-07T00:00:00Z,16326.10058594,16359.90136719,16019.41308594,16027.47265625,18717035116
2022-12-08T00:00:00Z,16026.73242188,16356.06640625,15977.71777344,16326.21777344,19417560064
2022-12-09T00:00:00Z,16324.96191406,16367.99511719,16236.14941406,16244.91796875,19274539758
2022-12-10T00:00:00Z,16245.93164062,16332.43164062,16241.22949219,16248.85546875,12054059993
2022-12-11T00:00:00Z,16249.79199219,16376.31738281,16243.12597656,16257.10742188,13423070672
2022-12-12T00:00:00Z,16255.49902344,16329.62792969,16076.05566406,16322.68164062,18609983128
2022-12-13T00:00:00Z,16322.68359375,16820.67968750,16218.59765625,16736.25781250,25069337961
2022-12-14T00:00:00Z,16736.96093750,17154.38867188,16621.23242188,16687.33203125,23917306155
2022-12-15T00:00:00Z,16685.45312500,16720.27539062,16294.89257812,16322.27832031,19705742862
2022-12-16T00:00:00Z,16321.97949219,16452.95312500,15649.15820312,15708.39941406,22675985898
2022-12-17T00:00:00Z,15707.92675781,15857.84179688,15674.42285156,15852.65136719,13651972395
2022-12-18T00:00:00Z,15853.14062500,15875.10351562,15760.83886719,15832.53515625,10321068134
2022-12-19T00:00:00Z,15833.54003906,15861.48144531,15459.55566406,15491.15917969,16227470460
2022-12-20T00:00:00Z,15493.14550781,15982.21875000,15492.87500000,15911.11523438,21384560398
2022-12-21T00:00:00Z,15909.44238281,15921.78710938,15786.71679688,15853.26757812,14029601625
2022-12-22T00:00:00Z,15854.06445312,15839.22363281,15677.45214844,15875.79199219,15509072793
2022-12-23T00:00:00Z,15875.13378906,15921.41992188,15859.44433594,15746.62207031,14370710930
2022-12-24T00:00:00Z,15746.64453125,15809.93359375,15743.41210938,15794.04589844,9135177431
2022-12-25T00:00:00Z,15793.81152344,15806.04394531,15777.09863281,15857.25292969,10974843059
2022-12-26T00:00:00Z,15857.50000000,15903.12304688,15816.23730469,15902.82324219,11172480318
2022-12-27T00:00:00Z,15902.34082031,15935.18359375,15632.48144531,15716.21679688,14805618249
2022-12-28T00:00:00Z,15715.48925781,15743.26660156,15546.35742188,15573.18945312,15999519839
2022-12-29T00:00:00Z,15572.95507812,15637.79785156,15534.27441406,15611.14941406,13575508700
2022-12-30T00:00:00Z,15610.20019531,15611.36816406,15346.84667969,15478.65625000,14850822297
2022-12-31T00:00:00Z,15479.67187500,15502.72265625,15398.80371094,15426.75000000,10477967597
2023-01-01T00:00:00Z,15427.14062500,15541.69433594,15402.26660156,15528.42382812,8634566625
2023-01-02T00:00:00Z,15528.82519531,15699.34863281,15475.97558594,15630.73925781,11331006135
2023-01-03T00:00:00Z,15631.09179688,15727.68554688,15769.70898438,15817.34179688,13184150981
2023-01-04T00:00:00Z,15817.67187500,16002.79492188,15783.75585938,15899.84179688,17369309126
2023-01-05T00:00:00Z,15900.06152344,15902.21582031,15902.74902344,16002.54394531,13014337151
2023-01-06T00:00:00Z,16002.29394531,15960.68164062,15921.38964844,15896.70898438,13516412396
2023-01-07T00:00:00Z,15896.84765625,15945.71972656,15861.75683594,15900.09863281,7234738931
2023-01-08T00:00:00Z,15899.22460938,16028.55371094,15871.00195312,16028.55371094,9161480345
2023-01-09T00:00:00Z,16031.22460938,16171.89550781,16031.22460938,16022.66601562,17353356453
2023-01-10T00:00:00Z,16019.30761719,16285.39160156,16004.18066406,16246.45898438,14721152054
2023-01-11T00:00:00Z,16246.52148438,16659.36718750,16120.83300781,16659.36718750,17065646959
2023-01-12T00:00:00Z,16829.07031250,17534.81835938,16727.80078125,17375.47460938,32202273140
2023-01-13T00:00:00Z,17374.84765625,18406.22656250,17274.23437500,18355.75195312,26944191476
2023-01-14T00:00:00Z,18356.63867188,19435.72851562,18354.14257812,19344.57421875,35936519640
2023-01-15T00:00:00Z,19345.66601562,19360.66601562,19003.99023438,19293.44140625,17831342602
2023-01-16T00:00:00Z,19294.75781250,19744.13281250,19136.06640625,19544.50390625,24735714659
2023-01-17T00:00:00Z,19550.22851562,19730.42773438,19381.39648438,19613.13085938,23170734580
2023-01-18T00:00:00Z,19612.69726562,19814.52148438,18990.41210938,19160.00390625,27788389733
2023-01-19T00:00:00Z,19158.11914062,19531.64062500,19156.85546875,19464.43945312,19525411574
2023-01-20T00:00:00Z,19463.12695312,20863.35351562,19292.68554688,20848.82226562,26477942481
2023-01-21T00:00:00Z,20849.62695312,21404.37109375,20697.37890625,20940.35937500,29825451809
2023-01-22T00:00:00Z,20940.69140625,21196.95117188,20597.89843750,20912.84765625,22777637981
2023-01-23T00:00:00Z,20913.46679688,21279.79101562,20856.54882812,21096.00781250,24392961479
2023-01-24T00:00:00Z,21091.58789062,21263.07226562,20715.77343750,20786.66210938,24247300228
2023-01-25T00:00:00Z,20789.23242188,21735.68164062,20572.83203125,21168.35351562,28097700420
2023-01-26T00:00:00Z,21160.19921875,21293.22656250,21082.17578125,21143.85937500,24196232919
2023-01-27T00:00:00Z,21141.96875000,21539.57226562,20805.50195312,21228.64453125,23348505923
2023-01-28T00:00:00Z,21229.78125000,21304.91015625,21070.45703125,21182.89062500,13532245302
2023-01-29T00:00:00Z,21183.22070312,22008.57031250,21140.56445312,21867.86914062,25224334965
2023-01-30T00:00:00Z,21867.94531250,21884.20117188,20880.77539062,21050.04296875,25073357016
2023-01-31T00:00:00Z,21050.64843750,21380.95507812,20969.88867188,21305.56445312,21027999257
2023-02-01T00:00:00Z,21304.23046875,21628.20312500,20978.02734375,21541.99023438,24229303228
2023-02-02T00:00:00Z,21539.31445312,21932.17773438,21521.57031250,21524.57421875,29406567597
2023-02-03T00:00:00Z,21522.32031250,21859.97851562,21548.53320312,21701.17382812,25064023436
2023-02-04T00:00:00Z,21698.39843750,21789.00000000,21555.39257812,21580.79296875,14465569183
2023-02-05T00:00:00Z,21581.16210938,21635.33789062,21170.56640625,21276.36718750,18133058539
2023-02-06T00:00:00Z,21274.84375000,21532.83398438,21155.50390625,21213.24023438,22205763797
2023-02-07T00:00:00Z,21210.59179688,21693.79882812,21207.39843750,21680.20312500,25336708782
2023-02-08T00:00:00Z,21679.38671875,21783.05078125,21200.02148438,21407.87304688,23677473761
2023-02-09T00:00:00Z,21414.56054688,21459.90820312,20272.85546875,20316.77734375,30329918018
2023-02-10T00:00:00Z,20316.74609375,20457.69726562,20174.65625000,20256.52343750,25334151033
2023-02-11T00:00:00Z,20257.13867188,20481.27539062,20225.89648438,20462.06250000,15302639919
2023-02-12T00:00:00Z,20462.08789062,20617.12500000,20302.17382812,20405.87304688,16690407937
2023-02-13T00:00:00Z,20404.74414062,20494.04687500,20022.11328125,20322.70898438,22289589211
2023-02-14T00:00:00Z,20316.85742188,20710.34960938,20187.17773438,20698.39062500,24956955411
2023-02-15T00:00:00Z,20698.18554688,22735.56250000,20591.49804688,22735.56250000,30382227264
2023-02-16T00:00:00Z,22735.10156250,23541.44335938,22128.71093750,22149.27539062,36863147459
2023-02-17T00:00:00Z,22147.22070312,23301.11132812,22003.04492188,22923.21875000,38593349279
2023-02-18T00:00:00Z,22922.93359375,23140.81054688,22832.44335938,22993.78515625,18313290723
2023-02-19T00:00:00Z,22992.61914062,23415.35937500,22770.06445312,22770.06445312,23918940029
2023-02-20T00:00:00Z,22778.47070312,23408.19140625,22409.27734375,23243.06250000,27135662957
2023-02-21T00:00:00Z,23246.71289062,23534.99023438,22724.40820312,22941.82617188,29340720356
2023-02-22T00:00:00Z,22942.82617188,22972.33203125,22263.15820312,22807.73242188,28475667565
2023-02-23T00:00:00Z,22809.50195312,23132.16406250,22337.93945312,22597.16601562,28757798964
2023-02-24T00:00:00Z,22595.76367188,22725.42968750,21807.94335938,21916.64062500,25330637326
2023-02-25T00:00:00Z,21918.52734375,21926.54687500,21623.60546875,21920.42968750,15228867492
2023-02-26T00:00:00Z,21919.26953125,22421.40625000,21834.21093750,22325.52148438,15771595568
2023-02-27T00:00:00Z,22325.74609375,22517.22070312,21880.15039062,22171.48242188,21358902631
2023-02-28T00:00:00Z,22170.50976562,22221.93750000,21816.54882812,21885.33593750,19415754884
2023-03-01T00:00:00Z,21888.71875000,22427.16210938,21846.82812500,22164.50195312,23117097627
2023-03-02T00:00:00Z,22164.94335938,22244.99609375,21932.42187500,22150.04101562,19235382456
2023-03-03T00:00:00Z,22151.14257812,22156.49804688,20890.90625000,21014.58984375,24491284673
2023-03-04T00:00:00Z,21014.81835938,21054.52539062,20860.75976562,21005.82226562,10492892157
2023-03-05T00:00:00Z,21006.56835938,21250.46484375,20962.40234375,21114.17382812,12532696916
2023-03-06T00:00:00Z,21115.40039062,21145.71875000,20982.52539062,20988.77929688,16238354371
2023-03-07T00:00:00Z,20987.43750000,21080.25781250,20865.44335938,21064.69726562,21582012937
2023-03-08T00:00:00Z,21061.54296875,21122.98242188,20579.21093750,20587.60937500,21363501847
2023-03-09T00:00:00Z,20589.50585938,20665.94531250,19103.75195312,19235.70312500,28683645998
2023-03-10T00:00:00Z,19239.46484375,19235.54492188,18531.48632812,18943.58789062,37139999552
2023-03-11T00:00:00Z,18944.18359375,19511.58203125,18850.01171875,19379.52734375,28347620356
2023-03-12T00:00:00Z,19375.41210938,20769.53710938,19207.07226562,20749.80078125,27410915939
2023-03-13T00:00:00Z,20742.74023438,22875.21875000,20541.51757812,22565.94140625,46130944785
2023-03-14T00:00:00Z,22569.88867188,24711.39843750,22474.36523438,23069.60156250,50921737937
2023-03-15T00:00:00Z,23092.76953125,23923.96484375,22718.16015625,23035.96679688,41255860230
2023-03-16T00:00:00Z,23033.59960938,23726.84375000,22874.43945312,23604.21289062,31907892190
2023-03-17T00:00:00Z,23606.41015625,25844.05468750,23514.15820312,25505.62695312,47181679555
2023-03-18T00:00:00Z,25528.12109375,25752.55859375,24719.27539062,25025.17187500,33152085580
2023-03-19T00:00:00Z,25028.53515625,26626.99218750,24971.19531250,26251.65820312,35362250805
2023-03-20T00:00:00Z,26254.39843750,26762.22851562,25536.76757812,25905.30468750,41771705239
2023-03-21T00:00:00Z,25906.38281250,26409.88671875,25616.03515625,26153.63867188,33511138451
2023-03-22T00:00:00Z,26137.76953125,26538.81835938,24628.96484375,25124.20703125,30713129240
2023-03-23T00:00:00Z,25119.16601562,26349.54687500,24972.43164062,26151.00976562,22354394596
2023-03-24T00:00:00Z,26141.90820312,26205.14062500,25123.58789062,25512.39453125,24108429555
2023-03-25T00:00:00Z,25506.87500000,25789.42382812,25236.74609375,25513.71289062,12418760406
2023-03-26T00:00:00Z,25514.47070312,26134.21484375,25467.63085938,25974.14648438,12876844991
2023-03-27T00:00:00Z,25973.90429688,26039.52343750,24684.33007812,25114.81835938,16831712575
2023-03-28T00:00:00Z,25108.34179688,25314.55468750,24660.62890625,25156.84179688,16406669558
2023-03-29T00:00:00Z,25155.82812500,26415.52343750,25131.77148438,26145.06054688,19077208485
2023-03-30T00:00:00Z,26146.62695312,26917.97265625,25434.82617188,25708.37500000,20574494720
2023-03-31T00:00:00Z,25707.18164062,26311.75976562,25343.11718750,26205.18945312,17484546622
2023-04-01T00:00:00Z,26200.44726562,26503.30078125,26038.35156250,26143.12304688,10008255691
2023-04-02T00:00:00Z,26190.79882812,26242.43164062,25746.60546875,26103.36718750,11371573698
2023-04-03T00:00:00Z,26088.34570312,26207.36914062,25016.27148438,25479.76953125,17930593363
2023-04-04T00:00:00Z,25484.40234375,26048.49218750,25385.25195312,25706.50781250,13948838292
2023-04-05T00:00:00Z,25708.00195312,26218.40429688,25511.51562500,25843.80468750,15639753287
2023-04-06T00:00:00Z,25841.27539062,25844.17187500,25433.69531250,25681.84179688,12672181507
2023-04-07T00:00:00Z,25677.10546875,25754.29492188,25462.47460938,25395.77734375,9877612244
2023-04-08T00:00:00Z,25390.91406250,25608.58007812,25357.15234375,25419.80468750,8525407098
2023-04-09T00:00:00Z,25423.96484375,26157.87109375,25311.28320312,25962.48046875,11156638030
2023-04-10T00:00:00Z,25965.20898438,27400.61328125,26009.78906250,27280.26757812,17739499568
2023-04-11T00:00:00Z,27280.91015625,27958.43359375,27230.93359375,27697.03710938,18432220928
2023-04-12T00:00:00Z,27693.85156250,27729.32617188,27085.97265625,27405.62109375,16960311794
2023-04-13T00:00:00Z,27181.64648438,27634.34570312,27183.59960938,27505.62304688,15823204741
2023-04-14T00:00:00Z,27515.11914062,28022.12500000,27368.64453125,27455.93945312,20407976788
2023-04-15T00:00:00Z,27460.48632812,27560.44726562,27242.40625000,27307.80859375,10754951438
2023-04-16T00:00:00Z,27305.53906250,27807.09765625,27163.09960938,27598.18945312,11702639221
2023-04-17T00:00:00Z,27599.82031250,27601.68750000,26813.01953125,26952.84570312,16359502747
2023-04-18T00:00:00Z,26956.55078125,27766.55078125,26681.84765625,27696.79101562,17749723411
2023-04-19T00:00:00Z,27693.72460938,27706.90234375,26179.28710938,26317.67187500,22436026098
2023-04-20T00:00:00Z,26318.58789062,26506.74414062,25589.49218750,25753.05273438,19456902835
2023-04-21T00:00:00Z,25756.00976562,25848.96289062,24491.83398438,24581.54101562,18708153910
2023-04-22T00:00:00Z,24571.61523438,25117.95703125,24484.81054688,25068.71484375,11828715138
2023-04-23T00:00:00Z,25067.49218750,25071.18750000,24692.75195312,25101.64843750,11631739252
2023-04-24T00:00:00Z,25101.96289062,25459.15429688,24538.48046875,24893.00781250,16010269757
2023-04-25T00:00:00Z,24883.54296875,25848.43554688,24663.63671875,25785.67382812,16153506926
2023-04-26T00:00:00Z,25778.80664062,27136.87500000,24760.71484375,25732.86132812,28839652117
2023-04-27T00:00:00Z,25738.08007812,27095.58398438,25714.92382812,26717.72265625,24614353536
2023-04-28T00:00:00Z,26724.27343750,26800.43164062,26304.99804688,26368.09375000,15767210594
2023-04-29T00:00:00Z,26364.77343750,26468.92187500,26140.66796875,26284.85546875,9582232246
2023-04-30T00:00:00Z,26282.18359375,26917.10937500,26164.01367188,26581.58007812,13306951553
2023-05-01T00:00:00Z,26543.70507812,26639.70703125,25218.22656250,25610.46484375,17007900075
2023-05-02T00:00:00Z,25606.45898438,26249.28710938,25418.60351562,26047.43359375,14924250592
2023-05-03T00:00:00Z,26047.39648438,26427.32812500,25484.50781250,26205.54492188,17276515661
2023-05-04T00:00:00Z,26228.12890625,26550.07226562,26053.90039062,26170.32617188,14105590112
2023-05-05T00:00:00Z,26173.74414062,26895.93359375,26173.11914062,26344.96679688,15999596700
2023-05-06T00:00:00Z,26348.95703125,26599.85156250,25394.60351562,25783.21289062,14195328248
2023-05-07T00:00:00Z,25780.53710938,26008.79687500,25808.91992188,25825.05468750,10256839007
2023-05-08T00:00:00Z,25820.95312500,26001.97265625,24821.96289062,25183.92578125,17389508142
2023-05-09T00:00:00Z,25184.64843750,25384.13476562,24998.43945312,25225.35546875,12885559621
2023-05-10T00:00:00Z,25221.58203125,25746.31445312,24505.40625000,25150.43750000,18807930467
2023-05-11T00:00:00Z,25149.82812500,25148.23046875,24538.31250000,24743.68359375,15326289136
2023-05-12T00:00:00Z,24731.65625000,24780.51171875,23848.00781250,24502.44140625,17654561666
2023-05-13T00:00:00Z,24504.98242188,24708.56445312,24416.41015625,24488.30859375,9142102610
2023-05-14T00:00:00Z,24492.78320312,24823.75781250,24376.10351562,24813.75585938,9227640971
2023-05-15T00:00:00Z,24814.44335938,25414.26562500,24664.02148438,25008.22265625,13255373642
2023-05-16T00:00:00Z,24988.74609375,25092.81054688,24707.42382812,24882.45117188,11717772224
2023-05-17T00:00:00Z,24881.36523438,25338.47265625,24603.93750000,25280.46289062,13969457290
2023-05-18T00:00:00Z,25283.09179688,25390.71679688,24533.50000000,24902.06054688,14127891735
2023-05-19T00:00:00Z,24896.99804688,25074.60351562,24681.51367188,24855.89062500,10407241214
2023-05-20T00:00:00Z,24854.70117188,25102.99023438,24812.58398438,25079.34960938,6512513319
2023-05-21T00:00:00Z,25069.02929688,25205.37890625,24711.94140625,24719.41210938,7989850043
2023-05-22T00:00:00Z,24715.77734375,25005.29687500,24529.72460938,24837.51171875,10227545876
2023-05-23T00:00:00Z,24841.84375000,25394.00976562,24806.81640625,25280.44921875,12718537978
2023-05-24T00:00:00Z,25279.40625000,25279.40625000,24262.38281250,24484.87695312,15154141239
2023-05-25T00:00:00Z,24479.89648438,24803.18554688,24097.72265625,24689.77929688,12916545895
2023-05-26T00:00:00Z,24687.89062500,25104.23632812,24543.26171875,24898.37109375,11845322375
2023-05-27T00:00:00Z,24899.20117188,25056.40625000,24806.91015625,25037.27539062,7354174309
2023-05-28T00:00:00Z,25039.88867188,26294.08398438,24976.14453125,26196.15820312,13566684713
2023-05-29T00:00:00Z,26186.77929688,26524.64648438,25725.83593750,25914.65625000,14179342591
2023-05-30T00:00:00Z,25913.94531250,26131.18164062,25720.67773438,25813.79687500,12347715848
2023-05-31T00:00:00Z,25812.10156250,25934.08593750,25236.03710938,25454.46289062,14641055840
2023-06-01T00:00:00Z,25453.29882812,25569.97656250,24946.99414062,24924.98046875,13641813081
2023-06-02T00:00:00Z,24929.24023438,25485.42382812,24698.26171875,25434.76562500,13849243161
2023-06-03T00:00:00Z,25437.31835938,25497.73632812,25162.60156250,25271.92578125,7827116679
2023-06-04T00:00:00Z,25271.91796875,25598.12890625,25172.14062500,25352.39648438,8751095685
2023-06-05T00:00:00Z,25356.17578125,25372.66601562,23747.28710938,24049.57421875,20084766988
2023-06-06T00:00:00Z,24023.44531250,25540.82617188,23819.09179688,25459.98242188,20497575478
2023-06-07T00:00:00Z,25457.05273438,25532.35742188,24439.04101562,24606.05664062,18240241845
2023-06-08T00:00:00Z,24607.60156250,24855.73828125,24505.19726562,24585.15039062,11041176912
2023-06-09T00:00:00Z,24583.02539062,24859.05078125,24438.08984375,24635.19531250,10247976986
2023-06-10T00:00:00Z,24636.48632812,24682.33593750,23714.92187500,24039.84375000,18480436760
2023-06-11T00:00:00Z,24042.43945312,24361.99218750,23870.35937500,24130.29687500,9983784698
2023-06-12T00:00:00Z,24124.82421875,24209.35351562,23915.75390625,24067.69726562,10850686659
2023-06-13T00:00:00Z,24068.10546875,24433.07421875,23841.75585938,24021.91796875,13108412593
2023-06-14T00:00:00Z,24023.33593750,24126.42578125,22988.29687500,23170.25390625,13156001847
2023-06-15T00:00:00Z,23167.48437500,23514.35156250,22886.79492188,23366.49218750,14468971047
2023-06-16T00:00:00Z,23365.47656250,24186.17578125,23090.86914062,24029.07421875,14899505285
2023-06-17T00:00:00Z,24030.18554688,24432.42578125,23889.45898438,24196.29492188,10122095681
2023-06-18T00:00:00Z,24196.09375000,24387.42382812,24060.57421875,24065.60937500,8740979157
2023-06-19T00:00:00Z,24064.90625000,24711.83203125,24062.45312500,24580.53320312,11742349094
2023-06-20T00:00:00Z,24571.95898438,25997.82226562,24462.42968750,25940.92578125,20340532225
2023-06-21T00:00:00Z,25926.11132812,28035.02539062,25896.99804688,27317.93359375,30337882736
2023-06-22T00:00:00Z,27289.40234375,27740.04492188,27076.02734375,27303.24218750,18851729873
2023-06-23T00:00:00Z,27288.73046875,28834.90039062,27282.31640625,28118.58398438,22091067976
2023-06-24T00:00:00Z,28130.74023438,28218.14062500,27747.28906250,27984.13281250,11128012797
2023-06-25T00:00:00Z,27980.88476562,28435.35742188,27801.53320312,27947.59570312,11647907874
2023-06-26T00:00:00Z,27947.83593750,28073.41796875,27464.80273438,27746.60937500,15117704681
2023-06-27T00:00:00Z,27749.53320312,28300.29687500,27721.14257812,28006.04882812,14992964810
2023-06-28T00:00:00Z,28013.71289062,28019.84375000,27406.71484375,27560.50585938,13348223289
2023-06-29T00:00:00Z,27560.45117188,28315.76562500,27563.47656250,28014.89843750,12128632702
2023-06-30T00:00:00Z,28011.22070312,28758.47070312,27125.81054688,27918.68554688,24172091842
2023-07-01T00:00:00Z,27913.73632812,28068.95312500,27782.75585938,28022.04101562,8323786098
2023-07-02T00:00:00Z,28019.46875000,28195.56640625,27707.94921875,28072.72460938,9656900726
2023-07-03T00:00:00Z,28076.15820312,28757.50585938,28074.07617188,28549.08203125,13993841916
2023-07-04T00:00:00Z,28549.47070312,28713.30273438,28162.61132812,28281.73437500,11771959918
2023-07-05T00:00:00Z,28282.78710938,28385.06640625,27740.13085938,28109.28320312,11497920664
2023-07-06T00:00:00Z,28102.82226562,28956.96679688,27576.77343750,27465.17578125,19402560820
2023-07-07T00:00:00Z,27463.94726562,27751.70898438,27342.93164062,27661.82812500,12202359559
2023-07-08T00:00:00Z,27666.07421875,27682.32031250,27420.38085938,27613.98437500,6845376907
2023-07-09T00:00:00Z,27613.13476562,27739.61718750,27434.66015625,27504.66992188,7204823687
2023-07-10T00:00:00Z,27505.75390625,28205.22265625,27358.94335938,27635.56250000,13473385341
2023-07-11T00:00:00Z,27638.43554688,28007.11328125,27642.71679688,27802.66015625,11033408180
2023-07-12T00:00:00Z,27803.83593750,28085.42578125,27143.89257812,27279.84570312,13289708218
2023-07-13T00:00:00Z,27276.11328125,28345.68359375,27159.49023438,28044.08984375,21103491550
2023-07-14T00:00:00Z,28042.90625000,28105.20703125,26681.35156250,26979.12109375,18604382626
2023-07-15T00:00:00Z,26977.08789062,27044.67968750,26916.32421875,26961.96679688,7130039801
2023-07-16T00:00:00Z,26963.44726562,27088.12109375,26778.51367188,26939.87695312,7584852317
2023-07-17T00:00:00Z,26940.31835938,27019.99414062,26400.27929688,26828.54492188,11783169579
2023-07-18T00:00:00Z,26829.59765625,26886.18554688,26358.51171875,26590.16601562,11701462491
2023-07-19T00:00:00Z,26595.04882812,26893.68359375,26624.36718750,26696.83007812,10824232222
2023-07-20T00:00:00Z,26698.01562500,26931.33398438,26642.81054688,26756.26953125,13161870825
2023-07-21T00:00:00Z,26768.03125000,27003.92968750,26706.61718750,26865.52929688,9856308454
2023-07-22T00:00:00Z,26865.48632812,26940.59960938,26656.00195312,26752.76367188,7074900677
2023-07-23T00:00:00Z,26769.21484375,27254.93164062,26725.55859375,27041.06640625,8287398296
2023-07-24T00:00:00Z,27038.48046875,27038.64453125,26125.64257812,26373.33398438,13916448698
2023-07-25T00:00:00Z,26375.19140625,26589.50195312,26252.15429688,26449.91210938,9291121374
2023-07-26T00:00:00Z,26448.43554688,26765.59765625,26362.93750000,26498.29296875,12184040124
2023-07-27T00:00:00Z,26497.23437500,26550.53710938,26500.77929688,26607.66601562,9810973539
2023-07-28T00:00:00Z,26609.00976562,26773.41601562,26589.24609375,26577.89648438,10169547544
2023-07-29T00:00:00Z,26578.07812500,26648.23828125,26527.96679688,26612.04687500,5875729907
2023-07-30T00:00:00Z,26612.20507812,26677.98437500,26367.25585938,26556.15820312,7872382313
2023-07-31T00:00:00Z,26558.88476562,26757.51757812,26497.67578125,26580.54687500,10600152979
2023-08-01T00:00:00Z,26581.24023438,26958.77148438,26140.93750000,26958.77148438,16599463506
2023-08-02T00:00:00Z,26984.58398438,27262.20898438,26438.58398438,26638.91406250,17556428623
2023-08-03T00:00:00Z,26647.91796875,26870.72265625,26519.10156250,26644.65625000,11670447577
2023-08-04T00:00:00Z,26640.73242188,26573.96679688,26236.89648438,26368.83398438,10916666747
2023-08-05T00:00:00Z,26370.01171875,26394.56835938,26263.36132812,26339.84375000,5984408159
2023-08-06T00:00:00Z,26341.27343750,26474.81835938,26268.83593750,26395.76562500,6607433069
2023-08-07T00:00:00Z,26392.72656250,26572.43554688,26126.47265625,26521.00195312,12376977033
2023-08-08T00:00:00Z,26520.49414062,27545.89257812,26514.79492188,27159.88085938,16032469557
2023-08-09T00:00:00Z,27160.97851562,27402.84179688,26771.63671875,26929.60546875,16743174060
2023-08-10T00:00:00Z,26931.86132812,26893.11914062,26711.60742188,26798.73437500,10804642291
2023-08-11T00:00:00Z,26794.46289062,26878.56054688,26705.85742188,26831.29492188,9305130013
2023-08-12T00:00:00Z,26833.18554688,26892.80859375,26794.66992188,26847.95117188,5653590554
2023-08-13T00:00:00Z,26848.52539062,26871.19531250,26743.67968750,26758.69726562,6698052713
2023-08-14T00:00:00Z,26759.01562500,27126.17187500,26637.86718750,26960.86523438,12847377485
2023-08-15T00:00:00Z,26960.50585938,26901.49804688,26674.79882812,26752.15429688,11592336189
2023-08-16T00:00:00Z,26750.98632812,26794.56445312,26393.15234375,26393.15234375,13746827219
2023-08-17T00:00:00Z,26391.33398438,26446.81640625,23373.71484375,24520.58593750,28618579170
2023-08-18T00:00:00Z,24494.40429688,24655.84570312,23596.92773438,23921.72460938,22063677425
2023-08-19T00:00:00Z,23920.14257812,24105.28906250,23694.76367188,23964.56250000,9763024956
2023-08-20T00:00:00Z,23965.16601562,24155.75585938,23880.17968750,24081.24414062,8309108586
2023-08-21T00:00:00Z,24080.42187500,24065.94921875,23741.98437500,23971.85156250,12269915353
2023-08-22T00:00:00Z,23977.91406250,23987.11718750,23533.32812500,23999.80664062,13371753989
2023-08-23T00:00:00Z,24007.93750000,24651.09765625,23857.65039062,24326.12109375,15632236498
2023-08-24T00:00:00Z,24326.01171875,24454.25781250,23956.74218750,24227.37695312,11919540643
2023-08-25T00:00:00Z,24228.58789062,24234.34960938,23941.74023438,24129.41406250,11492414331
2023-08-26T00:00:00Z,24129.01171875,24184.73242188,24070.32226562,24093.09570312,5590389230
2023-08-27T00:00:00Z,24092.89062500,24238.44921875,24052.92382812,24163.88281250,6403428781
2023-08-28T00:00:00Z,24163.81054688,24243.50976562,23932.87890625,24115.00781250,10163610214
2023-08-29T00:00:00Z,24111.62304688,25887.89257812,23967.39453125,25509.86718750,27019625216
2023-08-30T00:00:00Z,25508.66210938,25539.48632812,24772.76367188,24975.57812500,14953594670
2023-08-31T00:00:00Z,24979.84570312,25271.09765625,23752.98242188,23916.75390625,18613058724
2023-09-01T00:00:00Z,23919.10351562,24086.71875000,23508.60156250,23917.24609375,15947036076
2023-09-02T00:00:00Z,23917.41796875,24074.42773438,23873.09179688,23980.34960938,9363049087
2023-09-03T00:00:00Z,23980.97460938,24161.78710938,23911.60546875,24071.60742188,8307507381
2023-09-04T00:00:00Z,24070.31250000,24181.35546875,23767.30859375,23919.56445312,9897413453
2023-09-05T00:00:00Z,23921.92187500,24137.24023438,23726.88476562,24037.84765625,10344990792
2023-09-06T00:00:00Z,24041.52929688,24192.18164062,23694.64648438,24014.71289062,11891808448
2023-09-07T00:00:00Z,24010.12109375,24686.88867188,23952.19531250,24530.30468750,10365759745
2023-09-08T00:00:00Z,24534.99218750,24654.30468750,23993.21679688,24194.58593750,10102870009
2023-09-09T00:00:00Z,24194.37109375,24209.83007812,24105.71093750,24185.26953125,5119273334
2023-09-10T00:00:00Z,24184.83203125,24251.88281250,23925.74804688,24104.98046875,7371357332
2023-09-11T00:00:00Z,24104.50390625,24124.25195312,23192.75585938,23412.44140625,13584488417
2023-09-12T00:00:00Z,23410.58398438,24645.74804688,23403.67187500,24023.84570312,17350430194
2023-09-13T00:00:00Z,24027.76367188,24548.66992188,23960.48632812,24437.32226562,12179450287
2023-09-14T00:00:00Z,24437.27929688,25165.30859375,24351.88085938,24954.43359375,12986392832
2023-09-15T00:00:00Z,24948.92773438,25153.75976562,24606.50781250,24936.52343750,10758314752
2023-09-16T00:00:00Z,24934.18554688,25073.41992188,24810.19140625,24898.65039062,6936865556
2023-09-17T00:00:00Z,24898.31835938,24938.40234375,24783.18750000,24872.56445312,6349996049
2023-09-18T00:00:00Z,24871.44531250,25725.35546875,24753.90039062,25021.53906250,14604012182
2023-09-19T00:00:00Z,25027.68359375,25734.21093750,24952.45117188,25474.99414062,12926732278
2023-09-20T00:00:00Z,25474.16210938,25619.44140625,25169.36132812,25475.59765625,12470304435
2023-09-21T00:00:00Z,25473.56250000,25533.72656250,24798.58007812,24921.82031250,12543109513
2023-09-22T00:00:00Z,24918.46679688,25111.50195312,24866.29492188,24924.99023438,9920219726
2023-09-23T00:00:00Z,24924.04101562,24976.20703125,24869.61718750,24924.82226562,6943757707
2023-09-24T00:00:00Z,24924.80859375,25032.38476562,24622.50976562,24657.96875000,7693979394
2023-09-25T00:00:00Z,24655.10351562,24945.94726562,24474.37304688,24829.97265625,11327874247
2023-09-26T00:00:00Z,24826.45898438,24927.88476562,24677.22265625,24805.45117188,9447779085
2023-09-27T00:00:00Z,24798.11718750,25445.19726562,24886.23632812,25085.04687500,11154679998
2023-09-28T00:00:00Z,25087.99218750,25788.46679688,25071.95507812,25581.56835938,13328732653
2023-09-29T00:00:00Z,25584.68750000,25664.96679688,25266.65625000,25435.61328125,9826190897
2023-09-30T00:00:00Z,25435.58398438,25605.81054688,25414.10742188,25488.72656250,5038757973
2023-10-01T00:00:00Z,25488.23632812,26554.11523438,25486.05859375,26488.85937500,8996218165
2023-10-02T00:00:00Z,26482.27929688,27102.02148438,26096.46289062,26269.95703125,18886579408
2023-10-03T00:00:00Z,26248.45703125,26427.73046875,25990.32812500,26202.02148438,10897120569
2023-10-04T00:00:00Z,26201.15820312,26480.73828125,26008.78125000,26458.60156250,10605900143
2023-10-05T00:00:00Z,26457.89062500,26689.29101562,25988.69921875,25995.52148438,11261905035
2023-10-06T00:00:00Z,25991.92773438,26668.98242188,25928.06640625,26380.18945312,12736143050
2023-10-07T00:00:00Z,26380.36523438,26457.11718750,26308.28710938,26401.18554688,6185746183
2023-10-08T00:00:00Z,26403.86523438,26527.04296875,26166.60156250,26437.54492188,7492467439
2023-10-09T00:00:00Z,26436.96093750,26502.41796875,25910.43164062,26074.79687500,11350825082
2023-10-10T00:00:00Z,26080.01757812,26159.82421875,25759.33007812,25829.86914062,9404919556
2023-10-11T00:00:00Z,25830.86328125,25902.54101562,25090.88867188,25296.39453125,12847224158
2023-10-12T00:00:00Z,25296.36718750,25341.23046875,25199.67773438,25396.32226562,8915317429
2023-10-13T00:00:00Z,25392.60351562,25771.90039062,25404.68554688,25552.80859375,14425988685
2023-10-14T00:00:00Z,25556.44921875,25654.23437500,25507.34960938,25552.17187500,5125440701
2023-10-15T00:00:00Z,25548.65625000,25936.96484375,25510.49414062,25811.17578125,6745776251
2023-10-16T00:00:00Z,25814.00390625,27948.28710938,25791.06835938,27021.16796875,26371596001
2023-10-17T00:00:00Z,27023.66210938,27051.13085938,26651.01367188,26876.29687500,14066793457
2023-10-18T00:00:00Z,26874.19921875,27316.69726562,26742.57812500,26882.20703125,12074574546
2023-10-19T00:00:00Z,26886.07421875,27258.69140625,26748.37695312,27129.18750000,13647866940
2023-10-20T00:00:00Z,27141.47265625,28431.20117188,27054.34765625,28007.34765625,20320410961
2023-10-21T00:00:00Z,28007.75585938,28577.75390625,27817.50781250,28229.51757812,10889649248
2023-10-22T00:00:00Z,28229.74609375,28494.67578125,28028.66210938,28324.64648438,9865139860
2023-10-23T00:00:00Z,28463.26562500,32214.93164062,28434.56250000,31008.64843750,35954608515
2023-10-24T00:00:00Z,31000.28125000,32901.40234375,30820.65039062,31996.87109375,42410461495
2023-10-25T00:00:00Z,32010.57226562,33210.74609375,31843.71484375,32653.22851562,23900509783
2023-10-26T00:00:00Z,32654.61523438,33033.16015625,32067.62304688,32333.43554688,18390210541
2023-10-27T00:00:00Z,32333.29492188,32434.95312500,31636.96875000,32080.36523438,15532279998
2023-10-28T00:00:00Z,32078.40234375,32543.54101562,32047.25976562,32250.44335938,9612180977
2023-10-29T00:00:00Z,32250.25000000,32855.38281250,32116.09570312,32700.62109375,10566460826
2023-10-30T00:00:00Z,32694.23828125,32875.94921875,32171.35546875,32506.67968750,16190853625
2023-10-31T00:00:00Z,32504.52343750,32827.05468750,32104.22851562,32773.70703125,14897317685
2023-11-01T00:00:00Z,32763.77539062,33607.29296875,32370.27343750,33472.75390625,21201940470
2023-11-02T00:00:00Z,33476.83984375,33898.27343750,32407.04101562,32911.64843750,19780160358
2023-11-03T00:00:00Z,32915.63671875,32915.63671875,32061.94921875,32351.42382812,15982244495
2023-11-04T00:00:00Z,32355.14843750,32839.23046875,32243.71875000,32677.31250000,8905867542
2023-11-05T00:00:00Z,32684.59179688,32944.93750000,32253.38867188,32660.25195312,11566641714
2023-11-06T00:00:00Z,32655.99609375,32826.06250000,32386.47460938,32688.99023438,11842658843
2023-11-07T00:00:00Z,32698.71484375,33560.52343750,32345.00390625,33137.67578125,17609387418
2023-11-08T00:00:00Z,33115.15625000,33611.47656250,32887.55078125,33287.51562500,16146859628
2023-11-09T00:00:00Z,33267.31250000,35384.43750000,33234.44531250,34397.78515625,35400428411
2023-11-10T00:00:00Z,34406.34375000,35049.12890625,34064.59375000,34881.02343750,21230445244
2023-11-11T00:00:00Z,34877.37890625,34968.07421875,34375.94921875,34716.57421875,13016381749
2023-11-12T00:00:00Z,34712.78125000,34743.26562500,34381.04296875,34661.76171875,10800162934
2023-11-13T00:00:00Z,34676.52734375,35005.16406250,34023.43750000,34109.41015625,17808365370
2023-11-14T00:00:00Z,34099.53125000,34338.98828125,32151.74609375,32669.89453125,21932206517
2023-11-15T00:00:00Z,32679.52148438,34982.63671875,32539.20898438,34899.30468750,25212076781
2023-11-16T00:00:00Z,34898.75000000,34958.91796875,32737.66601562,33312.57031250,23962892787
2023-11-17T00:00:00Z,33321.83593750,33620.93750000,33045.83203125,33522.19531250,20559421592
2023-11-18T00:00:00Z,33548.47265625,33744.41406250,33189.35156250,33512.13671875,10887477949
2023-11-19T00:00:00Z,33512.19531250,34384.37500000,33355.40625000,34282.23046875,11843533441
2023-11-20T00:00:00Z,34270.79296875,34522.94921875,33757.36328125,34239.58203125,19083822904
2023-11-21T00:00:00Z,34232.46093750,34361.03125000,32805.48828125,32805.48828125,23057727173
2023-11-22T00:00:00Z,32753.03906250,34766.90234375,32674.64648438,34379.76953125,22407676695
2023-11-23T00:00:00Z,34368.83593750,34462.93359375,33846.66796875,34197.49218750,13036216281
2023-11-24T00:00:00Z,34203.63281250,35123.71875000,34172.09765625,34459.36328125,20941268119
2023-11-25T00:00:00Z,34460.39843750,34616.62890625,34365.39062500,34529.25781250,8312913238
2023-11-26T00:00:00Z,34529.29296875,34540.18359375,33939.66015625,34259.40234375,12564021872
2023-11-27T00:00:00Z,34236.61328125,34353.51171875,33613.94531250,33993.83203125,17339865672
2023-11-28T00:00:00Z,33988.19531250,34916.31250000,33688.13281250,34379.07421875,19716407904
2023-11-29T00:00:00Z,34374.55078125,34911.05078125,34278.87500000,34499.99218750,18889675827
2023-11-30T00:00:00Z,34502.38281250,34753.73437500,34433.92187500,34625.01562500,16632736550
2023-12-01T00:00:00Z,34629.84765625,35832.48437500,34523.88281250,35518.43750000,21586052430
2023-12-02T00:00:00Z,35518.92578125,36447.08593750,35485.24609375,36260.98437500,14268788411
2023-12-03T00:00:00Z,36257.19531250,36873.02343750,36097.32812500,36724.75000000,14486279586
2023-12-04T00:00:00Z,36724.96875000,39106.96484375,36724.96875000,38736.50781250,36776645956
2023-12-05T00:00:00Z,38742.19531250,41131.79296875,38325.33203125,40832.43359375,33636384491
2023-12-06T00:00:00Z,40831.85546875,40977.66406250,40308.87890625,40632.39843750,27780665117
2023-12-07T00:00:00Z,40653.46875000,40928.07421875,39797.61718750,40122.90625000,25612353182
2023-12-08T00:00:00Z,40123.33984375,41539.38281250,39986.85156250,40995.43750000,22667680509
2023-12-09T00:00:00Z,41007.89453125,41176.11718750,40495.13671875,40586.46093750,16121172681
2023-12-10T00:00:00Z,40588.68359375,40909.79687500,40495.06640625,40666.91796875,12076134189
2023-12-11T00:00:00Z,40678.36328125,40690.39843750,37380.94140625,38311.31250000,37743607791
2023-12-12T00:00:00Z,38306.57812500,38979.15625000,37697.57031250,38385.14453125,22947173736
2023-12-13T00:00:00Z,38402.03906250,39931.85937500,37712.33984375,39411.66015625,24624174259
2023-12-14T00:00:00Z,39405.70703125,39434.04687500,38240.77734375,39135.16406250,23266563571
2023-12-15T00:00:00Z,39139.05468750,39227.50000000,38217.65234375,38437.67968750,18003791136
2023-12-16T00:00:00Z,38445.00000000,39111.63671875,38248.24609375,38722.19140625,13188545203
2023-12-17T00:00:00Z,38718.51562500,38831.62890625,37892.54687500,37966.64062500,15308580792
2023-12-18T00:00:00Z,37951.53125000,39111.37109375,37145.33203125,39020.05859375,23092100323
2023-12-19T00:00:00Z,39036.51171875,39706.42187500,38110.69140625,38499.95312500,21104124796
2023-12-20T00:00:00Z,38491.55078125,40396.60156250,38496.04687500,39885.05859375,25463821399
2023-12-21T00:00:00Z,39881.29296875,40253.83203125,39572.25390625,39858.06250000,20399842399
2023-12-22T00:00:00Z,39857.91406250,40339.12500000,39388.52734375,39903.32421875,19071527621
2023-12-23T00:00:00Z,39916.29296875,39919.46484375,39316.94921875,39667.65234375,12250301745
2023-12-24T00:00:00Z,39657.51562500,39868.91406250,38848.80859375,39045.21484375,17092267976
2023-12-25T00:00:00Z,39040.17968750,39672.83593750,38850.48046875,39580.49609375,19163344467
2023-12-26T00:00:00Z,39568.42968750,39571.45312500,37778.32031250,38504.56250000,27190965041
2023-12-27T00:00:00Z,38502.81250000,39345.33593750,38217.78906250,39108.30078125,22740505379
2023-12-28T00:00:00Z,39131.11328125,39415.76171875,38211.78906250,38515.28906250,20773907848
2023-12-29T00:00:00Z,38503.35156250,38997.97656250,37469.17968750,38080.04687500,23517721045
2023-12-30T00:00:00Z,38073.12500000,38518.48828125,37588.72656250,38132.05468750,14485028393
2023-12-31T00:00:00Z,38127.71093750,38768.87500000,37988.55468750,38291.83593750,14855969946
2024-01-01T00:00:00Z,38305.46875000,40025.59375000,38219.16015625,40018.60546875,16696095504
2024-01-02T00:00:00Z,40036.55078125,41609.73437500,40027.32031250,41089.29296875,35950434827
2024-01-03T00:00:00Z,41092.61328125,41576.94921875,37371.32031250,39215.98046875,42413930730
2024-01-04T00:00:00Z,39222.96875000,40898.17578125,39071.59765625,40360.08203125,27815518796
2024-01-05T00:00:00Z,40372.00781250,40487.89843750,39058.85546875,40313.91406250,29517944389
2024-01-06T00:00:00Z,40328.75781250,40373.19140625,39686.29687500,40155.53515625,14690041790
2024-01-07T00:00:00Z,40164.00000000,40606.16796875,39920.15625000,40161.22265625,17666926685
2024-01-08T00:00:00Z,40166.34765625,43114.42578125,39537.63281250,42895.81250000,39037959858
2024-01-09T00:00:00Z,42911.46093750,43821.15625000,41395.74609375,42206.50390625,36426685220
2024-01-10T00:00:00Z,42189.86328125,43423.05468750,40645.23437500,42488.25781250,45665538159
2024-01-11T00:00:00Z,42514.03906250,44721.17968750,41601.87109375,42220.63671875,41733631991
2024-01-12T00:00:00Z,42208.07812500,42365.24218750,38219.42187500,39085.34375000,39522714682
2024-01-13T00:00:00Z,39036.34765625,39433.29687500,38730.52734375,39075.50781250,18790462489
2024-01-14T00:00:00Z,39075.40234375,39279.09765625,38120.48437500,38186.70312500,16008261347
2024-01-15T00:00:00Z,38112.51171875,39562.12500000,38103.69531250,38840.46484375,20392557029
2024-01-16T00:00:00Z,38828.92578125,40061.84765625,38703.33593750,39669.70703125,22119531074
2024-01-17T00:00:00Z,39648.70703125,39708.30859375,38844.62500000,39262.97265625,19153733750
2024-01-18T00:00:00Z,39262.66015625,39384.75390625,37389.37109375,37918.71875000,23174989410
2024-01-19T00:00:00Z,37933.78906250,38683.20312500,37031.34765625,38166.16015625,23616244981
2024-01-20T00:00:00Z,38171.82812500,38404.12109375,38008.80859375,38209.42578125,10625574894
2024-01-21T00:00:00Z,38214.83984375,38383.46484375,38102.63671875,38144.26562500,8579009413
2024-01-22T00:00:00Z,38151.48828125,38205.15234375,36241.12890625,36317.14843750,28808107460
2024-01-23T00:00:00Z,36327.57812500,36831.73437500,35454.12500000,36699.22656250,26935315403
2024-01-24T00:00:00Z,36728.74218750,37141.24218750,36305.70312500,36831.26953125,20548650512
2024-01-25T00:00:00Z,36829.87109375,36968.46875000,36444.65234375,36819.76953125,17049792852
2024-01-26T00:00:00Z,36822.54296875,38862.68750000,36734.69921875,38492.72265625,23563248548
2024-01-27T00:00:00Z,38491.57421875,38841.37500000,38137.78125000,38771.80859375,10514898011
2024-01-28T00:00:00Z,38777.39453125,39395.10156250,38431.58203125,38769.72265625,15549147600
2024-01-29T00:00:00Z,38765.40625000,39965.38281250,38701.77734375,39956.21875000,19077561931
2024-01-30T00:00:00Z,39967.28125000,40434.32812500,39385.56640625,39612.05468750,21988487304
2024-01-31T00:00:00Z,39606.19140625,40293.89453125,39121.91406250,39413.52343750,22837367991
2024-02-01T00:00:00Z,39401.63281250,39771.86718750,38747.29687500,39612.17968750,19701317928
2024-02-02T00:00:00Z,39613.89453125,40213.43750000,39394.47265625,39992.26562500,17228088847
2024-02-03T00:00:00Z,39991.43750000,40153.47265625,39719.03125000,39812.97265625,10343279551
2024-02-04T00:00:00Z,39815.46484375,39880.18750000,39289.18359375,39503.25781250,13731491707
2024-02-05T00:00:00Z,39497.72656250,40479.92187500,39235.14843750,39715.00390625,17424025115
2024-02-06T00:00:00Z,39713.81640625,40324.83984375,39579.37890625,40052.28515625,15616166337
2024-02-07T00:00:00Z,40057.25781250,41161.21093750,39758.71484375,41128.15625000,19605874860
2024-02-08T00:00:00Z,41141.05468750,42291.10156250,41141.05468750,42032.65234375,24267239777
2024-02-09T00:00:00Z,42028.76953125,44635.87109375,42007.20312500,43717.24218750,36456475765
2024-02-10T00:00:00Z,43723.10937500,44643.53515625,43492.96093750,44295.91796875,15205677486
2024-02-11T00:00:00Z,44293.77734375,45004.94531250,44153.23828125,44724.17578125,17888096185
2024-02-12T00:00:00Z,44726.46093750,46671.14062500,44319.14062500,46378.31640625,32038925926
2024-02-13T00:00:00Z,46362.66406250,46758.01953125,45174.00781250,46451.38281250,33238143997
2024-02-14T00:00:00Z,46442.98046875,48542.07812500,46022.78125000,48291.33984375,36438018997
2024-02-15T00:00:00Z,48300.73828125,49030.91406250,47686.43359375,48212.64062500,35797869001
2024-02-16T00:00:00Z,48211.87109375,48887.42187500,47948.54296875,48399.97265625,26149030201
2024-02-17T00:00:00Z,48401.33984375,48429.39843750,47016.89062500,47938.60937500,18566635635
2024-02-18T00:00:00Z,47937.66015625,48567.26171875,47540.26953125,48333.65234375,16316334143
2024-02-19T00:00:00Z,48345.02734375,48653.56640625,47961.47265625,48051.40625000,19824256609
2024-02-20T00:00:00Z,48050.09375000,48954.84765625,46978.16406250,48367.37890625,30854694565
2024-02-21T00:00:00Z,48356.89062500,48447.17968750,46835.65234375,47908.99218750,26454709694
2024-02-22T00:00:00Z,47923.28515625,48060.16015625,47013.47265625,47392.25000000,23475734895
2024-02-23T00:00:00Z,47372.78906250,47563.90234375,46676.10156250,46833.19921875,19780407304
2024-02-24T00:00:00Z,46837.28125000,47712.26562500,46697.95312500,47607.86328125,14007949994
2024-02-25T00:00:00Z,47602.42968750,47991.01953125,47349.79687500,47817.75390625,14246672819
2024-02-26T00:00:00Z,47815.26171875,50642.28515625,46983.77343750,50249.69921875,31404136534
2024-02-27T00:00:00Z,50246.89843750,53062.31640625,50227.89453125,52655.94531250,45896050163
2024-02-28T00:00:00Z,52642.78125000,58946.12109375,52349.30859375,57669.23046875,76799525876
2024-02-29T00:00:00Z,57664.05859375,58686.81640625,55980.44140625,56633.83984375,60611481553
2024-03-01T00:00:00Z,56605.78125000,58275.35937500,56197.52734375,57573.38671875,37053841004
2024-03-02T00:00:00Z,57565.10546875,57590.04296875,56851.10156250,57194.62109375,22026367161
2024-03-03T00:00:00Z,57196.21875000,58333.53515625,56605.00000000,58261.41406250,24214782930
2024-03-04T00:00:00Z,58233.40625000,63129.39062500,57511.94921875,62955.00000000,65110966484
2024-03-05T00:00:00Z,62964.80468750,63662.91796875,54662.05859375,58772.38671875,94700013077
2024-03-06T00:00:00Z,58749.22265625,62247.25390625,57910.90234375,60656.75781250,63082253938
2024-03-07T00:00:00Z,60650.28125000,62190.43359375,60234.29296875,61113.40625000,42908783273
2024-03-08T00:00:00Z,61124.92187500,63992.13281250,60486.01953125,62411.53515625,54098645569
2024-03-09T00:00:00Z,62410.76953125,62752.33984375,62185.85546875,62593.18359375,19746552762
2024-03-10T00:00:00Z,62594.43750000,63969.63281250,62389.56250000,63072.97265625,32609410343
2024-03-11T00:00:00Z,63073.67187500,66681.35156250,61394.55468750,65983.20312500,60121474891
2024-03-12T00:00:00Z,65984.32031250,66760.81250000,62943.25781250,65417.82031250,57248192058
2024-03-13T00:00:00Z,65418.57421875,67372.17968750,65274.68750000,66723.85156250,44017130178
2024-03-14T00:00:00Z,66720.07812500,67416.49218750,63001.46484375,65603.53906250,54759158986
2024-03-15T00:00:00Z,65595.53125000,66513.57031250,60287.10937500,63730.01171875,71917756863
2024-03-16T00:00:00Z,63719.65234375,64319.99218750,59503.88281250,59975.60546875,43012848654
2024-03-17T00:00:00Z,59976.73437500,63235.27343750,59223.55468750,62838.26171875,41086480972
2024-03-18T00:00:00Z,62820.51562500,63275.12890625,61246.17968750,62122.75000000,45304643119
2024-03-19T00:00:00Z,62129.68359375,62630.51562500,56642.94531250,56999.37500000,68326075351
2024-03-20T00:00:00Z,57015.37890625,62323.00781250,55955.75000000,62092.17968750,61067236556
2024-03-21T00:00:00Z,62090.26953125,62374.55078125,59476.63671875,60291.37500000,40948610730
2024-03-22T00:00:00Z,60290.02734375,61475.00000000,57444.88281250,58737.05078125,38128358668
2024-03-23T00:00:00Z,58759.11718750,60760.96875000,58055.30078125,58998.08593750,22783349644
2024-03-24T00:00:00Z,59005.96093750,62557.81640625,58780.41796875,62211.91406250,25174349775
2024-03-25T00:00:00Z,62211.84375000,65645.14062500,61400.97656250,64555.19531250,39401980746
2024-03-26T00:00:00Z,64529.83203125,65943.64843750,63961.26953125,64607.66406250,33242207017
2024-03-27T00:00:00Z,64611.41015625,66307.72656250,63196.18359375,64228.82812500,37754873033
2024-03-28T00:00:00Z,64226.44921875,66244.17187500,63657.72265625,65552.48437500,31851886037
2024-03-29T00:00:00Z,65552.34375000,65781.18750000,64015.40625000,64714.95703125,23361674571
2024-03-30T00:00:00Z,64715.52734375,65143.34765625,64444.80859375,64485.77343750,15861182173
2024-03-31T00:00:00Z,64488.06250000,66131.08593750,64466.84765625,66090.19531250,18577076876
2024-04-01T00:00:00Z,66090.04687500,66098.02343750,63459.89453125,64920.57812500,32481203376
2024-04-02T00:00:00Z,64923.25781250,64926.38671875,60031.17187500,60778.11718750,47088030248
2024-04-03T00:00:00Z,60777.83593750,61905.25000000,59960.00781250,60879.43750000,31821542739
2024-04-04T00:00:00Z,60874.71875000,63814.68359375,60044.42578125,63220.50781250,31781071439
2024-04-05T00:00:00Z,63226.88671875,63377.65625000,61056.59375000,62559.87500000,31122617757
2024-04-06T00:00:00Z,62562.57812500,64212.41796875,62240.85937500,63535.99218750,18414292073
2024-04-07T00:00:00Z,63536.91406250,64784.73828125,63494.97265625,64045.21875000,19579360407
2024-04-08T00:00:00Z,64045.21875000,67173.07031250,63800.71875000,65948.55468750,34305334170
2024-04-09T00:00:00Z,65949.60937500,66052.10937500,62849.06640625,63670.39453125,33545678294
2024-04-10T00:00:00Z,63671.52343750,66185.78125000,62786.41796875,65717.31250000,35674618252
2024-04-11T00:00:00Z,65706.00781250,66326.51562500,64987.86718750,65317.50390625,28111998916
2024-04-12T00:00:00Z,65318.22265625,66471.40625000,61312.26953125,63046.51953125,41404315168
2024-04-13T00:00:00Z,63039.49609375,63736.66406250,57157.35156250,59880.49609375,49605031852
2024-04-14T00:00:00Z,59894.34375000,61824.80468750,58364.64062500,61747.79296875,46104460061
2024-04-15T00:00:00Z,61748.65625000,62753.17187500,58671.12109375,59696.43359375,41032259716
2024-04-16T00:00:00Z,59689.92578125,60616.79687500,58076.42968750,60080.52734375,40342061721
2024-04-17T00:00:00Z,60099.34375000,60729.51953125,56185.28125000,57433.48046875,39286364669
2024-04-18T00:00:00Z,57432.18750000,60151.75390625,56914.76953125,59676.96484375,33831742410
2024-04-19T00:00:00Z,59675.08203125,61440.46484375,56170.07421875,59876.71093750,46818669689
2024-04-20T00:00:00Z,59883.77734375,61376.25781250,59247.25000000,60956.07421875,21662346331
2024-04-21T00:00:00Z,60954.55468750,61639.59375000,60245.77343750,60919.24218750,19240933719
2024-04-22T00:00:00Z,60927.67578125,63113.45703125,60496.61718750,62729.29687500,26544206489
2024-04-23T00:00:00Z,62731.37890625,63032.95703125,61737.57812500,62048.16406250,22715154524
2024-04-24T00:00:00Z,62049.51953125,62655.83984375,59439.67968750,60072.16015625,28296077449
2024-04-25T00:00:00Z,60070.40625000,60831.46875000,58749.97265625,60111.65234375,29976524832
2024-04-26T00:00:00Z,60115.06640625,60560.90234375,59246.27343750,59615.05078125,22571762071
2024-04-27T00:00:00Z,59611.00000000,59748.80078125,58370.85937500,59289.60546875,18259036101
2024-04-28T00:00:00Z,59293.69140625,60133.19140625,58665.86328125,58944.47656250,16189827934
2024-04-29T00:00:00Z,58938.06250000,59881.76953125,57772.57421875,59581.96093750,24858897199
2024-04-30T00:00:00Z,59580.37109375,60387.81250000,55395.80078125,56849.66015625,35477414710
2024-05-01T00:00:00Z,56824.01171875,56993.87500000,53030.48437500,54352.21484375,45195332228
2024-05-02T00:00:00Z,54351.92968750,55570.62109375,53123.60546875,55099.96484375,30485709223
2024-05-03T00:00:00Z,55098.91015625,58802.58593750,54857.69140625,58402.64843750,30805199204
2024-05-04T00:00:00Z,58403.75390625,59893.24218750,58132.89062500,59332.81640625,19149206887
2024-05-05T00:00:00Z,59333.72656250,59975.96484375,58463.44531250,59517.32031250,17006394964
2024-05-06T00:00:00Z,59523.99609375,60813.45703125,58253.73437500,58643.46875000,26644936274
2024-05-07T00:00:00Z,58644.22656250,59816.35156250,57941.53125000,57986.96484375,24122062496
2024-05-08T00:00:00Z,57984.94140625,58638.59765625,56641.48046875,56935.68359375,24275174693
2024-05-09T00:00:00Z,56938.71875000,58792.46093750,56521.27734375,58478.08203125,23607665704
2024-05-10T00:00:00Z,58482.93359375,58856.87890625,55880.79296875,56400.50000000,25796046718
2024-05-11T00:00:00Z,56401.03515625,57011.30859375,56122.03125000,56401.36328125,12842168746
2024-05-12T00:00:00Z,56401.17187500,57303.45312500,56204.48046875,57054.28125000,12813602353
2024-05-13T00:00:00Z,57056.90234375,58734.64843750,56426.62109375,58284.73437500,25842226838
2024-05-14T00:00:00Z,58284.10937500,58490.94140625,56532.76171875,56919.58984375,26064634497
2024-05-15T00:00:00Z,56920.69921875,61030.43750000,56706.09765625,60860.92578125,36566767037
2024-05-16T00:00:00Z,60850.47265625,61380.83984375,59442.71875000,60022.12109375,29051620412
2024-05-17T00:00:00Z,60021.86328125,62074.77734375,59967.20312500,61630.73046875,25764950378
2024-05-18T00:00:00Z,61643.90625000,61939.06640625,61273.75390625,61528.64062500,15361089778
2024-05-19T00:00:00Z,61526.00000000,62143.09375000,60640.24609375,60959.59765625,17704373950
2024-05-20T00:00:00Z,60959.94140625,65831.50000000,60778.59375000,65787.64062500,40376543667
2024-05-21T00:00:00Z,65782.91406250,66252.11718750,63734.50390625,64618.25781250,43239442691
2024-05-22T00:00:00Z,64617.14062500,65168.71875000,63721.45312500,63852.86718750,30301891227
2024-05-23T00:00:00Z,63851.91015625,64533.08593750,61384.23046875,62830.56640625,38750865478
2024-05-24T00:00:00Z,62829.24218750,63803.39062500,61568.40625000,63137.34375000,26901290234
2024-05-25T00:00:00Z,63138.10156250,64137.24609375,63127.87109375,63848.37500000,14262860908
2024-05-26T00:00:00Z,63846.84765625,64069.86718750,62870.39062500,63159.01562500,14406071421
2024-05-27T00:00:00Z,63153.57031250,64998.26562500,62826.30468750,63889.55468750,23818670894
2024-05-28T00:00:00Z,63887.38281250,63950.61718750,61920.10937500,62938.31640625,30155171478
2024-05-29T00:00:00Z,62938.42968750,63456.35937500,62116.92578125,62565.28515625,24725995652
2024-05-30T00:00:00Z,62563.42968750,64113.76562500,62089.72656250,63117.35937500,27244576509
2024-05-31T00:00:00Z,63115.07812500,63479.87500000,61443.27343750,62159.41796875,25224290872
2024-06-01T00:00:00Z,62146.35546875,62487.68750000,62064.17187500,62365.33203125,10723063091
2024-06-02T00:00:00Z,62368.40625000,63012.16015625,62034.82421875,62428.62890625,15766277926
2024-06-03T00:00:00Z,62430.74218750,64715.66406250,61025.20703125,63082.28515625,29706470423
2024-06-04T00:00:00Z,63082.08984375,65270.68359375,63059.17578125,64847.82812500,30462714742
2024-06-05T00:00:00Z,64848.36328125,66078.85937500,64785.85156250,65369.96875000,30173802522
2024-06-06T00:00:00Z,65369.98437500,65801.92187500,64382.18750000,64964.20703125,23158107329
2024-06-07T00:00:00Z,64966.05859375,66006.15625000,63426.62500000,64162.69531250,33485109028
2024-06-08T00:00:00Z,64145.66015625,64339.17968750,64040.69921875,64128.63281250,13196800577
2024-06-09T00:00:00Z,64120.97265625,64652.76953125,63994.52734375,64615.57812500,12556127271
2024-06-10T00:00:00Z,64612.16406250,65268.88281250,64397.23437500,64581.77343750,19136704712
2024-06-11T00:00:00Z,64577.87109375,64622.05078125,61623.62500000,62692.38281250,34558574738
2024-06-12T00:00:00Z,62682.46093750,64536.19921875,62294.88281250,63109.58203125,31903764550
2024-06-13T00:00:00Z,63111.35937500,63225.63281250,61666.09765625,62171.36718750,26966473859
2024-06-14T00:00:00Z,62163.14453125,63043.31250000,60794.69140625,61562.53906250,25557109580
2024-06-15T00:00:00Z,61558.48046875,61956.76171875,61461.85937500,61759.71093750,13175889209
2024-06-16T00:00:00Z,61758.17968750,62487.20703125,61598.52734375,62264.92578125,12409379757
2024-06-17T00:00:00Z,62262.56250000,62610.03906250,60744.66796875,61908.91406250,27938826633
2024-06-18T00:00:00Z,61909.55078125,61970.74218750,59664.01953125,60660.36328125,36765763102
2024-06-19T00:00:00Z,60665.87109375,61182.74218750,60207.53515625,60443.92968750,19636207985
2024-06-20T00:00:00Z,60443.92968750,61926.03125000,60270.00390625,60553.01171875,23950001054
2024-06-21T00:00:00Z,60561.72656250,60688.70312500,58721.98828125,59947.82812500,24493247076
2024-06-22T00:00:00Z,59964.35156250,60569.00390625,59820.47656250,60091.26171875,9219732548
2024-06-23T00:00:00Z,60087.87890625,60314.89843750,59114.23046875,59114.23046875,10451495555
2024-06-24T00:00:00Z,59107.26171875,59203.07031250,54586.42968750,56164.68750000,40207863572
2024-06-25T00:00:00Z,56154.31640625,58101.52734375,56129.58984375,57710.82421875,27266985323
2024-06-26T00:00:00Z,57696.85156250,58260.41406250,56849.78125000,56937.78125000,21072438187
2024-06-27T00:00:00Z,56937.73437500,58109.39453125,56659.94531250,57532.41796875,19828220539
2024-06-28T00:00:00Z,57539.89062500,58133.25390625,56002.79296875,56267.89062500,23276558233
2024-06-29T00:00:00Z,56267.64453125,56993.14453125,56250.00781250,56797.02734375,11802893999
2024-06-30T00:00:00Z,56798.01953125,58574.41796875,56563.20703125,58385.76953125,16146160398
2024-07-01T00:00:00Z,58381.40625000,59454.21484375,58108.07421875,58539.70703125,23720993909
2024-07-02T00:00:00Z,58532.65625000,58897.37890625,57532.44140625,57711.17578125,18748862933
2024-07-03T00:00:00Z,57716.12109375,57848.86718750,55096.44921875,55762.27343750,27575089101
2024-07-04T00:00:00Z,55737.44921875,55970.56640625,52577.32421875,52705.57031250,38064252679
2024-07-05T00:00:00Z,52747.29687500,53154.91015625,49641.94531250,52236.25000000,51088657999
2024-07-06T00:00:00Z,52233.20703125,53938.99609375,51661.53515625,53783.08984375,19012340592
2024-07-07T00:00:00Z,53723.95312500,53845.43359375,51533.50390625,51588.04687500,18985220388
2024-07-08T00:00:00Z,51588.47656250,53641.79687500,50180.12890625,52355.87500000,36716135201
2024-07-09T00:00:00Z,52355.41015625,53868.98437500,51992.19140625,53638.98437500,25751413876
2024-07-10T00:00:00Z,53661.78515625,54865.39062500,52794.48828125,53304.86718750,24163639404
2024-07-11T00:00:00Z,53293.23437500,54470.62109375,52703.20312500,52735.64453125,26400327985
2024-07-12T00:00:00Z,52732.22265625,53675.34765625,52064.09375000,53014.19921875,23444399780
2024-07-13T00:00:00Z,53022.68750000,54747.56640625,52919.86718750,54239.23437500,15640366317
2024-07-14T00:00:00Z,54233.09375000,56315.96093750,54233.09375000,55840.45703125,20414718898
2024-07-15T00:00:00Z,55865.87109375,59523.62109375,55767.79687500,59523.62109375,34954813353
2024-07-16T00:00:00Z,59444.95312500,59950.38281250,57324.96093750,59710.68359375,38173719410
2024-07-17T00:00:00Z,59705.80859375,60625.67578125,58468.17968750,58606.82031250,29729053556
2024-07-18T00:00:00Z,58593.97265625,59616.01171875,58057.25781250,58689.35937500,24989148041
2024-07-19T00:00:00Z,58687.76171875,61991.38281250,58147.60937500,61243.52343750,33971537474
2024-07-20T00:00:00Z,61243.31250000,62076.59375000,60866.62890625,61666.09765625,17471952936
2024-07-21T00:00:00Z,61667.26171875,62803.11328125,60475.16406250,62533.41015625,24454023981
2024-07-22T00:00:00Z,62531.99218750,62859.69921875,61202.59375000,62066.91406250,39166809666
2024-07-23T00:00:00Z,62066.50390625,62232.25390625,60349.62890625,60764.15234375,32816997090
2024-07-24T00:00:00Z,60764.32421875,61788.48828125,60107.02734375,60313.63671875,25345240793
2024-07-25T00:00:00Z,60317.08984375,60950.95703125,58540.12500000,60615.48828125,35309008904
2024-07-26T00:00:00Z,60610.50000000,62734.00781250,60576.83593750,62462.18750000,28041948352
2024-07-27T00:00:00Z,62461.96093750,63835.25000000,61357.86328125,62377.15234375,31910863580
2024-07-28T00:00:00Z,62372.84375000,62826.50390625,61707.96093750,62894.36718750,16625876181
2024-07-29T00:00:00Z,62897.30468750,64706.28125000,61485.96093750,61759.64453125,37692361533
2024-07-30T00:00:00Z,61758.84765625,61893.39453125,60429.57031250,61208.53125000,29013963677
2024-07-31T00:00:00Z,61208.76953125,61618.92578125,59605.73437500,59700.82031250,28910966881
2024-08-01T00:00:00Z,59706.91015625,60792.93359375,57700.47265625,60592.80859375,37988354620
2024-08-02T00:00:00Z,60589.09765625,60758.83203125,56027.55859375,56238.32812500,39431231452
2024-08-03T00:00:00Z,56238.09375000,56930.70703125,54812.95312500,55585.69921875,29087204906
2024-08-04T00:00:00Z,55582.03125000,55936.44531250,52407.67187500,53266.53515625,29108317988
2024-08-05T00:00:00Z,53260.41406250,53407.98437500,45038.37890625,49304.35156250,99529351463
2024-08-06T00:00:00Z,49304.25000000,52206.23046875,49287.74609375,51285.46484375,45122317379
2024-08-07T00:00:00Z,51291.24609375,52864.19921875,50001.52734375,50356.45312500,38103157719
2024-08-08T00:00:00Z,50358.80468750,57400.89453125,50099.94531250,56537.16015625,41501237507
2024-08-09T00:00:00Z,56553.71875000,56575.39062500,54538.68359375,55731.78515625,30598921216
2024-08-10T00:00:00Z,55732.80859375,56266.76562500,55189.34765625,55783.09375000,14411993673
2024-08-11T00:00:00Z,55782.25000000,56545.39062500,53458.43359375,53807.89062500,20856015121
2024-08-12T00:00:00Z,53807.81250000,55526.20312500,52791.10937500,54274.42187500,33905114288
2024-08-13T00:00:00Z,54275.96875000,56103.04296875,53564.69921875,55119.67187500,27580675923
2024-08-14T00:00:00Z,55121.02343750,55959.73828125,53082.84375000,53342.25390625,27209714386
2024-08-15T00:00:00Z,53338.61328125,54466.45312500,51189.15625000,52458.48828125,32519571132
2024-08-16T00:00:00Z,52458.64843750,54308.30468750,52027.34375000,53387.21093750,26606479153
2024-08-17T00:00:00Z,53386.69140625,54112.91796875,53315.35156250,53917.39062500,12318980617
2024-08-18T00:00:00Z,53907.56250000,54627.85156250,53013.19531250,53048.17187500,16091723369
2024-08-19T00:00:00Z,53045.22265625,53776.28515625,52430.46093750,53667.25781250,23373723141
2024-08-20T00:00:00Z,53667.25781250,55436.89453125,52739.36328125,53032.37500000,28409666438
2024-08-21T00:00:00Z,53034.35156250,55455.33203125,52875.51171875,54840.19531250,29341679412
2024-08-22T00:00:00Z,54834.03125000,55146.19921875,53681.62109375,54319.14453125,24851917265
2024-08-23T00:00:00Z,54318.28125000,57974.99609375,54310.27343750,57213.82812500,37964859067
2024-08-24T00:00:00Z,57222.32031250,57583.58984375,56839.05078125,57338.53906250,19146427674
2024-08-25T00:00:00Z,57336.19140625,58089.57421875,57029.88671875,57494.30859375,16826131344
2024-08-26T00:00:00Z,57502.06640625,57628.96875000,56290.14062500,56321.13671875,24794333199
2024-08-27T00:00:00Z,56320.28515625,56604.23828125,51962.18750000,53237.33593750,34985578636
2024-08-28T00:00:00Z,53240.73046875,54091.18750000,52101.20312500,53060.82031250,36216894051
2024-08-29T00:00:00Z,53060.67578125,55226.28125000,53060.27343750,53598.01171875,29083150675
2024-08-30T00:00:00Z,53598.39062500,54040.52734375,52274.16406250,53448.02343750,29194847697
2024-08-31T00:00:00Z,53446.22265625,53731.10546875,53130.97656250,53315.74609375,11214201177
2024-09-01T00:00:00Z,53315.65625000,53399.08203125,51800.21093750,51903.12890625,22266274744
2024-09-02T00:00:00Z,51904.46484375,53677.03125000,51684.05078125,53412.14453125,24429275142
2024-09-03T00:00:00Z,53406.46484375,54037.33984375,51976.95312500,51982.25390625,24136933123
2024-09-04T00:00:00Z,51981.64453125,52798.26562500,50391.56250000,52321.11328125,32155085940
2024-09-05T00:00:00Z,52321.25781250,52616.27343750,50134.96875000,50542.58593750,27926228591
2024-09-06T00:00:00Z,50542.31640625,51322.48437500,47447.12890625,48645.58984375,44509439089
2024-09-07T00:00:00Z,48645.89062500,49447.55468750,48457.41796875,48817.75781250,17187742401
2024-09-08T00:00:00Z,48825.19140625,49876.23437500,48379.59375000,49466.16015625,16477684792
2024-09-09T00:00:00Z,49475.46875000,52586.82812500,49309.92187500,51668.25000000,31369187847
2024-09-10T00:00:00Z,51668.76171875,52625.76171875,51110.40234375,52311.94140625,26186164220
2024-09-11T00:00:00Z,52313.37109375,52624.39843750,50492.48828125,52081.30468750,33649403632
2024-09-12T00:00:00Z,52081.30468750,53060.16796875,52069.43359375,52466.37109375,30540651366
2024-09-13T00:00:00Z,52469.35937500,54699.48437500,52003.33984375,54630.28515625,29303759863
2024-09-14T00:00:00Z,54628.31640625,54707.32812500,53704.35546875,54135.28125000,14821341085
2024-09-15T00:00:00Z,54131.32031250,54483.99218750,52944.65625000,53378.12500000,16343638904
2024-09-16T00:00:00Z,53380.28125000,53393.89843750,51691.57812500,52287.53906250,28782355555
2024-09-17T00:00:00Z,52287.53906250,55144.87109375,51809.76953125,54212.37109375,34226777263
2024-09-18T00:00:00Z,54212.78515625,55482.98437500,53269.66015625,55470.03906250,36881876814
2024-09-19T00:00:00Z,55471.36718750,57247.20703125,55652.50000000,56401.00781250,38272700040
2024-09-20T00:00:00Z,56401.87500000,57419.03906250,55883.73828125,56546.02343750,31477054203
2024-09-21T00:00:00Z,56538.29687500,56884.96875000,56184.28515625,56752.01171875,12898809369
2024-09-22T00:00:00Z,56753.76953125,57330.30078125,55939.39843750,57039.23828125,18087449312
2024-09-23T00:00:00Z,57034.21093750,57982.62500000,56127.72265625,56998.02734375,28260853488
2024-09-24T00:00:00Z,56995.35937500,57821.80078125,56482.05859375,57458.11718750,26751908408
2024-09-25T00:00:00Z,57458.67187500,57915.52343750,56549.12109375,56733.80078125,22532796971
2024-09-26T00:00:00Z,56729.67187500,58895.39453125,56273.87109375,58317.26562500,32990278655
2024-09-27T00:00:00Z,58316.94531250,59435.66796875,58057.37109375,58891.52343750,28696965977
2024-09-28T00:00:00Z,58892.88671875,59307.64453125,58593.77734375,58994.92187500,13648950558
2024-09-29T00:00:00Z,58996.03906250,59177.38671875,58586.59765625,58764.40625000,13240139908
2024-09-30T00:00:00Z,58763.82812500,58764.17968750,56454.72265625,56865.96484375,33325134809
2024-10-01T00:00:00Z,56871.44531250,57646.92968750,54388.77734375,54983.45703125,45388816903
2024-10-02T00:00:00Z,54982.83593750,56422.35546875,54310.67578125,54892.13281250,36903348604
2024-10-03T00:00:00Z,54891.86328125,55699.73828125,54243.96875000,55060.41406250,32719806950
2024-10-04T00:00:00Z,55056.08593750,56909.76562500,54787.64843750,56525.16015625,26943637745
2024-10-05T00:00:00Z,56525.28515625,56793.86718750,56181.01171875,56537.92578125,12115654225
2024-10-06T00:00:00Z,56533.41015625,57374.73828125,56304.08984375,57261.04687500,13468906393
2024-10-07T00:00:00Z,57261.18750000,58705.38281250,56612.95703125,56710.35546875,31212017518
2024-10-08T00:00:00Z,56696.67578125,57546.80078125,56373.99609375,56609.61718750,25633854870
2024-10-09T00:00:00Z,56609.39453125,56966.23828125,55130.99609375,55368.10156250,25289479266
2024-10-10T00:00:00Z,55367.94531250,56008.51562500,53929.39843750,55127.66015625,27852447819
2024-10-11T00:00:00Z,55128.53906250,57958.81250000,54931.09765625,57063.38281250,27713457550
2024-10-12T00:00:00Z,57062.95312500,57980.57812500,57061.72265625,57746.85937500,15301053177
2024-10-13T00:00:00Z,57746.78515625,57819.62500000,56682.02343750,57437.48437500,16611753637
2024-10-14T00:00:00Z,57434.76562500,60958.46484375,57170.72656250,60539.99609375,40063196377
2024-10-15T00:00:00Z,60543.88281250,62219.60156250,59440.20703125,61600.11718750,44898127982
2024-10-16T00:00:00Z,61601.36328125,62771.87109375,61327.90234375,62262.73046875,35172918772
2024-10-17T00:00:00Z,62266.74218750,62519.50390625,61630.84375000,62239.02734375,30280099412
2024-10-18T00:00:00Z,62256.82812500,63482.58203125,62020.71093750,62946.57031250,33909284728
2024-10-19T00:00:00Z,62946.74609375,63157.39843750,62565.66015625,62876.62500000,13284407201
2024-10-20T00:00:00Z,62877.95312500,63815.76562500,62646.09375000,63490.23828125,17460163273
2024-10-21T00:00:00Z,63490.50781250,63934.12890625,61679.47656250,62288.85546875,34671516441
2024-10-22T00:00:00Z,62282.24609375,62782.16015625,61551.41015625,62396.12500000,29463838245
2024-10-23T00:00:00Z,62397.02734375,62434.42187500,60517.37890625,61624.30078125,29928939303
2024-10-24T00:00:00Z,61829.77734375,63552.07812500,61630.59375000,62971.47656250,29022628293
2024-10-25T00:00:00Z,62975.39453125,63418.80078125,60664.92578125,61702.47656250,38395980249
2024-10-26T00:00:00Z,61689.81640625,62327.91015625,61441.55078125,62047.16796875,18136110792
2024-10-27T00:00:00Z,62055.29687500,63195.24609375,61892.10546875,62920.05468750,15488245193
2024-10-28T00:00:00Z,62913.92187500,64932.86718750,62625.32812500,64624.40625000,35867518690
2024-10-29T00:00:00Z,64626.52343750,68047.29687500,64458.68359375,67210.60937500,54106273662
2024-10-30T00:00:00Z,67205.86718750,67122.67187500,65933.24218750,66622.25781250,37434171457
2024-10-31T00:00:00Z,66618.11718750,66839.51562500,63943.44140625,64512.30859375,37328113057
2024-11-01T00:00:00Z,64513.87890625,65902.70312500,63222.23046875,63918.38281250,45986662542
2024-11-02T00:00:00Z,63921.65234375,64272.44531250,63505.57031250,63717.24218750,16722260141
2024-11-03T00:00:00Z,63723.77343750,63783.80078125,62281.98437500,63222.64843750,32069114785
2024-11-04T00:00:00Z,63223.58593750,63730.97656250,61413.39843750,62362.37890625,37875330820
2024-11-05T00:00:00Z,62362.07031250,64594.28906250,62034.03125000,63434.73437500,42113471835
2024-11-06T00:00:00Z,63433.76171875,71226.38281250,63436.45312500,70484.19531250,110510446003
2024-11-07T00:00:00Z,70482.34375000,71209.08593750,69331.81250000,70311.35156250,58790660026
2024-11-08T00:00:00Z,70309.47656250,72123.93750000,70156.57031250,71381.03125000,51454130570
2024-11-09T00:00:00Z,71391.02343750,71775.65625000,70694.36718750,71632.07031250,27064858855
2024-11-10T00:00:00Z,71628.96875000,76062.24218750,71432.94531250,75115.97656250,77072796601
2024-11-11T00:00:00Z,75113.38281250,84076.43750000,74940.39843750,83185.05468750,110630368977
2024-11-12T00:00:00Z,83188.87500000,84622.53125000,80155.82812500,82847.25000000,125909407287
2024-11-13T00:00:00Z,82822.90625000,88366.57031250,81282.40625000,85732.57031250,116941329895
2024-11-14T00:00:00Z,85723.78125000,86946.71875000,82300.30468750,82875.17187500,83223077947
2024-11-15T00:00:00Z,82907.22656250,87124.09375000,82648.94531250,86355.34375000,74195749949
2024-11-16T00:00:00Z,86353.78906250,87025.43750000,85441.93750000,85882.21875000,42043915403
2024-11-17T00:00:00Z,85882.20312500,86711.62500000,84272.28125000,85271.43750000,43990287295
2024-11-18T00:00:00Z,85269.41406250,87620.64062500,84590.64843750,85461.03125000,71296405243
2024-11-19T00:00:00Z,85455.52343750,88776.50000000,85360.81250000,87057.57031250,70255090885
2024-11-20T00:00:00Z,87055.78125000,90125.22656250,86453.53125000,89452.80468750,68015364614
2024-11-21T00:00:00Z,89448.20312500,94494.21875000,89235.53906250,94091.02343750,101273865560
2024-11-22T00:00:00Z,94083.10156250,95735.15625000,93446.73437500,95022.90625000,75322866292
2024-11-23T00:00:00Z,95031.62500000,95039.24218750,93331.61718750,93854.16406250,42632595888
2024-11-24T00:00:00Z,93854.94531250,94689.15625000,91944.77343750,93529.59375000,49346143967
2024-11-25T00:00:00Z,93548.31250000,94446.94531250,88260.90625000,89146.75000000,77471943067
2024-11-26T00:00:00Z,89132.37500000,90655.00000000,86667.25000000,87675.34375000,87361953618
2024-11-27T00:00:00Z,87668.50000000,92162.28906250,87477.08593750,90855.11718750,67347516699
2024-11-28T00:00:00Z,90847.93750000,91595.10937500,89885.54687500,90577.81250000,49487458042
2024-11-29T00:00:00Z,90579.22656250,93445.25781250,90325.21875000,92119.85156250,51955958927
2024-11-30T00:00:00Z,92126.74218750,92155.60156250,90890.71093750,91178.88281250,29905670387
2024-12-01T00:00:00Z,91190.50000000,92629.28125000,90537.10937500,92260.44531250,34702725191
2024-12-02T00:00:00Z,92256.85937500,93210.81250000,90090.16406250,91292.33593750,69213765532
2024-12-03T00:00:00Z,91282.14062500,91799.44531250,88955.19531250,91343.65625000,63813345434
2024-12-04T00:00:00Z,91330.68750000,94347.06250000,89961.00781250,93955.83593750,73438101624
2024-12-05T00:00:00Z,93930.16406250,98748.67187500,86885.95312500,91242.09375000,140951917557
2024-12-06T00:00:00Z,91696.11718750,96593.71093750,91192.85156250,94482.13281250,89389339517
2024-12-07T00:00:00Z,94478.34375000,95089.81250000,93640.73437500,94530.37500000,41793206456
2024-12-08T00:00:00Z,94529.03125000,95966.36718750,93440.71875000,95815.53125000,41763126790
2024-12-09T00:00:00Z,95816.52343750,95850.07031250,89399.01562500,92316.53125000,104864852263
2024-12-10T00:00:00Z,92324.59375000,93367.94531250,89685.55468750,91798.15625000,99535420901
2024-12-11T00:00:00Z,91779.76562500,97092.85937500,90887.00000000,96304.99218750,81282716855
2024-12-12T00:00:00Z,96300.01562500,97755.14062500,94824.45312500,95515.95312500,68812563704
2024-12-13T00:00:00Z,95519.43750000,97085.25781250,94807.37500000,96576.12500000,54156464084
2024-12-14T00:00:00Z,96568.68750000,97679.93750000,95823.75000000,96527.33593750,38490750885
2024-12-15T00:00:00Z,96527.87500000,99995.70312500,96388.37500000,99243.02343750,48666718241
2024-12-16T00:00:00Z,99238.15625000,102564.64843750,98434.67187500,100818.99218750,86547310403
2024-12-17T00:00:00Z,100819.92187500,103064.85156250,100334.07812500,101138.93750000,65357228227
2024-12-18T00:00:00Z,101145.31250000,101406.32812500,96653.93750000,96653.93750000,90687177291
2024-12-19T00:00:00Z,96682.09375000,98788.64843750,92200.72656250,94061.50781250,93801695974
2024-12-20T00:00:00Z,94055.47656250,94520.07031250,88670.21875000,93712.25781250,101264529548
2024-12-21T00:00:00Z,93712.50781250,95390.98437500,92460.01562500,93216.44531250,49631204857
2024-12-22T00:00:00Z,93210.29687500,93346.39062500,90305.51562500,91152.85156250,41354966950
2024-12-23T00:00:00Z,91147.53906250,92778.62500000,88804.58593750,91006.07031250,62703358592
2024-12-24T00:00:00Z,91004.25000000,95666.86718750,89818.21093750,94839.86718750,45283265620
2024-12-25T00:00:00Z,94839.68750000,95672.09375000,93628.34375000,95487.59375000,32406804981
2024-12-26T00:00:00Z,95486.15625000,96071.97656250,91468.32031250,91917.90625000,45150289357
2024-12-27T00:00:00Z,91831.03125000,93460.55468750,89574.57812500,90321.71093750,50280519776
2024-12-28T00:00:00Z,90317.22656250,91605.22656250,90177.28125000,91258.11718750,23117994682
2024-12-29T00:00:00Z,91267.82812500,91268.61718750,89027.75781250,89674.53906250,28414175532
2024-12-30T00:00:00Z,89671.63281250,91217.28125000,87812.01562500,89031.24218750,53997345803
2024-12-31T00:00:00Z,89031.27343750,92562.15625000,88287.74218750,90269.89062500,42149923855
2025-01-01T00:00:00Z,90265.92968750,91665.60937500,89650.50000000,91219.30468750,23688762764
2025-01-02T00:00:00Z,91215.95312500,95260.45312500,91023.77343750,94359.00000000,44809128866
2025-01-03T00:00:00Z,94353.98437500,96061.63281250,93430.73437500,95134.47656250,34532259176
2025-01-04T00:00:00Z,95134.05468750,95751.75781250,94623.65625000,95268.60937500,21667660230
2025-01-05T00:00:00Z,95266.35937500,95896.43750000,94352.67968750,95402.57812500,19917235201
2025-01-06T00:00:00Z,95402.57031250,98587.09375000,94976.41406250,98308.64843750,49909748805
2025-01-07T00:00:00Z,98473.10937500,98956.08593750,92892.71875000,93722.12500000,56747818088
2025-01-08T00:00:00Z,93723.53906250,93998.51562500,89804.75000000,92158.95312500,61937226845
2025-01-09T00:00:00Z,92158.91406250,92421.14843750,88549.16406250,89819.57031250,60968648784
2025-01-10T00:00:00Z,89829.72656250,93484.57031250,89956.20312500,92333.07031250,60506667813
2025-01-11T00:00:00Z,92332.46093750,92620.53125000,91493.19531250,92219.64062500,18392804431
2025-01-12T00:00:00Z,92218.79687500,93000.70312500,91386.75781250,92246.03906250,20389485037
2025-01-13T00:00:00Z,92246.48437500,93596.52343750,87411.88281250,92086.50781250,71102708207
2025-01-14T00:00:00Z,92088.92187500,94902.78125000,92043.42187500,93666.30468750,52172340058
2025-01-15T00:00:00Z,93666.31250000,97822.22656250,93690.45312500,97625.94531250,56150304169
2025-01-16T00:00:00Z,97626.72656250,97889.15625000,94748.35937500,96836.12500000,52519677177
2025-01-17T00:00:00Z,97097.10937500,103037.74218750,97035.09375000,101394.82812500,69778168648
2025-01-18T00:00:00Z,101067.64062500,102021.17187500,99225.03906250,101663.17968750,49119439437
2025-01-19T00:00:00Z,101666.31250000,103345.19531250,96931.51562500,98330.67187500,74694177796
2025-01-20T00:00:00Z,98324.97656250,105812.41406250,96722.17187500,97881.21093750,121160679030
2025-01-21T00:00:00Z,97915.67187500,102744.41406250,96500.21093750,101996.04687500,85264472337
2025-01-22T00:00:00Z,101986.55468750,102045.64843750,99202.70312500,99589.35156250,51765886964
2025-01-23T00:00:00Z,99593.77343750,102729.75000000,97183.39062500,99811.53906250,99950120635
2025-01-24T00:00:00Z,99816.81250000,101970.56250000,98433.18750000,99794.85937500,49876947107
2025-01-25T00:00:00Z,99799.18750000,100208.29687500,99129.26562500,99704.46875000,22746003575
2025-01-26T00:00:00Z,99703.10156250,100408.16406250,97926.95312500,98096.28906250,21536517646
2025-01-27T00:00:00Z,98094.18750000,98621.60156250,93478.53906250,97807.15625000,85274561336
2025-01-28T00:00:00Z,97814.55468750,99385.12500000,96099.15625000,97179.67187500,45247126641
2025-01-29T00:00:00Z,97165.33593750,100589.37500000,97133.00781250,99479.07031250,45500000133
2025-01-30T00:00:00Z,99484.94531250,101998.98437500,99089.28125000,100736.09375000,40315233733
2025-01-31T00:00:00Z,100738.26562500,102066.58593750,97951.66406250,98832.21875000,44137193944
2025-02-01T00:00:00Z,98830.07031250,99170.67968750,96784.48437500,97130.13281250,26785639556
2025-02-02T00:00:00Z,97135.56250000,97877.75000000,93886.10937500,95332.32812500,61569789864
2025-02-03T00:00:00Z,95324.64062500,99157.24218750,89222.68750000,98183.67187500,111734495826
2025-02-04T00:00:00Z,98177.17968750,98562.29687500,92705.64843750,94367.03125000,70387923928
2025-02-05T00:00:00Z,94373.00000000,95147.49218750,92466.89843750,92911.39843750,47242522056
2025-02-06T00:00:00Z,92906.78125000,95688.08593750,92162.35156250,93010.26562500,43622022053
2025-02-07T00:00:00Z,92998.72656250,96447.33593750,92592.52343750,93431.85156250,53952775411
2025-02-08T00:00:00Z,93435.89843750,93769.38281250,92663.17187500,93418.35937500,21734637852
2025-02-09T00:00:00Z,93417.25781250,94234.42187500,92140.61718750,93600.26562500,26899528101
2025-02-10T00:00:00Z,93599.65625000,95269.84375000,92528.03906250,94593.25781250,38909017400
2025-02-11T00:00:00Z,94593.81250000,95586.07812500,91560.76562500,92383.15625000,36171539894
2025-02-12T00:00:00Z,92381.47656250,94504.42187500,91158.28125000,94189.50000000,47477251626
2025-02-13T00:00:00Z,94192.27343750,94333.61718750,91364.32031250,92359.46875000,35507822767
2025-02-14T00:00:00Z,92358.99218750,94045.99218750,91744.36718750,92896.69531250,31151339781
2025-02-15T00:00:00Z,92896.14062500,93340.71875000,92640.64062500,93009.00000000,16248653005
2025-02-16T00:00:00Z,93009.14062500,93147.44531250,91581.27343750,91693.85156250,15766241815
2025-02-17T00:00:00Z,91697.64062500,92649.19531250,90851.57812500,91338.88281250,26070813720
2025-02-18T00:00:00Z,91339.29687500,92540.96093750,89446.04687500,91440.80468750,35724409748
2025-02-19T00:00:00Z,91434.09375000,92899.04687500,90943.07812500,92732.69531250,27819989489
2025-02-20T00:00:00Z,92729.87500000,94081.48437500,92513.30468750,93646.85156250,30158566465
2025-02-21T00:00:00Z,93653.26562500,94967.92187500,90674.96875000,91858.72656250,47406675207
2025-02-22T00:00:00Z,91867.00000000,92695.40625000,91514.50781250,92339.35156250,17548348536
2025-02-23T00:00:00Z,92339.39062500,92429.33593750,91089.41406250,91916.85156250,16230133556
2025-02-24T00:00:00Z,91920.71093750,92108.59375000,87341.78906250,87386.17187500,42103810505
2025-02-25T00:00:00Z,87404.28125000,88319.03125000,81811.71875000,84346.39843750,87580982647
2025-02-26T00:00:00Z,84253.92968750,84989.61718750,78342.99218750,80422.18750000,61591641630
2025-02-27T00:00:00Z,80164.59375000,83002.14062500,79938.64062500,81493.08593750,50663266823
2025-02-28T00:00:00Z,81494.43750000,81964.29687500,75242.28125000,81297.61718750,80562965278
2025-03-01T00:00:00Z,81298.43750000,83368.56250000,80739.92968750,82896.04687500,28126629991
2025-03-02T00:00:00Z,82900.23437500,91608.09375000,81966.42968750,90516.96093750,56086292370
2025-03-03T00:00:00Z,90517.03125000,90691.17968750,81123.92187500,82080.57031250,66827674139
2025-03-04T00:00:00Z,82079.03906250,83686.67187500,77602.95312500,82103.73437500,64099208419
2025-03-05T00:00:00Z,82104.45312500,84309.50781250,81349.70312500,83955.02343750,46783019993
2025-03-06T00:00:00Z,83953.91406250,85848.46875000,81401.77343750,83396.77343750,44265268066
2025-03-07T00:00:00Z,83398.21093750,84484.49218750,78527.35937500,80057.50781250,60863310226
2025-03-08T00:00:00Z,80057.48437500,80154.03906250,78685.13281250,79537.14843750,16807724357
2025-03-09T00:00:00Z,79536.88281250,79829.36718750,73770.21093750,74216.39062500,28451716084
2025-03-10T00:00:00Z,74212.80468750,77447.15625000,71543.21093750,72449.38281250,49873851027
2025-03-11T00:00:00Z,72441.88281250,76467.79687500,70652.00781250,75921.33593750,50120708741
2025-03-12T00:00:00Z,75916.91406250,77442.60937500,73867.69531250,76910.54687500,37070244252
2025-03-13T00:00:00Z,76912.89062500,77397.80468750,73578.78906250,74682.21093750,28938982639
2025-03-14T00:00:00Z,74682.48437500,78423.97656250,74418.10937500,76877.90625000,27089396321
2025-03-15T00:00:00Z,76877.27343750,77522.06250000,76869.48437500,77262.08593750,12504464282
2025-03-16T00:00:00Z,77253.11718750,78150.85156250,75362.80468750,75902.78906250,19605632509
2025-03-17T00:00:00Z,75899.71093750,77595.43750000,75626.41406250,77004.00000000,22982206272
2025-03-18T00:00:00Z,77004.02343750,77004.02343750,74391.07031250,75619.67968750,22027899314
2025-03-19T00:00:00Z,75619.96093750,79764.75000000,75501.17968750,79597.03125000,32013185386
2025-03-20T00:00:00Z,79614.19531250,80111.50000000,77091.92968750,77548.45312500,26746207327
2025-03-21T00:00:00Z,77546.00781250,78124.65625000,76776.04687500,77269.35937500,17496597844
2025-03-22T00:00:00Z,77272.13281250,77702.05468750,76945.90625000,77102.20312500,9071369915
2025-03-23T00:00:00Z,77101.65625000,79451.35937500,77067.64062500,79414.07031250,11622764623
2025-03-24T00:00:00Z,79429.35156250,82089.48437500,79013.89062500,80998.26562500,32013324882
2025-03-25T00:00:00Z,81011.14062500,82052.06250000,79926.25000000,81077.43750000,27812383135
2025-03-26T00:00:00Z,81066.80468750,81841.79687500,79870.98437500,80904.72656250,24861466861
2025-03-27T00:00:00Z,80900.41406250,81440.88281250,79560.26562500,80713.44531250,22603359477
2025-03-28T00:00:00Z,80720.96875000,81033.89843750,77217.20312500,77562.55468750,31445562241
2025-03-29T00:00:00Z,77561.56250000,77759.49218750,75062.42968750,75948.31250000,15603325807
2025-03-30T00:00:00Z,75947.75781250,76782.67968750,75479.07031250,76068.45312500,13640164917
2025-03-31T00:00:00Z,76069.87500000,77608.03906250,75003.85156250,76306.07031250,26810754481
2025-04-01T00:00:00Z,76308.84375000,79155.06250000,76164.23437500,78896.28906250,26100457322
2025-04-02T00:00:00Z,78906.89062500,81226.64062500,75938.28125000,75638.07812500,43634132047
2025-04-03T00:00:00Z,75639.69531250,76849.25781250,73181.85156250,75249.03125000,33369329524
2025-04-04T00:00:00Z,75246.69531250,77109.74218750,73927.14062500,76502.10937500,41203456600
2025-04-05T00:00:00Z,76502.92187500,76833.51562500,75164.41406250,76192.78906250,13121562941
2025-04-06T00:00:00Z,76192.51562500,76375.19531250,70136.12500000,71222.34375000,33050202697
2025-04-07T00:00:00Z,71228.57812500,74059.92187500,67559.84375000,72589.62500000,83607971616
2025-04-08T00:00:00Z,72574.17968750,73695.54687500,69433.53906250,69481.53125000,44013191049
2025-04-09T00:00:00Z,69483.00000000,76281.11718750,67571.97656250,75397.69531250,76894873353
2025-04-10T00:00:00Z,75390.41406250,75480.47656250,70132.09375000,70715.50000000,39713788054
2025-04-11T00:00:00Z,70714.53125000,74218.14843750,69778.92187500,73475.82812500,36697705893
2025-04-12T00:00:00Z,73475.53906250,75590.96093750,72916.01562500,75089.92968750,21357692783
2025-04-13T00:00:00Z,75083.20312500,75730.95312500,73342.32031250,73775.84375000,25387133845
2025-04-14T00:00:00Z,73784.25781250,75494.05468750,73780.82812500,74560.13281250,30065536227
2025-04-15T00:00:00Z,74557.75000000,76372.08593750,74002.75781250,74074.07812500,24824742777
2025-04-16T00:00:00Z,74078.96875000,75125.20312500,73427.28906250,73748.71093750,25992792214
2025-04-17T00:00:00Z,73745.90625000,75230.81250000,73635.88281250,74650.61718750,18709195113
2025-04-18T00:00:00Z,74654.52343750,74825.86718750,74125.78125000,74259.36718750,11192325116
2025-04-19T00:00:00Z,74259.42187500,75267.85937500,74173.76562500,74798.04687500,13417823311
2025-04-20T00:00:00Z,74800.38281250,75011.69531250,73842.60156250,74400.43750000,12809165697
2025-04-21T00:00:00Z,74398.02343750,76850.94531250,74295.66406250,76009.82031250,35952425595
2025-04-22T00:00:00Z,76012.39843750,82613.71093750,75818.49218750,82320.71875000,49246102596
2025-04-23T00:00:00Z,82308.11718750,83051.81250000,80824.31250000,82702.21093750,36823193346
2025-04-24T00:00:00Z,82696.28125000,82656.21875000,80602.23437500,82604.30468750,27682998639
2025-04-25T00:00:00Z,82613.50000000,84226.38281250,81850.16406250,83050.92968750,35874475737
2025-04-26T00:00:00Z,83045.80468750,83506.86718750,82383.59375000,83071.60937500,15458776611
2025-04-27T00:00:00Z,83083.88281250,83741.17187500,82411.50000000,82643.67968750,15946424009
2025-04-28T00:00:00Z,82644.07812500,84178.86718750,81763.85156250,83247.54687500,28366110459
2025-04-29T00:00:00Z,83250.27343750,83724.09375000,82350.82031250,82776.67187500,22656311121
2025-04-30T00:00:00Z,82778.14843750,83736.15625000,81787.67968750,83206.06250000,25034673154
2025-05-01T00:00:00Z,83210.96875000,86330.23437500,83158.65625000,85401.41406250,29097101994
2025-05-02T00:00:00Z,85403.74218750,86137.41406250,85095.33593750,85741.17968750,23376797858
2025-05-03T00:00:00Z,85736.37500000,85771.10156250,84784.75781250,84840.26562500,13957068288
2025-05-04T00:00:00Z,84827.33593750,85218.16406250,83187.06250000,83307.41406250,16074537504
2025-05-05T00:00:00Z,83310.58593750,84141.64062500,82520.85937500,83756.99218750,22821496681
2025-05-06T00:00:00Z,83757.28906250,85426.79687500,82264.63281250,85362.75000000,23413552255
2025-05-07T00:00:00Z,85360.73437500,86096.10156250,84671.35156250,85846.24218750,68108973441
2025-05-08T00:00:00Z,85847.94531250,92621.78125000,85644.33593750,91947.87500000,62249546110
2025-05-09T00:00:00Z,91945.79687500,92689.70312500,91195.36718750,91525.64062500,51729820240
2025-05-10T00:00:00Z,91528.18750000,93279.01562500,91400.87500000,93059.32812500,37577657234
2025-05-11T00:00:00Z,93063.54687500,93274.13281250,91875.75000000,92717.74218750,41222159515
2025-05-12T00:00:00Z,92718.28906250,94557.04687500,90975.01562500,92655.13281250,57001391685
2025-05-13T00:00:00Z,92654.71875000,93836.40625000,91402.15625000,93123.53906250,47030178547
2025-05-14T00:00:00Z,93121.32031250,92942.29687500,91658.96875000,92590.32812500,41096308542
2025-05-15T00:00:00Z,92589.80468750,93226.34375000,90745.39843750,92694.90625000,45039310410
2025-05-16T00:00:00Z,92686.87500000,93821.83593750,92055.35937500,92715.12500000,39765465302
2025-05-17T00:00:00Z,92715.12500000,92919.07812500,91971.42968750,92447.96093750,33952972315
2025-05-18T00:00:00Z,92444.26562500,95269.61718750,92404.53125000,95134.52343750,44585831283
2025-05-19T00:00:00Z,95120.69531250,95726.17968750,91086.96875000,94018.96875000,54984634070
2025-05-20T00:00:00Z,94018.28125000,95100.60937500,92685.54687500,94601.42187500,32347638564
2025-05-21T00:00:00Z,94601.61718750,97772.25000000,93678.71875000,96784.86718750,68906921525
2025-05-22T00:00:00Z,96780.82812500,99444.62500000,96441.45312500,98980.60937500,62183535752
2025-05-23T00:00:00Z,98985.99218750,99055.06250000,93969.38281250,94362.08593750,59410136932
2025-05-24T00:00:00Z,94353.91406250,96267.76562500,94016.86718750,94804.80468750,40373295873
2025-05-25T00:00:00Z,94814.57812500,96102.35156250,93830.47656250,95857.36718750,41775011304
2025-05-26T00:00:00Z,95847.16406250,96997.32812500,95441.18750000,96092.80468750,40346251376
2025-05-27T00:00:00Z,96092.83593750,97430.64843750,94350.12500000,96136.00000000,50672491726
2025-05-28T00:00:00Z,96133.82031250,96429.28906250,94590.85937500,95999.04687500,43773355211
2025-05-29T00:00:00Z,95993.03125000,96515.97656250,92609.13281250,92856.46875000,49242598476
2025-05-30T00:00:00Z,92860.37500000,93668.39062500,91372.06250000,91647.70312500,50808145278
2025-05-31T00:00:00Z,91644.30468750,92467.47656250,90887.67187500,92211.27343750,34366459922
2025-06-01T00:00:00Z,92210.57031250,93240.44531250,91496.46875000,93059.53125000,32939739061
2025-06-02T00:00:00Z,93057.51562500,92536.46875000,90814.50781250,92445.16406250,40005185562
2025-06-03T00:00:00Z,92451.22656250,93876.32031250,91950.21093750,92613.14843750,40579567308
2025-06-04T00:00:00Z,92614.81250000,93123.00000000,91290.22656250,91701.43750000,39002675074
2025-06-05T00:00:00Z,91717.89843750,92570.44531250,87762.05468750,88688.39843750,50186554936
2025-06-06T00:00:00Z,88687.01562500,92553.68750000,88330.14062500,91566.51562500,42854858074
2025-06-07T00:00:00Z,91566.77343750,92954.53125000,91233.19531250,92641.27343750,33652081202
2025-06-08T00:00:00Z,92642.92968750,93464.37500000,92167.35156250,92747.28125000,32109521983
2025-06-09T00:00:00Z,92746.73437500,96808.68750000,92341.35156250,96526.19531250,48924853962
2025-06-10T00:00:00Z,96527.58593750,96576.86718750,94918.52343750,96398.67187500,47824681650
2025-06-11T00:00:00Z,96402.66406250,96211.00000000,94032.29687500,94425.53125000,44171443836
2025-06-12T00:00:00Z,94424.90625000,94530.85937500,91280.14062500,91251.83593750,47244866154
2025-06-13T00:00:00Z,91248.00000000,91936.88281250,89014.46875000,91857.59375000,60219414601
2025-06-14T00:00:00Z,91872.41406250,91955.25000000,90375.61718750,91322.01562500,32908658537
2025-06-15T00:00:00Z,91315.46875000,91914.85156250,90497.28125000,91390.95312500,31814617927
2025-06-16T00:00:00Z,91394.04687500,94151.67968750,90978.54687500,92432.27343750,43592164521
2025-06-17T00:00:00Z,92429.99218750,93214.69531250,89889.83593750,91100.87500000,48741142583
2025-06-18T00:00:00Z,91101.71093750,91780.29687500,90283.77343750,91393.33593750,41232083827
2025-06-19T00:00:00Z,91396.34375000,91791.82812500,90706.20312500,90937.14843750,32431131395
2025-06-20T00:00:00Z,90934.32031250,92499.62500000,88729.88281250,89639.24218750,44209697526
2025-06-21T00:00:00Z,89643.99218750,90256.25781250,87603.40625000,88730.49218750,33286105805
2025-06-22T00:00:00Z,88691.11718750,89671.05468750,85715.79687500,87815.18750000,56988875582
2025-06-23T00:00:00Z,87815.47656250,91477.61718750,86474.09375000,91030.74218750,56248974942
2025-06-24T00:00:00Z,91025.34375000,91467.23437500,90362.96875000,91320.98437500,42043817111
2025-06-25T00:00:00Z,91322.50781250,93144.13281250,91114.10937500,91888.89062500,44184310189
2025-06-26T00:00:00Z,91900.71093750,92580.33593750,91109.59375000,91468.66406250,37534981936
2025-06-27T00:00:00Z,91464.32031250,91984.88281250,90827.71093750,91367.85156250,38695770590
2025-06-28T00:00:00Z,91369.65625000,91776.91406250,91193.40625000,91572.00000000,25628172751
2025-06-29T00:00:00Z,91572.10156250,92594.64843750,91488.72656250,92424.71093750,30302008828
2025-06-30T00:00:00Z,92422.89843750,92735.95312500,90847.23437500,90897.36718750,35689252482
2025-07-01T00:00:00Z,90905.04687500,91172.53906250,89280.73437500,89534.89843750,37365285188
2025-07-02T00:00:00Z,89538.98437500,93074.20312500,89052.75000000,92266.22656250,47674843584
2025-07-03T00:00:00Z,92254.09375000,93887.50781250,92034.93750000,93161.96875000,42902655791
2025-07-04T00:00:00Z,93151.49218750,93300.16406250,91106.32031250,91720.28906250,36181018883
2025-07-05T00:00:00Z,91704.58593750,92014.89062500,91585.85156250,91887.40625000,25992346430
2025-07-06T00:00:00Z,91887.40625000,93128.13281250,91561.25781250,92723.50000000,31192484153
2025-07-07T00:00:00Z,92726.26562500,93183.93750000,91901.22656250,92275.58593750,38695899298
2025-07-08T00:00:00Z,92274.20312500,93308.77343750,91539.20312500,92931.32031250,37771391654
2025-07-09T00:00:00Z,92931.32031250,95482.53125000,92572.13281250,94822.60937500,49339794192
2025-07-10T00:00:00Z,94824.86718750,99635.90625000,94587.05468750,99117.32812500,81961646321
2025-07-11T00:00:00Z,99116.50000000,101697.87500000,98691.67968750,100535.78906250,74367212908
2025-07-12T00:00:00Z,100547.52343750,101137.12500000,100073.84375000,100465.83593750,38946261340
2025-07-13T00:00:00Z,100463.25000000,102437.32812500,100320.58593750,101941.60156250,41953083727
2025-07-14T00:00:00Z,101941.31250000,105373.80468750,101722.84375000,102739.24218750,155799210089
2025-07-15T00:00:00Z,102742.79687500,102714.01562500,99636.97656250,101463.39843750,84702734604
2025-07-16T00:00:00Z,101463.39843750,103160.29687500,100837.53125000,102048.38281250,62018789940
2025-07-17T00:00:00Z,102048.38281250,104347.52343750,101481.39062500,102701.28125000,62300853594
2025-07-18T00:00:00Z,102696.34375000,104065.34375000,100564.64843750,101476.87500000,67029490525
2025-07-19T00:00:00Z,101472.49218750,101939.67968750,100948.16406250,101422.48437500,40903145750
2025-07-20T00:00:00Z,101426.03906250,102217.98437500,100224.25781250,100863.54687500,49455865126
2025-07-21T00:00:00Z,100868.42968750,102806.60937500,100240.42968750,100418.55468750,59700786567
2025-07-22T00:00:00Z,100407.40625000,102358.75781250,99444.73437500,102228.65625000,67488469327
2025-07-23T00:00:00Z,102230.38281250,102317.35937500,100175.35937500,100867.60937500,56575750087
2025-07-24T00:00:00Z,100881.21875000,101593.17968750,99708.02343750,100697.78906250,61785367190
2025-07-25T00:00:00Z,100697.78906250,100810.26562500,97657.28125000,100145.42187500,89266567585
2025-07-26T00:00:00Z,100153.05468750,100741.17968750,99758.37500000,100410.60156250,41296497231
2025-07-27T00:00:00Z,100408.35156250,101928.44531250,100335.95312500,101609.92968750,46516918613
2025-07-28T00:00:00Z,101617.61718750,101949.03125000,101308.74218750,101689.21875000,55898444489
2025-07-29T00:00:00Z,101701.39062500,103291.53125000,101330.95312500,102088.03125000,59270155219
2025-07-30T00:00:00Z,102087.89843750,103461.33593750,101394.62500000,103105.94531250,60286265798
2025-07-31T00:00:00Z,103108.07812500,103849.60937500,101159.58593750,101349.08593750,60735402827
2025-08-01T00:00:00Z,101332.23437500,101665.98437500,97230.46875000,97744.24218750,78746097008
2025-08-02T00:00:00Z,97744.50781250,98379.32031250,96640.03125000,97071.63281250,49059797575
2025-08-03T00:00:00Z,97070.67187500,98994.43750000,96586.57031250,98567.79687500,41509102665
2025-08-04T00:00:00Z,98573.18750000,100001.14062500,98615.39843750,99324.07031250,30886049903
2025-08-05T00:00:00Z,99324.32812500,99440.39843750,97509.67968750,98579.74218750,52717283291
2025-08-06T00:00:00Z,98579.28125000,99265.90625000,97862.92187500,98625.69531250,48339807346
2025-08-07T00:00:00Z,98627.45312500,100824.51562500,97907.20312500,100626.81250000,54855177871
2025-08-08T00:00:00Z,100634.17187500,100855.17187500,99407.56250000,100188.93750000,51269586236
2025-08-09T00:00:00Z,100179.96875000,101234.61718750,99909.99218750,100004.60937500,46357625815
2025-08-10T00:00:00Z,100002.33593750,102430.39062500,99991.56250000,102429.75000000,55595216263
2025-08-11T00:00:00Z,102429.78906250,104865.26562500,101721.10156250,102209.84375000,77931613330
2025-08-12T00:00:00Z,102197.98437500,103059.27343750,101823.18750000,102908.86718750,62344684478
2025-08-13T00:00:00Z,102905.50000000,105607.37500000,101791.39062500,105310.78906250,77614253035
2025-08-14T00:00:00Z,105306.80468750,106252.52343750,100752.78125000,101591.22656250,89313754495
2025-08-15T00:00:00Z,101596.54687500,102225.31250000,99841.14843750,100299.04687500,58664107141
2025-08-16T00:00:00Z,100299.10937500,100809.70312500,100191.05468750,100378.50000000,41040248560
2025-08-17T00:00:00Z,100379.72656250,101407.21875000,100197.52343750,100331.46093750,39168115365
2025-08-18T00:00:00Z,100332.17968750,100490.13281250,98225.15625000,99632.88281250,62382063045
2025-08-19T00:00:00Z,99623.92187500,100125.43750000,96822.44531250,96921.86718750,61553807046
2025-08-20T00:00:00Z,96919.15625000,98366.24218750,96420.66406250,98083.15625000,58359768370
2025-08-21T00:00:00Z,98083.96093750,98576.78906250,96498.64843750,96810.32031250,49790217455
2025-08-22T00:00:00Z,96822.98437500,100017.98437500,96189.07812500,99683.66406250,70389444381
2025-08-23T00:00:00Z,99677.07812500,99787.85937500,97689.56250000,98425.49218750,47242074209
2025-08-24T00:00:00Z,98436.64062500,98630.88281250,94847.53906250,96903.60156250,63169694718
2025-08-25T00:00:00Z,96902.28906250,97097.28906250,94098.68750000,94814.64062500,73791721072
2025-08-26T00:00:00Z,94814.42968750,96547.57031250,93374.27343750,96073.69531250,59633298993
2025-08-27T00:00:00Z,96067.72656250,97173.10156250,95292.57812500,95489.25781250,53347521231
2025-08-28T00:00:00Z,95486.67187500,97243.50781250,95249.14062500,96367.72656250,50399656005
2025-08-29T00:00:00Z,96372.61718750,96446.39062500,92045.32812500,92773.76562500,66615328407
2025-08-30T00:00:00Z,92772.53906250,93201.58593750,91946.76562500,93101.84375000,44054324942
2025-08-31T00:00:00Z,93110.73437500,93702.17968750,92470.77343750,92587.19531250,41048060247
2025-09-01T00:00:00Z,92580.38281250,93724.79687500,91591.57031250,93255.97656250,57080349778
2025-09-02T00:00:00Z,93249.55468750,95766.92968750,93369.26562500,95591.69531250,64280776403
2025-09-03T00:00:00Z,95583.19531250,96541.63281250,95193.57031250,95807.90625000,52412966980
2025-09-04T00:00:00Z,95803.56250000,96241.30468750,93958.46093750,94986.45312500,51584694982
2025-09-05T00:00:00Z,94985.95312500,96599.05468750,93959.19531250,94398.24218750,51393173741
2025-09-06T00:00:00Z,94397.88281250,94930.60937500,93905.22656250,94076.44531250,18350799195
2025-09-07T00:00:00Z,94073.57031250,95293.86718750,94065.28906250,94914.91406250,21018854820
2025-09-08T00:00:00Z,94910.98437500,96061.87500000,94453.53125000,95230.46093750,34170033936
2025-09-09T00:00:00Z,95235.67968750,96245.25000000,94482.10937500,95307.31250000,39295578156
2025-09-10T00:00:00Z,95307.91406250,97498.96093750,94834.01562500,97376.90625000,48175566143
2025-09-11T00:00:00Z,97382.09375000,98462.86718750,96805.96093750,98450.07812500,38938568994
2025-09-12T00:00:00Z,98450.29687500,99496.50781250,97959.41406250,98930.15625000,46682917035
2025-09-13T00:00:00Z,98923.32031250,99238.25781250,98217.34375000,98815.80468750,29443874692
2025-09-14T00:00:00Z,98815.62500000,99012.66406250,98259.00781250,98423.80468750,27971345879
2025-09-15T00:00:00Z,98416.96093750,99543.09375000,97284.92187500,98143.14843750,45004062425
2025-09-16T00:00:00Z,98125.19531250,98612.51562500,97107.30468750,98425.54687500,38565305538
2025-09-17T00:00:00Z,98423.28906250,99087.64843750,96866.52343750,98488.79687500,51184072511
2025-09-18T00:00:00Z,98482.67187500,100050.27343750,98286.42187500,99360.34375000,41951586971
2025-09-19T00:00:00Z,99360.74218750,99705.89062500,98012.17187500,98495.76562500,33057980312
2025-09-20T00:00:00Z,98497.69531250,98894.46875000,98312.42968750,98503.57031250,19462425292
2025-09-21T00:00:00Z,98510.60937500,98656.04687500,98156.12500000,98247.94531250,19167860811
2025-09-22T00:00:00Z,98250.60937500,98364.67187500,94957.61718750,95545.45312500,59899240357
2025-09-23T00:00:00Z,95553.05468750,96030.60937500,94412.40625000,94801.11718750,39956760573
2025-09-24T00:00:00Z,94795.33593750,97119.95312500,94259.44531250,96514.06250000,40916218512
2025-09-25T00:00:00Z,96515.36718750,96681.48437500,93253.04687500,93510.20312500,64766123163
2025-09-26T00:00:00Z,93503.34375000,94319.47656250,93186.82031250,93735.57031250,49329977406
2025-09-27T00:00:00Z,93730.71093750,93791.67187500,93249.82812500,93729.25000000,22481669609
2025-09-28T00:00:00Z,93729.25781250,96004.62500000,93348.97656250,95791.07812500,28510288322
2025-09-29T00:00:00Z,95787.01562500,97628.55468750,95140.92187500,97522.21093750,51147965709
2025-09-30T00:00:00Z,97518.91406250,97946.44531250,95961.27343750,97197.22656250,50267442810
2025-10-01T00:00:00Z,97198.50781250,101124.60156250,97132.32031250,101124.60156250,60793505405
2025-10-02T00:00:00Z,101127.54687500,103273.99218750,100819.71093750,102929.64843750,60910350376
2025-10-03T00:00:00Z,102908.94531250,105588.86718750,101689.94531250,104123.03125000,71485077211
2025-10-04T00:00:00Z,104123.83593750,104626.42968750,103580.44531250,104302.78906250,31326231243
2025-10-05T00:00:00Z,104297.89062500,106972.67968750,104103.88281250,105457.53125000,62916971157
2025-10-06T00:00:00Z,105454.95312500,107745.13281250,105167.78906250,106538.16406250,61973534259
2025-10-07T00:00:00Z,106537.82812500,107299.23437500,103460.41406250,104223.86718750,65347846796
2025-10-08T00:00:00Z,104221.26562500,106971.18750000,104257.81250000,106073.83593750,56198689950
2025-10-09T00:00:00Z,106058.53125000,106548.24218750,103660.29687500,105232.60937500,64548649946
2025-10-10T00:00:00Z,105231.88281250,105912.66406250,90002.26562500,97430.81250000,131777400613
2025-10-11T00:00:00Z,97449.79687500,97599.13281250,94450.17187500,95351.39843750,94860094606
2025-10-12T00:00:00Z,95354.52343750,99815.62500000,94411.42968750,99273.22656250,80775846765
2025-10-13T00:00:00Z,99266.25781250,100285.32031250,98259.55468750,99666.25000000,61891609869
2025-10-14T00:00:00Z,99660.89843750,99940.36718750,95002.75781250,97488.26562500,79471213115
2025-10-15T00:00:00Z,97484.22656250,97765.12500000,94752.99218750,95126.51562500,62317448381
2025-10-16T00:00:00Z,95125.65625000,96095.17187500,92008.46875000,92473.42187500,74626300100
2025-10-17T00:00:00Z,92467.52343750,93291.09375000,88596.75781250,91306.34375000,85504938299
2025-10-18T00:00:00Z,91320.02343750,92183.83593750,91264.71875000,91960.46093750,32409642863
2025-10-19T00:00:00Z,91965.64843750,93873.67187500,91060.03125000,93212.57031250,40879419767
2025-10-20T00:00:00Z,93213.19531250,95819.24218750,92175.60156250,94974.10156250,54540683224
2025-10-21T00:00:00Z,94972.99218750,98136.37500000,92582.36718750,93515.53906250,87237444825
2025-10-22T00:00:00Z,93528.15625000,93966.03125000,91958.81250000,92777.27343750,69617908518
2025-10-23T00:00:00Z,92769.39062500,95851.86718750,92675.45312500,94747.25000000,47295476064
2025-10-24T00:00:00Z,94746.92968750,96298.42968750,94423.40625000,95511.49218750,41427982927
2025-10-25T00:00:00Z,95510.36718750,96297.53125000,95228.03906250,96034.32812500,21253560124
2025-10-26T00:00:00Z,96032.02343750,99112.39062500,95713.26562500,98418.25781250,35859112175
2025-10-27T00:00:00Z,98424.62500000,100008.30468750,97748.01562500,97947.25000000,53009033064
2025-10-28T00:00:00Z,97955.62500000,99639.76562500,96373.54687500,96901.92968750,55356821468
2025-10-29T00:00:00Z,96872.04687500,97601.93750000,94368.68750000,94846.64843750,53597662790
2025-10-30T00:00:00Z,94850.00781250,96054.36718750,91987.96875000,93595.59375000,60210916587
2025-10-31T00:00:00Z,93594.61718750,96297.12500000,93580.66406250,94452.75000000,51806302591
2025-11-01T00:00:00Z,94454.87500000,95376.60156250,94294.79687500,94935.93750000,22315659634
2025-11-02T00:00:00Z,94936.29687500,95887.58593750,94977.86718750,95978.99218750,29741277432
2025-11-03T00:00:00Z,95985.30468750,96086.24218750,91382.76562500,92500.71875000,63247489249
2025-11-04T00:00:00Z,92495.42968750,93169.31250000,86192.19531250,88446.33593750,96609806538
2025-11-05T00:00:00Z,88436.50781250,90971.74218750,86111.22656250,90373.74218750,67489815842
2025-11-06T00:00:00Z,90375.33593750,90522.33593750,86969.58593750,87714.56250000,55357964182
2025-11-07T00:00:00Z,87701.53125000,89939.64062500,85883.35937500,89349.52343750,79665068128
2025-11-08T00:00:00Z,89348.91406250,89350.52343750,87694.85156250,88407.13281250,44467741661
2025-11-09T00:00:00Z,88404.42968750,91250.35156250,87704.21875000,90719.35937500,51700545977
2025-11-10T00:00:00Z,90722.93750000,92240.48437500,90348.03906250,91712.39062500,60208423480
2025-11-11T00:00:00Z,91712.61718750,93007.52343750,88457.56250000,88891.96875000,61388814314
2025-11-12T00:00:00Z,88904.01562500,90929.53125000,87036.21875000,87702.79687500,55511024731
2025-11-13T00:00:00Z,87712.25781250,89713.16406250,84217.48437500,85723.39062500,87313506033
2025-11-14T00:00:00Z,85721.00000000,85782.10937500,80864.32031250,81205.88281250,98366755329
2025-11-15T00:00:00Z,81225.39843750,83210.85937500,81225.39843750,82206.95312500,33124592083
2025-11-16T00:00:00Z,82213.59375000,83106.21875000,79984.85937500,81084.39062500,61203685180
2025-11-17T00:00:00Z,81087.66406250,82632.69531250,78731.19531250,79459.42187500,81264671463
2025-11-18T00:00:00Z,79459.99218750,80980.84375000,77016.82812500,80265.07031250,87505590228
2025-11-19T00:00:00Z,80262.73437500,80262.73437500,76814.90625000,79264.06250000,69631295944
2025-11-20T00:00:00Z,79258.30468750,80774.50781250,74564.76562500,75112.45312500,84943488887
2025-11-21T00:00:00Z,75023.03906250,75771.30468750,70129.83593750,73892.75000000,112160378308
2025-11-22T00:00:00Z,73899.59375000,74258.76562500,72477.86718750,73482.64843750,35412203904
2025-11-23T00:00:00Z,73482.86718750,76465.81250000,73476.92968750,75434.59375000,50475202516
2025-11-24T00:00:00Z,75429.17187500,77401.21875000,73961.35156250,76621.40625000,64610780406
2025-11-25T00:00:00Z,76620.88281250,76817.05468750,74437.53906250,75522.17968750,56063100355
2025-11-26T00:00:00Z,75525.36718750,78108.12500000,74575.03906250,78019.95312500,57314758493
2025-11-27T00:00:00Z,78019.43750000,79355.48437500,77651.66406250,78692.82812500,49172040045
2025-11-28T00:00:00Z,78692.83593750,80340.63281250,77808.22656250,78402.14062500,52512118645
2025-11-29T00:00:00Z,78401.68750000,78633.54687500,77833.79687500,78343.92187500,32700969138
2025-11-30T00:00:00Z,78332.24218750,79304.12500000,77918.89843750,77918.89843750,33184768796
2025-12-01T00:00:00Z,77914.42187500,77922.21875000,72125.30468750,74372.16406250,75786278912
2025-12-02T00:00:00Z,74372.99218750,79468.46093750,74277.15625000,78557.89062500,67547418777
2025-12-03T00:00:00Z,78553.49218750,80590.14062500,78264.14843750,80168.38281250,66558727356
2025-12-04T00:00:00Z,80105.34375000,80666.85156250,78077.50781250,79136.66406250,55429387988
2025-12-05T00:00:00Z,79129.81250000,79542.38281250,75757.77343750,76757.35156250,54318332763
2025-12-06T00:00:00Z,76758.73437500,77522.68750000,76392.67187500,76668.09375000,32629701552
2025-12-07T00:00:00Z,76672.76562500,78759.33593750,75403.22656250,77663.14843750,40714682741
2025-12-08T00:00:00Z,77679.42187500,79174.13281250,77131.35937500,77869.00000000,49307270499
2025-12-09T00:00:00Z,77868.57031250,81293.11718750,76917.67968750,79714.21875000,57500612406
2025-12-10T00:00:00Z,79717.25000000,80800.55468750,78705.49218750,78640.27343750,55907936744
2025-12-11T00:00:00Z,78632.03125000,79685.78125000,76111.17187500,78794.31250000,54964293100
2025-12-12T00:00:00Z,78796.29687500,79038.02343750,76339.43750000,76868.41406250,68357725379
2025-12-13T00:00:00Z,76857.67968750,77232.27343750,76510.98437500,76935.03906250,54730946816
2025-12-14T00:00:00Z,76933.10156250,77104.92968750,74650.94531250,75125.25000000,42997008319
2025-12-15T00:00:00Z,75121.75781250,76649.92187500,72658.08593750,73526.38281250,38762262583
2025-12-16T00:00:00Z,73530.32031250,74908.60937500,72646.92187500,74765.68750000,35119023867
2025-12-17T00:00:00Z,74768.77343750,76825.79687500,72645.77343750,73366.31250000,37680903173
2025-12-18T00:00:00Z,73366.82812500,76119.50000000,72013.20312500,72890.37500000,44919414011
2025-12-19T00:00:00Z,72902.00000000,76218.60156250,72572.75000000,75221.69531250,39900386491
2025-12-20T00:00:00Z,75220.23437500,75557.93750000,75069.28906250,75433.58593750,12541692976
2025-12-21T00:00:00Z,75434.17968750,76040.28906250,74634.26562500,75677.83593750,16946925311
2025-12-22T00:00:00Z,75677.53906250,77089.27343750,74781.90625000,75223.50781250,32343357051
2025-12-23T00:00:00Z,75223.51562500,75544.42968750,73585.70312500,74112.29687500,37035811351
2025-12-24T00:00:00Z,74104.09375000,74701.25000000,73340.54687500,74408.31250000,21699714778
2025-12-25T00:00:00Z,74405.21875000,75164.03906250,73797.22656250,74027.92187500,16932419112
2025-12-26T00:00:00Z,74028.57812500,75975.65625000,73478.16406250,74150.78125000,36060364318
2025-12-27T00:00:00Z,74150.78125000,74631.43750000,74050.17187500,74569.75781250,11670304386
2025-12-28T00:00:00Z,74567.36718750,74726.64843750,74244.19531250,74610.03906250,12874374376
2025-12-29T00:00:00Z,74610.00781250,76727.55468750,73729.21875000,74005.81250000,41115654952
2025-12-30T00:00:00Z,74002.59375000,75915.39062500,73681.84375000,75287.91406250,30297618722
2025-12-31T00:00:00Z,75287.44531250,75885.89062500,74263.99218750,74586.57031250,28834571074
2026-01-01T00:00:00Z,74585.90625000,75579.00781250,74493.31250000,75510.03125000,16040347945
2026-01-02T00:00:00Z,75510.95312500,77452.82812500,75071.75000000,76704.83593750,39568987182
2026-01-03T00:00:00Z,76705.14062500,77322.46875000,76178.97656250,77257.33593750,17714696340
2026-01-04T00:00:00Z,77257.17968750,78203.32031250,77250.44531250,78096.64843750,22870646497
2026-01-05T00:00:00Z,78097.61718750,80818.58593750,78097.61718750,80141.14843750,45563809276
2026-01-06T00:00:00Z,80136.36718750,80661.34375000,78019.32812500,80197.92968750,44861513360
2026-01-07T00:00:00Z,80196.59375000,80206.28125000,77571.90625000,78196.67187500,37220470390
2026-01-08T00:00:00Z,78198.03125000,78357.63281250,76517.33593750,78081.33593750,36358503365
2026-01-09T00:00:00Z,78080.60937500,79011.64843750,76947.06250000,77793.20312500,32922739312
2026-01-10T00:00:00Z,77790.62500000,77965.03906250,77595.78125000,77684.52343750,10645293032
2026-01-11T00:00:00Z,77683.41406250,78063.88281250,77552.29687500,78138.32031250,14767435997
2026-01-12T00:00:00Z,78136.93750000,79252.90625000,77094.48437500,78159.86718750,35437148376
2026-01-13T00:00:00Z,78153.31250000,82450.17187500,78001.07031250,81877.50000000,47226145063
2026-01-14T00:00:00Z,81878.46875000,84056.09375000,81216.47656250,83236.70312500,52032953233
2026-01-15T00:00:00Z,83238.39062500,83466.66406250,81951.41406250,82307.79687500,45728593111
2026-01-16T00:00:00Z,82310.30468750,82519.33593750,81304.46875000,82333.10156250,28656598186
2026-01-17T00:00:00Z,82333.13281250,82366.30468750,81885.33593750,81936.76562500,13804085445
2026-01-18T00:00:00Z,81937.84375000,82454.43750000,80510.38281250,80549.57812500,17901739164
2026-01-19T00:00:00Z,80567.85156250,80572.28906250,79253.29687500,79517.60937500,33674670132
2026-01-20T00:00:00Z,79517.60937500,79734.45312500,74902.17968750,75304.74218750,45256540518
2026-01-21T00:00:00Z,75318.04687500,77212.91406250,74495.93750000,76567.36718750,48257089960
2026-01-22T00:00:00Z,76568.70312500,77240.45312500,75408.36718750,76112.68750000,30244890496
2026-01-23T00:00:00Z,76112.34375000,77294.46093750,75312.06250000,75681.07812500,32974876845
2026-01-24T00:00:00Z,75683.00000000,75941.28906250,75276.26562500,75332.43750000,12307623418
2026-01-25T00:00:00Z,75327.38281250,75402.10156250,72418.64843750,72992.58593750,30458457430
2026-01-26T00:00:00Z,72987.78125000,74736.21875000,72889.71093750,74336.82031250,38175418903
2026-01-27T00:00:00Z,74328.67968750,74373.67968750,72806.67187500,74125.94531250,32232576136
2026-01-28T00:00:00Z,74127.17187500,75777.99218750,73970.98437500,74445.30468750,33228566531
2026-01-29T00:00:00Z,74433.01562500,74458.83593750,69619.72656250,70655.68750000,54021077595
2026-01-30T00:00:00Z,70656.64062500,70679.18750000,68079.03906250,70972.28125000,60811060592
2026-01-31T00:00:00Z,70970.46093750,70979.25000000,63959.49218750,66326.03125000,59457430695
2026-02-01T00:00:00Z,66330.25781250,66917.82812500,63928.62890625,64977.89843750,45054350728
2026-02-02T00:00:00Z,64973.19531250,67146.39062500,62831.26562500,66692.74218750,63685481927
2026-02-03T00:00:00Z,66696.76562500,67022.05468750,61745.77734375,64010.79296875,57761133464
2026-02-04T00:00:00Z,64016.32812500,65014.73828125,60802.83984375,61872.94921875,56954669777
2026-02-05T00:00:00Z,61870.13281250,61973.39843750,52916.32812500,53242.79687500,106574935669
2026-02-06T00:00:00Z,53244.79687500,60656.72265625,51050.93750000,59703.96875000,97037358380
2026-02-07T00:00:00Z,59702.62109375,60597.35546875,57003.79296875,58626.40625000,52758122504
2026-02-08T00:00:00Z,58627.89062500,61127.19140625,58263.32421875,59411.56640625,33586265622
2026-02-09T00:00:00Z,59393.47656250,60356.15625000,57331.20703125,58907.55468750,43753074084
2026-02-10T00:00:00Z,58921.50781250,59188.01171875,57023.36328125,57865.96875000,34144814414
2026-02-11T00:00:00Z,57864.20703125,58182.26953125,55424.78906250,56415.27734375,41829739191
2026-02-12T00:00:00Z,56415.46484375,57501.12109375,54881.10937500,55793.23046875,37619420567
2026-02-13T00:00:00Z,55786.09765625,58442.61718750,55475.53125000,58012.38671875,34391299580
2026-02-14T00:00:00Z,58011.66796875,59367.55078125,57882.57421875,58766.52343750,30333890759
2026-02-15T00:00:00Z,58764.27734375,59753.44140625,57319.02734375,57965.94921875,33867999261
2026-02-16T00:00:00Z,57961.07031250,59096.25000000,56770.16406250,58093.22656250,28368638399
2026-02-17T00:00:00Z,58093.17187500,58423.33203125,56419.21484375,56950.53906250,29420162760
2026-02-18T00:00:00Z,56945.31250000,57834.89843750,55863.13671875,56344.08593750,28071645671
2026-02-19T00:00:00Z,56344.33984375,57014.80468750,55865.32812500,56895.61718750,26760441381
2026-02-20T00:00:00Z,56896.50781250,58020.55078125,56506.14062500,57685.59765625,40298548440
2026-02-21T00:00:00Z,57681.21093750,58275.83203125,57284.92578125,57720.77734375,15581740841
2026-02-22T00:00:00Z,57716.58593750,57917.24218750,57026.33203125,57179.42578125,15121952539
2026-02-23T00:00:00Z,57187.06250000,57187.06250000,54214.95703125,54792.66796875,43206697474
2026-02-24T00:00:00Z,54792.05468750,55113.15625000,53128.92578125,54423.88281250,34693786234
2026-02-25T00:00:00Z,54421.95312500,59238.26171875,54299.51171875,57526.81640625,45396020667
2026-02-26T00:00:00Z,57522.36718750,58261.03125000,56413.45703125,57148.25000000,36420842582
2026-02-27T00:00:00Z,57150.57812500,57795.64843750,54954.21875000,55746.01171875,34086096043
2026-02-28T00:00:00Z,55743.58593750,57297.79687500,53365.64453125,56689.68750000,35574127487
2026-03-01T00:00:00Z,56698.16796875,57677.12890625,55270.64062500,55904.14062500,34639749028
2026-03-02T00:00:00Z,55900.72265625,59932.37890625,55826.01953125,58809.47265625,48481914835
2026-03-03T00:00:00Z,58817.35937500,59187.19531250,57229.30078125,58819.13281250,41296077245
2026-03-04T00:00:00Z,58816.47656250,63681.00000000,58135.15625000,62493.14453125,64523678937
2026-03-05T00:00:00Z,62494.92968750,63347.64453125,60998.33984375,61034.80468750,44089138765
2026-03-06T00:00:00Z,61035.68750000,61436.03125000,58415.03125000,58624.63671875,37665698854
2026-03-07T00:00:00Z,58624.80468750,58950.44531250,57647.60546875,57908.72265625,20021252814
2026-03-08T00:00:00Z,57908.64062500,58687.91796875,56861.13671875,57242.83593750,28803802552
2026-03-09T00:00:00Z,57242.66406250,59798.96484375,57162.25000000,58884.87890625,42612462718
2026-03-10T00:00:00Z,58885.16406250,61612.73046875,58885.16406250,60221.06250000,46508241438
2026-03-11T00:00:00Z,60224.79687500,61625.46875000,59508.97265625,60821.71875000,39190772582
2026-03-12T00:00:00Z,60825.94921875,61208.63671875,59986.54296875,61186.83984375,35475905867
2026-03-13T00:00:00Z,61189.95703125,64393.14062500,61093.90625000,61894.51171875,53346596562
2026-03-14T00:00:00Z,61891.99218750,62162.65234375,61338.23046875,62122.94140625,19438695249
2026-03-15T00:00:00Z,62122.11328125,64027.25781250,61833.14453125,63652.52734375,24477496722
2026-03-16T00:00:00Z,63659.74218750,65142.82031250,63170.72265625,65105.63671875,48330571671
2026-03-17T00:00:00Z,65100.60156250,66131.18750000,63695.09375000,64061.58593750,42897572953
2026-03-18T00:00:00Z,64074.04296875,64733.21875000,61483.52343750,62152.07812500,40328525087
2026-03-19T00:00:00Z,62156.24218750,62348.27734375,59814.70703125,60391.71484375,38553301641
2026-03-20T00:00:00Z,60390.62500000,61642.49218750,60021.98437500,60945.61718750,33098063560
2026-03-21T00:00:00Z,60945.51953125,61317.17578125,59204.24609375,59297.98046875,18217352012
2026-03-22T00:00:00Z,59320.35156250,60031.74218750,58385.33203125,58679.05468750,26040333317
2026-03-23T00:00:00Z,58677.13671875,61870.99218750,58433.86328125,61090.31640625,44372658304
2026-03-24T00:00:00Z,61088.42968750,61484.02343750,59579.87109375,60719.26171875,34598219499
2026-03-25T00:00:00Z,60721.14453125,62035.87500000,60660.59765625,61678.76953125,30627345273
2026-03-26T00:00:00Z,61678.97265625,61795.62500000,59091.03125000,59639.85937500,33778712242
2026-03-27T00:00:00Z,59639.17578125,59891.30859375,56937.12109375,57473.61718750,40271899904
2026-03-28T00:00:00Z,57473.73046875,58237.97656250,57089.28125000,57451.95703125,18126975439
2026-03-29T00:00:00Z,57451.95312500,58087.16796875,56545.52734375,57391.79296875,18835538976
2026-03-30T00:00:00Z,57394.77734375,59298.10546875,57156.57812500,58212.02734375,32902301840
2026-03-31T00:00:00Z,58214.76953125,59293.48046875,57506.73828125,58955.76953125,37151381243
2026-04-01T00:00:00Z,58955.40234375,59756.32031250,58414.51171875,58739.80859375,31463216782
2026-04-02T00:00:00Z,58739.24609375,59189.22656250,57021.98437500,57954.73437500,34071235312
2026-04-03T00:00:00Z,57955.11328125,58295.09375000,57468.74609375,58092.37890625,19802591139
2026-04-04T00:00:00Z,58098.92968750,58604.25000000,57957.24609375,58409.38281250,13783097207
2026-04-05T00:00:00Z,58409.96875000,60022.17968750,57819.23046875,59933.19921875,19959211484
2026-04-06T00:00:00Z,59934.07812500,60889.97656250,59211.53515625,59668.76171875,34264255661
2026-04-07T00:00:00Z,59668.37109375,62289.28906250,58566.14062500,61560.08984375,38207710577
2026-04-08T00:00:00Z,61568.17578125,62178.58203125,60440.10546875,61001.86328125,36404378610
2026-04-09T00:00:00Z,60999.47265625,62479.22656250,60467.78125000,61383.80859375,33185708829
2026-04-10T00:00:00Z,61389.40625000,62615.70312500,61168.35546875,62213.10937500,32157720687
2026-04-11T00:00:00Z,62210.61328125,62920.90625000,61873.79296875,62298.41796875,19858494778
2026-04-12T00:00:00Z,62299.93359375,62385.53515625,60455.24218750,60602.34765625,25595433827
2026-04-13T00:00:00Z,60605.95312500,63661.11718750,60398.08203125,63300.24609375,44428272142
2026-04-14T00:00:00Z,63294.94921875,64434.19921875,62654.37109375,62875.66796875,45380722699
2026-04-15T00:00:00Z,62876.01953125,63898.34765625,62387.74609375,63356.68359375,32260739765
2026-04-16T00:00:00Z,63361.59375000,64090.73437500,62313.29687500,63792.35937500,35068067386
2026-04-17T00:00:00Z,63802.47265625,66364.39843750,63315.60937500,65514.42578125,45986136372
2026-04-18T00:00:00Z,65522.21093750,65753.57031250,64144.84765625,64332.82031250,22100417700
2026-04-19T00:00:00Z,64330.68750000,64752.72265625,62907.75000000,62915.12500000,26349258671
2026-04-20T00:00:00Z,62913.33203125,64963.16406250,62846.30859375,64384.21093750,33667101711
2026-04-21T00:00:00Z,64384.46875000,65353.71875000,63844.60937500,65014.31250000,31040138063
2026-04-22T00:00:00Z,65015.53906250,67841.11718750,64862.67578125,66806.17187500,41292312188
2026-04-23T00:00:00Z,66806.82812500,67167.05468750,65969.73437500,66990.08593750,34539598274
2026-04-24T00:00:00Z,66985.69531250,67209.85937500,65956.03906250,66072.78906250,27966376643
2026-04-25T00:00:00Z,66074.41406250,66441.44531250,65840.36718750,66204.91406250,14248002834
2026-04-26T00:00:00Z,66205.85156250,67403.00781250,65968.51562500,67195.48437500,18352420015
2026-04-27T00:00:00Z,67198.45312500,67841.16406250,65230.62890625,65994.65625000,32530151662
2026-04-28T00:00:00Z,65995.93750000,66109.15625000,64700.47656250,65158.58203125,27357743894
2026-04-29T00:00:00Z,65158.59375000,66561.82031250,64207.33593750,64848.23437500,35481705977
2026-04-30T00:00:00Z,64850.37109375,65528.86328125,64590.17187500,65056.98437500,25149847904
2026-05-01T00:00:00Z,65057.61328125,67133.55468750,65048.77734375,66692.00781250,33409838071
2026-05-02T00:00:00Z,66690.93750000,67459.42968750,66531.92187500,67065.05468750,14291284333
2026-05-03T00:00:00Z,67064.61718750,67669.46875000,66566.97656250,66980.14843750,17520977097
2026-05-04T00:00:00Z,66981.90625000,69042.78906250,66880.96875000,68277.12500000,46464462754
2026-05-05T00:00:00Z,68273.38281250,69912.20312500,68242.63281250,69080.86718750,33888765958
2026-05-06T00:00:00Z,69084.01562500,70262.35156250,68912.84375000,69314.12500000,35540455655
2026-05-07T00:00:00Z,69315.25000000,69453.53125000,67693.98437500,68203.24218750,31481404705
2026-05-08T00:00:00Z,68202.92187500,68372.69531250,67536.00781250,67995.32812500,28652086110
2026-05-09T00:00:00Z,67996.15625000,68736.50781250,67938.65625000,68436.67968750,15358041409
2026-05-10T00:00:00Z,68437.72656250,70066.55468750,68323.39843750,69802.40625000,22915924915
2026-05-11T00:00:00Z,69802.50000000,69961.57031250,68270.91406250,69381.68750000,27513662631
2026-05-12T00:00:00Z,69379.18750000,69432.85156250,68061.57812500,68579.78125000,27428240744
2026-05-13T00:00:00Z,68579.17968750,69448.96093750,67210.79687500,67665.95312500,29084638895
2026-05-14T00:00:00Z,67665.80468750,70220.22656250,67370.24218750,69500.55468750,37499420344
2026-05-15T00:00:00Z,69496.79687500,70029.55468750,67654.09375000,68028.11718750,32852952075
2026-05-16T00:00:00Z,68028.39062500,68120.87500000,66767.63281250,67198.26562500,22272122937
2026-05-17T00:00:00Z,67200.12500000,67565.78125000,66108.44531250,66668.45312500,17995524030
2026-05-18T00:00:00Z,66665.85937500,66716.76562500,65313.43750000,66027.29687500,35624896975
2026-05-19T00:00:00Z,66027.79687500,66381.32812500,65598.97656250,66125.20312500,22427938199
2026-05-20T00:00:00Z,66123.95312500,66963.36718750,65875.64843750,66631.18750000,22940817454
2026-05-21T00:00:00Z,66635.26562500,67177.02343750,66205.00000000,66737.65625000,23360567921
2026-05-22T00:00:00Z,66736.74218750,67003.48437500,64886.84765625,65028.44140625,23998835794
2026-05-23T00:00:00Z,65028.49609375,66604.74218750,63993.82812500,66074.96093750,25830081747
2026-05-24T00:00:00Z,66072.62500000,66649.78906250,65339.93359375,66125.40625000,17671612421
2026-05-25T00:00:00Z,66125.39843750,66817.85937500,66011.94531250,66415.37500000,17023585813
2026-05-26T00:00:00Z,66415.54687500,67094.60937500,64964.05078125,65162.96875000,30937157220
2026-05-27T00:00:00Z,65162.59375000,65252.80468750,63790.45703125,63994.65625000,29096335818
2026-05-28T00:00:00Z,63990.23828125,64084.55078125,62334.62109375,63108.70703125,34454937579
2026-05-29T00:00:00Z,63109.11328125,63623.93359375,62198.15234375,62913.19921875,29545916977
2026-05-30T00:00:00Z,62911.76171875,63485.52343750,62701.15625000,63236.44140625,16773567046
2026-05-31T00:00:00Z,63235.51171875,63578.25000000,62863.88671875,63162.20312500,14975493425
2026-06-01T00:00:00Z,63162.64843750,63505.24218750,60757.22656250,61294.70703125,37281290022
2026-06-02T00:00:00Z,61295.78906250,61307.75390625,56890.01562500,57391.82812500,47313459568
2026-06-03T00:00:00Z,57383.52343750,58025.89843750,55137.67968750,55141.71875000,40840124875
2026-06-04T00:00:00Z,55146.63281250,55720.76953125,52835.83984375,54942.40625000,54941181704
2026-06-05T00:00:00Z,54947.67578125,55027.96093750,51287.09375000,52870.51562500,62019997467
2026-06-06T00:00:00Z,52872.08984375,53364.34375000,51632.95703125,52826.76562500,26816744984
2026-06-07T00:00:00Z,52826.35156250,55681.03515625,52688.75390625,54885.39062500,31249930028
2026-06-08T00:00:00Z,54889.35156250,55592.19140625,54115.83203125,54729.00390625,29609470109
2026-06-09T00:00:00Z,54731.00000000,54983.08203125,52675.92578125,53440.22656250,34802026381
2026-06-10T00:00:00Z,53439.73046875,54367.11328125,52620.30078125,53270.63281250,23834231001
2026-06-11T00:00:00Z,53270.27734375,55118.02343750,53269.48828125,54909.31250000,25326179652
2026-06-12T00:00:00Z,54897.55468750,55568.82812500,54272.89453125,54904.05468750,23227090137
2026-06-13T00:00:00Z,54902.60156250,55923.68750000,54807.39062500,55682.05859375,14655995174
2026-06-14T00:00:00Z,55681.05859375,56648.03906250,55003.91406250,56631.52343750,18591700235
2026-06-15T00:00:00Z,56632.13281250,57959.62109375,56313.67968750,57188.74609375,28406795774
2026-06-16T00:00:00Z,57188.71093750,57674.45312500,56358.02343750,56504.52343750,21588619787
2026-06-17T00:00:00Z,56504.34375000,57243.07421875,55530.66406250,55981.75390625,27191073762
2026-06-18T00:00:00Z,55982.79687500,56197.47656250,54219.99218750,54891.13671875,26559072936
2026-06-19T00:00:00Z,54892.04687500,55385.08593750,54338.80859375,55361.22265625,19483280198
2026-06-20T00:00:00Z,55356.84375000,56053.31250000,55044.40234375,55994.51171875,15242006715
2026-06-21T00:00:00Z,55996.82421875,56227.16015625,55174.10546875,55168.93359375,13731370048
2026-06-22T00:00:00Z,55171.76953125,57350.93359375,55165.44140625,55968.39062500,23245586117
2026-06-23T00:00:00Z,55968.99218750,56185.47265625,54256.76171875,55072.40625000,26020220119
2026-06-24T00:00:00Z,55068.02343750,55620.16796875,52008.01953125,53721.89062500,37559095340
2026-06-25T00:00:00Z,53719.19531250,54490.11328125,51107.21875000,52564.75000000,35756603006
2026-06-26T00:00:00Z,52556.28125000,53254.17187500,51289.18359375,52682.42187500,36431214608
2026-06-27T00:00:00Z,52682.32031250,53413.29296875,52499.79687500,52627.52343750,13257686694
2026-06-28T00:00:00Z,52627.75000000,53060.03906250,51713.44921875,52289.21875000,14301220690
2026-06-29T00:00:00Z,52280.82812500,53214.89062500,51686.67968750,52657.16406250,26994733188
2026-06-30T00:00:00Z,52655.48046875,52692.42578125,50851.14062500,51308.39453125,28692797659
2026-07-01T00:00:00Z,51311.53515625,53805.03906250,50632.60546875,52738.74218750,33315130916
2026-07-02T00:00:00Z,52739.63281250,54219.89453125,52324.74609375,53827.55078125,35113844802
2026-07-03T00:00:00Z,53833.47656250,54956.94531250,53564.01171875,54664.32031250,22839492534
2026-07-04T00:00:00Z,54665.13281250,55415.78906250,54440.03515625,55163.97265625,16271052614
2026-07-05T00:00:00Z,55164.62890625,55915.60546875,54574.35937500,55564.36328125,15972524381
2026-07-06T00:00:00Z,55567.10156250,56458.01953125,53662.00000000,55932.34765625,31947044368
2026-07-07T00:00:00Z,55931.98046875,56170.48828125,54785.98437500,55516.94531250,27212747994
2026-07-08T00:00:00Z,55513.54296875,55833.22265625,53933.60546875,54508.00000000,23944911934
2026-07-09T00:00:00Z,54507.77343750,55457.01953125,53954.82812500,55271.38281250,23218470543
2026-07-10T00:00:00Z,55272.44140625,56607.76562500,55024.83593750,56158.64062500,24039211809
2026-07-11T00:00:00Z,56159.36328125,56454.35156250,55876.33203125,55890.70312500,12224335515
2026-07-12T00:00:00Z,55881.39453125,56230.34375000,55719.70703125,55907.22265625,16698485988
2026-07-13T00:00:00Z,55906.30468750,56435.51171875,54248.99609375,54675.57421875,33074660747
2026-07-14T00:00:00Z,54675.10546875,56965.58203125,54655.28125000,56857.32031250,26120645774
2026-07-15T00:00:00Z,56860.55468750,57325.56640625,56349.38281250,56420.00390625,23566140111
2026-07-16T00:00:00Z,56420.80859375,56617.78515625,55652.31640625,55734.79687500,23793869855
2026-07-17T00:00:00Z,55735.34765625,56253.78515625,54662.65234375,55856.56250000,23846527954
2026-07-18T00:00:00Z,55856.31640625,56672.63671875,55808.97265625,56655.23437500,12383089821
2026-07-19T00:00:00Z,56657.57031250,56754.28515625,56178.10937500,56608.59375000,13126532241
2026-07-20T00:00:00Z,56603.00390625,57578.43750000,55711.05468750,57140.78515625,27145963912
2026-07-21T00:00:00Z,57139.77343750,58617.23046875,57035.58984375,58325.39062500,25919447799
2026-07-22T00:00:00Z,58326.85156250,58474.07031250,57428.61328125,57924.72656250,24661326594
2026-07-23T00:00:00Z,57924.14062500,58081.26171875,56818.63671875,57177.05859375,21417336022
2026-07-24T00:00:00Z,57177.18359375,57723.76562500,55970.85546875,56344.61328125,22782356675
2026-07-25T00:00:00Z,56344.60546875,56595.66796875,56039.23046875,56530.40234375,12145645785
2026-07-26T00:00:00Z,56530.37890625,57506.60937500,56461.52734375,57341.14453125,12550662446
2026-07-27T00:00:00Z,57341.39843750,57541.58593750,55906.95703125,56051.52734375,23030922380
2026-07-28T00:00:00Z,56050.28906250,56161.53515625,55141.99218750,56094.57812500,21190896036
2026-07-29T00:00:00Z,56094.60546875,56740.36718750,55149.94531250,55732.26953125,24950883595
2026-07-30T00:00:00Z,55732.66796875,56569.07812500,55448.70703125,56169.26953125,22780046909
2026-07-31T00:00:00Z,56168.10937500,56717.86328125,54254.57812500,54447.83593750,26385601135
2026-08-01T00:00:00Z,54447.76562500,54722.64062500,53944.44531250,54404.12500000,11748178522
2026-08-02T00:00:00Z,54404.23437500,55169.33593750,54388.46484375,54991.34375000,13774929975
2026-08-03T00:00:00Z,54994.32812500,55609.07812500,53996.36718750,55149.35937500,22628550385
2026-08-04T00:00:00Z,55147.19921875,55908.24218750,54976.98046875,55545.09375000,20518434954
2026-08-05T00:00:00Z,55544.16406250,56237.99218750,55254.07031250,55894.14843750,20393142312
2026-08-06T00:00:00Z,55892.37500000,56242.49218750,55546.19921875,55763.44921875,16078889202
2026-08-07T00:00:00Z,55759.43750000,56431.01562500,55633.14062500,56119.54687500,19172727248
2026-08-08T00:00:00Z,56121.58593750,56349.90234375,56047.68750000,56150.79687500,10684400006
2026-08-09T00:00:00Z,56152.41015625,56593.00000000,55963.97656250,56115.53125000,11452918058
2026-08-10T00:00:00Z,56115.96093750,56532.45703125,55225.08593750,55351.80859375,19387046711
2026-08-11T00:00:00Z,55351.45312500,55835.97265625,54745.15625000,55054.41406250,18040354716
2026-08-12T00:00:00Z,55054.41406250,55758.64843750,54895.51562500,54996.98437500,20006218838
2026-08-13T00:00:00Z,54998.71093750,55465.42968750,54471.41406250,54970.37890625,16269967537
2026-08-14T00:00:00Z,54970.30859375,55090.75000000,53959.25390625,54442.40234375,17532105839
2026-08-15T00:00:00Z,54441.31250000,54556.51953125,54322.33593750,54476.89843750,8672363868
2026-08-16T00:00:00Z,54476.12109375,55187.24609375,54139.14453125,54276.57031250,7844426033
2026-08-17T00:00:00Z,54277.19921875,55762.69140625,54130.68750000,55691.66796875,18609923636
2026-08-18T00:00:00Z,55691.89843750,56096.48437500,55279.19140625,55873.52734375,16177922157
2026-08-19T00:00:00Z,55872.95312500,59945.17968750,55316.12109375,59331.40625000,39597648511
2026-08-20T00:00:00Z,59333.17578125,62790.32031250,58970.78906250,62487.19531250,47438439435
2026-08-21T00:00:00Z,62485.76171875,67885.53125000,62468.92968750,67070.58593750,63768097004
2026-08-22T00:00:00Z,67068.32812500,67469.54687500,65522.16796875,65998.82031250,36073384120
2026-08-23T00:00:00Z,65998.32812500,66819.92187500,64750.07812500,66559.04687500,26671805862
2026-08-24T00:00:00Z,66553.57812500,68528.86718750,65646.55468750,67676.42968750,47568088148
2026-08-25T00:00:00Z,67672.67187500,69652.78906250,66700.86718750,67296.79687500,40026095191
2026-08-26T00:00:00Z,67274.18750000,67906.41406250,66661.40625000,67802.36718750,25163142303
2026-08-27T00:00:00Z,67811.37500000,69357.07812500,67423.07031250,68869.15625000,29203850558
2026-08-28T00:00:00Z,68875.25000000,69806.26562500,66382.92187500,67184.82031250,33978896866
2026-08-29T00:00:00Z,67185.34375000,67614.40625000,66797.75781250,67552.27343750,12132546143
2026-08-30T00:00:00Z,67552.57812500,69134.35156250,66503.30468750,67019.19531250,16666736524
2026-08-31T00:00:00Z,67024.48437500,68222.14062500,66750.89062500,67608.53906250,26345312065
2026-09-01T00:00:00Z,67600.98437500,68215.20312500,65935.98437500,66781.28906250,26408259595
2026-09-02T00:00:00Z,66780.01562500,67130.25781250,65914.75000000,66723.84375000,22895972933
2026-09-03T00:00:00Z,66723.57031250,70758.41406250,66387.97656250,69892.07812500,34832801361
2026-09-04T00:00:00Z,69891.89843750,70041.87500000,67691.56250000,68576.28125000,32279097536
2026-09-05T00:00:00Z,68576.05468750,69049.87500000,68412.98437500,68730.74218750,15980465805
2026-09-06T00:00:00Z,68731.37500000,69326.17968750,68303.35156250,69187.73437500,16697926231
2026-09-07T00:00:00Z,69187.00781250,69254.31250000,67660.38281250,68039.71093750,20136437037
2026-09-08T00:00:00Z,68038.89843750,68319.26562500,66797.97656250,67457.72656250,29825187815
2026-09-09T00:00:00Z,67459.46093750,68521.77343750,66837.83593750,67268.98437500,25092714914
2026-09-10T00:00:00Z,67269.73437500,67457.60156250,65868.59375000,65944.29687500,25940946218
2026-09-11T00:00:00Z,65936.54687500,68734.52343750,65670.71093750,66508.37500000,32240798243
2026-09-12T00:00:00Z,66509.47656250,66781.26562500,66406.62500000,66600.96093750,10916014936
2026-09-13T00:00:00Z,66600.71093750,66749.17187500,65935.48437500,66277.36718750,11737579330
2026-09-14T00:00:00Z,66270.57812500,68908.78125000,65914.28125000,67685.96875000,25900158438
2026-09-15T00:00:00Z,67685.19531250,67760.85937500,64928.40234375,65530.64062500,34401946005
2026-09-16T00:00:00Z,65530.02343750,66394.56250000,65292.45312500,66399.19531250,26204958464
2026-09-17T00:00:00Z,66400.71093750,67061.10937500,66099.13281250,66579.39843750,19099202157
2026-09-18T00:00:00Z,66580.47656250,70794.09375000,66407.75781250,70419.54687500,35146954329
2026-09-19T00:00:00Z,70418.52343750,71357.38281250,70344.23437500,70767.21093750,17863606848
2026-09-20T00:00:00Z,70767.75000000,70960.18750000,69778.52343750,70688.43750000,18520710814
2026-09-21T00:00:00Z,70689.32812500,76198.84375000,70406.92968750,75546.14843750,50312584668
2026-09-22T00:00:00Z,75547.42187500,75826.25781250,74170.82812500,75273.72656250,35640461596
2026-09-23T00:00:00Z,75277.64843750,76344.39062500,73317.46093750,74138.90625000,40493323892
2026-09-24T00:00:00Z,74137.66406250,74570.72656250,72886.93750000,74188.93750000,32625511820
2026-09-25T00:00:00Z,74189.33593750,74711.73437500,72956.96093750,73769.21875000,29950613811
2026-09-26T00:00:00Z,73770.00781250,74113.92968750,73546.40625000,74099.24218750,13316948033
2026-09-27T00:00:00Z,74104.74218750,74508.66406250,73922.28906250,74228.85937500,17038565056
2026-09-28T00:00:00Z,74225.37500000,74666.92968750,72576.19531250,73435.61718750,37454537971
2026-09-29T00:00:00Z,73433.60937500,74493.48437500,72777.80468750,73737.59375000,24716437762
2026-09-30T00:00:00Z,73736.67968750,75347.85937500,73063.60156250,73765.42968750,32038870845
