timestamp,Open,High,Low,Close,Volume
2015-04-23T00:00:00Z,300.00000000,300.00000000,200.00000000,220.00000000,0.03000000
2015-04-24T00:00:00Z,220.00000000,220.00000000,220.00000000,220.00000000,0.01000000
2015-04-27T00:00:00Z,205.27000000,209.47000000,205.27000000,209.47000000,0.22426000
2015-04-28T00:00:00Z,209.19000000,209.53000000,204.48000000,205.95000000,3.75900000
2015-04-29T00:00:00Z,205.68000000,206.49000000,198.33000000,203.65000000,261.28470000
2015-04-30T00:00:00Z,203.63000000,212.91000000,202.48000000,211.12000000,258.98000000
2015-05-01T00:00:00Z,210.31000000,212.45000000,208.34000000,209.23000000,111.81000000
2015-05-02T00:00:00Z,208.30000000,211.35000000,208.30000000,211.19000000,62.53810000
2015-05-03T00:00:00Z,210.43000000,216.22000000,209.41000000,214.95000000,111.12863424
2015-05-04T00:00:00Z,214.63000000,217.68000000,213.77000000,215.25000000,194.59140000
2015-05-05T00:00:00Z,215.32000000,223.71000000,209.54000000,215.85000000,303.47830000
2015-05-06T00:00:00Z,215.62000000,224.44000000,201.61000000,202.48000000,248.27297003
2015-05-07T00:00:00Z,203.26000000,211.64000000,201.24000000,210.89000000,235.07686400
2015-05-08T00:00:00Z,211.22000000,219.94000000,207.26000000,217.81000000,202.60840521
2015-05-09T00:00:00Z,217.95000000,220.00000000,213.84000000,216.17000000,108.52079000
2015-05-10T00:00:00Z,216.05000000,218.44000000,213.95000000,215.80000000,86.25770000
2015-05-11T00:00:00Z,215.85000000,219.15000000,214.67000000,217.83000000,145.86313700
2015-05-12T00:00:00Z,218.04000000,218.50000000,214.16000000,215.50000000,127.22552000
2015-05-13T00:00:00Z,216.43000000,217.45000000,208.53000000,208.88000000,111.80828520
2015-05-14T00:00:00Z,209.23000000,209.83000000,204.94000000,207.93000000,148.22840000
2015-05-15T00:00:00Z,207.95000000,209.51000000,207.62000000,208.55000000,127.71880000
2015-05-16T00:00:00Z,208.54000000,209.06000000,206.89000000,207.74000000,46.71000000
2015-05-17T00:00:00Z,208.50000000,209.38000000,207.10000000,207.27000000,88.27000000
2015-05-18T00:00:00Z,207.97000000,209.06000000,206.83000000,206.90000000,155.98000000
2015-05-19T00:00:00Z,209.05000000,211.89000000,206.84000000,208.19000000,146.77000000
2015-05-20T00:00:00Z,209.22000000,211.89000000,209.01000000,211.50000000,181.02659000
2015-05-21T00:00:00Z,211.25000000,213.34000000,210.36000000,211.80000000,178.29057000
2015-05-22T00:00:00Z,212.11000000,219.18000000,210.24000000,215.93000000,159.58578100
2015-05-23T00:00:00Z,218.00000000,218.71000000,215.01000000,218.02000000,170.33852500
2015-05-24T00:00:00Z,217.14000000,220.03000000,210.08000000,218.53000000,151.00314172
2015-05-25T00:00:00Z,218.81000000,219.86000000,215.16000000,216.00000000,164.71467000
2015-05-26T00:00:00Z,216.00000000,218.97000000,214.59000000,217.45000000,292.63188000
2015-05-27T00:00:00Z,217.45000000,219.60000000,212.13000000,217.72000000,207.94042442
2015-05-28T00:00:00Z,217.46000000,218.05000000,212.85000000,216.16000000,164.95913461
2015-05-29T00:00:00Z,216.60000000,216.61000000,214.70000000,215.79000000,81.01706711
2015-05-30T00:00:00Z,215.80000000,215.80000000,211.85000000,213.12000000,26.95865600
2015-05-31T00:00:00Z,213.44000000,214.60000000,210.00000000,210.00000000,63.25223000
2015-06-01T00:00:00Z,210.18000000,212.99000000,202.55000000,204.13000000,111.22876000
2015-06-02T00:00:00Z,204.92000000,208.99000000,201.78000000,202.78000000,77.15226000
2015-06-03T00:00:00Z,202.78000000,203.58000000,202.03000000,202.98000000,56.73229000
2015-06-04T00:00:00Z,202.03000000,203.90000000,199.99000000,200.49000000,104.98229373
2015-06-05T00:00:00Z,200.26000000,203.78000000,199.17000000,203.01000000,131.00333100
2015-06-06T00:00:00Z,202.88000000,203.84000000,202.05000000,202.87000000,93.01250000
2015-06-07T00:00:00Z,203.12000000,203.26000000,201.05000000,201.46000000,27.74000000
2015-06-08T00:00:00Z,202.48000000,204.03000000,200.95000000,202.91000000,93.10413000
2015-06-09T00:00:00Z,202.10000000,206.14000000,201.90000000,204.03000000,134.86284000
2015-06-10T00:00:00Z,203.05000000,203.87000000,201.50000000,202.02000000,94.49462010
2015-06-11T00:00:00Z,201.94000000,205.17000000,201.94000000,204.30000000,151.01834000
2015-06-12T00:00:00Z,204.30000000,206.86000000,203.46000000,204.13000000,224.24104730
2015-06-13T00:00:00Z,203.75000000,207.02000000,203.75000000,206.98000000,61.48922700
2015-06-14T00:00:00Z,207.19000000,208.75000000,206.88000000,207.76000000,62.30811340
2015-06-15T00:00:00Z,207.75000000,211.29000000,207.36000000,210.39000000,285.94869181
2015-06-16T00:00:00Z,209.58000000,224.15000000,208.50000000,224.02000000,398.53610611
2015-06-17T00:00:00Z,224.26000000,229.69000000,218.00000000,220.03000000,435.71454720
2015-06-18T00:00:00Z,220.16000000,222.00000000,214.10000000,219.20000000,330.43933500
2015-06-19T00:00:00Z,219.80000000,222.16000000,216.00000000,216.00000000,251.55304100
2015-06-20T00:00:00Z,216.70000000,217.37000000,211.81000000,217.33000000,179.93721000
2015-06-21T00:00:00Z,216.45000000,216.78000000,213.46000000,215.17000000,96.83637000
2015-06-22T00:00:00Z,215.41000000,218.94000000,215.04000000,218.32000000,340.96620000
2015-06-23T00:00:00Z,218.22000000,219.91000000,216.62000000,218.80000000,272.85772550
2015-06-24T00:00:00Z,218.88000000,218.88000000,214.48000000,214.48000000,166.29788200
2015-06-25T00:00:00Z,214.60000000,217.35000000,214.23000000,216.63000000,199.01715950
2015-06-26T00:00:00Z,216.47000000,217.64000000,213.90000000,217.64000000,162.50167600
2015-06-27T00:00:00Z,217.65000000,225.99000000,217.49000000,225.60000000,253.99822900
2015-06-28T00:00:00Z,224.12000000,227.46000000,223.05000000,227.11000000,229.17723344
2015-06-29T00:00:00Z,226.81000000,231.34000000,225.30000000,229.42000000,360.25902000
2015-06-30T00:00:00Z,229.65000000,241.60000000,228.72000000,235.96000000,506.50354240
2015-07-01T00:00:00Z,237.02000000,238.41000000,228.21000000,234.07000000,604.86566500
2015-07-02T00:00:00Z,234.40000000,235.99000000,229.01000000,230.01000000,438.53854700
2015-07-03T00:00:00Z,230.00000000,232.14000000,227.58000000,231.11000000,257.47116000
2015-07-04T00:00:00Z,231.30000000,233.16000000,229.22000000,231.55000000,127.63314500
2015-07-05T00:00:00Z,233.15000000,242.48000000,231.55000000,242.47000000,467.28680500
2015-07-06T00:00:00Z,233.33000000,252.20000000,233.06000000,243.90000000,470.82310461
2015-07-07T00:00:00Z,245.01000000,248.05000000,241.03000000,242.99000000,541.12018730
2015-07-08T00:00:00Z,243.41000000,248.10000000,240.43000000,244.75000000,508.90927008
2015-07-09T00:00:00Z,245.16000000,247.18000000,240.56000000,244.04000000,590.70353300
2015-07-10T00:00:00Z,244.04000000,265.09000000,243.01000000,257.13000000,803.61382210
2015-07-11T00:00:00Z,257.67000000,268.00000000,255.31000000,264.64000000,357.32248271
2015-07-12T00:00:00Z,264.34000000,284.30000000,264.29000000,280.18000000,797.02681227
2015-07-13T00:00:00Z,280.32000000,280.56000000,253.02000000,267.03000000,838.56343830
2015-07-14T00:00:00Z,265.81000000,270.45000000,261.07000000,261.07000000,512.78042906
2015-07-15T00:00:00Z,261.30000000,267.74000000,260.05000000,261.08000000,437.13115822
2015-07-16T00:00:00Z,262.12000000,267.55000000,252.81000000,256.98000000,495.09716737
2015-07-17T00:00:00Z,256.60000000,259.69000000,250.21000000,259.20000000,384.68959821
2015-07-18T00:00:00Z,259.07000000,262.26000000,255.50000000,256.43000000,202.32062686
2015-07-19T00:00:00Z,256.17000000,259.04000000,252.53000000,256.06000000,219.71028018
2015-07-20T00:00:00Z,255.93000000,265.90000000,252.71000000,258.37000000,257.28897988
2015-07-21T00:00:00Z,258.60000000,260.03000000,253.31000000,253.72000000,372.56023391
2015-07-22T00:00:00Z,253.45000000,255.63000000,252.00000000,254.11000000,256.86806033
2015-07-23T00:00:00Z,254.55000000,255.31000000,251.47000000,252.47000000,273.57825061
2015-07-24T00:00:00Z,252.01000000,265.49000000,251.80000000,263.70000000,318.02509712
2015-07-25T00:00:00Z,263.05000000,265.88000000,261.65000000,264.03000000,140.47079449
2015-07-26T00:00:00Z,264.01000000,268.06000000,262.77000000,267.00000000,161.18361230
2015-07-27T00:00:00Z,267.19000000,267.61000000,262.07000000,265.39000000,248.59277429
2015-07-28T00:00:00Z,266.61000000,268.47000000,265.98000000,267.03000000,126.96956717
2015-07-29T00:00:00Z,267.73000000,268.56000000,262.37000000,265.21000000,259.63207828
2015-07-30T00:00:00Z,265.21000000,266.49000000,262.10000000,263.40000000,216.60504801
2015-07-31T00:00:00Z,263.42000000,264.95000000,260.40000000,261.52000000,213.25091398
2015-08-01T00:00:00Z,261.27000000,264.30000000,252.34000000,258.08000000,191.85503189
2015-08-02T00:00:00Z,257.37000000,258.19000000,255.68000000,258.06000000,88.64107840
2015-08-03T00:00:00Z,258.06000000,264.07000000,256.37000000,257.51000000,151.63214000
2015-08-04T00:00:00Z,257.50000000,262.06000000,257.13000000,261.80000000,620.08870875
2015-08-05T00:00:00Z,261.38000000,261.47000000,257.72000000,258.11000000,287.43302860
2015-08-06T00:00:00Z,258.12000000,264.23000000,255.00000000,255.72000000,286.82045000
2015-08-07T00:00:00Z,255.17000000,258.15000000,253.41000000,255.69000000,230.76836668
2015-08-08T00:00:00Z,256.02000000,258.00000000,245.12000000,245.13000000,297.47154000
2015-08-09T00:00:00Z,245.13000000,246.66000000,240.13000000,244.24000000,140.77756575
2015-08-10T00:00:00Z,244.69000000,257.00000000,241.32000000,242.57000000,282.91104815
2015-08-11T00:00:00Z,242.32000000,254.84000000,240.19000000,248.58000000,306.65196295
2015-08-12T00:00:00Z,248.24000000,248.45000000,241.56000000,243.44000000,488.55549093
2015-08-13T00:00:00Z,243.69000000,244.57000000,239.94000000,242.03000000,378.64464470
2015-08-14T00:00:00Z,241.95000000,244.91000000,238.19000000,241.14000000,196.84650000
2015-08-15T00:00:00Z,243.21000000,244.64000000,241.03000000,241.44000000,247.42584000
2015-08-16T00:00:00Z,241.31000000,242.85000000,234.39000000,236.99000000,136.42095858
2015-08-17T00:00:00Z,236.61000000,238.89000000,233.97000000,235.27000000,194.85626855
2015-08-18T00:00:00Z,235.00000000,237.40000000,230.38000000,231.53000000,297.13738065
2015-08-19T00:00:00Z,230.05000000,262.65000000,202.60000000,207.91000000,519.01135182
2015-08-20T00:00:00Z,207.93000000,216.92000000,207.93000000,209.75000000,677.02593565
2015-08-21T00:00:00Z,209.78000000,216.29000000,203.91000000,204.44000000,486.62254207
2015-08-22T00:00:00Z,204.76000000,206.70000000,196.15000000,203.00000000,354.76889375
2015-08-23T00:00:00Z,202.98000000,204.26000000,198.70000000,201.76000000,718.81126972
2015-08-24T00:00:00Z,201.64000000,202.64000000,185.27000000,186.98000000,954.63845179
2015-08-25T00:00:00Z,185.34000000,200.44000000,175.43000000,196.06000000,893.53187598
2015-08-26T00:00:00Z,196.57000000,203.65000000,193.51000000,199.00000000,864.21790805
2015-08-27T00:00:00Z,199.30000000,201.62000000,196.95000000,198.07000000,545.80639619
2015-08-28T00:00:00Z,197.43000000,210.29000000,194.53000000,207.74000000,760.42280177
2015-08-29T00:00:00Z,207.33000000,209.22000000,204.08000000,206.48000000,219.32169257
2015-08-30T00:00:00Z,206.89000000,208.52000000,202.80000000,203.15000000,199.59420174
2015-08-31T00:00:00Z,203.15000000,208.51000000,201.87000000,206.52000000,354.74924397
2015-09-01T00:00:00Z,206.80000000,208.23000000,202.96000000,204.21000000,1468.30678148
2015-09-02T00:00:00Z,204.23000000,206.73000000,203.16000000,205.52000000,359.32431344
2015-09-03T00:00:00Z,205.64000000,206.53000000,202.64000000,203.16000000,1348.49879539
2015-09-04T00:00:00Z,203.69000000,208.45000000,203.69000000,206.77000000,337.92531062
2015-09-05T00:00:00Z,207.00000000,212.54000000,205.98000000,211.22000000,277.30680079
2015-09-06T00:00:00Z,211.39000000,218.82000000,210.73000000,215.47000000,306.47981514
2015-09-07T00:00:00Z,215.95000000,217.41000000,214.09000000,215.23000000,506.38428127
2015-09-08T00:00:00Z,215.23000000,222.50000000,215.13000000,218.59000000,374.25592549
2015-09-09T00:00:00Z,218.42000000,219.00000000,213.64000000,213.66000000,355.75895428
2015-09-10T00:00:00Z,213.68000000,216.00000000,211.87000000,213.45000000,939.28070646
2015-09-11T00:00:00Z,213.51000000,216.08000000,213.11000000,215.49000000,633.49150897
2015-09-12T00:00:00Z,215.35000000,216.06000000,210.56000000,211.62000000,407.18902698
2015-09-13T00:00:00Z,211.73000000,211.73000000,205.52000000,206.51000000,224.68019137
2015-09-14T00:00:00Z,206.58000000,208.14000000,202.01000000,206.76000000,506.95966404
2015-09-15T00:00:00Z,206.74000000,207.87000000,204.29000000,206.45000000,514.03764593
2015-09-16T00:00:00Z,206.38000000,207.57000000,203.30000000,205.31000000,749.87856660
2015-09-17T00:00:00Z,205.60000000,207.87000000,203.78000000,204.85000000,301.04137763
2015-09-18T00:00:00Z,206.81000000,208.91000000,203.78000000,208.61000000,227.82013109
2015-09-19T00:00:00Z,208.70000000,208.91000000,206.00000000,207.79000000,219.89804077
2015-09-20T00:00:00Z,207.79000000,208.36000000,205.81000000,206.93000000,231.23835200
2015-09-21T00:00:00Z,206.93000000,206.99000000,202.75000000,203.43000000,535.08885860
2015-09-22T00:00:00Z,203.47000000,208.07000000,201.28000000,206.61000000,1808.00301755
2015-09-23T00:00:00Z,207.04000000,208.21000000,205.88000000,206.06000000,521.16819876
2015-09-24T00:00:00Z,206.10000000,211.18000000,205.93000000,210.48000000,1204.63352647
2015-09-25T00:00:00Z,210.58000000,212.76000000,209.61000000,211.07000000,469.16450173
2015-09-26T00:00:00Z,211.06000000,211.20000000,209.48000000,210.25000000,240.41611787
2015-09-27T00:00:00Z,210.00000000,210.23000000,208.80000000,209.40000000,288.33349261
2015-09-28T00:00:00Z,209.43000000,215.19000000,209.05000000,214.70000000,1122.82988468
2015-09-29T00:00:00Z,214.70000000,215.71000000,210.60000000,212.06000000,1181.48995394
2015-09-30T00:00:00Z,211.94000000,213.46000000,210.59000000,212.31000000,414.11118708
2015-10-01T00:00:00Z,212.26000000,214.61000000,212.06000000,213.63000000,563.22894325
2015-10-02T00:00:00Z,213.63000000,213.85000000,211.20000000,212.87000000,393.98659488
2015-10-03T00:00:00Z,212.87000000,214.94000000,212.33000000,214.80000000,187.28783000
2015-10-04T00:00:00Z,214.80000000,215.04000000,213.87000000,214.71000000,315.04059429
2015-10-05T00:00:00Z,214.72000000,214.95000000,212.73000000,214.71000000,561.38993580
2015-10-06T00:00:00Z,214.78000000,221.69000000,214.68000000,220.76000000,837.27100755
2015-10-07T00:00:00Z,220.88000000,221.76000000,217.64000000,218.29000000,594.47606780
2015-10-08T00:00:00Z,218.72000000,219.57000000,216.56000000,216.56000000,366.29242520
2015-10-09T00:00:00Z,217.26000000,217.84000000,215.49000000,217.07000000,219.64035410
2015-10-10T00:00:00Z,217.10000000,219.27000000,215.63000000,216.50000000,137.14323130
2015-10-11T00:00:00Z,216.50000000,219.82000000,216.02000000,219.80000000,139.31650647
2015-10-12T00:00:00Z,219.81000000,219.88000000,216.56000000,218.06000000,238.52709389
2015-10-13T00:00:00Z,218.05000000,220.92000000,217.11000000,220.92000000,193.32200571
2015-10-14T00:00:00Z,220.83000000,224.26000000,219.50000000,222.08000000,346.65458128
2015-10-15T00:00:00Z,222.07000000,225.38000000,221.49000000,224.26000000,333.80701679
2015-10-16T00:00:00Z,224.25000000,239.39000000,224.12000000,231.92000000,765.56124197
2015-10-17T00:00:00Z,232.65000000,243.49000000,231.67000000,238.70000000,1069.81724396
2015-10-18T00:00:00Z,239.14000000,240.53000000,228.78000000,233.98000000,510.88781661
2015-10-19T00:00:00Z,233.98000000,237.52000000,231.66000000,234.57000000,462.47599367
2015-10-20T00:00:00Z,234.57000000,238.70000000,233.49000000,237.54000000,138.17976221
2015-10-21T00:00:00Z,237.31000000,238.12000000,233.98000000,236.13000000,128.89839169
2015-10-22T00:00:00Z,236.26000000,247.12000000,236.26000000,246.82000000,226.64687166
2015-10-23T00:00:00Z,246.92000000,250.50000000,246.90000000,250.33000000,77.49899357
2015-10-24T00:00:00Z,250.33000000,255.19000000,250.28000000,255.19000000,239.64621135
2015-10-25T00:00:00Z,255.19000000,266.51000000,251.16000000,258.74000000,521.74837128
2015-10-26T00:00:00Z,258.66000000,258.66000000,256.49000000,257.99000000,30.91350167
2015-10-27T00:00:00Z,258.62000000,267.95000000,258.62000000,266.53000000,289.11979964
2015-10-28T00:00:00Z,266.99000000,277.60000000,266.99000000,277.60000000,698.88957277
2015-10-29T00:00:00Z,278.00000000,292.33000000,278.00000000,288.02000000,211.79239105
2015-10-30T00:00:00Z,288.30000000,306.17000000,287.45000000,299.84000000,328.99796588
2015-10-31T00:00:00Z,301.00000000,303.60000000,281.71000000,286.50000000,7564.69042326
2015-11-01T00:00:00Z,286.48000000,299.99000000,279.70000000,299.99000000,56.73168094
2015-11-02T00:00:00Z,298.71000000,332.99000000,287.24000000,330.00000000,181.70388115
2015-11-03T00:00:00Z,329.98000000,378.00000000,328.23000000,368.52000000,504.43173276
2015-11-04T00:00:00Z,370.00000000,458.52000000,351.00000000,375.13000000,1653.10699236
2015-11-05T00:00:00Z,373.00000000,411.78000000,320.00000000,350.00000000,287.80375358
2015-11-06T00:00:00Z,357.30000000,367.00000000,328.48000000,351.83000000,140.80591386
2015-11-07T00:00:00Z,347.55000000,364.46000000,347.55000000,360.43000000,70.05735248
2015-11-08T00:00:00Z,359.46000000,361.47000000,343.01000000,346.47000000,56.82858619
2015-11-09T00:00:00Z,346.47000000,356.02000000,340.00000000,351.62000000,82.58607326
2015-11-10T00:00:00Z,352.03000000,354.88000000,303.20000000,314.72000000,145.38957888
2015-11-11T00:00:00Z,314.72000000,316.49000000,280.00000000,287.81000000,180.52248241
2015-11-12T00:00:00Z,288.65000000,313.35000000,288.65000000,311.92000000,877.82470202
2015-11-13T00:00:00Z,312.01000000,315.23000000,304.51000000,312.34000000,85.04134255
2015-11-14T00:00:00Z,313.66000000,313.95000000,306.93000000,310.93000000,95.67689174
2015-11-15T00:00:00Z,311.12000000,311.86000000,300.00000000,303.51000000,372.37650526
2015-11-16T00:00:00Z,301.51000000,312.43000000,297.01000000,310.03000000,85.20075042
2015-11-17T00:00:00Z,309.98000000,315.98000000,308.75000000,315.50000000,78.39754749
2015-11-18T00:00:00Z,312.27000000,315.99000000,310.34000000,315.40000000,8.00081878
2015-11-19T00:00:00Z,314.14000000,314.14000000,303.00000000,303.00000000,43.47298872
2015-11-20T00:00:00Z,303.03000000,303.46000000,292.50000000,301.24000000,48.05168364
2015-11-21T00:00:00Z,300.89000000,308.40000000,300.89000000,305.89000000,131.67866306
2015-11-22T00:00:00Z,305.98000000,306.44000000,302.02000000,303.23000000,25.69336349
2015-11-23T00:00:00Z,304.50000000,306.20000000,303.21000000,303.83000000,37.12479650
2015-11-24T00:00:00Z,303.80000000,304.14000000,300.90000000,300.91000000,41.47812107
2015-11-25T00:00:00Z,300.91000000,312.00000000,298.55000000,309.80000000,492.83327639
2015-11-26T00:00:00Z,309.98000000,346.54000000,309.91000000,333.50000000,265.21172851
2015-11-27T00:00:00Z,334.21000000,343.37000000,327.21000000,339.20000000,68.34605123
2015-11-28T00:00:00Z,335.00000000,336.85000000,331.76000000,336.08000000,10.46242073
2015-11-29T00:00:00Z,335.96000000,353.59000000,335.28000000,349.87000000,91.24258176
2015-11-30T00:00:00Z,354.00000000,360.00000000,348.45000000,355.16000000,29.49872426
2015-12-01T00:00:00Z,355.58000000,358.80000000,335.08000000,341.00000000,43.94315859
2015-12-02T00:00:00Z,339.00000000,339.00000000,329.22000000,334.70000000,158.17043935
2015-12-03T00:00:00Z,334.70000000,342.00000000,331.20000000,332.01000000,261.43240608
2015-12-04T00:00:00Z,332.00000000,333.80000000,326.01000000,332.03000000,287.15096353
2015-12-05T00:00:00Z,331.17000000,347.00000000,328.98000000,338.98000000,289.23475454
2015-12-06T00:00:00Z,338.98000000,359.01000000,338.98000000,354.49000000,175.80177949
2015-12-07T00:00:00Z,355.50000000,365.00000000,354.25000000,364.00000000,46.91539216
2015-12-08T00:00:00Z,363.99000000,380.00000000,360.00000000,376.85000000,144.64746750
2015-12-09T00:00:00Z,363.59000000,386.34000000,360.00000000,380.38000000,817.37484939
2015-12-10T00:00:00Z,378.76000000,383.31000000,373.09000000,380.35000000,340.30968755
2015-12-11T00:00:00Z,380.28000000,413.12000000,380.04000000,413.01000000,1326.54074326
2015-12-12T00:00:00Z,411.00000000,426.08000000,376.91000000,396.73000000,2656.63067888
2015-12-13T00:00:00Z,394.93000000,403.95000000,385.00000000,395.62000000,888.08430692
2015-12-14T00:00:00Z,394.91000000,409.16000000,392.94000000,405.00000000,2295.16420423
2015-12-15T00:00:00Z,403.80000000,425.00000000,403.80000000,424.29000000,1108.13850185
2015-12-16T00:00:00Z,424.25000000,424.79000000,404.16000000,416.26000000,987.35765767
2015-12-17T00:00:00Z,416.40000000,421.98000000,412.04000000,421.97000000,648.27093449
2015-12-18T00:00:00Z,421.89000000,429.89000000,418.49000000,427.00000000,620.77530187
2015-12-19T00:00:00Z,426.49000000,431.21000000,414.74000000,425.64000000,2471.79696085
2015-12-20T00:00:00Z,425.56000000,425.81000000,396.01000000,407.34000000,909.07198711
2015-12-21T00:00:00Z,406.19000000,409.68000000,391.66000000,399.17000000,1201.21946389
2015-12-22T00:00:00Z,400.03000000,405.67000000,395.50000000,397.15000000,499.77545943
2015-12-23T00:00:00Z,395.81000000,409.69000000,394.00000000,404.65000000,381.50790412
2015-12-24T00:00:00Z,406.38000000,420.37000000,405.53000000,416.13000000,406.12217645
2015-12-25T00:00:00Z,416.31000000,419.00000000,411.61000000,415.40000000,218.31188897
2015-12-26T00:00:00Z,416.32000000,416.60000000,372.57000000,381.73000000,1346.18493324
2015-12-27T00:00:00Z,381.54000000,392.00000000,376.44000000,387.00000000,789.28658807
2015-12-28T00:00:00Z,386.03000000,393.47000000,381.34000000,385.56000000,274.33459293
2015-12-29T00:00:00Z,385.53000000,398.05000000,382.51000000,398.05000000,456.91686900
2015-12-30T00:00:00Z,398.05000000,399.30000000,386.49000000,392.22000000,352.23942951
2015-12-31T00:00:00Z,389.86000000,399.50000000,385.05000000,396.87000000,321.80640741
2016-01-01T00:00:00Z,397.50000000,403.00000000,394.84000000,401.70000000,255.71284790
2016-01-02T00:00:00Z,401.32000000,402.65000000,397.61000000,400.59000000,174.17812579
2016-01-03T00:00:00Z,400.59000000,400.88000000,392.39000000,397.16000000,197.69053136
2016-01-04T00:00:00Z,396.75000000,403.00000000,396.35000000,400.23000000,283.39790448
2016-01-05T00:00:00Z,400.86000000,404.77000000,399.85000000,403.20000000,504.93077057
2016-01-06T00:00:00Z,402.89000000,403.99000000,398.25000000,400.06000000,354.80115769
2016-01-07T00:00:00Z,400.24000000,422.01000000,398.85000000,419.63000000,799.62291118
2016-01-08T00:00:00Z,419.54000000,426.00000000,410.05000000,417.02000000,526.18323476
2016-01-09T00:00:00Z,417.02000000,417.66000000,411.00000000,412.99000000,254.84674423
2016-01-10T00:00:00Z,413.30000000,416.44000000,404.83000000,413.13000000,187.64207958
2016-01-11T00:00:00Z,413.44000000,416.08000000,407.05000000,414.75000000,280.26650643
2016-01-12T00:00:00Z,415.98000000,416.43000000,399.48000000,401.35000000,538.46611944
2016-01-13T00:00:00Z,401.35000000,405.00000000,392.30000000,398.03000000,751.73708238
2016-01-14T00:00:00Z,398.03000000,400.55000000,392.30000000,397.16000000,392.44287543
2016-01-15T00:00:00Z,396.38000000,411.98000000,328.57000000,328.57000000,2522.19448817
2016-01-16T00:00:00Z,327.82000000,356.64000000,306.84000000,355.52000000,1754.94776722
2016-01-17T00:00:00Z,355.61000000,357.29000000,347.52000000,347.54000000,602.45645842
2016-01-18T00:00:00Z,347.54000000,354.73000000,341.54000000,352.36000000,856.42279692
2016-01-19T00:00:00Z,352.71000000,355.30000000,340.66000000,344.36000000,769.95619126
2016-01-20T00:00:00Z,344.84000000,385.47000000,339.79000000,385.47000000,1398.38657074
2016-01-21T00:00:00Z,384.65000000,388.86000000,371.17000000,377.59000000,810.97568855
2016-01-22T00:00:00Z,376.17000000,379.92000000,347.22000000,355.19000000,702.88346408
2016-01-23T00:00:00Z,355.12000000,367.49000000,355.01000000,359.05000000,378.78836339
2016-01-24T00:00:00Z,359.20000000,378.62000000,358.22000000,374.22000000,289.67105333
2016-01-25T00:00:00Z,374.19000000,374.19000000,356.67000000,361.65000000,449.86514094
2016-01-26T00:00:00Z,361.69000000,367.48000000,357.32000000,361.48000000,450.66001593
2016-01-27T00:00:00Z,361.58000000,366.32000000,359.13000000,362.22000000,509.35540869
2016-01-28T00:00:00Z,362.44000000,363.24000000,344.12000000,348.04000000,865.41781856
2016-01-29T00:00:00Z,347.89000000,354.99000000,333.83000000,350.71000000,551.83908523
2016-01-30T00:00:00Z,350.65000000,355.00000000,347.34000000,350.31000000,279.01829627
2016-01-31T00:00:00Z,350.26000000,353.33000000,336.95000000,340.41000000,334.85044633
2016-02-01T00:00:00Z,340.85000000,349.44000000,332.49000000,341.28000000,466.35209307
2016-02-02T00:00:00Z,340.59000000,345.32000000,339.00000000,342.46000000,613.11017676
2016-02-03T00:00:00Z,341.79000000,342.87000000,330.35000000,332.26000000,494.17076527
2016-02-04T00:00:00Z,332.74000000,349.31000000,331.28000000,347.63000000,669.28720552
2016-02-05T00:00:00Z,346.17000000,349.00000000,336.93000000,344.26000000,554.63935125
2016-02-06T00:00:00Z,344.49000000,345.49000000,332.50000000,336.27000000,291.82220869
2016-02-07T00:00:00Z,337.09000000,342.48000000,334.47000000,337.63000000,175.07431562
2016-02-08T00:00:00Z,337.83000000,341.45000000,330.29000000,332.23000000,504.98449935
2016-02-09T00:00:00Z,332.26000000,334.35000000,328.27000000,330.80000000,650.36210248
2016-02-10T00:00:00Z,330.80000000,341.00000000,328.70000000,335.85000000,558.66202964
2016-02-11T00:00:00Z,335.85000000,336.82000000,327.03000000,334.97000000,642.40261563
2016-02-12T00:00:00Z,334.96000000,340.96000000,325.89000000,339.78000000,518.64799565
2016-02-13T00:00:00Z,339.79000000,350.00000000,338.60000000,347.20000000,350.58494033
2016-02-14T00:00:00Z,347.13000000,362.38000000,345.00000000,362.38000000,384.45617604
2016-02-15T00:00:00Z,361.64000000,364.00000000,353.00000000,356.49000000,495.85150639
2016-02-16T00:00:00Z,356.63000000,367.04000000,356.14000000,366.24000000,630.97965357
2016-02-17T00:00:00Z,366.35000000,381.00000000,364.69000000,373.53000000,915.85856689
2016-02-18T00:00:00Z,374.06000000,382.68000000,373.01000000,379.20000000,520.19618199
2016-02-19T00:00:00Z,379.54000000,384.61000000,374.50000000,379.25000000,336.95134855
2016-02-20T00:00:00Z,378.04000000,398.50000000,377.58000000,391.82000000,468.85827985
2016-02-21T00:00:00Z,392.49000000,403.79000000,388.47000000,394.33000000,1104.35884053
2016-02-22T00:00:00Z,394.25000000,398.64000000,388.76000000,397.61000000,477.18181328
2016-02-23T00:00:00Z,397.15000000,398.38000000,375.78000000,380.96000000,494.46935816
2016-02-24T00:00:00Z,381.66000000,387.29000000,373.18000000,385.69000000,632.79566377
2016-02-25T00:00:00Z,385.69000000,387.79000000,372.22000000,384.15000000,491.75684583
2016-02-26T00:00:00Z,384.15000000,392.96000000,376.87000000,392.96000000,518.50499834
2016-02-27T00:00:00Z,393.00000000,397.94000000,392.53000000,395.92000000,299.52772185
2016-02-28T00:00:00Z,395.56000000,398.00000000,387.01000000,396.68000000,451.17185175
2016-02-29T00:00:00Z,396.44000000,404.98000000,393.45000000,400.80000000,661.58311095
2016-03-01T00:00:00Z,400.80000000,401.99000000,393.99000000,398.97000000,519.28162757
2016-03-02T00:00:00Z,398.97000000,399.95000000,386.38000000,386.45000000,605.84416957
2016-03-03T00:00:00Z,387.01000000,389.42000000,376.19000000,382.88000000,1026.26960752
2016-03-04T00:00:00Z,383.24000000,386.41000000,368.34000000,370.84000000,676.65606517
2016-03-05T00:00:00Z,370.84000000,372.17000000,350.73000000,360.50000000,1352.84219927
2016-03-06T00:00:00Z,360.53000000,371.98000000,356.24000000,366.70000000,722.52668685
2016-03-07T00:00:00Z,366.99000000,378.67000000,362.81000000,375.11000000,730.33781281
2016-03-08T00:00:00Z,375.04000000,379.15000000,370.29000000,373.76000000,790.35178692
2016-03-09T00:00:00Z,373.76000000,383.93000000,372.36000000,376.19000000,698.28945678
2016-03-10T00:00:00Z,376.23000000,380.41000000,370.18000000,371.47000000,3087.98878392
2016-03-11T00:00:00Z,372.43000000,378.56000000,371.79000000,375.71000000,1119.61063916
2016-03-12T00:00:00Z,375.55000000,376.86000000,364.23000000,368.90000000,381.38312543
2016-03-13T00:00:00Z,368.65000000,373.75000000,367.78000000,370.05000000,277.44660791
2016-03-14T00:00:00Z,370.05000000,374.04000000,369.00000000,373.14000000,634.21641292
2016-03-15T00:00:00Z,373.57000000,375.94000000,372.11000000,374.50000000,554.02837629
2016-03-16T00:00:00Z,374.55000000,383.93000000,371.39000000,371.91000000,944.76426645
2016-03-17T00:00:00Z,371.92000000,373.98000000,369.01000000,370.80000000,650.57597681
2016-03-18T00:00:00Z,370.77000000,370.83000000,356.97000000,364.59000000,1152.06547048
2016-03-19T00:00:00Z,364.34000000,374.74000000,359.79000000,364.14000000,421.21926319
2016-03-20T00:00:00Z,363.67000000,368.00000000,363.16000000,366.37000000,333.18916588
2016-03-21T00:00:00Z,366.39000000,366.96000000,361.12000000,366.37000000,459.97585927
2016-03-22T00:00:00Z,366.37000000,372.50000000,365.64000000,372.25000000,431.39957564
2016-03-23T00:00:00Z,372.21000000,375.64000000,371.02000000,373.72000000,317.43109735
2016-03-24T00:00:00Z,373.72000000,374.21000000,365.00000000,370.11000000,486.39345069
2016-03-25T00:00:00Z,370.11000000,374.05000000,368.69000000,372.99000000,328.53047281
2016-03-26T00:00:00Z,372.73000000,374.00000000,371.91000000,373.47000000,336.82833070
2016-03-27T00:00:00Z,373.48000000,382.95000000,372.51000000,379.97000000,345.60452823
2016-03-28T00:00:00Z,379.97000000,380.85000000,375.01000000,377.38000000,317.70896657
2016-03-29T00:00:00Z,377.08000000,380.00000000,365.75000000,368.90000000,748.13863962
2016-03-30T00:00:00Z,368.89000000,368.89000000,361.62000000,364.99000000,636.09605205
2016-03-31T00:00:00Z,364.99000000,368.00000000,363.75000000,366.20000000,552.54200929
2016-04-01T00:00:00Z,366.65000000,367.21000000,364.47000000,366.97000000,592.83424994
2016-04-02T00:00:00Z,367.50000000,369.68000000,365.95000000,369.46000000,267.91202534
2016-04-03T00:00:00Z,369.46000000,370.23000000,367.40000000,369.56000000,186.26745266
2016-04-04T00:00:00Z,369.56000000,370.22000000,366.95000000,368.83000000,449.80059869
2016-04-05T00:00:00Z,368.56000000,372.93000000,367.54000000,371.79000000,575.53098902
2016-04-06T00:00:00Z,371.17000000,380.00000000,368.89000000,370.43000000,570.33922262
2016-04-07T00:00:00Z,370.46000000,373.00000000,368.56000000,371.12000000,620.10226044
2016-04-08T00:00:00Z,371.11000000,374.37000000,365.65000000,368.86000000,669.92470049
2016-04-09T00:00:00Z,368.43000000,369.17000000,365.01000000,368.44000000,254.29269377
2016-04-10T00:00:00Z,368.36000000,371.82000000,367.95000000,371.05000000,214.84341505
2016-04-11T00:00:00Z,371.15000000,373.55000000,368.91000000,372.20000000,475.35159120
2016-04-12T00:00:00Z,372.20000000,381.51000000,371.38000000,375.45000000,672.59083285
2016-04-13T00:00:00Z,375.45000000,378.82000000,374.39000000,377.48000000,837.92914935
2016-04-14T00:00:00Z,378.02000000,379.45000000,377.00000000,379.00000000,499.29487076
2016-04-15T00:00:00Z,378.98000000,384.54000000,378.07000000,382.99000000,578.50364465
2016-04-16T00:00:00Z,382.73000000,385.00000000,379.97000000,383.35000000,645.70695015
2016-04-17T00:00:00Z,383.34000000,385.79000000,378.00000000,379.17000000,332.34046638
2016-04-18T00:00:00Z,379.17000000,383.65000000,379.00000000,380.19000000,344.70397134
2016-04-19T00:00:00Z,380.11000000,385.00000000,378.26000000,384.72000000,674.15492237
2016-04-20T00:00:00Z,384.95000000,393.15000000,384.00000000,392.08000000,734.13483621
2016-04-21T00:00:00Z,392.04000000,400.97000000,389.75000000,399.82000000,976.63124614
2016-04-22T00:00:00Z,399.85000000,400.98000000,394.74000000,399.44000000,850.38733466
2016-04-23T00:00:00Z,399.44000000,403.00000000,397.23000000,402.92000000,489.94978203
2016-04-24T00:00:00Z,402.88000000,411.98000000,400.10000000,410.30000000,627.79829026
2016-04-25T00:00:00Z,410.96000000,418.59000000,406.10000000,414.66000000,501.63663479
2016-04-26T00:00:00Z,414.52000000,418.60000000,410.72000000,416.17000000,668.64235610
2016-04-27T00:00:00Z,416.16000000,416.52000000,391.84000000,393.36000000,1048.56808005
2016-04-28T00:00:00Z,393.69000000,407.50000000,385.59000000,397.79000000,752.75546287
2016-04-29T00:00:00Z,398.58000000,406.48000000,394.01000000,402.03000000,688.32219579
2016-04-30T00:00:00Z,403.99000000,405.96000000,393.00000000,394.34000000,406.63792486
2016-05-01T00:00:00Z,394.34000000,398.69000000,391.00000000,397.45000000,244.39683399
2016-05-02T00:00:00Z,397.45000000,399.49000000,383.00000000,389.04000000,613.83273138
2016-05-03T00:00:00Z,387.97000000,400.00000000,384.50000000,393.24000000,792.24933943
2016-05-04T00:00:00Z,393.19000000,394.97000000,387.72000000,391.51000000,410.61951794
2016-05-05T00:00:00Z,391.51000000,395.47000000,390.41000000,394.72000000,338.58372790
2016-05-06T00:00:00Z,394.79000000,406.18000000,392.93000000,404.77000000,349.28412440
2016-05-07T00:00:00Z,404.79000000,405.00000000,403.21000000,403.32000000,142.08759239
2016-05-08T00:00:00Z,403.34000000,404.49000000,399.59000000,404.47000000,172.54626922
2016-05-09T00:00:00Z,404.19000000,407.10000000,401.02000000,405.88000000,221.40642468
2016-05-10T00:00:00Z,406.14000000,406.95000000,395.96000000,397.85000000,301.63793394
2016-05-11T00:00:00Z,397.85000000,402.00000000,395.00000000,397.34000000,215.92364640
2016-05-12T00:00:00Z,397.45000000,403.99000000,393.21000000,401.65000000,632.70065818
2016-05-13T00:00:00Z,401.65000000,406.51000000,398.96000000,405.99000000,630.00631318
2016-05-14T00:00:00Z,405.99000000,407.18000000,402.98000000,406.59000000,420.46175902
2016-05-15T00:00:00Z,406.50000000,408.84000000,403.49000000,406.88000000,261.50260176
2016-05-16T00:00:00Z,406.71000000,407.50000000,399.62000000,403.00000000,447.77716554
2016-05-17T00:00:00Z,403.51000000,404.40000000,400.35000000,401.51000000,490.30275316
2016-05-18T00:00:00Z,401.41000000,406.70000000,400.97000000,405.53000000,392.14224747
2016-05-19T00:00:00Z,405.53000000,406.66000000,390.20000000,390.92000000,592.84817996
2016-05-20T00:00:00Z,390.32000000,400.00000000,390.27000000,396.75000000,492.74817865
2016-05-21T00:00:00Z,396.75000000,399.40000000,394.04000000,398.25000000,295.67056108
2016-05-22T00:00:00Z,398.39000000,398.39000000,391.59000000,393.61000000,422.73016191
2016-05-23T00:00:00Z,393.73000000,398.60000000,391.54000000,397.28000000,793.08142112
2016-05-24T00:00:00Z,397.28000000,402.86000000,396.00000000,400.88000000,674.83646574
2016-05-25T00:00:00Z,400.80000000,404.99000000,400.79000000,404.11000000,505.08788446
2016-05-26T00:00:00Z,403.93000000,407.00000000,402.28000000,406.74000000,511.16695731
2016-05-27T00:00:00Z,406.00000000,427.88000000,405.24000000,424.13000000,1177.13745694
2016-05-28T00:00:00Z,424.14000000,485.84000000,422.31000000,471.50000000,1188.49982827
2016-05-29T00:00:00Z,470.50000000,494.60000000,452.32000000,471.54000000,865.18137528
2016-05-30T00:00:00Z,473.60000000,486.88000000,455.38000000,477.06000000,673.01917557
2016-05-31T00:00:00Z,477.75000000,490.94000000,468.41000000,478.45000000,875.67961173
2016-06-01T00:00:00Z,476.96000000,486.96000000,471.00000000,478.76000000,788.82607763
2016-06-02T00:00:00Z,478.75000000,485.00000000,473.20000000,483.16000000,632.61315442
2016-06-03T00:00:00Z,483.12000000,510.36000000,479.55000000,500.86000000,1646.33549441
2016-06-04T00:00:00Z,503.98000000,524.81000000,495.88000000,507.77000000,717.11918636
2016-06-05T00:00:00Z,507.55000000,514.63000000,490.94000000,507.10000000,470.67896231
2016-06-06T00:00:00Z,506.77000000,518.00000000,506.77000000,516.47000000,626.43482359
2016-06-07T00:00:00Z,516.47000000,520.30000000,498.46000000,511.04000000,970.39066096
2016-06-08T00:00:00Z,511.04000000,514.09000000,504.93000000,512.62000000,513.21176614
2016-06-09T00:00:00Z,512.69000000,513.41000000,505.80000000,511.04000000,490.88297470
2016-06-10T00:00:00Z,510.64000000,515.00000000,509.06000000,515.00000000,465.40042546
2016-06-11T00:00:00Z,514.98000000,541.13000000,514.98000000,540.00000000,543.91006202
2016-06-12T00:00:00Z,540.34000000,610.00000000,535.48000000,598.14000000,1347.70822314
2016-06-13T00:00:00Z,600.67000000,640.96000000,595.00000000,626.61000000,1241.63196328
2016-06-14T00:00:00Z,626.61000000,628.15000000,583.99000000,615.81000000,933.94741457
2016-06-15T00:00:00Z,615.80000000,624.90000000,599.01000000,622.29000000,760.23904670
2016-06-16T00:00:00Z,623.34000000,698.00000000,623.34000000,692.44000000,1008.11396869
2016-06-17T00:00:00Z,692.44000000,715.65000000,624.41000000,669.73000000,1075.64342650
2016-06-18T00:00:00Z,670.15000000,696.08000000,657.00000000,676.55000000,480.52633356
2016-06-19T00:00:00Z,676.67000000,690.00000000,673.00000000,680.94000000,305.31025679
2016-06-20T00:00:00Z,680.49000000,685.00000000,635.44000000,640.10000000,773.47438978
2016-06-21T00:00:00Z,640.10000000,644.36000000,544.38000000,596.55000000,1742.36885139
2016-06-22T00:00:00Z,595.77000000,609.00000000,517.00000000,530.08000000,1216.10714951
2016-06-23T00:00:00Z,529.41000000,564.19000000,493.35000000,556.44000000,1325.07440008
2016-06-24T00:00:00Z,558.72000000,634.99000000,554.00000000,605.68000000,1727.35797682
2016-06-25T00:00:00Z,605.67000000,625.00000000,585.01000000,607.35000000,459.53513763
2016-06-26T00:00:00Z,607.30000000,608.20000000,560.59000000,570.99000000,425.92459999
2016-06-27T00:00:00Z,575.28000000,599.13000000,569.59000000,596.39000000,400.30467515
2016-06-28T00:00:00Z,597.17000000,601.25000000,584.00000000,589.43000000,518.83348543
2016-06-29T00:00:00Z,590.11000000,590.11000000,565.67000000,578.43000000,507.32098314
2016-06-30T00:00:00Z,578.42000000,614.07000000,573.00000000,608.85000000,586.20861791
2016-07-01T00:00:00Z,608.86000000,622.15000000,597.72000000,610.97000000,451.00492110
2016-07-02T00:00:00Z,610.78000000,636.02000000,610.77000000,636.02000000,540.74999005
2016-07-03T00:00:00Z,634.79000000,635.58000000,585.00000000,597.88000000,413.54512736
2016-07-04T00:00:00Z,597.89000000,613.00000000,585.11000000,612.00000000,293.67838793
2016-07-05T00:00:00Z,612.00000000,615.00000000,601.00000000,610.69000000,424.30601266
2016-07-06T00:00:00Z,610.66000000,619.30000000,606.13000000,616.44000000,430.89602789
2016-07-07T00:00:00Z,616.38000000,617.62000000,557.94000000,585.06000000,859.67140680
2016-07-08T00:00:00Z,584.96000000,609.22000000,580.01000000,609.22000000,377.83426817
2016-07-09T00:00:00Z,609.22000000,609.22000000,560.26000000,593.83000000,397.15840677
2016-07-10T00:00:00Z,593.65000000,593.87000000,585.60000000,592.34000000,153.57035592
2016-07-11T00:00:00Z,591.28000000,600.79000000,587.56000000,592.26000000,332.67970158
2016-07-13T00:00:00Z,605.97000000,611.86000000,594.00000000,594.01000000,428.50832407
2016-07-14T00:00:00Z,594.00000000,604.01000000,590.62000000,599.85000000,336.81900149
2016-07-15T00:00:00Z,599.59000000,610.00000000,596.67000000,608.34000000,294.55824915
2016-07-16T00:00:00Z,608.23000000,609.79000000,601.80000000,606.69000000,151.67845989
2016-07-17T00:00:00Z,605.69000000,623.02000000,603.01000000,616.00000000,278.70444762
2016-07-18T00:00:00Z,616.00000000,618.55000000,606.87000000,612.67000000,258.16487146
2016-07-19T00:00:00Z,611.89000000,613.30000000,607.56000000,613.00000000,305.64201083
2016-07-20T00:00:00Z,613.00000000,615.60000000,605.25000000,608.85000000,293.26121424
2016-07-21T00:00:00Z,608.84000000,609.99000000,602.01000000,603.53000000,293.50011266
2016-07-22T00:00:00Z,604.65000000,610.00000000,592.50000000,596.62000000,357.44098313
2016-07-23T00:00:00Z,596.62000000,604.32000000,593.08000000,601.00000000,255.55946949
2016-07-24T00:00:00Z,601.09000000,606.85000000,596.00000000,604.85000000,140.26487317
2016-07-25T00:00:00Z,605.79000000,605.99000000,595.01000000,596.36000000,294.89161271
2016-07-26T00:00:00Z,596.36000000,600.00000000,588.89000000,594.03000000,431.45749586
2016-07-27T00:00:00Z,594.75000000,600.00000000,590.26000000,594.01000000,358.14035929
2016-07-28T00:00:00Z,594.51000000,597.27000000,590.50000000,594.99000000,304.55396729
2016-07-29T00:00:00Z,594.99000000,596.65000000,587.05000000,590.98000000,284.50133068
2016-07-30T00:00:00Z,590.49000000,594.31000000,587.04000000,587.66000000,173.74265069
2016-07-31T00:00:00Z,587.79000000,587.91000000,555.00000000,559.21000000,490.31774392
2016-08-01T00:00:00Z,559.20000000,564.98000000,531.71000000,537.18000000,446.34097674
2016-08-02T00:00:00Z,537.20000000,546.38000000,434.78000000,477.97000000,901.85693943
2016-08-03T00:00:00Z,476.51000000,524.14000000,462.15000000,517.99000000,1166.56124905
2016-08-04T00:00:00Z,517.99000000,541.97000000,504.26000000,526.01000000,747.18745650
2016-08-05T00:00:00Z,525.06000000,533.67000000,507.59000000,526.07000000,505.25901506
2016-08-06T00:00:00Z,526.08000000,536.97000000,516.22000000,536.97000000,255.22549889
2016-08-07T00:00:00Z,536.97000000,546.20000000,531.82000000,541.82000000,256.31100657
2016-08-08T00:00:00Z,542.26000000,543.08000000,534.51000000,537.02000000,316.36773662
2016-08-09T00:00:00Z,538.40000000,540.00000000,527.50000000,531.89000000,374.29293515
2016-08-10T00:00:00Z,531.89000000,545.00000000,526.86000000,534.09000000,336.29830783
2016-08-11T00:00:00Z,534.61000000,540.07000000,529.17000000,531.32000000,291.83998851
2016-08-12T00:00:00Z,530.90000000,533.71000000,523.03000000,528.29000000,308.79375918
2016-08-13T00:00:00Z,527.68000000,532.81000000,523.31000000,526.94000000,187.71094585
2016-08-14T00:00:00Z,526.93000000,526.94000000,505.00000000,513.68000000,261.59637310
2016-08-15T00:00:00Z,514.52000000,516.86000000,501.31000000,508.42000000,281.17157397
2016-08-16T00:00:00Z,508.94000000,520.27000000,502.27000000,513.61000000,342.03184097
2016-08-17T00:00:00Z,514.00000000,519.25000000,504.28000000,510.35000000,408.55499605
2016-08-18T00:00:00Z,510.35000000,512.95000000,503.91000000,507.61000000,321.91041019
2016-08-19T00:00:00Z,507.83000000,513.16000000,503.47000000,509.37000000,363.31825441
2016-08-20T00:00:00Z,509.98000000,517.25000000,506.35000000,515.51000000,278.49824415
2016-08-21T00:00:00Z,515.78000000,519.31000000,513.00000000,517.38000000,135.06433130
2016-08-22T00:00:00Z,517.45000000,521.82000000,512.13000000,520.28000000,229.32587708
2016-08-23T00:00:00Z,520.32000000,521.56000000,512.02000000,518.05000000,392.95092761
2016-08-24T00:00:00Z,518.40000000,518.49000000,514.01000000,516.65000000,282.57486315
2016-08-25T00:00:00Z,516.24000000,516.81000000,508.00000000,511.54000000,299.04344387
2016-08-26T00:00:00Z,512.66000000,518.76000000,510.57000000,518.73000000,242.05358213
2016-08-27T00:00:00Z,518.26000000,519.47000000,508.47000000,511.62000000,193.88896858
2016-08-28T00:00:00Z,511.57000000,515.70000000,508.42000000,514.87000000,197.04386828
2016-08-29T00:00:00Z,514.94000000,517.76000000,511.75000000,514.56000000,301.92433878
2016-08-30T00:00:00Z,514.55000000,519.83000000,514.22000000,518.97000000,319.13369897
2016-08-31T00:00:00Z,519.06000000,519.61000000,513.00000000,515.84000000,275.94971416
2016-09-01T00:00:00Z,515.85000000,517.33000000,510.00000000,512.53000000,361.03514832
2016-09-02T00:00:00Z,512.51000000,516.92000000,507.09000000,516.92000000,358.94543258
2016-09-03T00:00:00Z,516.47000000,536.69000000,515.27000000,535.80000000,279.90821056
2016-09-04T00:00:00Z,535.90000000,556.90000000,533.75000000,545.25000000,384.38303710
2016-09-05T00:00:00Z,545.36000000,547.27000000,537.33000000,544.78000000,207.56304587
2016-09-06T00:00:00Z,545.30000000,554.82000000,538.27000000,546.41000000,341.23407787
2016-09-07T00:00:00Z,546.34000000,551.58000000,538.46000000,549.99000000,378.69205465
2016-09-08T00:00:00Z,550.00000000,562.30000000,542.85000000,557.21000000,536.55211456
2016-09-09T00:00:00Z,557.03000000,561.78000000,550.19000000,557.31000000,327.43139599
2016-09-10T00:00:00Z,556.33000000,560.94000000,555.00000000,558.79000000,174.12988688
2016-09-11T00:00:00Z,558.09000000,563.09000000,531.09000000,544.21000000,335.96366491
2016-09-12T00:00:00Z,544.21000000,545.84000000,540.00000000,544.05000000,232.19628478
2016-09-13T00:00:00Z,543.58000000,548.44000000,542.18000000,545.82000000,357.87609819
2016-09-14T00:00:00Z,546.24000000,548.28000000,543.01000000,545.74000000,320.34608665
2016-09-15T00:00:00Z,545.78000000,546.33000000,540.46000000,542.53000000,287.12285950
2016-09-16T00:00:00Z,542.74000000,549.00000000,541.75000000,547.03000000,227.73867721
2016-09-17T00:00:00Z,546.90000000,547.03000000,542.92000000,543.98000000,170.11833685
2016-09-18T00:00:00Z,543.52000000,548.09000000,543.00000000,547.30000000,124.17254106
2016-09-19T00:00:00Z,547.36000000,547.88000000,542.42000000,545.12000000,284.78813649
2016-09-20T00:00:00Z,545.12000000,549.96000000,544.10000000,545.90000000,295.40895044
2016-09-21T00:00:00Z,545.92000000,545.92000000,530.70000000,535.38000000,440.01656838
2016-09-22T00:00:00Z,535.38000000,535.41000000,527.04000000,532.95000000,248.45638672
2016-09-23T00:00:00Z,532.95000000,540.10000000,532.67000000,538.25000000,283.24281597
2016-09-24T00:00:00Z,538.26000000,540.17000000,536.21000000,539.98000000,178.83034425
2016-09-25T00:00:00Z,539.98000000,539.98000000,535.00000000,537.06000000,167.69035969
2016-09-26T00:00:00Z,537.06000000,543.45000000,533.39000000,541.87000000,258.84013509
2016-09-27T00:00:00Z,541.86000000,544.98000000,538.48000000,544.98000000,325.03208960
2016-09-28T00:00:00Z,544.96000000,544.98000000,539.07000000,542.20000000,351.72093009
2016-09-29T00:00:00Z,542.20000000,544.48000000,539.71000000,542.66000000,334.36592794
2016-09-30T00:00:00Z,542.66000000,547.21000000,539.50000000,546.42000000,366.16357966
2016-10-01T00:00:00Z,546.52000000,551.99000000,546.52000000,550.60000000,222.12486565
2016-10-02T00:00:00Z,550.54000000,550.65000000,543.98000000,548.37000000,196.65737621
2016-10-03T00:00:00Z,548.34000000,551.00000000,540.47000000,547.29000000,418.24764452
2016-10-04T00:00:00Z,547.29000000,552.11000000,544.00000000,545.84000000,471.90016998
2016-10-05T00:00:00Z,545.84000000,551.94000000,545.57000000,551.65000000,343.19930787
2016-10-06T00:00:00Z,551.65000000,553.28000000,550.16000000,552.69000000,404.89995040
2016-10-07T00:00:00Z,552.59000000,559.52000000,543.64000000,555.31000000,457.82938572
2016-10-08T00:00:00Z,555.31000000,557.33000000,553.03000000,557.33000000,168.12528903
2016-10-09T00:00:00Z,557.32000000,557.40000000,551.70000000,555.35000000,176.43036401
2016-10-10T00:00:00Z,555.35000000,557.72000000,546.78000000,557.00000000,474.71362252
2016-10-11T00:00:00Z,557.00000000,583.13000000,556.65000000,581.67000000,637.99283419
2016-10-12T00:00:00Z,581.67000000,584.06000000,573.53000000,579.71000000,408.89423642
2016-10-13T00:00:00Z,579.71000000,583.39000000,576.27000000,576.42000000,462.86270585
2016-10-14T00:00:00Z,576.31000000,584.50000000,573.84000000,582.87000000,307.91472991
2016-10-15T00:00:00Z,582.87000000,588.17000000,579.42000000,584.83000000,257.16598410
2016-10-16T00:00:00Z,584.82000000,588.00000000,584.62000000,586.72000000,150.20500527
2016-10-17T00:00:00Z,586.76000000,587.01000000,580.00000000,581.43000000,288.09470974
2016-10-18T00:00:00Z,581.43000000,585.56000000,579.42000000,582.29000000,445.40662880
2016-10-19T00:00:00Z,582.28000000,585.14000000,567.74000000,578.45000000,399.41258281
2016-10-20T00:00:00Z,578.42000000,579.86000000,573.05000000,578.12000000,412.72117994
2016-10-21T00:00:00Z,578.21000000,584.89000000,578.00000000,582.06000000,301.02127620
2016-10-22T00:00:00Z,582.07000000,604.44000000,582.07000000,600.89000000,266.74096476
2016-10-23T00:00:00Z,600.79000000,605.00000000,597.23000000,599.41000000,213.96490828
2016-10-24T00:00:00Z,599.41000000,603.31000000,597.65000000,599.96000000,315.28898013
2016-10-25T00:00:00Z,600.36000000,609.00000000,599.95000000,605.31000000,412.44238579
2016-10-26T00:00:00Z,604.23000000,626.12000000,603.96000000,620.76000000,515.37504253
2016-10-27T00:00:00Z,620.86000000,636.06000000,620.86000000,633.46000000,515.82695172
2016-10-28T00:00:00Z,633.46000000,637.13000000,630.00000000,630.39000000,379.85390491
2016-10-29T00:00:00Z,630.39000000,655.00000000,630.31000000,649.01000000,386.81458048
2016-10-30T00:00:00Z,649.00000000,649.01000000,630.00000000,634.07000000,348.26812394
2016-10-31T00:00:00Z,634.08000000,649.74000000,625.00000000,639.42000000,369.30603284
2016-11-01T00:00:00Z,639.41000000,673.25000000,639.33000000,661.58000000,488.84563746
2016-11-02T00:00:00Z,661.58000000,671.00000000,655.00000000,671.00000000,407.75968208
2016-11-03T00:00:00Z,671.00000000,675.00000000,610.00000000,620.90000000,859.36668750
2016-11-04T00:00:00Z,620.10000000,642.25000000,616.34000000,637.02000000,361.81110229
2016-11-05T00:00:00Z,637.29000000,639.00000000,625.01000000,635.47000000,217.99497272
2016-11-06T00:00:00Z,635.57000000,648.04000000,632.05000000,644.17000000,198.95725664
2016-11-07T00:00:00Z,644.34000000,646.91000000,635.38000000,643.34000000,465.22743214
2016-11-08T00:00:00Z,642.91000000,652.03000000,636.68000000,648.70000000,436.87853694
2016-11-09T00:00:00Z,648.65000000,668.00000000,644.72000000,662.48000000,1153.20759348
2016-11-10T00:00:00Z,662.50000000,666.00000000,654.72000000,658.48000000,284.98901601
2016-11-11T00:00:00Z,658.32000000,662.23000000,656.34000000,661.39000000,266.83025120
2016-11-12T00:00:00Z,661.40000000,662.23000000,647.51000000,650.95000000,188.67710942
2016-11-13T00:00:00Z,650.96000000,651.10000000,634.23000000,648.97000000,257.91882001
2016-11-14T00:00:00Z,648.98000000,661.00000000,644.50000000,660.03000000,371.63202528
2016-11-15T00:00:00Z,660.03000000,670.00000000,649.98000000,665.92000000,406.03512851
2016-11-16T00:00:00Z,665.88000000,699.74000000,662.52000000,686.30000000,763.07978706
2016-11-17T00:00:00Z,687.14000000,703.74000000,680.50000000,689.41000000,551.34365265
2016-11-18T00:00:00Z,689.06000000,714.74000000,687.57000000,707.66000000,393.81533523
2016-11-19T00:00:00Z,707.67000000,712.00000000,696.70000000,706.19000000,215.86450470
2016-11-20T00:00:00Z,706.19000000,708.00000000,673.48000000,689.99000000,319.11905433
2016-11-21T00:00:00Z,690.09000000,704.00000000,686.19000000,699.43000000,311.94059217
2016-11-22T00:00:00Z,699.37000000,713.82000000,693.02000000,707.50000000,350.26113073
2016-11-23T00:00:00Z,707.50000000,711.21000000,698.24000000,708.24000000,376.16216643
2016-11-24T00:00:00Z,708.29000000,709.99000000,692.00000000,705.30000000,429.69967756
2016-11-25T00:00:00Z,705.81000000,705.85000000,695.00000000,704.42000000,279.03357230
2016-11-26T00:00:00Z,704.06000000,705.47000000,690.58000000,699.91000000,197.93272484
2016-11-27T00:00:00Z,699.82000000,704.00000000,690.58000000,695.96000000,201.92206726
2016-11-28T00:00:00Z,696.04000000,702.21000000,690.00000000,694.73000000,405.65311386
2016-11-29T00:00:00Z,694.20000000,697.22000000,687.79000000,689.97000000,450.39176506
2016-11-30T00:00:00Z,690.97000000,703.00000000,686.93000000,700.83000000,429.96758493
2016-12-01T00:00:00Z,701.27000000,711.03000000,700.29000000,709.81000000,427.91448200
2016-12-02T00:00:00Z,709.60000000,729.73000000,708.93000000,724.92000000,556.47288404
2016-12-03T00:00:00Z,725.00000000,726.03000000,714.22000000,720.94000000,363.58220204
2016-12-04T00:00:00Z,721.02000000,725.00000000,718.40000000,723.50000000,246.23265106
2016-12-05T00:00:00Z,723.50000000,723.80000000,699.81000000,702.56000000,691.42477135
2016-12-06T00:00:00Z,702.08000000,710.42000000,699.00000000,708.72000000,600.08835698
2016-12-07T00:00:00Z,708.71000000,718.64000000,704.00000000,713.90000000,506.01771857
2016-12-08T00:00:00Z,713.87000000,724.71000000,709.90000000,719.50000000,1249.45968057
2016-12-09T00:00:00Z,719.67000000,732.59000000,718.60000000,730.25000000,344.33583128
2016-12-10T00:00:00Z,729.64000000,736.00000000,728.24000000,734.95000000,211.12959591
2016-12-11T00:00:00Z,734.99000000,734.99000000,726.20000000,731.98000000,203.86456702
2016-12-12T00:00:00Z,731.98000000,741.75000000,726.51000000,734.31000000,615.49522431
2016-12-13T00:00:00Z,733.98000000,740.00000000,730.00000000,733.70000000,591.50899628
2016-12-14T00:00:00Z,733.44000000,737.76000000,731.56000000,735.13000000,619.94957642
2016-12-15T00:00:00Z,735.13000000,747.87000000,733.70000000,745.20000000,1628.69551487
2016-12-16T00:00:00Z,745.20000000,752.86000000,742.98000000,752.22000000,397.90994487
2016-12-17T00:00:00Z,751.77000000,761.67000000,751.46000000,760.66000000,325.19066565
2016-12-18T00:00:00Z,760.52000000,761.67000000,748.96000000,761.29000000,200.62222703
2016-12-19T00:00:00Z,761.28000000,764.90000000,760.01000000,762.85000000,571.76228751
2016-12-20T00:00:00Z,763.42000000,771.14000000,761.01000000,771.14000000,827.30227269
2016-12-21T00:00:00Z,771.12000000,804.27000000,771.11000000,804.27000000,720.17438412
2016-12-22T00:00:00Z,804.26000000,834.77000000,801.39000000,826.58000000,872.72246463
2016-12-23T00:00:00Z,826.90000000,887.40000000,826.02000000,884.42000000,1219.44908713
2016-12-24T00:00:00Z,884.34000000,886.54000000,850.00000000,859.37000000,397.60497492
2016-12-25T00:00:00Z,860.30000000,862.39000000,808.91000000,861.30000000,676.84062261
2016-12-26T00:00:00Z,861.74000000,875.00000000,855.93000000,862.01000000,340.25991225
2016-12-27T00:00:00Z,862.02000000,915.00000000,859.20000000,893.27000000,581.28458384
2016-12-28T00:00:00Z,893.24000000,945.00000000,893.24000000,944.00000000,1124.62641334
2016-12-29T00:00:00Z,943.70000000,948.56000000,908.44000000,934.20000000,816.79116199
2016-12-30T00:00:00Z,934.19000000,934.20000000,877.27000000,918.49000000,707.02612086
2016-12-31T00:00:00Z,917.49000000,925.00000000,906.15000000,924.98000000,279.37821510
2017-01-01T00:00:00Z,924.99000000,953.69000000,921.47000000,948.07000000,477.63220991
2017-01-02T00:00:00Z,948.66000000,988.58000000,945.20000000,975.00000000,877.61580423
2017-01-03T00:00:00Z,975.01000000,990.00000000,964.66000000,988.65000000,843.34275384
2017-01-04T00:00:00Z,987.05000000,1098.71000000,983.76000000,1082.77000000,1295.13202140
2017-01-05T00:00:00Z,1082.99000000,1111.56000000,833.66000000,955.66000000,2652.19922439
2017-01-06T00:00:00Z,954.40000000,971.24000000,818.52000000,854.53000000,1309.49044796
2017-01-07T00:00:00Z,857.38000000,861.98000000,776.89000000,860.00000000,1094.53311551
2017-01-08T00:00:00Z,860.00000000,900.00000000,855.56000000,871.95000000,613.04378690
2017-01-09T00:00:00Z,871.93000000,872.20000000,840.00000000,862.83000000,762.36076731
2017-01-10T00:00:00Z,861.74000000,872.99000000,853.69000000,864.43000000,710.68154313
2017-01-11T00:00:00Z,861.00000000,876.75000000,732.00000000,751.79000000,1924.01884094
2017-01-12T00:00:00Z,751.27000000,795.08000000,694.78000000,769.05000000,1701.65560143
2017-01-13T00:00:00Z,770.06000000,789.00000000,733.45000000,785.79000000,817.15142980
2017-01-14T00:00:00Z,785.79000000,793.50000000,770.00000000,774.99000000,422.38351457
2017-01-15T00:00:00Z,774.99000000,783.90000000,767.23000000,781.72000000,349.33574416
2017-01-16T00:00:00Z,781.42000000,794.15000000,778.94000000,789.62000000,536.45946046
2017-01-17T00:00:00Z,791.19000000,855.91000000,788.00000000,850.32000000,1136.42066812
2017-01-18T00:00:00Z,848.45000000,857.92000000,800.61000000,831.44000000,773.07278958
2017-01-19T00:00:00Z,831.44000000,858.28000000,831.44000000,850.74000000,755.10603659
2017-01-20T00:00:00Z,850.73000000,851.05000000,836.01000000,836.20000000,509.47617138
2017-01-21T00:00:00Z,839.62000000,880.00000000,835.67000000,865.63000000,410.31000500
2017-01-22T00:00:00Z,866.48000000,882.75000000,840.04000000,868.27000000,424.56816408
2017-01-23T00:00:00Z,868.87000000,868.94000000,855.00000000,855.00000000,382.47804460
2017-01-24T00:00:00Z,853.41000000,859.21000000,827.04000000,829.46000000,778.96172299
2017-01-25T00:00:00Z,829.46000000,845.78000000,825.90000000,837.15000000,488.59085374
2017-01-26T00:00:00Z,837.25000000,862.50000000,837.22000000,859.99000000,501.27297448
2017-01-27T00:00:00Z,859.99000000,866.97000000,857.05000000,863.93000000,356.55868787
2017-01-28T00:00:00Z,864.45000000,869.00000000,860.00000000,867.18000000,250.53413687
2017-01-29T00:00:00Z,866.66000000,868.74000000,855.11000000,858.00000000,239.99417603
2017-01-30T00:00:00Z,858.22000000,867.31000000,856.57000000,864.36000000,447.57530085
2017-01-31T00:00:00Z,864.13000000,905.78000000,863.02000000,902.41000000,934.93284606
2017-02-01T00:00:00Z,902.34000000,920.99000000,896.00000000,920.03000000,951.76642230
2017-02-02T00:00:00Z,919.90000000,940.87000000,908.69000000,936.60000000,654.73149920
2017-02-03T00:00:00Z,936.58000000,952.47000000,927.89000000,942.93000000,806.90054879
2017-02-04T00:00:00Z,945.22000000,968.49000000,931.10000000,959.85000000,323.88573108
2017-02-05T00:00:00Z,959.84000000,960.00000000,935.01000000,942.38000000,304.26925819
2017-02-06T00:00:00Z,942.32000000,959.40000000,942.01000000,955.91000000,596.80716790
2017-02-07T00:00:00Z,955.39000000,988.90000000,955.00000000,986.16000000,684.93223919
2017-02-08T00:00:00Z,986.14000000,999.75000000,959.00000000,987.23000000,822.13581147
2017-02-09T00:00:00Z,987.81000000,1005.00000000,875.59000000,926.76000000,1704.48744566
2017-02-10T00:00:00Z,928.00000000,949.99000000,903.56000000,944.51000000,704.04600523
2017-02-11T00:00:00Z,944.59000000,960.00000000,941.52000000,956.00000000,312.28767676
2017-02-12T00:00:00Z,955.38000000,957.77000000,950.00000000,952.12000000,224.81732115
2017-02-13T00:00:00Z,952.14000000,957.88000000,930.03000000,949.38000000,680.63756476
2017-02-14T00:00:00Z,949.15000000,964.08000000,941.50000000,956.85000000,589.44431777
2017-02-15T00:00:00Z,957.12000000,964.59000000,954.76000000,960.71000000,465.49578410
2017-02-16T00:00:00Z,960.83000000,980.96000000,958.72000000,974.17000000,617.49171118
2017-02-17T00:00:00Z,973.88000000,999.56000000,973.33000000,995.02000000,638.54018677
2017-02-18T00:00:00Z,995.69000000,1008.41000000,990.00000000,1002.23000000,428.73070889
2017-02-19T00:00:00Z,1001.95000000,1003.41000000,988.79000000,994.50000000,390.76989814
2017-02-20T00:00:00Z,994.50000000,1030.00000000,993.08000000,1023.01000000,497.56970442
2017-02-21T00:00:00Z,1023.01000000,1074.93000000,1017.71000000,1068.85000000,888.64603694
2017-02-22T00:00:00Z,1069.05000000,1080.24000000,1049.99000000,1072.48000000,691.92414037
2017-02-23T00:00:00Z,1072.47000000,1135.41000000,1070.00000000,1115.29000000,878.44929748
2017-02-24T00:00:00Z,1115.82000000,1156.31000000,990.17000000,1123.39000000,1291.49482300
2017-02-25T00:00:00Z,1123.39000000,1125.16000000,1060.80000000,1094.64000000,520.73966071
2017-02-26T00:00:00Z,1096.11000000,1122.42000000,1070.96000000,1117.99000000,320.66462240
2017-02-27T00:00:00Z,1117.99000000,1137.03000000,1115.63000000,1128.79000000,657.81120182
2017-02-28T00:00:00Z,1128.99000000,1142.01000000,1121.00000000,1128.36000000,513.64834841
2017-03-01T00:00:00Z,1123.34000000,1179.21000000,1122.94000000,1166.50000000,856.34450650
2017-03-02T00:00:00Z,1165.63000000,1236.40000000,1156.18000000,1200.62000000,796.37805884
2017-03-03T00:00:00Z,1205.57000000,1235.00000000,1192.39000000,1216.00000000,843.13012096
2017-03-04T00:00:00Z,1216.00000000,1222.00000000,1158.97000000,1199.99000000,513.13840129
2017-03-05T00:00:00Z,1199.79000000,1209.93000000,1172.72000000,1202.17000000,291.16645712
2017-03-06T00:00:00Z,1205.22000000,1219.75000000,1195.14000000,1215.56000000,613.70194010
2017-03-07T00:00:00Z,1215.55000000,1224.37000000,1123.61000000,1171.73000000,1179.80556690
2017-03-08T00:00:00Z,1171.73000000,1179.56000000,1082.97000000,1084.72000000,1456.91595113
2017-03-09T00:00:00Z,1089.27000000,1149.99000000,1071.93000000,1129.81000000,1076.77209296
2017-03-10T00:00:00Z,1131.87000000,1350.00000000,920.00000000,1044.71000000,2477.95703078
2017-03-11T00:00:00Z,1044.70000000,1148.00000000,1038.64000000,1111.48000000,951.51339880
2017-03-12T00:00:00Z,1110.04000000,1161.89000000,1105.28000000,1157.09000000,521.44435639
2017-03-13T00:00:00Z,1159.94000000,1176.11000000,1138.26000000,1175.89000000,857.48499569
2017-03-14T00:00:00Z,1175.03000000,1188.31000000,1160.00000000,1177.34000000,775.14836254
2017-03-15T00:00:00Z,1179.34000000,1187.21000000,1167.74000000,1174.00000000,762.81752170
2017-03-16T00:00:00Z,1173.98000000,1184.50000000,1042.48000000,1096.08000000,1914.42197521
2017-03-17T00:00:00Z,1095.92000000,1100.00000000,990.02000000,996.03000000,2179.18200140
2017-03-18T00:00:00Z,996.71000000,1022.80000000,864.01000000,900.00000000,2442.47973972
2017-03-19T00:00:00Z,898.72000000,995.17000000,898.28000000,946.78000000,1427.40289650
2017-03-20T00:00:00Z,948.35000000,980.93000000,935.44000000,971.87000000,1126.61051481
2017-03-21T00:00:00Z,970.50000000,1038.99000000,970.23000000,1028.77000000,1379.15200923
2017-03-22T00:00:00Z,1029.78000000,1029.78000000,913.70000000,959.01000000,1433.91891134
2017-03-23T00:00:00Z,959.01000000,980.51000000,944.50000000,954.97000000,850.15222612
2017-03-24T00:00:00Z,955.16000000,956.00000000,849.23000000,865.85000000,1883.16995206
2017-03-25T00:00:00Z,865.75000000,907.16000000,826.67000000,896.88000000,1375.54033229
2017-03-26T00:00:00Z,897.86000000,925.00000000,874.08000000,893.66000000,1055.35144806
2017-03-27T00:00:00Z,893.66000000,964.00000000,885.37000000,962.04000000,1072.83292549
2017-03-28T00:00:00Z,962.00000000,987.86000000,940.00000000,971.21000000,1029.17702845
2017-03-29T00:00:00Z,970.73000000,979.97000000,932.19000000,968.92000000,856.43680825
2017-03-30T00:00:00Z,970.46000000,980.00000000,951.05000000,975.15000000,851.72776847
2017-03-31T00:00:00Z,976.23000000,1023.92000000,976.23000000,1019.85000000,964.92651081
2017-04-01T00:00:00Z,1020.45000000,1045.87000000,1003.00000000,1026.26000000,574.09154653
2017-04-02T00:00:00Z,1026.50000000,1049.00000000,1015.00000000,1041.99000000,515.56017465
2017-04-03T00:00:00Z,1041.98000000,1089.00000000,1041.96000000,1080.81000000,1060.70205441
2017-04-04T00:00:00Z,1080.43000000,1088.40000000,1060.88000000,1075.91000000,972.58991620
2017-04-05T00:00:00Z,1075.92000000,1075.96000000,1047.77000000,1061.98000000,718.42154099
2017-04-06T00:00:00Z,1061.97000000,1132.39000000,1061.97000000,1125.31000000,907.45953905
2017-04-07T00:00:00Z,1124.34000000,1133.79000000,1105.00000000,1125.99000000,657.10008409
2017-04-08T00:00:00Z,1125.99000000,1130.00000000,1110.41000000,1118.92000000,374.81275573
2017-04-09T00:00:00Z,1118.93000000,1147.98000000,1111.01000000,1142.83000000,379.38795091
2017-04-10T00:00:00Z,1142.73000000,1150.00000000,1135.01000000,1141.84000000,534.04384082
2017-04-11T00:00:00Z,1141.67000000,1160.71000000,1136.00000000,1157.60000000,567.61685852
2017-04-12T00:00:00Z,1157.57000000,1157.64000000,1140.00000000,1143.09000000,646.30277365
2017-04-13T00:00:00Z,1142.07000000,1143.64000000,1076.30000000,1108.47000000,784.24064678
2017-04-14T00:00:00Z,1109.16000000,1127.00000000,1094.07000000,1110.30000000,343.33363142
2017-04-15T00:00:00Z,1110.22000000,1151.65000000,1069.38000000,1108.21000000,161.50474847
2017-04-16T00:00:00Z,1108.23000000,1123.39000000,1106.90000000,1115.95000000,222.27163255
2017-04-17T00:00:00Z,1115.66000000,1127.87000000,1108.20000000,1120.89000000,312.51027569
2017-04-18T00:00:00Z,1120.20000000,1137.11000000,1119.19000000,1124.75000000,617.46478294
2017-04-19T00:00:00Z,1124.75000000,1132.00000000,1116.21000000,1132.00000000,648.49112600
2017-04-20T00:00:00Z,1132.00000000,1161.83000000,1130.10000000,1150.94000000,815.20973658
2017-04-21T00:00:00Z,1150.94000000,1172.44000000,1150.93000000,1163.79000000,644.40207767
2017-04-22T00:00:00Z,1161.45000000,1164.30000000,1147.23000000,1158.39000000,377.04846676
2017-04-23T00:00:00Z,1158.22000000,1164.00000000,1150.89000000,1155.06000000,511.75880259
2017-04-24T00:00:00Z,1155.05000000,1165.00000000,1148.07000000,1163.82000000,599.73913627
2017-04-25T00:00:00Z,1164.71000000,1178.99000000,1160.00000000,1174.28000000,713.20425660
2017-04-26T00:00:00Z,1174.22000000,1211.16000000,1172.63000000,1188.69000000,826.31274011
2017-04-27T00:00:00Z,1189.80000000,1244.76000000,1179.49000000,1238.12000000,1135.27855224
2017-04-28T00:00:00Z,1235.73000000,1259.99000000,1197.62000000,1233.38000000,1419.49707690
2017-04-29T00:00:00Z,1236.73000000,1248.00000000,1224.20000000,1243.34000000,762.96975379
2017-04-30T00:00:00Z,1243.90000000,1267.14000000,1206.83000000,1263.05000000,629.35644371
2017-05-01T00:00:00Z,1263.04000000,1334.99000000,1262.54000000,1318.26000000,1320.95789785
2017-05-02T00:00:00Z,1316.19000000,1368.08000000,1313.23000000,1338.66000000,1442.46636285
2017-05-03T00:00:00Z,1338.65000000,1400.00000000,1331.71000000,1397.33000000,1282.97482017
2017-05-04T00:00:00Z,1397.34000000,1514.36000000,1343.66000000,1412.28000000,2753.55754020
2017-05-05T00:00:00Z,1413.56000000,1495.00000000,1381.89000000,1421.51000000,1796.93188517
2017-05-06T00:00:00Z,1419.97000000,1445.00000000,1414.05000000,1437.99000000,1050.58092348
2017-05-07T00:00:00Z,1438.00000000,1458.09000000,1421.47000000,1457.94000000,1082.51816179
2017-05-08T00:00:00Z,1457.91000000,1559.50000000,1454.06000000,1559.50000000,1593.41781695
2017-05-09T00:00:00Z,1559.50000000,1648.00000000,1531.23000000,1581.91000000,2146.98406229
2017-05-10T00:00:00Z,1579.97000000,1649.97000000,1561.67000000,1644.98000000,1197.92002104
2017-05-11T00:00:00Z,1644.98000000,1742.58000000,1625.88000000,1699.59000000,1593.29530386
2017-05-12T00:00:00Z,1699.59000000,1704.75000000,1506.87000000,1559.75000000,1785.28190880
2017-05-13T00:00:00Z,1556.00000000,1647.74000000,1476.00000000,1646.00000000,1112.46840122
2017-05-14T00:00:00Z,1646.00000000,1683.67000000,1625.00000000,1654.99000000,697.40510788
2017-05-15T00:00:00Z,1654.96000000,1654.99000000,1560.00000000,1603.98000000,1167.84538536
2017-05-16T00:00:00Z,1601.13000000,1624.04000000,1549.86000000,1611.00000000,1418.94845268
2017-05-17T00:00:00Z,1611.00000000,1673.19000000,1585.98000000,1643.13000000,1369.68563129
2017-05-18T00:00:00Z,1644.46000000,1700.00000000,1620.02000000,1699.99000000,1058.44158944
2017-05-19T00:00:00Z,1700.00000000,1771.55000000,1696.76000000,1760.00000000,1284.67061224
2017-05-20T00:00:00Z,1759.41000000,1824.50000000,1755.43000000,1823.86000000,1109.29978302
2017-05-21T00:00:00Z,1824.50000000,1864.56000000,1780.33000000,1818.24000000,1182.37759176
2017-05-22T00:00:00Z,1818.24000000,2600.00000000,1780.00000000,1877.12000000,4719.12058279
2017-05-23T00:00:00Z,1884.83000000,2025.00000000,1839.99000000,2020.79000000,1951.36509649
2017-05-24T00:00:00Z,2020.79000000,2222.48000000,2020.78000000,2175.97000000,2040.05688417
2017-05-25T00:00:00Z,2175.75000000,2515.77000000,2028.97000000,2105.84000000,3889.85431356
2017-05-26T00:00:00Z,2095.42000000,2386.97000000,1827.34000000,2039.39000000,3317.34680728
2017-05-27T00:00:00Z,2034.39000000,2080.00000000,1688.73000000,1874.56000000,3190.73661054
2017-05-28T00:00:00Z,1874.73000000,2108.13000000,1874.73000000,1993.69000000,1728.53602614
2017-05-29T00:00:00Z,1993.70000000,2122.90000000,1931.00000000,2052.80000000,1765.02096418
2017-05-30T00:00:00Z,2052.80000000,2103.00000000,1892.51000000,1953.74000000,2380.85704577
2017-05-31T00:00:00Z,1953.75000000,2090.00000000,1850.00000000,2057.95000000,2859.91745084
2017-06-01T00:00:00Z,2058.96000000,2220.00000000,2056.86000000,2164.20000000,2107.91924287
2017-06-02T00:00:00Z,2164.28000000,2224.73000000,2133.53000000,2224.73000000,1238.81931991
2017-06-03T00:00:00Z,2224.73000000,2318.35000000,2190.68000000,2272.78000000,1237.42155966
2017-06-04T00:00:00Z,2272.83000000,2283.82000000,2203.30000000,2250.07000000,933.64004774
2017-06-05T00:00:00Z,2251.16000000,2400.00000000,2250.56000000,2399.99000000,1333.63449146
2017-06-06T00:00:00Z,2399.99000000,2621.93000000,2378.56000000,2573.25000000,2751.28343344
2017-06-07T00:00:00Z,2573.21000000,2581.77000000,2321.20000000,2401.39000000,2612.30686193
2017-06-08T00:00:00Z,2398.71000000,2522.85000000,2340.01000000,2504.97000000,1931.01560848
2017-06-09T00:00:00Z,2505.00000000,2574.00000000,2487.92000000,2531.48000000,1472.72301491
2017-06-10T00:00:00Z,2531.46000000,2609.00000000,2520.88000000,2601.34000000,1180.19617958
2017-06-11T00:00:00Z,2603.09000000,2670.00000000,2561.54000000,2667.50000000,1762.48751755
2017-06-12T00:00:00Z,2667.50000000,2669.99000000,2210.47000000,2382.83000000,2822.84047610
2017-06-13T00:00:00Z,2379.68000000,2495.84000000,2361.60000000,2429.40000000,2045.17177934
2017-06-14T00:00:00Z,2429.37000000,2511.30000000,2090.85000000,2183.48000000,2526.07599978
2017-06-15T00:00:00Z,2185.77000000,2246.47000000,1837.17000000,2172.50000000,4761.66564888
2017-06-16T00:00:00Z,2171.30000000,2269.00000000,2066.62000000,2229.32000000,2267.55097605
2017-06-17T00:00:00Z,2229.35000000,2393.57000000,2181.06000000,2370.00000000,954.77614493
2017-06-18T00:00:00Z,2364.84000000,2386.52000000,2208.28000000,2252.41000000,889.22240289
2017-06-19T00:00:00Z,2251.21000000,2329.13000000,2225.01000000,2329.13000000,1246.17575811
2017-06-20T00:00:00Z,2329.59000000,2521.57000000,2321.33000000,2444.18000000,1920.33341156
2017-06-21T00:00:00Z,2444.18000000,2487.38000000,2329.00000000,2367.62000000,1498.55654803
2017-06-22T00:00:00Z,2367.62000000,2450.00000000,2325.00000000,2419.75000000,1218.63158957
2017-06-23T00:00:00Z,2419.36000000,2443.69000000,2399.59000000,2425.01000000,724.13674900
2017-06-24T00:00:00Z,2425.01000000,2444.99000000,2250.00000000,2308.38000000,848.63922464
2017-06-25T00:00:00Z,2308.38000000,2349.99000000,2169.02000000,2251.29000000,804.81541509
2017-06-26T00:00:00Z,2251.03000000,2287.85000000,2005.44000000,2176.38000000,1808.74280550
2017-06-27T00:00:00Z,2170.65000000,2275.00000000,2021.33000000,2274.15000000,2092.18907839
2017-06-28T00:00:00Z,2274.92000000,2300.00000000,2178.11000000,2261.18000000,1478.91848149
2017-06-29T00:00:00Z,2261.08000000,2280.48000000,2220.96000000,2235.00000000,877.26905308
2017-06-30T00:00:00Z,2236.69000000,2250.00000000,2133.73000000,2140.10000000,1029.79783336
2017-07-01T00:00:00Z,2147.11000000,2196.66000000,2075.63000000,2128.91000000,889.00209976
2017-07-02T00:00:00Z,2124.10000000,2228.15000000,2086.79000000,2204.98000000,748.03354676
2017-07-03T00:00:00Z,2207.53000000,2274.84000000,2183.55000000,2252.42000000,1038.46058138
2017-07-04T00:00:00Z,2252.41000000,2324.99000000,2250.01000000,2295.06000000,1339.91838510
2017-07-05T00:00:00Z,2294.97000000,2320.00000000,2244.59000000,2307.37000000,964.67115061
2017-07-06T00:00:00Z,2307.37000000,2319.04000000,2280.04000000,2297.31000000,728.31666411
2017-07-07T00:00:00Z,2300.25000000,2312.31000000,2170.49000000,2203.23000000,1146.47952440
2017-07-08T00:00:00Z,2203.23000000,2250.00000000,2170.00000000,2250.00000000,577.97311854
2017-07-09T00:00:00Z,2250.00000000,2250.25000000,2221.19000000,2221.20000000,399.11836687
2017-07-10T00:00:00Z,2221.20000000,2221.46000000,1990.28000000,2066.97000000,1822.40483355
2017-07-11T00:00:00Z,2063.41000000,2134.64000000,1975.00000000,2028.79000000,1780.95274803
2017-07-12T00:00:00Z,2028.79000000,2122.14000000,1972.00000000,2103.54000000,1527.55704368
2017-07-13T00:00:00Z,2101.91000000,2125.00000000,2037.77000000,2059.04000000,1006.85456787
2017-07-14T00:00:00Z,2059.01000000,2076.65000000,1889.26000000,1947.01000000,1457.22822238
2017-07-15T00:00:00Z,1947.01000000,1951.84000000,1714.14000000,1730.00000000,1622.21483015
2017-07-16T00:00:00Z,1730.00000000,1779.99000000,1552.24000000,1657.72000000,2086.73396193
2017-07-17T00:00:00Z,1656.69000000,1945.00000000,1656.39000000,1942.42000000,2092.50068158
2017-07-18T00:00:00Z,1942.41000000,2078.95000000,1880.00000000,2006.64000000,2301.50157573
2017-07-19T00:00:00Z,2006.41000000,2090.00000000,1915.00000000,1976.45000000,1940.30083326
2017-07-20T00:00:00Z,1969.67000000,2546.72000000,1966.93000000,2464.33000000,3666.26863224
2017-07-21T00:00:00Z,2470.00000000,2479.90000000,2238.63000000,2297.98000000,1950.84642870
2017-07-22T00:00:00Z,2299.59000000,2468.85000000,2284.17000000,2424.10000000,1010.41198580
2017-07-23T00:00:00Z,2424.08000000,2447.00000000,2313.98000000,2364.54000000,906.64742378
2017-07-24T00:00:00Z,2364.99000000,2421.77000000,2351.20000000,2387.27000000,1027.53204767
2017-07-25T00:00:00Z,2388.78000000,2402.00000000,2112.12000000,2214.32000000,2149.67089505
2017-07-26T00:00:00Z,2211.25000000,2249.96000000,2103.00000000,2185.01000000,1185.72642915
2017-07-27T00:00:00Z,2188.19000000,2319.70000000,2178.37000000,2297.15000000,1177.19506021
2017-07-28T00:00:00Z,2298.17000000,2425.00000000,2276.04000000,2380.46000000,1479.78811698
2017-07-29T00:00:00Z,2380.42000000,2386.44000000,2254.87000000,2312.37000000,1069.39727340
2017-07-30T00:00:00Z,2309.00000000,2360.00000000,2208.05000000,2341.96000000,770.07015326
2017-07-31T00:00:00Z,2341.93000000,2475.00000000,2314.61000000,2427.00000000,1067.02665338
2017-08-01T00:00:00Z,2426.98000000,2499.00000000,2235.02000000,2333.41000000,1679.59325275
2017-08-02T00:00:00Z,2334.04000000,2353.55000000,2247.38000000,2291.99000000,1200.35028774
2017-08-03T00:00:00Z,2291.99000000,2375.00000000,2291.96000000,2365.71000000,871.97412298
2017-08-04T00:00:00Z,2365.71000000,2444.99000000,2344.80000000,2431.11000000,1104.94440788
2017-08-05T00:00:00Z,2432.06000000,2850.00000000,2432.06000000,2762.06000000,2335.24042978
2017-08-06T00:00:00Z,2762.07000000,2796.10000000,2675.22000000,2750.03000000,835.78550636
2017-08-07T00:00:00Z,2750.01000000,2925.65000000,2725.00000000,2902.80000000,1591.42123969
2017-08-08T00:00:00Z,2903.05000000,2982.69000000,2856.38000000,2934.00000000,2137.61594158
2017-08-09T00:00:00Z,2932.68000000,2947.75000000,2775.56000000,2867.58000000,1704.94284036
2017-08-10T00:00:00Z,2865.63000000,5000.00000000,2840.42000000,2948.31000000,1618.06001398
2017-08-11T00:00:00Z,2949.78000000,3177.08000000,2933.45000000,3112.53000000,1893.71781966
2017-08-12T00:00:00Z,3112.53000000,3386.93000000,3080.00000000,3304.14000000,1977.15517208
2017-08-13T00:00:00Z,3304.14000000,3582.22000000,3226.79000000,3453.95000000,2135.49442454
2017-08-14T00:00:00Z,3453.77000000,3700.00000000,3387.00000000,3678.36000000,2835.46073163
2017-08-15T00:00:00Z,3678.37000000,3793.28000000,3248.52000000,3566.81000000,4123.54399860
2017-08-16T00:00:00Z,3569.68000000,3746.99000000,3365.92000000,3726.75000000,2131.72653708
2017-08-17T00:00:00Z,3714.99000000,3865.12000000,3601.01000000,3682.39000000,2581.40985670
2017-08-18T00:00:00Z,3682.15000000,3738.23000000,3410.01000000,3517.59000000,2272.49439269
2017-08-19T00:00:00Z,3517.56000000,3587.83000000,3425.61000000,3565.35000000,1080.08434421
2017-08-20T00:00:00Z,3563.79000000,3573.93000000,3474.06000000,3475.15000000,846.41075309
2017-08-21T00:00:00Z,3475.15000000,3505.62000000,3371.10000000,3403.00000000,2008.98483636
2017-08-22T00:00:00Z,3403.00000000,3553.50000000,3050.00000000,3495.25000000,2505.77749150
2017-08-23T00:00:00Z,3498.84000000,3650.00000000,3436.18000000,3526.86000000,1677.16016454
2017-08-24T00:00:00Z,3534.48000000,3699.00000000,3515.01000000,3677.68000000,1069.99472951
2017-08-25T00:00:00Z,3677.67000000,3778.10000000,3615.00000000,3688.09000000,1397.32318049
2017-08-26T00:00:00Z,3688.55000000,3696.73000000,3603.42000000,3671.66000000,548.84831666
2017-08-27T00:00:00Z,3671.66000000,3696.82000000,3640.26000000,3658.04000000,611.88256438
2017-08-28T00:00:00Z,3658.03000000,3670.00000000,3552.00000000,3669.97000000,1215.48886684
2017-08-29T00:00:00Z,3669.98000000,3943.90000000,3620.00000000,3860.19000000,1914.11395329
2017-08-30T00:00:00Z,3858.58000000,3897.48000000,3793.75000000,3865.43000000,1584.84136241
2017-08-31T00:00:00Z,3865.43000000,4027.71000000,3863.51000000,4017.40000000,1865.45544156
2017-09-01T00:00:00Z,4017.40000000,4173.97000000,3928.12000000,4169.98000000,2149.84890675
2017-09-02T00:00:00Z,4169.99000000,4185.00000000,3812.01000000,3907.91000000,1887.51451134
2017-09-03T00:00:00Z,3907.88000000,4024.47000000,3850.04000000,3925.54000000,990.15530914
2017-09-04T00:00:00Z,3925.51000000,3928.27000000,3549.74000000,3761.02000000,3487.25937879
2017-09-05T00:00:00Z,3761.01000000,3814.22000000,3596.11000000,3745.54000000,1949.26925385
2017-09-06T00:00:00Z,3745.54000000,3953.90000000,3745.54000000,3903.21000000,3137.44358338
2017-09-07T00:00:00Z,3903.21000000,3922.00000000,3787.00000000,3876.84000000,1611.72753741
2017-09-08T00:00:00Z,3876.54000000,3914.74000000,3450.00000000,3644.85000000,2631.22346014
2017-09-09T00:00:00Z,3648.53000000,3725.00000000,3505.00000000,3628.50000000,884.80853476
2017-09-10T00:00:00Z,3628.50000000,3647.30000000,3443.01000000,3555.15000000,1012.38055520
2017-09-11T00:00:00Z,3559.39000000,3625.00000000,3450.00000000,3550.96000000,990.25407533
2017-09-12T00:00:00Z,3550.96000000,3675.00000000,3420.00000000,3501.55000000,1998.90721444
2017-09-13T00:00:00Z,3501.00000000,3518.41000000,3121.17000000,3273.75000000,3262.47810203
2017-09-14T00:00:00Z,3269.05000000,3315.27000000,2723.00000000,2723.02000000,4784.28470413
2017-09-15T00:00:00Z,2723.02000000,3265.36000000,2467.29000000,3148.00000000,7603.51807437
2017-09-16T00:00:00Z,3148.00000000,3385.08000000,3033.07000000,3138.50000000,2755.45416239
2017-09-17T00:00:00Z,3138.50000000,3226.99000000,2922.58000000,3141.17000000,1584.39163781
2017-09-18T00:00:00Z,3142.14000000,3467.00000000,3142.06000000,3444.26000000,2838.16238153
2017-09-19T00:00:00Z,3444.18000000,3456.96000000,3237.00000000,3289.50000000,1749.10700993
2017-09-20T00:00:00Z,3285.69000000,3369.00000000,3217.46000000,3290.74000000,944.85997821
2017-09-21T00:00:00Z,3288.79000000,3309.91000000,3020.00000000,3051.68000000,2204.12199202
2017-09-22T00:00:00Z,3051.68000000,3166.40000000,2933.75000000,3097.93000000,1636.51789520
2017-09-23T00:00:00Z,3097.66000000,3295.01000000,3060.00000000,3199.98000000,995.41125514
2017-09-24T00:00:00Z,3199.98000000,3200.00000000,3100.00000000,3107.03000000,629.66854752
2017-09-25T00:00:00Z,3107.03000000,3373.99000000,3107.03000000,3320.87000000,1316.99908635
2017-09-26T00:00:00Z,3322.72000000,3390.00000000,3300.00000000,3300.00000000,1147.04182627
2017-09-27T00:00:00Z,3299.01000000,3648.00000000,3293.38000000,3594.86000000,2061.53355909
2017-09-28T00:00:00Z,3594.75000000,3680.00000000,3500.00000000,3568.44000000,1547.71273557
2017-09-29T00:00:00Z,3568.03000000,3617.43000000,3400.00000000,3545.59000000,1362.69793363
2017-09-30T00:00:00Z,3545.58000000,3725.00000000,3540.00000000,3675.29000000,955.54564701
2017-10-01T00:00:00Z,3675.29000000,3714.99000000,3640.92000000,3711.63000000,659.98796763
2017-10-02T00:00:00Z,3711.62000000,3859.00000000,3700.18000000,3809.82000000,1602.13165531
2017-10-03T00:00:00Z,3809.84000000,3814.99000000,3631.00000000,3713.93000000,1476.07048659
2017-10-04T00:00:00Z,3713.92000000,3764.73000000,3565.85000000,3622.90000000,1240.82352090
2017-10-05T00:00:00Z,3622.85000000,3738.00000000,3565.85000000,3694.01000000,1017.72577219
2017-10-06T00:00:00Z,3694.01000000,3779.98000000,3694.00000000,3724.81000000,861.26942369
2017-10-07T00:00:00Z,3724.81000000,3769.00000000,3705.00000000,3755.00000000,454.93183904
2017-10-08T00:00:00Z,3754.99000000,3899.00000000,3740.51000000,3893.03000000,1025.01164690
2017-10-09T00:00:00Z,3893.03000000,4147.99000000,3864.00000000,4082.30000000,2271.52324293
2017-10-10T00:00:00Z,4082.31000000,4168.50000000,4006.03000000,4045.17000000,1776.69423963
2017-10-11T00:00:00Z,4045.16000000,4127.29000000,4002.70000000,4087.09000000,1188.46945933
2017-10-12T00:00:00Z,4087.09000000,4570.00000000,4082.12000000,4570.00000000,3079.19916584
2017-10-13T00:00:00Z,4570.00000000,4950.00000000,4463.00000000,4774.00000000,3845.45305244
2017-10-14T00:00:00Z,4773.42000000,4912.25000000,4701.01000000,4899.00000000,1060.34509485
2017-10-15T00:00:00Z,4899.00000000,4908.99000000,4607.81000000,4791.59000000,1562.53197809
2017-10-16T00:00:00Z,4791.59000000,4888.00000000,4702.33000000,4885.99000000,1537.21618931
2017-10-17T00:00:00Z,4885.99000000,4898.00000000,4752.50000000,4800.50000000,1482.48377574
2017-10-18T00:00:00Z,4800.46000000,4805.44000000,4351.00000000,4775.96000000,2988.36326331
2017-10-19T00:00:00Z,4775.96000000,4851.00000000,4730.01000000,4822.37000000,1337.50769776
2017-10-20T00:00:00Z,4822.37000000,5199.00000000,4796.95000000,5074.22000000,2431.46198500
2017-10-21T00:00:00Z,5074.22000000,5318.00000000,5013.00000000,5148.85000000,1858.38737886
2017-10-22T00:00:00Z,5148.85000000,5190.15000000,4908.17000000,5096.87000000,1647.52888382
2017-10-23T00:00:00Z,5096.85000000,5174.90000000,4860.28000000,5030.69000000,2081.63659010
2017-10-24T00:00:00Z,5030.69000000,5030.69000000,4690.02000000,4771.32000000,2561.54833548
2017-10-25T00:00:00Z,4771.34000000,4947.00000000,4650.00000000,4929.01000000,1942.43767619
2017-10-26T00:00:00Z,4929.01000000,5164.49000000,4899.29000000,5073.29000000,1817.91587162
2017-10-27T00:00:00Z,5073.29000000,5147.03000000,4980.50000000,5029.99000000,1432.50297888
2017-10-28T00:00:00Z,5030.00000000,5085.00000000,4955.00000000,5007.34000000,600.98861013
2017-10-29T00:00:00Z,5007.34000000,5398.95000000,4980.32000000,5275.01000000,1990.53216418
2017-10-30T00:00:00Z,5275.00000000,5355.00000000,5241.00000000,5305.70000000,1484.78588540
2017-10-31T00:00:00Z,5305.06000000,5619.69000000,5282.00000000,5583.23000000,2367.69864503
2017-11-01T00:00:00Z,5601.50000000,5935.00000000,5540.00000000,5935.00000000,3251.05972571
2017-11-02T00:00:00Z,5935.75000000,6483.06000000,5703.00000000,6112.36000000,6417.94717341
2017-11-03T00:00:00Z,6112.36000000,6495.50000000,6070.00000000,6291.44000000,3780.34173877
2017-11-04T00:00:00Z,6290.77000000,6468.90000000,6135.91000000,6419.44000000,1643.32711668
2017-11-05T00:00:00Z,6418.67000000,6682.01000000,6380.00000000,6487.98000000,2093.69701300
2017-11-06T00:00:00Z,6486.30000000,6524.18000000,6006.00000000,6060.00000000,4550.75683180
2017-11-07T00:00:00Z,6060.00000000,6343.00000000,6060.00000000,6220.41000000,2002.93260452
2017-11-08T00:00:00Z,6220.42000000,6800.00000000,6100.00000000,6487.07000000,6240.95900614
2017-11-09T00:00:00Z,6487.03000000,6489.00000000,6180.00000000,6207.56000000,3131.57138592
2017-11-10T00:00:00Z,6207.56000000,6300.00000000,5510.00000000,5687.57000000,6643.18624174
2017-11-11T00:00:00Z,5687.57000000,5916.21000000,5317.43000000,5490.01000000,4061.40370873
2017-11-12T00:00:00Z,5490.01000000,5650.23000000,4695.00000000,5098.98000000,7075.56203309
2017-11-13T00:00:00Z,5098.75000000,5998.97000000,5058.18000000,5686.99000000,6666.44862555
2017-11-14T00:00:00Z,5686.99000000,5800.00000000,5610.01000000,5688.80000000,2056.32588229
2017-11-15T00:00:00Z,5688.80000000,6287.99000000,5688.79000000,6275.00000000,5024.08719745
2017-11-16T00:00:00Z,6275.00000000,6775.00000000,6156.00000000,6652.20000000,4439.34705162
2017-11-17T00:00:00Z,6652.21000000,6793.00000000,6423.12000000,6592.31000000,3603.29757171
2017-11-18T00:00:00Z,6592.31000000,6675.00000000,6451.01000000,6617.00000000,1341.55815464
2017-11-19T00:00:00Z,6617.00000000,6850.01000000,6570.22000000,6818.01000000,2051.05080594
2017-11-20T00:00:00Z,6818.00000000,7106.43000000,6771.00000000,7080.00000000,3003.42328963
2017-11-21T00:00:00Z,7080.00000000,7195.00000000,6750.00000000,7021.22000000,3813.26675018
2017-11-22T00:00:00Z,7020.07000000,7176.55000000,7001.56000000,7070.12000000,2105.73659766
2017-11-23T00:00:00Z,7070.11000000,7080.00000000,6868.00000000,6868.00000000,2433.66423947
2017-11-24T00:00:00Z,6868.00000000,7100.51000000,6800.04000000,6965.98000000,2088.19460767
2017-11-25T00:00:00Z,6965.98000000,7339.49000000,6950.55000000,7339.49000000,1927.25176995
2017-11-26T00:00:00Z,7339.48000000,8059.00000000,7339.48000000,7799.48000000,4178.26585995
2017-11-27T00:00:00Z,7799.48000000,8198.99000000,7799.48000000,8174.08000000,4090.80700449
2017-11-28T00:00:00Z,8174.08000000,8398.00000000,8140.00000000,8344.97000000,2808.67126292
2017-11-29T00:00:00Z,8344.97000000,9693.99000000,7050.00000000,8608.01000000,12765.40750788
2017-11-30T00:00:00Z,8608.01000000,9400.00000000,8002.00000000,8964.31000000,8870.15408684
2017-12-01T00:00:00Z,8964.31000000,9325.00000000,8405.13000000,9275.00000000,4914.44824088
2017-12-02T00:00:00Z,9274.99000000,9679.00000000,9180.00000000,9480.04000000,2831.71725771
2017-12-03T00:00:00Z,9480.04000000,9951.00000000,9300.00000000,9701.13000000,4887.08988184
2017-12-04T00:00:00Z,9701.13000000,9935.00000000,9680.00000000,9934.99000000,2841.16050755
2017-12-05T00:00:00Z,9934.99000000,10130.00000000,9899.99000000,10096.01000000,2751.96068742
2017-12-06T00:00:00Z,10096.01000000,12700.00000000,10090.00000000,12461.05000000,8984.42498123
2017-12-07T00:00:00Z,12461.06000000,14890.00000000,11750.00000000,14500.00000000,13030.72863592
2017-12-08T00:00:00Z,14500.00000000,14995.00000000,12500.00000000,13701.15000000,10708.42703345
2017-12-09T00:00:00Z,13701.14000000,13777.98000000,11110.00000000,12926.20000000,8383.72556739
2017-12-10T00:00:00Z,12926.18000000,13600.00000000,11500.00000000,13040.65000000,7892.89475724
2017-12-11T00:00:00Z,13040.65000000,14495.00000000,13040.51000000,13919.51000000,5131.25863152
2017-12-12T00:00:00Z,13917.99000000,14840.62000000,13703.11000000,14649.53000000,6627.35045658
2017-12-13T00:00:00Z,14649.99000000,14730.00000000,13057.01000000,13990.99000000,5471.24071866
2017-12-14T00:00:00Z,13990.99000000,14440.52000000,13601.00000000,14123.00000000,2812.90935420
2017-12-15T00:00:00Z,14122.99000000,15298.19000000,14122.95000000,15119.98000000,4389.84034096
2017-12-16T00:00:00Z,15119.98000000,16979.00000000,14989.90000000,16736.00000000,4235.82291440
2017-12-17T00:00:00Z,16736.00000000,16970.00000000,16061.00000000,16381.84000000,3638.21518180
2017-12-18T00:00:00Z,16381.85000000,16435.00000000,15505.18000000,16184.79000000,3900.49047247
2017-12-19T00:00:00Z,16184.78000000,16249.00000000,14500.99000000,15322.91000000,5452.33229938
2017-12-20T00:00:00Z,15322.91000000,15500.00000000,12630.11000000,14167.86000000,9839.49400073
2017-12-21T00:00:00Z,14167.86000000,15056.27000000,12644.60000000,13443.99000000,6163.61706348
2017-12-22T00:00:00Z,13440.61000000,13599.63000000,8500.00000000,12703.79000000,22264.76314139
2017-12-23T00:00:00Z,12702.35000000,14465.33000000,12150.03000000,13247.66000000,6207.11905041
2017-12-24T00:00:00Z,13247.61000000,13249.00000000,11121.00000000,12507.68000000,5281.50586544
2017-12-25T00:00:00Z,12525.66000000,13114.99000000,12000.01000000,12306.01000000,2616.10954602
2017-12-26T00:00:00Z,12306.01000000,13980.00000000,12114.00000000,13554.99000000,3753.45028887
2017-12-27T00:00:00Z,13555.00000000,13981.00000000,12901.80000000,13533.11000000,4116.03948419
2017-12-28T00:00:00Z,13533.11000000,13590.00000000,12350.00000000,12699.00000000,4116.96303634
2017-12-29T00:00:00Z,12699.00000000,13099.00000000,12574.50000000,12880.80000000,2641.50860823
2017-12-30T00:00:00Z,12880.79000000,12919.99000000,10550.00000000,11105.99000000,3764.78107871
2017-12-31T00:00:00Z,11105.99000000,12495.99000000,10909.26000000,12139.01000000,2700.38114583
2018-01-01T00:00:00Z,12139.01000000,12141.00000000,11351.00000000,11799.98000000,1923.35129295
2018-01-02T00:00:00Z,11799.98000000,13100.00000000,11280.00000000,12545.01000000,4707.00437392
2018-01-03T00:00:00Z,12545.01000000,13198.00000000,12493.59000000,13065.62000000,3506.50485117
2018-01-04T00:00:00Z,13065.05000000,13125.00000000,12512.00000000,12940.00000000,3391.64970247
2018-01-05T00:00:00Z,12940.00000000,14450.00000000,12624.86000000,14300.00000000,4376.08991819
2018-01-06T00:00:00Z,14299.99000000,14333.87000000,13659.00000000,14229.99000000,2234.37231516
2018-01-07T00:00:00Z,14230.00000000,14240.00000000,13160.01000000,13358.06000000,2265.05185786
2018-01-08T00:00:00Z,13360.31000000,13374.64000000,11888.00000000,12769.00000000,4870.54469513
2018-01-09T00:00:00Z,12769.00000000,12883.00000000,12100.00000000,12276.25000000,3254.23941198
2018-01-10T00:00:00Z,12276.25000000,12465.20000000,11471.18000000,12465.19000000,4831.14998556
2018-01-11T00:00:00Z,12465.20000000,12500.00000000,11011.00000000,11199.98000000,4917.04493846
2018-01-12T00:00:00Z,11199.99000000,11750.00000000,10800.00000000,11581.03000000,2659.61685947
2018-01-13T00:00:00Z,11581.03000000,12048.98000000,11571.87000000,11745.48000000,1838.61060118
2018-01-14T00:00:00Z,11745.48000000,11895.27000000,11000.00000000,11323.88000000,1913.75523616
2018-01-15T00:00:00Z,11323.87000000,11845.00000000,11150.00000000,11301.80000000,2563.40191586
2018-01-16T00:00:00Z,11301.80000000,11321.60000000,7909.57000000,9510.25000000,13011.23652616
2018-01-17T00:00:00Z,9510.26000000,10210.00000000,7221.00000000,9262.00000000,15646.92609244
2018-01-18T00:00:00Z,9262.00000000,10514.82000000,8860.00000000,9562.28000000,6824.13771626
2018-01-19T00:00:00Z,9556.12000000,10057.14000000,9265.00000000,9690.00000000,2787.08594037
2018-01-20T00:00:00Z,9690.00000000,10697.95000000,9619.87000000,10585.60000000,3105.96697739
2018-01-21T00:00:00Z,10585.60000000,10585.61000000,9250.00000000,9542.49000000,3167.72339501
2018-01-22T00:00:00Z,9542.49000000,9870.00000000,8345.01000000,8941.88000000,4979.71801672
2018-01-23T00:00:00Z,8955.07000000,9350.00000000,8111.00000000,8831.86000000,4124.50784422
2018-01-24T00:00:00Z,8831.86000000,9299.56000000,8650.00000000,9193.50000000,2416.35958670
2018-01-25T00:00:00Z,9193.52000000,9351.00000000,8880.00000000,9030.51000000,2161.25253285
2018-01-26T00:00:00Z,9030.51000000,9294.00000000,8456.01000000,8967.35000000,3507.01880877
2018-01-27T00:00:00Z,8967.36000000,9241.35000000,8810.57000000,9137.41000000,1938.93339262
2018-01-28T00:00:00Z,9137.42000000,9495.00000000,9113.54000000,9360.01000000,1682.04380844
2018-01-29T00:00:00Z,9360.01000000,9393.23000000,8900.00000000,9009.92000000,1941.39674129
2018-01-30T00:00:00Z,9009.92000000,9015.00000000,7905.52000000,8105.18000000,4971.89374762
2018-01-31T00:00:00Z,8102.86000000,8320.56000000,7800.00000000,8130.30000000,2987.49399517
2018-02-01T00:00:00Z,8130.31000000,8149.00000000,6666.00000000,7145.82000000,8162.00775579
2018-02-02T00:00:00Z,7145.82000000,7450.00000000,5770.00000000,7125.15000000,12900.89317055
2018-02-03T00:00:00Z,7125.14000000,7687.05000000,6551.00000000,7399.93000000,3885.15370643
2018-02-04T00:00:00Z,7399.93000000,7530.00000000,6257.00000000,6541.83000000,4399.56632115
2018-02-05T00:00:00Z,6525.79000000,6666.00000000,5086.52000000,5468.77000000,12666.21379435
2018-02-06T00:00:00Z,5468.68000000,6500.00000000,4680.00000000,6230.01000000,17511.27461088
2018-02-07T00:00:00Z,6230.01000000,7148.99000000,5822.66000000,6167.28000000,9265.21768765
2018-02-08T00:00:00Z,6167.28000000,7124.21000000,6167.28000000,6768.09000000,5306.78203659
2018-02-09T00:00:00Z,6768.10000000,7150.00000000,6400.00000000,7087.76000000,4311.18079332
2018-02-10T00:00:00Z,7087.76000000,7442.85000000,6700.00000000,7020.00000000,4067.56491447
2018-02-11T00:00:00Z,7020.00000000,7020.00000000,6430.00000000,6629.98000000,3023.54670043
2018-02-12T00:00:00Z,6626.38000000,7290.00000000,6612.00000000,7202.59000000,3100.89404468
2018-02-13T00:00:00Z,7208.49000000,7250.00000000,6824.01000000,6955.09000000,2590.42695210
2018-02-14T00:00:00Z,6952.01000000,7687.09000000,6900.50000000,7661.21000000,4347.74582323
2018-02-15T00:00:00Z,7661.21000000,8276.00000000,7559.00000000,8107.93000000,6281.88800754
2018-02-16T00:00:00Z,8103.81000000,8236.00000000,7851.00000000,8216.09000000,2817.37370908
2018-02-17T00:00:00Z,8216.10000000,9074.00000000,8138.10000000,9014.00000000,3498.47344212
2018-02-18T00:00:00Z,9014.00000000,9199.00000000,8196.57000000,8442.07000000,4353.79661331
2018-02-19T00:00:00Z,8442.06000000,9092.00000000,8403.13000000,9030.85000000,3279.00541241
2018-02-20T00:00:00Z,9036.97000000,9573.79000000,9025.00000000,9150.60000000,5422.45717182
2018-02-21T00:00:00Z,9150.60000000,9221.45000000,8300.00000000,8520.68000000,5768.87987632
2018-02-22T00:00:00Z,8520.68000000,8950.00000000,7855.02000000,7974.03000000,5231.44971122
2018-02-23T00:00:00Z,7974.03000000,8540.00000000,7777.00000000,8292.05000000,3622.94584245
2018-02-24T00:00:00Z,8292.04000000,8510.00000000,7636.00000000,7909.00000000,2742.68784873
2018-02-25T00:00:00Z,7909.00000000,8050.00000000,7601.00000000,7819.00000000,1888.95166280
2018-02-26T00:00:00Z,7819.00000000,8499.00000000,7661.00000000,8379.99000000,3736.73355027
2018-02-27T00:00:00Z,8380.00000000,8835.68000000,8211.63000000,8611.00000000,3154.78357285
2018-02-28T00:00:00Z,8611.08000000,9041.13000000,8420.48000000,8469.99000000,2952.04964997
2018-03-01T00:00:00Z,8470.00000000,8977.00000000,8412.47000000,8885.01000000,2375.45263630
2018-03-02T00:00:00Z,8885.01000000,9054.00000000,8765.16000000,8935.99000000,2147.15374601
2018-03-03T00:00:00Z,8936.00000000,9298.99000000,8934.00000000,9219.01000000,2269.69632218
2018-03-04T00:00:00Z,9219.01000000,9287.00000000,8975.00000000,9279.97000000,1652.05509528
2018-03-05T00:00:00Z,9279.97000000,9399.00000000,9206.75000000,9300.00000000,1703.47191734
2018-03-06T00:00:00Z,9300.00000000,9300.00000000,8545.00000000,8660.01000000,4120.52546787
2018-03-07T00:00:00Z,8660.01000000,8773.00000000,7605.06000000,8024.21000000,6536.92944524
2018-03-08T00:00:00Z,8024.20000000,8206.59000000,7345.72000000,7534.50000000,4655.55305982
2018-03-09T00:00:00Z,7534.49000000,7628.09000000,6770.00000000,7539.60000000,6648.74276411
2018-03-10T00:00:00Z,7538.78000000,7772.60000000,7077.58000000,7131.99000000,3039.49935355
2018-03-11T00:00:00Z,7131.99000000,7945.00000000,6926.00000000,7737.21000000,3618.12289239
2018-03-12T00:00:00Z,7746.75000000,8087.00000000,7120.00000000,7407.08000000,4048.48505931
2018-03-13T00:00:00Z,7405.56000000,7686.00000000,7200.00000000,7390.01000000,2572.67653608
2018-03-14T00:00:00Z,7390.01000000,7539.00000000,6408.36000000,6636.75000000,5160.52979601
2018-03-15T00:00:00Z,6636.76000000,6850.00000000,6200.00000000,6726.42000000,4466.43620319
2018-03-16T00:00:00Z,6726.42000000,7050.00000000,6468.00000000,6728.00000000,2569.26886144
2018-03-17T00:00:00Z,6728.00000000,6806.42000000,6280.00000000,6395.99000000,2372.14616013
2018-03-18T00:00:00Z,6395.99000000,6799.00000000,5930.00000000,6688.12000000,5328.52087571
2018-03-19T00:00:00Z,6675.96000000,7110.00000000,6600.08000000,6955.38000000,4503.67756023
2018-03-20T00:00:00Z,6955.37000000,7430.00000000,6720.00000000,7290.00000000,3681.48002712
2018-03-21T00:00:00Z,7289.99000000,7479.00000000,7121.00000000,7216.46000000,2905.22733977
2018-03-22T00:00:00Z,7216.46000000,7340.90000000,6885.40000000,7066.82000000,2481.68358631
2018-03-23T00:00:00Z,7066.82000000,7200.00000000,6732.98000000,7200.00000000,2299.26962766
2018-03-24T00:00:00Z,7200.00000000,7267.91000000,6907.01000000,6929.01000000,1806.45900590
2018-03-25T00:00:00Z,6929.00000000,7061.75000000,6836.21000000,6873.12000000,1361.15404155
2018-03-26T00:00:00Z,6871.12000000,6916.54000000,6322.00000000,6547.53000000,3156.35946024
2018-03-27T00:00:00Z,6546.99000000,6612.45000000,6255.00000000,6305.03000000,2439.70431056
2018-03-28T00:00:00Z,6305.03000000,6550.00000000,6270.00000000,6450.00000000,1725.31111287
2018-03-29T00:00:00Z,6450.00000000,6465.73000000,5610.65000000,5749.11000000,5264.73803446
2018-03-30T00:00:00Z,5749.10000000,5928.09000000,5350.00000000,5551.61000000,4801.91267726
2018-03-31T00:00:00Z,5551.61000000,5870.00000000,5364.03000000,5637.34000000,2391.43118564
2018-04-01T00:00:00Z,5637.28000000,5718.73000000,5240.00000000,5519.99000000,3435.55801136
2018-04-02T00:00:00Z,5520.00000000,5798.49000000,5496.00000000,5741.99000000,1724.11543831
2018-04-03T00:00:00Z,5741.99000000,6184.94000000,5703.74000000,6060.02000000,3323.47949289
2018-04-04T00:00:00Z,6060.00000000,6064.40000000,5450.00000000,5535.34000000,3038.70732823
2018-04-05T00:00:00Z,5535.34000000,5670.99000000,5371.27000000,5526.89000000,2299.96219413
2018-04-06T00:00:00Z,5527.84000000,5592.96000000,5336.00000000,5401.76000000,1517.24134466
2018-04-07T00:00:00Z,5401.77000000,5749.00000000,5395.92000000,5596.00000000,1316.25860188
2018-04-08T00:00:00Z,5595.99000000,5795.00000000,5595.99000000,5737.47000000,959.51136757
2018-04-09T00:00:00Z,5737.47000000,5862.37000000,5400.42000000,5516.55000000,2197.75465528
2018-04-10T00:00:00Z,5516.55000000,5579.28000000,5439.03000000,5538.59000000,1342.55563707
2018-04-11T00:00:00Z,5538.59000000,5650.00000000,5522.19000000,5625.53000000,1006.93432137
2018-04-12T00:00:00Z,5625.53000000,6568.02000000,5481.00000000,6433.42000000,5278.77234961
2018-04-13T00:00:00Z,6433.42000000,6709.27000000,6300.00000000,6370.00000000,3545.56942007
2018-04-14T00:00:00Z,6385.02000000,6603.00000000,6354.48000000,6512.99000000,1179.60130105
2018-04-15T00:00:00Z,6513.00000000,6838.35000000,6512.99000000,6780.06000000,1821.95071611
2018-04-16T00:00:00Z,6780.05000000,6818.59000000,6400.00000000,6514.99000000,2125.10966428
2018-04-17T00:00:00Z,6515.00000000,6619.80000000,6340.70000000,6397.24000000,1692.39746523
2018-04-18T00:00:00Z,6397.24000000,6681.04000000,6383.52000000,6607.49000000,1629.13904237
2018-04-19T00:00:00Z,6607.49000000,6738.81000000,6550.00000000,6717.01000000,1721.54067328
2018-04-20T00:00:00Z,6717.02000000,7299.00000000,6685.00000000,7249.49000000,2979.36256866
2018-04-21T00:00:00Z,7249.50000000,7397.45000000,7003.18000000,7246.46000000,1968.97854954
2018-04-22T00:00:00Z,7246.46000000,7350.87000000,7121.00000000,7175.00000000,1445.01471699
2018-04-23T00:00:00Z,7174.99000000,7347.00000000,7150.00000000,7314.52000000,1588.07871981
2018-04-24T00:00:00Z,7314.53000000,7995.00000000,7314.52000000,7930.35000000,3537.90049179
2018-04-25T00:00:00Z,7926.38000000,7972.78000000,7180.37000000,7291.02000000,5947.17755782
2018-04-26T00:00:00Z,7291.00000000,7694.00000000,7120.37000000,7661.00000000,2985.81478447
2018-04-27T00:00:00Z,7660.01000000,7777.00000000,7360.00000000,7372.35000000,2097.63827682
2018-04-28T00:00:00Z,7372.34000000,7745.25000000,7340.00000000,7695.00000000,1054.88739153
2018-04-29T00:00:00Z,7694.99000000,7800.00000000,7589.33000000,7752.88000000,985.85121968
2018-04-30T00:00:00Z,7752.89000000,7777.77000000,7554.57000000,7654.02000000,1379.34102142
2018-05-01T00:00:00Z,7654.02000000,7659.00000000,7339.00000000,7540.98000000,1486.17220600
2018-05-02T00:00:00Z,7540.98000000,7717.00000000,7483.81000000,7693.75000000,1451.47115981
2018-05-03T00:00:00Z,7693.74000000,8149.99000000,7640.05000000,8099.28000000,2479.04248157
2018-05-04T00:00:00Z,8099.28000000,8166.00000000,7858.70000000,8108.95000000,1964.55148962
2018-05-05T00:00:00Z,8101.00000000,8321.00000000,8077.57000000,8210.00000000,1347.42642057
2018-05-06T00:00:00Z,8210.00000000,8275.00000000,7899.00000000,8015.01000000,1267.13113469
2018-05-07T00:00:00Z,8015.01000000,8035.58000000,7700.00000000,7856.95000000,1828.20200562
2018-05-08T00:00:00Z,7856.95000000,7942.00000000,7651.05000000,7743.40000000,1416.97022539
2018-05-09T00:00:00Z,7741.93000000,7900.00000000,7580.00000000,7847.53000000,1358.30332534
2018-05-10T00:00:00Z,7847.53000000,7920.00000000,7560.64000000,7587.65000000,1211.80036825
2018-05-11T00:00:00Z,7585.03000000,7589.31000000,7014.50000000,7055.02000000,2802.41677566
2018-05-12T00:00:00Z,7055.02000000,7298.14000000,6873.00000000,7092.00000000,1651.00513594
2018-05-13T00:00:00Z,7092.00000000,7349.00000000,7016.38000000,7299.30000000,980.13977543
2018-05-14T00:00:00Z,7299.30000000,7450.00000000,6887.00000000,7256.90000000,2853.24189536
2018-05-15T00:00:00Z,7266.80000000,7420.00000000,7128.00000000,7180.47000000,1593.85194343
2018-05-16T00:00:00Z,7180.46000000,7200.00000000,6860.98000000,7065.00000000,1911.53746066
2018-05-17T00:00:00Z,7069.72000000,7160.00000000,6800.01000000,6859.31000000,1102.69179471
2018-05-18T00:00:00Z,6857.19000000,7042.37000000,6751.01000000,7014.50000000,1041.26322174
2018-05-19T00:00:00Z,7014.50000000,7118.00000000,6940.00000000,7013.84000000,404.38264985
2018-05-20T00:00:00Z,7013.84000000,7285.00000000,6960.01000000,7239.50000000,615.97629546
2018-05-21T00:00:00Z,7244.16000000,7320.00000000,7076.51000000,7113.68000000,953.49501496
2018-05-22T00:00:00Z,7125.99000000,7130.66000000,6787.00000000,6801.00000000,1224.26418258
2018-05-23T00:00:00Z,6800.01000000,6833.01000000,6380.00000000,6418.58000000,2822.01402815
2018-05-24T00:00:00Z,6418.58000000,6600.00000000,6200.00000000,6479.03000000,2010.66022159
2018-05-25T00:00:00Z,6480.00000000,6545.23000000,6280.00000000,6431.81000000,1160.34920968
2018-05-26T00:00:00Z,6431.80000000,6544.44000000,6287.60000000,6313.47000000,548.21200407
2018-05-27T00:00:00Z,6313.47000000,6344.32000000,6225.77000000,6297.01000000,693.82239681
2018-05-28T00:00:00Z,6295.40000000,6368.71000000,6101.00000000,6114.37000000,1360.04578884
2018-05-29T00:00:00Z,6125.45000000,6545.88000000,6080.00000000,6477.56000000,1667.32201795
2018-05-30T00:00:00Z,6476.99000000,6549.89000000,6261.00000000,6346.19000000,1143.68681897
2018-05-31T00:00:00Z,6346.19000000,6528.48000000,6301.80000000,6414.16000000,1037.95684801
2018-06-01T00:00:00Z,6413.42000000,6528.39000000,6318.78000000,6449.77000000,917.64030212
2018-06-02T00:00:00Z,6447.17000000,6600.00000000,6405.66000000,6569.82000000,656.79347040
2018-06-03T00:00:00Z,6569.82000000,6668.12000000,6560.00000000,6618.69000000,685.61975403
2018-06-04T00:00:00Z,6619.00000000,6652.99000000,6375.00000000,6420.76000000,1025.28906655
2018-06-05T00:00:00Z,6420.03000000,6551.26000000,6330.00000000,6509.63000000,1185.69177339
2018-06-06T00:00:00Z,6511.98000000,6562.55000000,6383.00000000,6514.68000000,965.95472402
2018-06-07T00:00:00Z,6514.69000000,6586.57000000,6484.19000000,6534.74000000,790.43403289
2018-06-08T00:00:00Z,6532.36000000,6534.00000000,6435.00000000,6487.51000000,731.48622564
2018-06-09T00:00:00Z,6487.50000000,6535.00000000,6401.39000000,6401.40000000,398.98898758
2018-06-10T00:00:00Z,6401.41000000,6401.41000000,5712.00000000,5759.01000000,2410.20253490
2018-06-11T00:00:00Z,5759.01000000,5899.00000000,5620.55000000,5871.01000000,2109.76921334
2018-06-12T00:00:00Z,5871.00000000,5871.01000000,5501.74000000,5577.53000000,2404.05292549
2018-06-13T00:00:00Z,5576.57000000,5639.01000000,5211.00000000,5348.74000000,2509.38402639
2018-06-14T00:00:00Z,5348.74000000,5808.00000000,5335.02000000,5753.30000000,2514.52852764
2018-06-15T00:00:00Z,5754.61000000,5768.64000000,5503.03000000,5519.90000000,1151.03546522
2018-06-16T00:00:00Z,5519.89000000,5656.99000000,5465.18000000,5605.66000000,579.09788987
2018-06-17T00:00:00Z,5600.37000000,5660.80000000,5552.31000000,5560.88000000,577.43482297
2018-06-18T00:00:00Z,5562.02000000,5864.08000000,5511.01000000,5775.57000000,1466.97594340
2018-06-19T00:00:00Z,5775.02000000,5944.48000000,5740.43000000,5829.31000000,1111.73500079
2018-06-20T00:00:00Z,5829.99000000,5882.99000000,5675.79000000,5834.99000000,732.15853275
2018-06-21T00:00:00Z,5834.99000000,5888.48000000,5765.82000000,5801.14000000,721.62534179
2018-06-22T00:00:00Z,5800.01000000,5803.50000000,5100.00000000,5210.51000000,2358.29330580
2018-06-23T00:00:00Z,5218.82000000,5379.53000000,5184.38000000,5307.14000000,757.57617629
2018-06-24T00:00:00Z,5307.15000000,5401.84000000,4958.48000000,5288.01000000,1634.92733893
2018-06-25T00:00:00Z,5288.01000000,5443.72000000,5209.49000000,5343.60000000,1408.44231377
2018-06-26T00:00:00Z,5343.60000000,5380.00000000,5204.50000000,5219.45000000,1014.74081911
2018-06-27T00:00:00Z,5219.51000000,5367.84000000,5153.92000000,5312.21000000,1031.57039605
2018-06-28T00:00:00Z,5310.60000000,5328.99000000,5031.77000000,5069.64000000,1601.72553743
2018-06-29T00:00:00Z,5065.71000000,5375.86000000,4968.39000000,5300.00000000,1811.08058521
2018-06-30T00:00:00Z,5299.99000000,5523.00000000,5286.98000000,5467.89000000,909.16017112
2018-07-01T00:00:00Z,5467.89000000,5497.80000000,5365.72000000,5454.18000000,484.14107098
2018-07-02T00:00:00Z,5446.08000000,5762.46000000,5400.00000000,5695.36000000,1494.09822752
2018-07-03T00:00:00Z,5695.36000000,5739.78000000,5563.15000000,5592.97000000,967.33910603
2018-07-04T00:00:00Z,5592.97000000,5835.00000000,5507.77000000,5658.94000000,972.58037727
2018-07-05T00:00:00Z,5659.23000000,5750.00000000,5542.77000000,5600.69000000,1079.11460815
2018-07-06T00:00:00Z,5599.76000000,5673.23000000,5524.20000000,5641.39000000,833.24686212
2018-07-07T00:00:00Z,5641.39000000,5800.00000000,5563.98000000,5758.73000000,453.14423678
2018-07-08T00:00:00Z,5758.73000000,5773.00000000,5681.02000000,5718.66000000,487.48275011
2018-07-09T00:00:00Z,5718.16000000,5792.01000000,5652.92000000,5676.09000000,917.49166081
2018-07-10T00:00:00Z,5676.10000000,5680.00000000,5362.00000000,5378.90000000,1533.20003103
2018-07-11T00:00:00Z,5383.31000000,5478.46000000,5366.03000000,5469.99000000,953.47009946
2018-07-12T00:00:00Z,5470.00000000,5470.01000000,5218.00000000,5360.00000000,1232.91815680
2018-07-13T00:00:00Z,5360.01000000,5432.00000000,5250.00000000,5338.70000000,949.09007085
2018-07-14T00:00:00Z,5338.70000000,5440.00000000,5306.49000000,5375.71000000,398.58779477
2018-07-15T00:00:00Z,5375.71000000,5482.95000000,5351.00000000,5435.20000000,403.76317369
2018-07-16T00:00:00Z,5438.26000000,5749.00000000,5417.86000000,5729.94000000,3199.28009381
2018-07-17T00:00:00Z,5731.35000000,6400.00000000,5651.00000000,6275.13000000,2629.20299653
2018-07-18T00:00:00Z,6274.16000000,6514.20000000,6221.00000000,6330.31000000,2559.18387981
2018-07-19T00:00:00Z,6330.94000000,6490.96000000,6239.61000000,6418.30000000,1505.36021247
2018-07-20T00:00:00Z,6420.37000000,6580.00000000,6197.05000000,6260.19000000,1650.85361505
2018-07-21T00:00:00Z,6259.36000000,6363.00000000,6163.00000000,6325.40000000,608.96886560
2018-07-22T00:00:00Z,6325.40000000,6444.57000000,6267.01000000,6320.20000000,609.41081776
2018-07-23T00:00:00Z,6320.20000000,6669.99000000,6306.78000000,6609.73000000,1863.96184357
2018-07-24T00:00:00Z,6609.74000000,7250.00000000,6601.03000000,7189.86000000,3277.75968232
2018-07-25T00:00:00Z,7188.14000000,7256.00000000,6884.36000000,6970.01000000,2567.78271479
2018-07-26T00:00:00Z,6970.00000000,7130.00000000,6755.00000000,6815.95000000,1780.01589831
2018-07-27T00:00:00Z,6815.09000000,7100.00000000,6705.00000000,7025.00000000,1884.47861370
2018-07-28T00:00:00Z,7025.00000000,7084.06000000,6939.08000000,7055.01000000,542.16565030
2018-07-29T00:00:00Z,7055.01000000,7092.00000000,6979.89000000,7052.66000000,430.61682594
2018-07-30T00:00:00Z,7052.66000000,7098.33000000,6718.34000000,6988.46000000,1610.59302334
2018-07-31T00:00:00Z,6985.82000000,6985.82000000,6550.88000000,6614.43000000,1929.71693074
2018-08-01T00:00:00Z,6612.73000000,6612.93000000,6366.22000000,6528.65000000,1851.52370500
2018-08-02T00:00:00Z,6524.12000000,6628.91000000,6440.22000000,6510.31000000,1084.87522171
2018-08-03T00:00:00Z,6510.20000000,6514.84000000,6311.00000000,6415.00000000,1421.49180019
2018-08-04T00:00:00Z,6414.99000000,6470.00000000,6000.00000000,6055.72000000,1389.76216059
2018-08-05T00:00:00Z,6055.72000000,6134.15000000,5958.00000000,6085.66000000,876.35638991
2018-08-06T00:00:00Z,6087.07000000,6188.83000000,5915.68000000,6010.00000000,1139.06128585
2018-08-07T00:00:00Z,6010.00000000,6169.86000000,5754.19000000,5802.00000000,1621.06203213
2018-08-08T00:00:00Z,5807.64000000,5807.64000000,5266.75000000,5420.00000000,2187.95081202
2018-08-09T00:00:00Z,5420.00000000,5775.00000000,5355.01000000,5700.02000000,1715.18197785
2018-08-10T00:00:00Z,5700.02000000,5729.86000000,5300.00000000,5400.00000000,1849.03222721
2018-08-11T00:00:00Z,5399.99000000,5700.00000000,5310.00000000,5473.42000000,1176.08079121
2018-08-12T00:00:00Z,5473.43000000,5695.77000000,5415.26000000,5560.00000000,783.09379553
2018-08-13T00:00:00Z,5558.97000000,5764.00000000,5411.96000000,5500.67000000,1468.19654961
2018-08-14T00:00:00Z,5497.00000000,5500.00000000,5200.00000000,5469.01000000,2157.92907628
2018-08-15T00:00:00Z,5469.01000000,5850.00000000,5463.39000000,5540.02000000,2467.25175613
2018-08-16T00:00:00Z,5540.01000000,5698.00000000,5477.88000000,5565.80000000,1451.16285822
2018-08-17T00:00:00Z,5569.33000000,5769.00000000,5545.48000000,5749.00000000,1288.57970131
2018-08-18T00:00:00Z,5749.00000000,5798.00000000,5560.00000000,5624.72000000,706.30494888
2018-08-19T00:00:00Z,5624.72000000,5718.21000000,5571.00000000,5672.46000000,702.07308449
2018-08-20T00:00:00Z,5677.49000000,5707.00000000,5450.00000000,5470.00000000,1008.65516890
2018-08-21T00:00:00Z,5469.99000000,5631.00000000,5465.00000000,5602.96000000,763.54457505
2018-08-22T00:00:00Z,5602.96000000,5944.09000000,5415.18000000,5493.07000000,2031.81242634
2018-08-23T00:00:00Z,5495.00000000,5686.00000000,5490.53000000,5662.61000000,833.11392461
2018-08-24T00:00:00Z,5662.61000000,5777.96000000,5580.00000000,5759.43000000,965.96462627
2018-08-25T00:00:00Z,5759.43000000,5833.12000000,5721.00000000,5795.56000000,583.26574179
2018-08-26T00:00:00Z,5795.56000000,5817.33000000,5659.18000000,5760.61000000,548.92161711
2018-08-27T00:00:00Z,5763.16000000,5925.00000000,5739.08000000,5906.79000000,859.84290306
2018-08-28T00:00:00Z,5906.79000000,6108.42000000,5885.60000000,6061.00000000,1879.78846679
2018-08-29T00:00:00Z,6061.01000000,6112.28000000,5914.35000000,6010.00000000,1352.49881942
2018-08-30T00:00:00Z,6009.99000000,6024.00000000,5828.38000000,5986.82000000,1273.63186756
2018-08-31T00:00:00Z,5992.27000000,6097.50000000,5927.50000000,6042.00000000,934.26213213
2018-09-01T00:00:00Z,6042.01000000,6248.40000000,6042.00000000,6189.91000000,876.22296199
2018-09-02T00:00:00Z,6186.40000000,6332.53000000,6152.50000000,6289.22000000,882.73135600
2018-09-03T00:00:00Z,6289.22000000,6322.00000000,6206.70000000,6261.30000000,985.84491735
2018-09-04T00:00:00Z,6262.10000000,6426.90000000,6248.40000000,6357.17000000,1052.32129879
2018-09-05T00:00:00Z,6357.16000000,6400.00000000,5734.84000000,5758.62000000,2724.20732038
2018-09-06T00:00:00Z,5758.62000000,5770.88000000,5412.20000000,5602.30000000,2248.61380625
2018-09-07T00:00:00Z,5602.86000000,5646.85000000,5450.62000000,5529.00000000,1047.26055607
2018-09-08T00:00:00Z,5535.00000000,5600.00000000,5338.00000000,5380.77000000,1047.08540151
2018-09-09T00:00:00Z,5380.77000000,5579.00000000,5368.00000000,5409.40000000,654.15407120
2018-09-10T00:00:00Z,5411.44000000,5514.29000000,5393.00000000,5454.16000000,898.69176262
2018-09-11T00:00:00Z,5454.16000000,5527.91000000,5325.69000000,5422.51000000,1134.41240952
2018-09-12T00:00:00Z,5422.50000000,5469.61000000,5350.00000000,5453.75000000,925.62095793
2018-09-13T00:00:00Z,5453.76000000,5600.00000000,5453.75000000,5557.11000000,1217.32747949
2018-09-14T00:00:00Z,5552.53000000,5631.30000000,5470.17000000,5588.65000000,1056.59297839
2018-09-15T00:00:00Z,5588.65000000,5669.15000000,5579.98000000,5624.31000000,419.51577143
2018-09-16T00:00:00Z,5624.31000000,5624.31000000,5518.37000000,5597.74000000,380.06044996
2018-09-17T00:00:00Z,5596.69000000,5617.84000000,5324.00000000,5372.00000000,1263.06182050
2018-09-18T00:00:00Z,5372.01000000,5469.00000000,5348.17000000,5448.00000000,847.08307759
2018-09-19T00:00:00Z,5445.00000000,5580.00000000,5263.16000000,5475.00000000,1135.64266931
2018-09-20T00:00:00Z,5475.00000000,5554.00000000,5410.00000000,5524.44000000,681.35231488
2018-09-21T00:00:00Z,5530.07000000,5775.00000000,5522.01000000,5760.00000000,1491.04579852
2018-09-22T00:00:00Z,5760.00000000,5800.00000000,5636.75000000,5725.74000000,627.21122090
2018-09-23T00:00:00Z,5725.73000000,5768.00000000,5677.52000000,5722.87000000,451.48959472
2018-09-24T00:00:00Z,5717.76000000,5729.66000000,5600.02000000,5605.80000000,784.98325695
2018-09-25T00:00:00Z,5605.79000000,5605.79000000,5402.00000000,5478.13000000,1128.45959538
2018-09-26T00:00:00Z,5478.18000000,5580.00000000,5440.91000000,5509.02000000,782.58901853
2018-09-27T00:00:00Z,5509.01000000,5784.30000000,5497.51000000,5742.80000000,967.33281678
2018-09-28T00:00:00Z,5742.80000000,5843.08000000,5650.01000000,5718.55000000,1053.20711797
2018-09-29T00:00:00Z,5718.55000000,5718.55000000,5591.72000000,5680.00000000,573.21291586
2018-09-30T00:00:00Z,5684.05000000,5737.18000000,5640.00000000,5703.31000000,466.78742713
2018-10-01T00:00:00Z,5701.59000000,5725.54000000,5615.00000000,5687.45000000,755.07687886
2018-10-02T00:00:00Z,5687.46000000,5710.16000000,5616.66000000,5646.00000000,624.01726117
2018-10-03T00:00:00Z,5645.99000000,5660.66000000,5551.00000000,5639.02000000,885.89840306
2018-10-04T00:00:00Z,5639.02000000,5746.54000000,5639.01000000,5700.01000000,717.61149290
2018-10-05T00:00:00Z,5700.00000000,5750.00000000,5658.83000000,5734.66000000,657.36568449
2018-10-06T00:00:00Z,5734.66000000,5734.66000000,5690.46000000,5704.14000000,303.81758294
2018-10-07T00:00:00Z,5704.14000000,5725.00000000,5661.00000000,5715.69000000,307.72231047
2018-10-08T00:00:00Z,5715.69000000,5820.00000000,5682.50000000,5768.62000000,866.42123244
2018-10-09T00:00:00Z,5769.34000000,5792.00000000,5747.26000000,5754.89000000,654.60300472
2018-10-10T00:00:00Z,5754.89000000,5754.89000000,5640.00000000,5669.08000000,829.13363382
2018-10-11T00:00:00Z,5669.07000000,5669.08000000,5306.00000000,5320.94000000,2310.49812243
2018-10-12T00:00:00Z,5320.93000000,5409.85000000,5303.32000000,5389.00000000,647.59326866
2018-10-13T00:00:00Z,5389.00000000,5410.71000000,5380.00000000,5397.72000000,304.87162504
2018-10-14T00:00:00Z,5397.71000000,5432.00000000,5351.00000000,5364.75000000,381.55217026
2018-10-15T00:00:00Z,5364.75000000,5825.00000000,5351.00000000,5566.01000000,2130.66635479
2018-10-16T00:00:00Z,5566.01000000,5628.59000000,5540.00000000,5589.93000000,829.43623772
2018-10-17T00:00:00Z,5586.48000000,5624.00000000,5564.68000000,5614.06000000,810.20878445
2018-10-18T00:00:00Z,5614.06000000,5641.37000000,5570.00000000,5584.51000000,648.51526831
2018-10-19T00:00:00Z,5584.52000000,5594.18000000,5570.00000000,5576.99000000,456.39361880
2018-10-20T00:00:00Z,5576.99000000,5608.42000000,5560.00000000,5593.52000000,293.12228271
2018-10-21T00:00:00Z,5593.52000000,5627.00000000,5585.00000000,5586.33000000,282.89635923
2018-10-22T00:00:00Z,5586.32000000,5617.15000000,5570.10000000,5605.00000000,540.19896142
2018-10-23T00:00:00Z,5605.01000000,5611.25000000,5569.00000000,5590.68000000,638.75635960
2018-10-24T00:00:00Z,5590.67000000,5670.00000000,5590.67000000,5640.02000000,770.51587938
2018-10-25T00:00:00Z,5640.02000000,5651.59000000,5581.56000000,5631.75000000,623.53091588
2018-10-26T00:00:00Z,5631.76000000,5667.92000000,5620.26000000,5637.14000000,601.92037155
2018-10-27T00:00:00Z,5637.04000000,5643.90000000,5620.00000000,5634.85000000,301.14451344
2018-10-28T00:00:00Z,5634.85000000,5637.99000000,5624.01000000,5635.73000000,242.61380612
2018-10-29T00:00:00Z,5635.72000000,5639.00000000,5460.95000000,5519.13000000,1007.36267348
2018-10-30T00:00:00Z,5519.48000000,5546.19000000,5510.92000000,5540.00000000,655.62278619
2018-10-31T00:00:00Z,5540.00000000,5603.94000000,5503.00000000,5590.86000000,621.90900610
2018-11-01T00:00:00Z,5590.86000000,5594.44000000,5533.00000000,5573.03000000,555.59701095
2018-11-02T00:00:00Z,5573.03000000,5599.04000000,5562.42000000,5589.96000000,528.79687080
2018-11-03T00:00:00Z,5589.96000000,5589.97000000,5555.25000000,5576.49000000,251.31534731
2018-11-04T00:00:00Z,5576.49000000,5670.00000000,5560.21000000,5638.42000000,506.40605919
2018-11-05T00:00:00Z,5638.41000000,5655.65000000,5601.00000000,5618.60000000,619.61646834
2018-11-06T00:00:00Z,5618.59000000,5660.00000000,5618.59000000,5654.32000000,777.30194454
2018-11-07T00:00:00Z,5654.31000000,5738.28000000,5654.31000000,5700.00000000,825.52914174
2018-11-08T00:00:00Z,5699.99000000,5707.91000000,5613.55000000,5642.00000000,727.70116598
2018-11-09T00:00:00Z,5642.00000000,5666.97000000,5567.65000000,5607.02000000,712.29872653
2018-11-10T00:00:00Z,5607.01000000,5643.41000000,5607.00000000,5621.01000000,258.09838088
2018-11-11T00:00:00Z,5621.01000000,5625.50000000,5566.77000000,5619.74000000,271.24179049
2018-11-12T00:00:00Z,5619.75000000,5670.00000000,5619.75000000,5649.48000000,626.11785738
2018-11-13T00:00:00Z,5649.48000000,5649.48000000,5568.51000000,5569.61000000,692.82743559
2018-11-14T00:00:00Z,5569.61000000,5594.47000000,4740.00000000,4998.99000000,4110.48224210
2018-11-15T00:00:00Z,4998.99000000,5030.98000000,4640.01000000,4921.00000000,2525.98893470
2018-11-16T00:00:00Z,4916.49000000,5089.99000000,4747.19000000,4830.80000000,970.26452382
2018-11-17T00:00:00Z,4828.85000000,4849.33000000,4771.27000000,4829.01000000,510.37550413
2018-11-18T00:00:00Z,4829.00000000,4936.62000000,4829.00000000,4878.33000000,529.43329787
2018-11-19T00:00:00Z,4878.77000000,4879.41000000,4105.00000000,4140.01000000,5010.04813423
2018-11-20T00:00:00Z,4140.01000000,4254.94000000,3556.25000000,3850.01000000,8274.53968915
2018-11-21T00:00:00Z,3843.16000000,4103.95000000,3732.72000000,4000.21000000,2821.15974803
2018-11-22T00:00:00Z,4005.25000000,4028.99000000,3726.20000000,3739.95000000,1610.26380559
2018-11-23T00:00:00Z,3739.95000000,3824.68000000,3601.06000000,3789.01000000,2547.94847531
2018-11-24T00:00:00Z,3789.01000000,3837.72000000,3259.99000000,3320.00000000,3093.53503520
2018-11-25T00:00:00Z,3320.00000000,3633.93000000,3050.98000000,3475.89000000,7119.94500042
2018-11-26T00:00:00Z,3474.54000000,3582.50000000,3120.01000000,3291.50000000,4082.61114712
2018-11-27T00:00:00Z,3291.50000000,3390.00000000,3160.01000000,3347.39000000,2313.34645317
2018-11-28T00:00:00Z,3347.38000000,3882.67000000,3342.89000000,3726.26000000,4133.47629645
2018-11-29T00:00:00Z,3726.22000000,3911.52000000,3602.98000000,3740.05000000,2749.66968606
2018-11-30T00:00:00Z,3740.05000000,3775.00000000,3404.85000000,3530.01000000,2463.93007532
2018-12-01T00:00:00Z,3530.01000000,3778.00000000,3453.43000000,3681.89000000,1318.08749513
2018-12-02T00:00:00Z,3681.89000000,3770.00000000,3575.00000000,3630.14000000,861.39916241
2018-12-03T00:00:00Z,3630.13000000,3643.36000000,3326.82000000,3390.01000000,2204.28758296
2018-12-04T00:00:00Z,3390.01000000,3562.92000000,3301.21000000,3450.00000000,1584.53104758
2018-12-05T00:00:00Z,3449.99000000,3458.20000000,3252.73000000,3267.93000000,1741.16541099
2018-12-06T00:00:00Z,3267.97000000,3399.00000000,3037.42000000,3037.42000000,2659.47788435
2018-12-07T00:00:00Z,3037.49000000,3175.00000000,2850.09000000,2992.85000000,4540.34048882
2018-12-08T00:00:00Z,2992.85000000,3080.99000000,2870.08000000,3004.24000000,1690.65055037
2018-12-09T00:00:00Z,3004.25000000,3200.00000000,2985.00000000,3106.36000000,1321.84228798
2018-12-10T00:00:00Z,3106.88000000,3150.00000000,2963.44000000,3015.03000000,1776.19016572
2018-12-11T00:00:00Z,3015.03000000,3022.00000000,2923.69000000,2966.01000000,1545.70413969
2018-12-12T00:00:00Z,2966.00000000,3076.71000000,2952.05000000,3026.00000000,1467.11558133
2018-12-13T00:00:00Z,3025.19000000,3028.06000000,2861.15000000,2886.91000000,2143.39307806
2018-12-14T00:00:00Z,2886.91000000,2919.00000000,2800.32000000,2835.50000000,2539.44173392
2018-12-15T00:00:00Z,2835.49000000,2865.00000000,2780.33000000,2830.45000000,1286.91649701
2018-12-16T00:00:00Z,2830.45000000,2885.00000000,2821.81000000,2840.42000000,822.61114985
2018-12-17T00:00:00Z,2840.47000000,3167.12000000,2830.00000000,3093.95000000,3003.04610427
2018-12-18T00:00:00Z,3090.94000000,3278.20000000,3032.50000000,3236.31000000,2249.26566079
2018-12-19T00:00:00Z,3236.32000000,3490.00000000,3214.71000000,3244.05000000,4544.52004448
2018-12-20T00:00:00Z,3244.06000000,3672.38000000,3229.35000000,3575.81000000,4750.43012966
2018-12-21T00:00:00Z,3575.80000000,3644.98000000,3340.00000000,3401.70000000,2935.73246226
2018-12-22T00:00:00Z,3401.70000000,3539.99000000,3358.00000000,3518.99000000,1153.77796877
2018-12-23T00:00:00Z,3519.00000000,3580.00000000,3463.01000000,3499.01000000,1114.42856686
2018-12-24T00:00:00Z,3499.00000000,3740.00000000,3499.00000000,3559.98000000,2459.15776457
2018-12-25T00:00:00Z,3559.99000000,3566.90000000,3257.27000000,3341.98000000,2015.27335824
2018-12-26T00:00:00Z,3341.98000000,3435.43000000,3275.00000000,3379.17000000,1023.34981531
2018-12-27T00:00:00Z,3379.17000000,3391.54000000,3122.58000000,3157.17000000,1909.25064471
2018-12-28T00:00:00Z,3157.17000000,3450.00000000,3157.17000000,3408.78000000,2522.75266065
2018-12-29T00:00:00Z,3408.77000000,3450.00000000,3259.00000000,3284.99000000,1138.86056090
2018-12-30T00:00:00Z,3284.99000000,3392.25000000,3256.51000000,3376.69000000,713.47550238
2018-12-31T00:00:00Z,3376.61000000,3377.50000000,3189.10000000,3240.00000000,1591.58475334
2019-01-01T00:00:00Z,3244.16000000,3350.73000000,3204.23000000,3347.23000000,1070.66402375
2019-01-02T00:00:00Z,3348.39000000,3465.00000000,3302.79000000,3450.00000000,1356.09471762
2019-01-03T00:00:00Z,3450.00000000,3450.00000000,3306.01000000,3336.70000000,1253.71438790
2019-01-04T00:00:00Z,3336.70000000,3388.97000000,3310.26000000,3370.38000000,1122.26712186
2019-01-05T00:00:00Z,3370.38000000,3400.00000000,3332.12000000,3349.74000000,972.87647937
2019-01-06T00:00:00Z,3349.74000000,3590.00000000,3332.87000000,3555.02000000,1191.10790976
2019-01-07T00:00:00Z,3555.02000000,3570.00000000,3475.00000000,3497.02000000,1351.55701416
2019-01-08T00:00:00Z,3496.94000000,3600.00000000,3433.63000000,3503.10000000,1526.59772449
2019-01-09T00:00:00Z,3503.10000000,3544.94000000,3462.89000000,3480.01000000,1229.37000612
2019-01-10T00:00:00Z,3480.01000000,3504.08000000,3140.00000000,3178.01000000,3426.34043808
2019-01-11T00:00:00Z,3178.00000000,3259.63000000,3145.00000000,3189.98000000,1478.86558890
2019-01-12T00:00:00Z,3189.99000000,3217.90000000,3152.00000000,3176.47000000,617.61421826
2019-01-13T00:00:00Z,3176.47000000,3193.00000000,3053.03000000,3080.55000000,1004.52920838
2019-01-14T00:00:00Z,3081.00000000,3264.00000000,3077.50000000,3207.01000000,1510.62770266
2019-01-15T00:00:00Z,3207.01000000,3217.99000000,3123.01000000,3152.94000000,1332.08401226
2019-01-16T00:00:00Z,3152.93000000,3230.00000000,3140.48000000,3168.86000000,1117.91550034
2019-01-17T00:00:00Z,3168.86000000,3211.25000000,3121.00000000,3199.99000000,1066.28797185
2019-01-18T00:00:00Z,3198.03000000,3200.54000000,3159.94000000,3185.81000000,870.36637779
2019-01-19T00:00:00Z,3185.82000000,3300.00000000,3179.16000000,3253.11000000,654.03657297
2019-01-20T00:00:00Z,3253.11000000,3265.75000000,3078.73000000,3123.16000000,1034.02345605
2019-01-21T00:00:00Z,3123.16000000,3140.09000000,3086.14000000,3116.64000000,1202.91958825
2019-01-22T00:00:00Z,3116.63000000,3179.00000000,3030.93000000,3156.71000000,1154.29957524
2019-01-23T00:00:00Z,3156.70000000,3192.96000000,3111.01000000,3126.51000000,1280.24863071
2019-01-24T00:00:00Z,3126.02000000,3173.00000000,3111.01000000,3157.21000000,1071.99825850
2019-01-25T00:00:00Z,3157.21000000,3164.65000000,3111.15000000,3130.74000000,1081.11436481
2019-01-26T00:00:00Z,3130.73000000,3188.00000000,3115.01000000,3125.14000000,643.11118525
2019-01-27T00:00:00Z,3126.04000000,3137.99000000,3054.00000000,3103.20000000,800.35910135
2019-01-28T00:00:00Z,3103.21000000,3105.20000000,2961.15000000,3006.51000000,2990.84013014
2019-01-29T00:00:00Z,3006.51000000,3011.47000000,2929.21000000,2974.45000000,1807.73392734
2019-01-30T00:00:00Z,2974.45000000,3033.47000000,2959.44000000,2996.10000000,1386.85427481
2019-01-31T00:00:00Z,2996.10000000,3023.85000000,2966.00000000,2980.31000000,1376.95743239
2019-02-01T00:00:00Z,2980.31000000,3015.00000000,2955.00000000,3002.16000000,1328.92530325
2019-02-02T00:00:00Z,3002.17000000,3042.63000000,2986.00000000,3027.40000000,665.93274062
2019-02-03T00:00:00Z,3027.50000000,3029.88000000,2963.10000000,2983.69000000,623.66345425
2019-02-04T00:00:00Z,2983.69000000,3002.87000000,2974.72000000,2990.01000000,955.83243659
2019-02-05T00:00:00Z,2990.02000000,3024.29000000,2980.05000000,3008.00000000,1228.90857075
2019-02-06T00:00:00Z,3008.01000000,3018.88000000,2941.01000000,2968.00000000,1309.80248330
2019-02-07T00:00:00Z,2968.01000000,2987.59000000,2961.10000000,2964.99000000,941.30537242
2019-02-08T00:00:00Z,2965.00000000,3265.00000000,2957.18000000,3188.74000000,2539.73071874
2019-02-09T00:00:00Z,3188.74000000,3209.62000000,3176.03000000,3195.00000000,649.35975520
2019-02-10T00:00:00Z,3194.99000000,3231.86000000,3165.89000000,3224.99000000,659.88054134
2019-02-11T00:00:00Z,3225.00000000,3227.08000000,3171.51000000,3195.11000000,1132.00501376
2019-02-12T00:00:00Z,3195.12000000,3195.12000000,3162.00000000,3175.28000000,1237.76748019
2019-02-13T00:00:00Z,3176.15000000,3200.00000000,3165.00000000,3179.99000000,1188.20190832
2019-02-14T00:00:00Z,3179.99000000,3189.68000000,3148.34000000,3155.51000000,1151.19392218
2019-02-15T00:00:00Z,3155.51000000,3211.00000000,3155.00000000,3169.10000000,1239.67005694
2019-02-16T00:00:00Z,3169.11000000,3195.62000000,3168.00000000,3178.00000000,505.88294203
2019-02-17T00:00:00Z,3178.01000000,3241.48000000,3166.00000000,3214.74000000,793.60229688
2019-02-18T00:00:00Z,3213.92000000,3461.84000000,3207.11000000,3421.99000000,2562.58580194
2019-02-19T00:00:00Z,3422.00000000,3517.90000000,3402.10000000,3435.48000000,1900.66659775
2019-02-20T00:00:00Z,3435.48000000,3489.99000000,3419.54000000,3474.79000000,1399.94139209
2019-02-21T00:00:00Z,3474.80000000,3499.00000000,3416.03000000,3440.02000000,1449.17176634
2019-02-22T00:00:00Z,3440.02000000,3489.12000000,3428.16000000,3471.75000000,1315.20168263
2019-02-23T00:00:00Z,3471.63000000,3662.04000000,3442.45000000,3631.00000000,1453.59791664
2019-02-24T00:00:00Z,3631.01000000,3679.00000000,3264.00000000,3295.66000000,2502.37682827
2019-02-25T00:00:00Z,3297.21000000,3400.00000000,3295.66000000,3364.10000000,1424.29381545
2019-02-26T00:00:00Z,3364.11000000,3373.41000000,3328.00000000,3339.17000000,1189.00199564
2019-02-27T00:00:00Z,3339.18000000,3359.60000000,3235.00000000,3343.58000000,1837.36236893
2019-02-28T00:00:00Z,3343.58000000,3419.12000000,3315.16000000,3341.89000000,1646.76420136
2019-03-01T00:00:00Z,3341.89000000,3384.56000000,3340.74000000,3358.04000000,1063.45721880
2019-03-02T00:00:00Z,3358.04000000,3365.04000000,3321.00000000,3360.57000000,439.23137969
2019-03-03T00:00:00Z,3361.92000000,3365.00000000,3325.00000000,3333.92000000,599.66941671
2019-03-04T00:00:00Z,3333.93000000,3351.80000000,3252.99000000,3270.53000000,1366.30830564
2019-03-05T00:00:00Z,3270.53000000,3435.90000000,3263.99000000,3402.54000000,1793.23231624
2019-03-06T00:00:00Z,3402.54000000,3438.00000000,3368.22000000,3407.06000000,1097.27053960
2019-03-07T00:00:00Z,3407.07000000,3464.02000000,3389.90000000,3445.66000000,1584.37723702
2019-03-08T00:00:00Z,3447.00000000,3490.00000000,3367.50000000,3422.13000000,1481.44746900
2019-03-09T00:00:00Z,3422.13000000,3514.00000000,3422.12000000,3485.00000000,1025.25205835
2019-03-10T00:00:00Z,3485.00000000,3485.46000000,3452.64000000,3468.22000000,724.97812849
2019-03-11T00:00:00Z,3468.22000000,3479.55000000,3392.47000000,3426.30000000,1343.71649041
2019-03-12T00:00:00Z,3425.23000000,3444.25000000,3381.16000000,3422.00000000,1202.29245534
2019-03-13T00:00:00Z,3422.01000000,3429.99000000,3400.00000000,3400.49000000,1196.75196456
2019-03-14T00:00:00Z,3400.48000000,3435.00000000,3342.14000000,3406.78000000,1653.66768854
2019-03-15T00:00:00Z,3406.01000000,3449.89000000,3401.00000000,3441.01000000,1100.72383649
2019-03-16T00:00:00Z,3441.02000000,3524.95000000,3440.65000000,3488.49000000,928.44294315
2019-03-17T00:00:00Z,3488.49000000,3507.92000000,3460.00000000,3497.41000000,501.27399041
2019-03-18T00:00:00Z,3497.40000000,3546.81000000,3475.17000000,3509.45000000,1183.05789172
2019-03-19T00:00:00Z,3509.50000000,3535.00000000,3489.51000000,3524.97000000,1227.08327357
2019-03-20T00:00:00Z,3524.97000000,3534.99000000,3505.00000000,3531.53000000,1045.91440772
2019-03-21T00:00:00Z,3531.01000000,3561.23000000,3456.89000000,3503.25000000,1389.51779704
2019-03-22T00:00:00Z,3503.25000000,3546.00000000,3490.00000000,3531.26000000,936.41512957
2019-03-23T00:00:00Z,3531.28000000,3545.00000000,3510.00000000,3523.81000000,894.61399512
2019-03-24T00:00:00Z,3526.15000000,3526.63000000,3490.81000000,3515.07000000,441.87255451
2019-03-25T00:00:00Z,3515.07000000,3519.55000000,3421.00000000,3458.14000000,1102.45620161
2019-03-26T00:00:00Z,3458.13000000,3485.20000000,3443.70000000,3482.61000000,1021.30575355
2019-03-27T00:00:00Z,3482.49000000,3578.99000000,3475.17000000,3576.93000000,1557.05215896
2019-03-28T00:00:00Z,3574.87000000,3581.82000000,3551.71000000,3574.59000000,1012.37331641
2019-03-29T00:00:00Z,3574.39000000,3655.00000000,3569.01000000,3653.00000000,1537.20188823
2019-03-30T00:00:00Z,3653.01000000,3681.00000000,3620.00000000,3649.43000000,634.37289548
2019-03-31T00:00:00Z,3649.43000000,3658.00000000,3635.61000000,3647.87000000,669.37333970
2019-04-01T00:00:00Z,3649.14000000,3707.06000000,3621.32000000,3701.67000000,1409.09053823
2019-04-02T00:00:00Z,3700.51000000,4500.00000000,3698.65000000,4378.70000000,5162.86532855
2019-04-03T00:00:00Z,4373.87000000,4759.00000000,4261.00000000,4424.98000000,4499.15205639
2019-04-04T00:00:00Z,4424.90000000,4511.18000000,4254.16000000,4371.69000000,2575.00177624
2019-04-05T00:00:00Z,4371.69000000,4510.00000000,4357.15000000,4499.35000000,1556.73182481
2019-04-06T00:00:00Z,4499.71000000,4677.23000000,4401.00000000,4502.21000000,1273.36894540
2019-04-07T00:00:00Z,4504.06000000,4685.10000000,4497.76000000,4635.01000000,1055.47745000
2019-04-08T00:00:00Z,4635.00000000,4766.37000000,4578.00000000,4709.47000000,2182.81234736
2019-04-09T00:00:00Z,4704.54000000,4704.54000000,4586.00000000,4608.85000000,1355.01494011
2019-04-10T00:00:00Z,4609.06000000,4856.00000000,4597.01000000,4728.60000000,2035.18948564
2019-04-11T00:00:00Z,4730.00000000,4747.97000000,4401.00000000,4490.00000000,2050.02818071
2019-04-12T00:00:00Z,4489.99000000,4530.23000000,4355.00000000,4502.55000000,1232.43885780
2019-04-13T00:00:00Z,4500.00000000,4537.98000000,4472.78000000,4492.81000000,462.51675043
2019-04-14T00:00:00Z,4494.61000000,4585.75000000,4461.00000000,4567.98000000,595.94333192
2019-04-15T00:00:00Z,4567.97000000,4589.99000000,4400.00000000,4463.82000000,1413.41269189
2019-04-16T00:00:00Z,4461.89000000,4630.27000000,4446.47000000,4617.46000000,1234.94118804
2019-04-17T00:00:00Z,4617.47000000,4666.25000000,4585.00000000,4629.26000000,1164.80558455
2019-04-18T00:00:00Z,4629.26000000,4737.50000000,4627.02000000,4699.38000000,1147.24003107
2019-04-19T00:00:00Z,4700.01000000,4758.71000000,4630.66000000,4706.56000000,667.17330708
2019-04-20T00:00:00Z,4705.03000000,4764.98000000,4688.01000000,4740.00000000,541.91825972
2019-04-21T00:00:00Z,4740.00000000,4759.34000000,4662.24000000,4724.09000000,459.53032879
2019-04-22T00:00:00Z,4723.00000000,4840.26000000,4683.00000000,4789.16000000,970.08873420
2019-04-23T00:00:00Z,4789.16000000,5022.12000000,4776.80000000,4942.12000000,2084.03772552
2019-04-24T00:00:00Z,4942.11000000,5025.76000000,4825.21000000,4885.08000000,1724.81001855
2019-04-25T00:00:00Z,4887.34000000,4956.70000000,4500.00000000,4623.55000000,1885.28570531
2019-04-26T00:00:00Z,4612.80000000,4747.11000000,4531.32000000,4629.20000000,1529.32303808
2019-04-27T00:00:00Z,4630.02000000,4688.12000000,4600.00000000,4653.69000000,779.66357077
2019-04-28T00:00:00Z,4652.92000000,4695.56000000,4585.20000000,4633.01000000,550.70518274
2019-04-29T00:00:00Z,4633.01000000,4649.98000000,4553.34000000,4601.79000000,1069.82204116
2019-04-30T00:00:00Z,4601.35000000,4726.21000000,4582.26000000,4704.00000000,1033.07080890
2019-05-01T00:00:00Z,4703.87000000,4759.99000000,4703.01000000,4751.90000000,651.91326731
2019-05-02T00:00:00Z,4746.60000000,4858.00000000,4735.43000000,4830.00000000,1185.14946771
2019-05-03T00:00:00Z,4825.71000000,5184.99000000,4810.12000000,5048.02000000,3017.42501143
2019-05-04T00:00:00Z,5049.74000000,5186.00000000,4925.00000000,5160.82000000,1509.67685439
2019-05-05T00:00:00Z,5160.63000000,5169.00000000,5031.01000000,5110.87000000,746.31164207
2019-05-06T00:00:00Z,5109.65000000,5135.62000000,4988.08000000,5080.91000000,1061.48408301
2019-05-07T00:00:00Z,5080.99000000,5328.99000000,5080.99000000,5147.32000000,2091.19198112
2019-05-08T00:00:00Z,5141.28000000,5342.00000000,5080.00000000,5302.00000000,1559.46003536
2019-05-09T00:00:00Z,5302.00000000,5520.50000000,5297.46000000,5481.99000000,2132.61975045
2019-05-10T00:00:00Z,5474.34000000,5722.15000000,5427.38000000,5651.29000000,2432.48911617
2019-05-11T00:00:00Z,5651.29000000,6553.22000000,5650.00000000,6320.00000000,4143.62373162
2019-05-12T00:00:00Z,6315.33000000,6765.45000000,5858.01000000,6203.03000000,5617.59413856
2019-05-13T00:00:00Z,6196.29000000,7313.62000000,6108.69000000,6963.23000000,6068.35523354
2019-05-14T00:00:00Z,6972.28000000,7440.00000000,6810.00000000,7124.53000000,5405.60027548
2019-05-15T00:00:00Z,7128.60000000,7403.00000000,7000.31000000,7326.29000000,3261.28896708
2019-05-16T00:00:00Z,7325.96000000,7468.35000000,6862.01000000,7055.00000000,3411.08557862
2019-05-17T00:00:00Z,7055.01000000,7097.99000000,6000.00000000,6607.41000000,5975.84812636
2019-05-18T00:00:00Z,6608.40000000,6749.00000000,6474.81000000,6540.01000000,1284.66985775
2019-05-19T00:00:00Z,6540.00000000,7438.42000000,6522.10000000,7348.33000000,2871.07568793
2019-05-20T00:00:00Z,7340.04000000,7346.13000000,6810.00000000,7164.12000000,2994.18957056
2019-05-21T00:00:00Z,7160.46000000,7274.75000000,7030.00000000,7129.73000000,1523.14257208
2019-05-22T00:00:00Z,7128.54000000,7200.00000000,6745.58000000,6850.00000000,2024.88198470
2019-05-23T00:00:00Z,6846.32000000,7141.75000000,6725.00000000,7047.29000000,1922.26914017
2019-05-24T00:00:00Z,7048.00000000,7288.83000000,6990.61000000,7134.99000000,1904.54855193
2019-05-25T00:00:00Z,7130.74000000,7250.00000000,7100.00000000,7206.90000000,728.56958702
2019-05-26T00:00:00Z,7206.90000000,7886.19000000,7056.97000000,7782.75000000,3354.83313283
2019-05-27T00:00:00Z,7777.98000000,7977.99000000,7700.00000000,7834.54000000,2807.44468432
2019-05-28T00:00:00Z,7834.53000000,7885.13000000,7618.88000000,7824.18000000,1794.62169953
2019-05-29T00:00:00Z,7822.01000000,7870.00000000,7533.45000000,7792.61000000,1746.45225804
2019-05-30T00:00:00Z,7795.57000000,8191.23000000,7201.00000000,7469.97000000,3805.08206832
2019-05-31T00:00:00Z,7468.01000000,7700.00000000,7313.00000000,7674.98000000,1855.50938602
2019-06-01T00:00:00Z,7670.60000000,7725.00000000,7577.65000000,7661.06000000,777.93646865
2019-06-02T00:00:00Z,7661.06000000,7898.84000000,7661.06000000,7838.97000000,913.14884017
2019-06-03T00:00:00Z,7839.97000000,7842.23000000,7176.02000000,7231.89000000,1918.37695002
2019-06-04T00:00:00Z,7231.45000000,7231.45000000,6611.00000000,6817.39000000,4043.72997627
2019-06-05T00:00:00Z,6822.06000000,7071.20000000,6751.65000000,6930.00000000,1794.35615046
2019-06-06T00:00:00Z,6934.49000000,7010.00000000,6615.00000000,6923.64000000,1519.32738268
2019-06-07T00:00:00Z,6923.78000000,7189.99000000,6890.26000000,7071.62000000,1511.72194680
2019-06-08T00:00:00Z,7070.00000000,7122.43000000,6870.85000000,7005.99000000,552.65607048
2019-06-09T00:00:00Z,7005.45000000,7034.30000000,6685.93000000,6788.96000000,827.60273414
2019-06-10T00:00:00Z,6781.39000000,7174.97000000,6659.53000000,7093.81000000,1359.97852044
2019-06-11T00:00:00Z,7093.60000000,7119.00000000,6829.00000000,6986.85000000,1114.36020815
2019-06-12T00:00:00Z,6986.84000000,7336.81000000,6915.00000000,7245.00000000,1683.81184877
2019-06-13T00:00:00Z,7244.09000000,7396.79000000,7146.01000000,7315.76000000,1283.61821716
2019-06-14T00:00:00Z,7315.67000000,7791.75000000,7262.92000000,7758.40000000,1742.08097163
2019-06-15T00:00:00Z,7749.56000000,7900.00000000,7632.00000000,7859.99000000,1466.35693835
2019-06-16T00:00:00Z,7853.24000000,8216.00000000,7650.00000000,7993.53000000,2755.46773276
2019-06-17T00:00:00Z,7990.32000000,8440.00000000,7990.32000000,8321.58000000,2540.18453857
2019-06-18T00:00:00Z,8321.33000000,8333.45000000,7997.00000000,8108.68000000,2095.97835683
2019-06-19T00:00:00Z,8118.44000000,8300.00000000,8069.33000000,8273.71000000,1246.16987280
2019-06-20T00:00:00Z,8271.34000000,8500.00000000,8164.03000000,8445.34000000,1659.03378987
2019-06-21T00:00:00Z,8441.93000000,9000.00000000,8438.20000000,8995.74000000,2540.00428339
2019-06-22T00:00:00Z,8992.27000000,9885.00000000,8874.48000000,9314.90000000,5290.71285137
2019-06-23T00:00:00Z,9314.68000000,9879.99000000,9160.00000000,9456.99000000,2245.82154502
2019-06-24T00:00:00Z,9456.99000000,9748.99000000,9255.31000000,9678.96000000,2278.42738201
2019-06-25T00:00:00Z,9687.58000000,10340.00000000,9655.47000000,10337.85000000,4967.40018534
2019-06-26T00:00:00Z,10337.75000000,12193.00000000,9956.72000000,11337.96000000,11079.76537745
2019-06-27T00:00:00Z,11337.98000000,11654.87000000,8850.00000000,9760.49000000,10925.62118184
2019-06-28T00:00:00Z,9788.99000000,10945.16000000,9426.00000000,10890.00000000,5269.98100622
2019-06-29T00:00:00Z,10873.01000000,10876.87000000,10000.00000000,10429.32000000,2587.52809369
2019-06-30T00:00:00Z,10433.32000000,10690.00000000,9401.10000000,9466.76000000,3177.29782511
2019-07-01T00:00:00Z,9476.74000000,9890.45000000,8723.00000000,9345.00000000,5006.92539485
2019-07-02T00:00:00Z,9344.99000000,9700.01000000,8536.00000000,9594.16000000,5733.91557417
2019-07-03T00:00:00Z,9600.67000000,10635.66000000,9599.86000000,10604.98000000,4901.97329121
2019-07-04T00:00:00Z,10608.38000000,10682.75000000,9813.10000000,9913.10000000,2896.21099958
2019-07-05T00:00:00Z,9896.29000000,10211.19000000,9570.52000000,9800.80000000,2688.02747243
2019-07-06T00:00:00Z,9822.95000000,10435.00000000,9803.92000000,10022.80000000,1692.36386347
2019-07-07T00:00:00Z,10022.08000000,10343.37000000,9900.00000000,10236.41000000,1318.58092698
2019-07-08T00:00:00Z,10236.41000000,11049.44000000,10111.01000000,10963.57000000,2929.75021240
2019-07-09T00:00:00Z,10962.03000000,11442.81000000,10750.00000000,11216.89000000,3819.37814229
2019-07-10T00:00:00Z,11216.88000000,11700.00000000,10263.98000000,10768.30000000,5247.70782931
2019-07-11T00:00:00Z,10768.30000000,10768.30000000,9777.71000000,10099.99000000,4298.27945743
2019-07-12T00:00:00Z,10098.02000000,10600.00000000,9852.00000000,10486.60000000,2053.91105814
2019-07-13T00:00:00Z,10488.75000000,10518.29000000,9608.23000000,10120.44000000,1850.80884797
2019-07-14T00:00:00Z,10117.94000000,10178.98000000,8999.00000000,9060.98000000,3024.90848075
2019-07-15T00:00:00Z,9064.62000000,9850.48000000,8780.00000000,9653.66000000,3775.61928180
2019-07-16T00:00:00Z,9653.67000000,9808.08000000,8369.00000000,8396.77000000,4669.03241161
2019-07-17T00:00:00Z,8417.45000000,8918.65000000,8100.00000000,8643.30000000,4184.51181857
2019-07-18T00:00:00Z,8644.29000000,9579.00000000,8300.01000000,9460.00000000,4326.28857299
2019-07-19T00:00:00Z,9460.00000000,9560.00000000,9010.00000000,9390.02000000,2215.58402176
2019-07-20T00:00:00Z,9390.02000000,9921.71000000,9258.12000000,9602.26000000,1699.13705144
2019-07-21T00:00:00Z,9599.25000000,9675.45000000,9210.00000000,9444.64000000,1152.54886429
2019-07-22T00:00:00Z,9462.08000000,9541.43000000,9000.01000000,9222.82000000,1941.33604142
2019-07-23T00:00:00Z,9212.99000000,9222.25000000,8814.10000000,8838.57000000,2221.08761848
2019-07-24T00:00:00Z,8853.91000000,8921.64000000,8547.68000000,8770.44000000,2059.74384327
2019-07-25T00:00:00Z,8770.43000000,9141.54000000,8740.11000000,8881.59000000,1637.28588755
2019-07-26T00:00:00Z,8871.40000000,8924.00000000,8685.55000000,8854.88000000,885.82569100
2019-07-27T00:00:00Z,8854.89000000,9200.00000000,8400.00000000,8521.04000000,1791.76121017
2019-07-28T00:00:00Z,8523.62000000,8695.00000000,8212.04000000,8574.64000000,893.21393569
2019-07-29T00:00:00Z,8574.88000000,8739.00000000,8425.01000000,8538.21000000,1004.49521421
2019-07-30T00:00:00Z,8526.42000000,8750.00000000,8421.00000000,8587.43000000,1350.87213124
2019-07-31T00:00:00Z,8578.86000000,9098.19000000,8572.32000000,9097.85000000,2122.07591013
2019-08-01T00:00:00Z,9098.18000000,9444.00000000,8937.19000000,9377.30000000,2054.49650777
2019-08-02T00:00:00Z,9377.24000000,9605.00000000,9283.99000000,9469.85000000,2139.10933045
2019-08-03T00:00:00Z,9462.02000000,9800.00000000,9450.41000000,9731.48000000,1394.86022860
2019-08-04T00:00:00Z,9729.53000000,9947.08000000,9500.00000000,9858.24000000,1417.38957746
2019-08-05T00:00:00Z,9860.84000000,10649.99000000,9858.41000000,10486.24000000,3208.41735256
2019-08-06T00:00:00Z,10501.01000000,10980.00000000,9955.00000000,10219.99000000,3818.23051926
2019-08-07T00:00:00Z,10219.97000000,10811.80000000,10126.72000000,10652.54000000,3335.13995265
2019-08-08T00:00:00Z,10658.11000000,10780.00000000,10251.00000000,10708.65000000,1906.21200919
2019-08-09T00:00:00Z,10720.75000000,10760.44000000,10420.20000000,10582.48000000,1432.67362664
2019-08-10T00:00:00Z,10582.48000000,10689.00000000,10017.46000000,10090.94000000,1741.85049045
2019-08-11T00:00:00Z,10090.94000000,10390.77000000,9905.00000000,10306.01000000,947.12784452
2019-08-12T00:00:00Z,10314.46000000,10314.46000000,10050.51000000,10156.01000000,644.81614358
2019-08-13T00:00:00Z,10156.01000000,10204.12000000,9617.70000000,9725.10000000,2061.21832163
2019-08-14T00:00:00Z,9732.01000000,9732.01000000,8907.31000000,8998.51000000,2989.58617323
2019-08-15T00:00:00Z,9005.00000000,9424.82000000,8515.00000000,9287.79000000,4059.25954779
2019-08-16T00:00:00Z,9282.22000000,9518.86000000,8766.96000000,9349.75000000,2601.02307739
2019-08-17T00:00:00Z,9349.75000000,9449.00000000,9026.01000000,9211.57000000,883.99578174
2019-08-18T00:00:00Z,9211.56000000,9475.00000000,9090.19000000,9319.24000000,842.64140746
2019-08-19T00:00:00Z,9307.57000000,9867.53000000,9266.01000000,9862.31000000,1699.91780925
2019-08-20T00:00:00Z,9855.57000000,9902.34000000,9531.00000000,9700.00000000,1212.77418144
2019-08-21T00:00:00Z,9703.90000000,9747.11000000,8889.00000000,9134.84000000,2184.94265715
2019-08-22T00:00:00Z,9134.91000000,9247.87000000,8822.00000000,9132.93000000,1105.05501324
2019-08-23T00:00:00Z,9129.50000000,9437.47000000,9056.64000000,9343.56000000,1044.44627002
2019-08-24T00:00:00Z,9345.72000000,9364.27000000,8900.00000000,9108.52000000,959.13253102
2019-08-25T00:00:00Z,9100.34000000,9286.49000000,8922.14000000,9122.43000000,695.89046340
2019-08-26T00:00:00Z,9107.41000000,9575.00000000,9107.41000000,9338.66000000,1278.91399574
2019-08-27T00:00:00Z,9336.53000000,9348.00000000,9040.00000000,9185.94000000,897.57335224
2019-08-28T00:00:00Z,9190.60000000,9289.00000000,8601.01000000,8787.00000000,2255.64509146
2019-08-29T00:00:00Z,8786.95000000,8786.95000000,8433.98000000,8586.18000000,2030.66722486
2019-08-30T00:00:00Z,8586.18000000,8855.14000000,8476.28000000,8732.00000000,1330.28345535
2019-08-31T00:00:00Z,8729.74000000,8820.01000000,8618.00000000,8737.25000000,493.97581362
2019-09-01T00:00:00Z,8742.86000000,8967.35000000,8701.00000000,8898.05000000,561.31185263
2019-09-02T00:00:00Z,8899.98000000,9550.00000000,8886.25000000,9475.02000000,2239.86827429
2019-09-03T00:00:00Z,9475.11000000,9838.30000000,9380.00000000,9685.37000000,2315.69376777
2019-09-04T00:00:00Z,9684.84000000,9800.00000000,9420.00000000,9585.61000000,1665.59097958
2019-09-05T00:00:00Z,9585.59000000,9644.99000000,9459.00000000,9589.98000000,804.93499667
2019-09-06T00:00:00Z,9586.12000000,9900.00000000,9260.00000000,9360.02000000,2233.96713823
2019-09-07T00:00:00Z,9360.03000000,9585.97000000,9349.42000000,9511.32000000,561.43983697
2019-09-08T00:00:00Z,9511.32000000,9605.00000000,9304.00000000,9449.95000000,555.33546186
2019-09-09T00:00:00Z,9434.84000000,9545.23000000,9141.00000000,9343.77000000,1229.59883702
2019-09-10T00:00:00Z,9332.26000000,9407.00000000,9001.54000000,9139.73000000,1286.83963336
2019-09-11T00:00:00Z,9146.56000000,9300.00000000,8930.10000000,9236.48000000,1084.14369485
2019-09-12T00:00:00Z,9243.00000000,9480.00000000,9130.00000000,9444.80000000,1249.68208568
2019-09-13T00:00:00Z,9435.71000000,9449.00000000,9110.00000000,9350.85000000,942.67570895
2019-09-14T00:00:00Z,9350.86000000,9410.00000000,9217.24000000,9352.46000000,448.91507228
2019-09-15T00:00:00Z,9354.82000000,9369.83000000,9288.00000000,9300.00000000,354.19473677
2019-09-16T00:00:00Z,9300.00000000,9450.00000000,9174.00000000,9332.87000000,1035.30259858
2019-09-17T00:00:00Z,9330.05000000,9389.33000000,9190.00000000,9217.20000000,1029.29267467
2019-09-18T00:00:00Z,9217.14000000,9270.00000000,9149.33000000,9214.62000000,798.99576253
2019-09-19T00:00:00Z,9214.62000000,9433.74000000,8750.00000000,9304.31000000,2722.38873865
2019-09-20T00:00:00Z,9304.31000000,9339.93000000,9131.00000000,9239.28000000,695.53494427
2019-09-21T00:00:00Z,9236.73000000,9241.73000000,9020.00000000,9067.95000000,417.48359472
2019-09-22T00:00:00Z,9065.78000000,9161.81000000,8956.99000000,9124.32000000,484.68390291
2019-09-23T00:00:00Z,9122.01000000,9135.45000000,8759.00000000,8818.65000000,1445.59613816
2019-09-24T00:00:00Z,8821.81000000,9095.00000000,7500.00000000,7815.26000000,7220.48870661
2019-09-25T00:00:00Z,7814.93000000,7998.79000000,7482.02000000,7724.21000000,3099.64847595
2019-09-26T00:00:00Z,7722.06000000,7768.05000000,7085.00000000,7377.53000000,3697.19544451
2019-09-27T00:00:00Z,7381.41000000,7575.75000000,7155.08000000,7495.10000000,1831.90209237
2019-09-28T00:00:00Z,7495.10000000,7625.00000000,7343.56000000,7523.37000000,852.09695785
2019-09-29T00:00:00Z,7524.65000000,7535.53000000,7235.00000000,7380.30000000,876.50709618
2019-09-30T00:00:00Z,7380.30000000,7680.00000000,7067.12000000,7637.79000000,2113.75706247
2019-10-01T00:00:00Z,7630.53000000,7859.00000000,7538.71000000,7643.36000000,1903.07050378
2019-10-02T00:00:00Z,7631.62000000,7669.00000000,7476.17000000,7649.00000000,1319.88257751
2019-10-03T00:00:00Z,7648.63000000,7689.43000000,7361.00000000,7520.00000000,991.34336733
2019-10-04T00:00:00Z,7519.11000000,7519.90000000,7320.00000000,7429.36000000,708.73512475
2019-10-05T00:00:00Z,7430.00000000,7460.00000000,7319.00000000,7428.39000000,433.30668128
2019-10-06T00:00:00Z,7422.52000000,7448.89000000,7117.00000000,7168.28000000,976.59032394
2019-10-07T00:00:00Z,7168.28000000,7570.00000000,7100.00000000,7489.45000000,1405.19356582
2019-10-08T00:00:00Z,7493.30000000,7599.00000000,7391.01000000,7479.97000000,824.30001676
2019-10-09T00:00:00Z,7470.30000000,7920.00000000,7414.01000000,7833.99000000,1691.53953662
2019-10-10T00:00:00Z,7831.00000000,7869.42000000,7675.00000000,7815.65000000,947.09185700
2019-10-11T00:00:00Z,7815.63000000,8030.44000000,7461.13000000,7500.00000000,1141.48526068
2019-10-12T00:00:00Z,7495.00000000,7628.98000000,7490.27000000,7539.19000000,310.04102615
2019-10-13T00:00:00Z,7540.61000000,7685.00000000,7377.86000000,7527.01000000,632.50395267
2019-10-14T00:00:00Z,7525.50000000,7635.75000000,7470.00000000,7579.09000000,565.71067989
2019-10-15T00:00:00Z,7579.08000000,7633.37000000,7347.00000000,7400.26000000,819.68566279
2019-10-16T00:00:00Z,7400.50000000,7421.30000000,7165.21000000,7228.57000000,909.16238225
2019-10-17T00:00:00Z,7222.14000000,7311.36000000,7170.00000000,7269.08000000,939.35665241
2019-10-18T00:00:00Z,7269.00000000,7298.88000000,7024.75000000,7129.33000000,930.47915500
2019-10-19T00:00:00Z,7129.33000000,7253.94000000,7045.00000000,7125.14000000,553.89813930
2019-10-20T00:00:00Z,7126.28000000,7449.98000000,7070.00000000,7386.42000000,778.96763478
2019-10-21T00:00:00Z,7381.49000000,7494.80000000,7324.00000000,7377.28000000,776.72467460
2019-10-22T00:00:00Z,7377.29000000,7468.31000000,7202.01000000,7219.40000000,875.61432733
2019-10-23T00:00:00Z,7218.23000000,7249.28000000,6600.01000000,6726.53000000,2895.57372063
2019-10-24T00:00:00Z,6729.82000000,6769.99000000,6621.00000000,6700.01000000,1025.05877427
2019-10-25T00:00:00Z,6700.00000000,7949.18000000,6675.00000000,7810.59000000,3927.32358270
2019-10-26T00:00:00Z,7810.64000000,9430.00000000,7793.26000000,8313.89000000,4514.53236455
2019-10-27T00:00:00Z,8313.87000000,8826.54000000,8187.00000000,8580.35000000,2395.37423628
2019-10-28T00:00:00Z,8580.35000000,8890.44000000,8278.54000000,8300.00000000,1726.22368373
2019-10-29T00:00:00Z,8302.03000000,8614.05000000,8189.00000000,8493.11000000,1327.30645707
2019-10-30T00:00:00Z,8498.06000000,8498.20000000,8103.00000000,8220.02000000,1387.23338247
2019-10-31T00:00:00Z,8220.01000000,8457.76000000,8032.11000000,8221.47000000,1219.94533122
2019-11-01T00:00:00Z,8208.37000000,8335.00000000,8131.00000000,8298.54000000,890.18341475
2019-11-02T00:00:00Z,8298.54000000,8426.83000000,8264.00000000,8342.68000000,525.29354865
2019-11-03T00:00:00Z,8342.69000000,8400.00000000,8150.00000000,8250.36000000,626.46021495
2019-11-04T00:00:00Z,8257.83000000,8605.00000000,8180.00000000,8463.93000000,1020.02152740
2019-11-05T00:00:00Z,8459.86000000,8525.00000000,8248.85000000,8420.10000000,973.97777705
2019-11-06T00:00:00Z,8420.10000000,8524.00000000,8380.00000000,8448.94000000,637.95795680
2019-11-07T00:00:00Z,8450.06000000,8470.00000000,8218.65000000,8328.51000000,812.29063819
2019-11-08T00:00:00Z,8328.44000000,8369.70000000,7865.00000000,7970.20000000,1826.85671476
2019-11-09T00:00:00Z,7968.00000000,8065.72000000,7927.89000000,8003.00000000,409.05311635
2019-11-10T00:00:00Z,8002.40000000,8298.93000000,7960.00000000,8198.71000000,733.75959706
2019-11-11T00:00:00Z,8199.62000000,8237.25000000,7809.01000000,7910.99000000,1134.22521756
2019-11-12T00:00:00Z,7917.00000000,8066.00000000,7789.00000000,8003.00000000,1089.56413150
2019-11-13T00:00:00Z,8014.54000000,8028.50000000,7921.00000000,7967.81000000,547.77472422
2019-11-14T00:00:00Z,7967.80000000,7985.00000000,7746.91000000,7839.81000000,930.88697227
2019-11-15T00:00:00Z,7836.00000000,7964.00000000,7605.53000000,7662.90000000,1442.95558152
2019-11-16T00:00:00Z,7658.28000000,7730.00000000,7631.55000000,7683.68000000,357.20485583
2019-11-17T00:00:00Z,7683.67000000,7830.00000000,7581.13000000,7699.00000000,525.56898255
2019-11-18T00:00:00Z,7699.00000000,7703.36000000,7267.01000000,7390.00000000,1481.61491121
2019-11-19T00:00:00Z,7390.00000000,7421.59000000,7227.31000000,7333.72000000,1108.08035128
2019-11-20T00:00:00Z,7337.97000000,7500.00000000,7265.06000000,7293.64000000,1031.98705049
2019-11-21T00:00:00Z,7293.64000000,7330.00000000,6700.00000000,6896.76000000,2417.31400977
2019-11-22T00:00:00Z,6896.76000000,7022.51000000,6153.00000000,6628.17000000,4834.28547585
2019-11-23T00:00:00Z,6623.65000000,6691.16000000,6460.27000000,6663.11000000,863.98627712
2019-11-24T00:00:00Z,6662.53000000,6682.21000000,6245.09000000,6290.32000000,1267.41969885
2019-11-25T00:00:00Z,6280.00000000,6726.36000000,5929.82000000,6481.54000000,3378.71168883
2019-11-26T00:00:00Z,6472.68000000,6679.84000000,6381.00000000,6510.16000000,1309.10113029
2019-11-27T00:00:00Z,6516.22000000,6986.90000000,6230.01000000,6848.17000000,2954.84803289
2019-11-28T00:00:00Z,6846.50000000,6995.86000000,6681.92000000,6762.12000000,1637.70456822
2019-11-29T00:00:00Z,6761.85000000,7200.00000000,6751.68000000,7047.74000000,1424.10726025
2019-11-30T00:00:00Z,7043.39000000,7118.99000000,6778.00000000,6874.06000000,971.86011950
2019-12-01T00:00:00Z,6869.69000000,6877.69000000,6589.00000000,6734.21000000,1022.65201197
2019-12-02T00:00:00Z,6732.99000000,6741.87000000,6513.97000000,6600.01000000,1270.55567493
2019-12-03T00:00:00Z,6600.00000000,6687.87000000,6527.55000000,6592.32000000,809.35372597
2019-12-04T00:00:00Z,6592.64000000,7029.00000000,6402.00000000,6497.52000000,2375.64126194
2019-12-05T00:00:00Z,6494.08000000,6750.00000000,6465.00000000,6668.10000000,1287.82323382
2019-12-06T00:00:00Z,6668.11000000,6889.99000000,6592.97000000,6832.54000000,1153.45784874
2019-12-07T00:00:00Z,6825.01000000,6890.18000000,6770.10000000,6792.70000000,492.43219328
2019-12-08T00:00:00Z,6787.66000000,6864.67000000,6689.98000000,6809.48000000,448.81334962
2019-12-09T00:00:00Z,6808.15000000,6911.00000000,6582.00000000,6638.60000000,1450.11971014
2019-12-10T00:00:00Z,6631.42000000,6689.69000000,6469.85000000,6522.25000000,895.63407165
2019-12-11T00:00:00Z,6521.53000000,6561.70000000,6433.75000000,6475.13000000,830.61736249
2019-12-12T00:00:00Z,6473.91000000,6550.00000000,6355.46000000,6433.17000000,970.05164831
2019-12-13T00:00:00Z,6430.72000000,6565.60000000,6430.72000000,6521.47000000,876.61513061
2019-12-14T00:00:00Z,6521.47000000,6539.21000000,6311.00000000,6366.50000000,731.10476775
2019-12-15T00:00:00Z,6361.96000000,6472.82000000,6312.62000000,6397.66000000,626.37268967
2019-12-16T00:00:00Z,6398.35000000,6406.01000000,6134.54000000,6179.91000000,1698.76908847
2019-12-17T00:00:00Z,6176.46000000,6219.98000000,5902.70000000,5946.96000000,2013.71946935
2019-12-18T00:00:00Z,5946.96000000,6715.00000000,5810.00000000,6559.74000000,3103.45850804
2019-12-19T00:00:00Z,6556.97000000,6639.69000000,6319.63000000,6430.22000000,1331.29400127
2019-12-20T00:00:00Z,6430.21000000,6525.00000000,6375.00000000,6492.48000000,1125.16402992
2019-12-21T00:00:00Z,6495.69000000,6497.11000000,6426.63000000,6456.48000000,425.24018452
2019-12-22T00:00:00Z,6451.46000000,6793.98000000,6440.00000000,6780.54000000,1216.22712516
2019-12-23T00:00:00Z,6788.13000000,6943.13000000,6555.00000000,6602.95000000,1654.52114842
2019-12-24T00:00:00Z,6600.00000000,6713.83000000,6460.41000000,6550.00000000,949.37954955
2019-12-25T00:00:00Z,6544.21000000,6559.14000000,6420.01000000,6492.23000000,719.64817168
2019-12-26T00:00:00Z,6492.22000000,6694.43000000,6450.00000000,6489.03000000,702.02877438
2019-12-27T00:00:00Z,6486.00000000,6504.34000000,6354.84000000,6493.17000000,988.47457448
2019-12-28T00:00:00Z,6492.45000000,6588.00000000,6478.41000000,6547.78000000,540.57725888
2019-12-29T00:00:00Z,6541.82000000,6730.00000000,6521.84000000,6614.79000000,702.54497075
2019-12-30T00:00:00Z,6609.80000000,6614.79000000,6440.01000000,6473.32000000,1037.83974706
2019-12-31T00:00:00Z,6473.32000000,6533.10000000,6337.64000000,6405.00000000,1048.31730363
2020-01-01T00:00:00Z,6400.02000000,6471.44000000,6388.91000000,6410.22000000,491.94797816
2020-01-02T00:00:00Z,6410.23000000,6412.98000000,6191.61000000,6220.61000000,1206.60837547
2020-01-03T00:00:00Z,6225.11000000,6624.00000000,6147.00000000,6572.00000000,1580.63063031
2020-01-04T00:00:00Z,6571.00000000,6629.00000000,6518.12000000,6590.96000000,635.84480287
2020-01-05T00:00:00Z,6590.00000000,6699.99000000,6557.03000000,6596.23000000,938.47672962
2020-01-06T00:00:00Z,6590.53000000,6975.00000000,6582.70000000,6935.70000000,1612.05483024
2020-01-07T00:00:00Z,6940.99000000,7377.73000000,6935.91000000,7326.47000000,3099.47645344
2020-01-08T00:00:00Z,7326.47000000,7590.00000000,7051.84000000,7240.42000000,3211.87779579
2020-01-09T00:00:00Z,7240.74000000,7244.62000000,6985.00000000,7047.02000000,1363.76780138
2020-01-10T00:00:00Z,7047.01000000,7371.52000000,6911.22000000,7369.65000000,1835.96989392
2020-01-11T00:00:00Z,7368.61000000,7448.00000000,7200.00000000,7216.79000000,1120.73950133
2020-01-12T00:00:00Z,7221.50000000,7372.59000000,7168.07000000,7359.94000000,604.28514272
2020-01-13T00:00:00Z,7360.42000000,7374.96000000,7241.01000000,7290.00000000,741.84341906
2020-01-14T00:00:00Z,7290.00000000,7982.03000000,7290.00000000,7949.54000000,3724.03531650
2020-01-15T00:00:00Z,7928.40000000,7990.32000000,7700.00000000,7906.61000000,2003.61029136
2020-01-16T00:00:00Z,7898.90000000,7930.00000000,7701.22000000,7829.99000000,1390.40945087
2020-01-17T00:00:00Z,7826.61000000,8110.99000000,7784.40000000,8028.76000000,1926.21646588
2020-01-18T00:00:00Z,8021.24000000,8091.56000000,7951.64000000,8040.00000000,615.72193990
2020-01-19T00:00:00Z,8040.00000000,8277.77000000,7635.81000000,7860.29000000,2062.63567723
2020-01-20T00:00:00Z,7852.46000000,7880.89000000,7684.00000000,7782.00000000,1605.72063522
2020-01-21T00:00:00Z,7782.00000000,7916.36000000,7600.00000000,7878.01000000,1185.09655635
2020-01-22T00:00:00Z,7878.66000000,7940.00000000,7738.00000000,7826.36000000,801.25615850
2020-01-23T00:00:00Z,7820.37000000,7829.99000000,7480.01000000,7601.56000000,1455.40939496
2020-01-24T00:00:00Z,7600.97000000,7720.76000000,7457.77000000,7652.59000000,1131.03964490
2020-01-25T00:00:00Z,7651.86000000,7657.03000000,7502.16000000,7568.59000000,480.59971799
2020-01-26T00:00:00Z,7568.58000000,7800.00000000,7527.19000000,7798.86000000,787.20030628
2020-01-27T00:00:00Z,7798.89000000,8149.00000000,7756.07000000,8074.31000000,1976.23547505
2020-01-28T00:00:00Z,8075.69000000,8530.64000000,8067.68000000,8510.00000000,2738.95833564
2020-01-29T00:00:00Z,8501.23000000,8584.37000000,8365.00000000,8433.90000000,1945.20158240
2020-01-30T00:00:00Z,8433.90000000,8679.90000000,8334.00000000,8622.83000000,1668.83445254
2020-01-31T00:00:00Z,8616.56000000,8640.00000000,8321.02000000,8410.71000000,1364.12618619
2020-02-01T00:00:00Z,8418.95000000,8524.78000000,8375.18000000,8454.09000000,775.53931667
2020-02-02T00:00:00Z,8454.05000000,8538.00000000,8260.00000000,8412.45000000,850.19349885
2020-02-03T00:00:00Z,8421.65000000,8668.74000000,8338.03000000,8402.36000000,1385.76941096
2020-02-04T00:00:00Z,8400.79000000,8450.00000000,8217.00000000,8299.54000000,1446.01220964
2020-02-05T00:00:00Z,8294.49000000,8880.00000000,8285.62000000,8741.73000000,2377.57800900
2020-02-06T00:00:00Z,8745.33000000,8969.99000000,8670.00000000,8900.72000000,1649.61437421
2020-02-07T00:00:00Z,8902.12000000,9029.99000000,8871.15000000,8964.18000000,1339.29803487
2020-02-08T00:00:00Z,8964.18000000,9085.00000000,8835.00000000,9060.73000000,905.61462356
2020-02-09T00:00:00Z,9065.74000000,9297.99000000,9033.84000000,9283.65000000,1414.01597392
2020-02-10T00:00:00Z,9280.44000000,9316.66000000,8914.59000000,9038.01000000,2230.42981003
2020-02-11T00:00:00Z,9038.00000000,9485.00000000,8905.00000000,9419.90000000,2270.83394992
2020-02-12T00:00:00Z,9419.91000000,9620.00000000,9400.01000000,9532.59000000,1788.95044094
2020-02-13T00:00:00Z,9529.44000000,9700.00000000,9282.09000000,9458.31000000,2246.62502593
2020-02-14T00:00:00Z,9457.45000000,9589.99000000,9340.00000000,9577.01000000,1257.79793501
2020-02-15T00:00:00Z,9574.65000000,9597.00000000,9069.69000000,9159.98000000,1495.25269257
2020-02-16T00:00:00Z,9158.71000000,9301.60000000,8841.24000000,9149.15000000,1361.13364766
2020-02-17T00:00:00Z,9142.80000000,9196.40000000,8734.68000000,8984.36000000,2223.94945124
2020-02-18T00:00:00Z,8984.36000000,9530.00000000,8914.11000000,9447.02000000,2648.29797602
2020-02-19T00:00:00Z,9448.72000000,9540.00000000,8655.00000000,8900.00000000,2320.43517300
2020-02-20T00:00:00Z,8897.36000000,8999.98000000,8753.30000000,8911.44000000,1786.72791668
2020-02-21T00:00:00Z,8911.18000000,9068.99000000,8842.41000000,8950.32000000,1146.33686306
2020-02-22T00:00:00Z,8956.53000000,8977.97000000,8844.00000000,8921.95000000,356.71332543
2020-02-23T00:00:00Z,8922.66000000,9235.00000000,8913.86000000,9190.36000000,1053.40496070
2020-02-24T00:00:00Z,9190.36000000,9227.27000000,8742.12000000,8916.08000000,1232.47507396
2020-02-25T00:00:00Z,8918.58000000,8950.89000000,8501.10000000,8561.00000000,1566.28959855
2020-02-26T00:00:00Z,8558.69000000,8628.80000000,7925.89000000,8077.10000000,3569.40986306
2020-02-27T00:00:00Z,8076.27000000,8193.93000000,7840.00000000,8028.63000000,2659.32675442
2020-02-28T00:00:00Z,8023.85000000,8112.26000000,7676.00000000,7887.39000000,2319.81322361
2020-02-29T00:00:00Z,7886.09000000,7986.90000000,7755.00000000,7755.00000000,793.22060806
2020-03-01T00:00:00Z,7755.00000000,7947.26000000,7634.00000000,7724.02000000,1029.58118573
2020-03-02T00:00:00Z,7720.48000000,8084.36000000,7685.96000000,8024.72000000,1909.33699927
2020-03-03T00:00:00Z,8026.59000000,8038.86000000,7760.60000000,7845.98000000,1554.29277041
2020-03-04T00:00:00Z,7845.99000000,7933.49000000,7813.61000000,7880.09000000,1038.00193736
2020-03-05T00:00:00Z,7880.18000000,8215.41000000,7879.64000000,8105.06000000,2219.16996437
2020-03-06T00:00:00Z,8103.99000000,8159.99000000,7993.36000000,8119.98000000,1123.30544976
2020-03-07T00:00:00Z,8118.65000000,8166.45000000,7853.36000000,7891.71000000,883.42354196
2020-03-08T00:00:00Z,7890.00000000,7891.39000000,7043.95000000,7078.28000000,2924.44232605
2020-03-09T00:00:00Z,7068.81000000,7220.55000000,6558.00000000,6933.24000000,4820.25797157
2020-03-10T00:00:00Z,6926.15000000,7215.19000000,6814.10000000,6971.61000000,3204.66014626
2020-03-11T00:00:00Z,6972.53000000,7093.53000000,6724.42000000,7066.01000000,2085.06252254
2020-03-12T00:00:00Z,7066.01000000,7066.01000000,4250.00000000,4424.91000000,11339.50864934
2020-03-13T00:00:00Z,4468.92000000,5640.00000000,3589.00000000,5148.95000000,19540.71259750
2020-03-14T00:00:00Z,5116.76000000,5148.46000000,4571.89000000,4707.26000000,3825.02750580
2020-03-15T00:00:00Z,4706.37000000,5395.00000000,4632.48000000,4826.97000000,4353.06808279
2020-03-16T00:00:00Z,4826.83000000,4848.34000000,4024.00000000,4527.95000000,11095.55709777
2020-03-17T00:00:00Z,4528.13000000,5075.00000000,4428.02000000,4880.00000000,6488.58221341
2020-03-18T00:00:00Z,4871.01000000,5000.00000000,4591.89000000,4950.69000000,5505.19440729
2020-03-19T00:00:00Z,4954.80000000,6071.85000000,4850.00000000,5831.10000000,10379.69284265
2020-03-20T00:00:00Z,5831.75000000,6500.00000000,5220.50000000,5821.54000000,10690.63089321
2020-03-21T00:00:00Z,5821.54000000,6074.75000000,5500.00000000,5819.74000000,3282.40199783
2020-03-22T00:00:00Z,5823.31000000,6006.56000000,5406.13000000,5469.44000000,3275.39332642
2020-03-23T00:00:00Z,5475.94000000,6148.00000000,5350.00000000,6046.47000000,5676.87605314
2020-03-24T00:00:00Z,6044.96000000,6360.00000000,5926.29000000,6280.07000000,5737.78880567
2020-03-25T00:00:00Z,6275.02000000,6463.00000000,6010.61000000,6165.65000000,4706.04511739
2020-03-26T00:00:00Z,6163.46000000,6248.39000000,5966.04000000,6136.83000000,2737.76056195
2020-03-27T00:00:00Z,6127.73000000,6230.00000000,5667.50000000,5749.00000000,2567.74015882
2020-03-28T00:00:00Z,5751.39000000,5751.39000000,5431.47000000,5632.57000000,4369.00298505
2020-03-29T00:00:00Z,5632.39000000,5650.00000000,5284.00000000,5284.00000000,2463.47048827
2020-03-30T00:00:00Z,5284.00000000,5998.00000000,5276.00000000,5805.92000000,3463.31081318
2020-03-31T00:00:00Z,5807.65000000,5946.23000000,5805.52000000,5840.99000000,2027.90064289
2020-04-01T00:00:00Z,5836.28000000,6134.43000000,5650.00000000,6074.65000000,2614.01392279
2020-04-02T00:00:00Z,6089.00000000,6650.00000000,6012.43000000,6233.82000000,5594.74317529
2020-04-03T00:00:00Z,6237.42000000,6524.93000000,6139.90000000,6246.70000000,3231.98986850
2020-04-04T00:00:00Z,6243.61000000,6480.00000000,6180.00000000,6368.28000000,1845.02102961
2020-04-05T00:00:00Z,6369.40000000,6396.44000000,6205.10000000,6287.35000000,1271.82682389
2020-04-06T00:00:00Z,6277.27000000,6817.99000000,6271.54000000,6799.01000000,4337.69449641
2020-04-07T00:00:00Z,6805.08000000,6907.82000000,6500.00000000,6610.21000000,3851.43612544
2020-04-08T00:00:00Z,6610.21000000,6833.92000000,6580.38000000,6792.35000000,1902.90578475
2020-04-09T00:00:00Z,6782.48000000,6795.73000000,6566.00000000,6686.65000000,1768.18285550
2020-04-10T00:00:00Z,6685.46000000,6698.46000000,6169.43000000,6298.00000000,3210.50630784
2020-04-11T00:00:00Z,6291.01000000,6370.00000000,6206.84000000,6310.43000000,1054.45346717
2020-04-12T00:00:00Z,6316.22000000,6606.98000000,6226.01000000,6326.79000000,1824.53743652
2020-04-13T00:00:00Z,6326.79000000,6332.05000000,6050.00000000,6289.90000000,2656.99923315
2020-04-14T00:00:00Z,6284.30000000,6394.00000000,6214.01000000,6275.42000000,2013.25972740
2020-04-15T00:00:00Z,6269.20000000,6328.28000000,6063.93000000,6081.42000000,2024.65197409
2020-04-16T00:00:00Z,6081.38000000,6643.90000000,5953.57000000,6543.49000000,3888.60980929
2020-04-17T00:00:00Z,6536.91000000,6599.99000000,6449.04000000,6484.42000000,1834.98678108
2020-04-18T00:00:00Z,6481.59000000,6715.00000000,6466.65000000,6674.22000000,1575.53714564
2020-04-19T00:00:00Z,6674.25000000,6691.19000000,6520.00000000,6567.52000000,1288.15657512
2020-04-20T00:00:00Z,6564.01000000,6647.07000000,6246.01000000,6307.00000000,2986.42226888
2020-04-21T00:00:00Z,6305.00000000,6422.00000000,6271.25000000,6327.35000000,2086.42467686
2020-04-22T00:00:00Z,6326.08000000,6621.54000000,6302.86000000,6589.99000000,2152.03771492
2020-04-23T00:00:00Z,6589.99000000,7120.00000000,6501.00000000,6907.38000000,4070.22076240
2020-04-24T00:00:00Z,6893.27000000,7050.00000000,6819.64000000,6948.41000000,2054.97385862
2020-04-25T00:00:00Z,6954.80000000,7150.00000000,6891.23000000,6994.55000000,1412.07047938
2020-04-26T00:00:00Z,6990.74000000,7143.99000000,6975.00000000,7124.99000000,1555.34676315
2020-04-27T00:00:00Z,7125.00000000,7213.00000000,7061.59000000,7207.17000000,2340.88349180
2020-04-28T00:00:00Z,7201.98000000,7210.00000000,7107.63000000,7180.00000000,1976.05276269
2020-04-29T00:00:00Z,7179.11000000,8279.98000000,7134.95000000,8073.94000000,9793.19895023
2020-04-30T00:00:00Z,8074.78000000,8745.00000000,7680.45000000,7903.39000000,11143.65186219
2020-05-01T00:00:00Z,7894.65000000,8295.00000000,7890.05000000,8042.82000000,3419.75527372
2020-05-02T00:00:00Z,8035.83000000,8208.42000000,7985.55000000,8178.48000000,1970.49414884
2020-05-03T00:00:00Z,8178.50000000,8369.63000000,7976.82000000,8145.55000000,3210.45684716
2020-05-04T00:00:00Z,8145.55000000,8230.00000000,7815.00000000,8147.24000000,3311.01849497
2020-05-05T00:00:00Z,8154.32000000,8385.96000000,8100.00000000,8338.31000000,2958.14332087
2020-05-06T00:00:00Z,8331.98000000,8722.00000000,8242.73000000,8497.06000000,4444.62676837
2020-05-07T00:00:00Z,8487.03000000,9252.02000000,8377.39000000,9213.24000000,6540.32020656
2020-05-08T00:00:00Z,9207.16000000,9254.00000000,8980.00000000,9065.02000000,3984.41251299
2020-05-09T00:00:00Z,9068.58000000,9159.48000000,8784.79000000,8815.83000000,3428.24500518
2020-05-10T00:00:00Z,8803.41000000,8832.64000000,7620.00000000,8077.77000000,9507.52907930
2020-05-11T00:00:00Z,8069.70000000,8520.00000000,7605.88000000,7941.68000000,8388.66714968
2020-05-12T00:00:00Z,7942.92000000,8290.00000000,7913.20000000,8146.33000000,2894.88497455
2020-05-13T00:00:00Z,8146.90000000,8718.40000000,8137.94000000,8616.14000000,3405.77182639
2020-05-14T00:00:00Z,8614.32000000,9200.00000000,8581.38000000,9043.80000000,5749.52372347
2020-05-15T00:00:00Z,9038.31000000,9090.03000000,8451.00000000,8601.95000000,4312.07186011
2020-05-16T00:00:00Z,8611.38000000,8850.72000000,8525.00000000,8687.37000000,1400.80404739
2020-05-17T00:00:00Z,8680.02000000,9076.25000000,8633.24000000,8930.59000000,2351.52975777
2020-05-18T00:00:00Z,8930.59000000,9128.00000000,8750.00000000,8914.37000000,2725.87380496
2020-05-19T00:00:00Z,8912.13000000,9030.00000000,8694.92000000,8952.02000000,2282.69801420
2020-05-20T00:00:00Z,8952.02000000,8998.15000000,8543.00000000,8683.94000000,2859.28854470
2020-05-21T00:00:00Z,8680.51000000,8735.34000000,8039.23000000,8281.31000000,4562.33669434
2020-05-22T00:00:00Z,8288.84000000,8510.00000000,8188.07000000,8418.58000000,2253.55605035
2020-05-23T00:00:00Z,8418.67000000,8537.00000000,8302.60000000,8424.39000000,1173.16254911
2020-05-24T00:00:00Z,8420.20000000,8530.00000000,7980.00000000,7999.18000000,2440.83438076
2020-05-25T00:00:00Z,7999.96000000,8250.00000000,7928.00000000,8165.68000000,2462.24947499
2020-05-26T00:00:00Z,8169.43000000,8256.82000000,7936.08000000,8069.49000000,1916.54713150
2020-05-27T00:00:00Z,8064.07000000,8419.00000000,8053.45000000,8355.56000000,2448.36354589
2020-05-28T00:00:00Z,8356.99000000,8669.00000000,8280.00000000,8628.61000000,2361.97340779
2020-05-29T00:00:00Z,8629.29000000,8656.96000000,8392.64000000,8501.56000000,1647.20201518
2020-05-30T00:00:00Z,8502.89000000,8730.00000000,8410.00000000,8699.63000000,1473.41700974
2020-05-31T00:00:00Z,8699.63000000,8702.11000000,8450.00000000,8505.18000000,1020.63799866
2020-06-01T00:00:00Z,8505.35000000,9200.00000000,8479.28000000,9046.72000000,2873.63414921
2020-06-02T00:00:00Z,9033.86000000,9121.87000000,8302.03000000,8522.39000000,5737.04952595
2020-06-03T00:00:00Z,8521.42000000,8635.35000000,8403.00000000,8601.00000000,1964.03200175
2020-06-04T00:00:00Z,8601.00000000,8718.00000000,8459.00000000,8647.95000000,2151.27142594
2020-06-05T00:00:00Z,8653.76000000,8703.00000000,8502.00000000,8542.49000000,1735.42051991
2020-06-06T00:00:00Z,8538.99000000,8634.56000000,8471.00000000,8578.67000000,890.87197054
2020-06-07T00:00:00Z,8578.47000000,8684.00000000,8343.00000000,8622.56000000,1579.29784079
2020-06-08T00:00:00Z,8625.31000000,8679.99000000,8531.00000000,8658.13000000,1150.50971820
2020-06-09T00:00:00Z,8658.80000000,8729.00000000,8475.00000000,8629.48000000,1603.76934681
2020-06-10T00:00:00Z,8630.05000000,8764.24000000,8558.65000000,8708.00000000,1896.91345081
2020-06-11T00:00:00Z,8710.68000000,8749.99000000,8029.33000000,8216.20000000,4176.34177467
2020-06-12T00:00:00Z,8216.20000000,8460.00000000,8185.75000000,8413.07000000,1571.53360232
2020-06-13T00:00:00Z,8413.06000000,8431.93000000,8314.00000000,8412.82000000,575.64336819
2020-06-14T00:00:00Z,8415.00000000,8417.00000000,8225.00000000,8296.99000000,826.29198286
2020-06-15T00:00:00Z,8296.49000000,8390.10000000,7917.80000000,8323.09000000,3115.40808260
2020-06-16T00:00:00Z,8323.10000000,8499.99000000,8281.23000000,8462.52000000,1487.45624681
2020-06-17T00:00:00Z,8464.67000000,8512.00000000,8225.00000000,8425.67000000,1257.93133325
2020-06-18T00:00:00Z,8423.00000000,8429.00000000,8275.00000000,8372.15000000,999.71100969
2020-06-19T00:00:00Z,8371.44000000,8405.37000000,8239.69000000,8331.45000000,1013.67428580
2020-06-20T00:00:00Z,8329.64000000,8395.00000000,8193.08000000,8369.18000000,786.74991056
2020-06-21T00:00:00Z,8372.89000000,8410.00000000,8301.00000000,8310.70000000,557.82983261
2020-06-22T00:00:00Z,8304.78000000,8670.00000000,8300.00000000,8574.92000000,1903.34354780
2020-06-23T00:00:00Z,8574.38000000,8599.99000000,8481.71000000,8513.40000000,1229.02867605
2020-06-24T00:00:00Z,8514.88000000,8548.57000000,8177.87000000,8266.67000000,2101.32291235
2020-06-25T00:00:00Z,8266.67000000,8333.11000000,8025.00000000,8246.71000000,1745.06034501
2020-06-26T00:00:00Z,8246.00000000,8293.34000000,8085.00000000,8178.05000000,1423.89893066
2020-06-27T00:00:00Z,8178.15000000,8211.68000000,7923.00000000,8053.80000000,1304.72288658
2020-06-28T00:00:00Z,8051.80000000,8199.00000000,7990.29000000,8138.90000000,860.00255035
2020-06-29T00:00:00Z,8134.74000000,8205.00000000,8016.02000000,8165.07000000,1415.62836686
2020-06-30T00:00:00Z,8165.13000000,8195.00000000,8090.00000000,8138.84000000,1070.29250053
2020-07-01T00:00:00Z,8138.42000000,8268.99000000,8101.90000000,8217.76000000,1084.33536798
2020-07-02T00:00:00Z,8215.05000000,8241.79000000,7990.00000000,8107.77000000,1545.15204584
2020-07-03T00:00:00Z,8107.94000000,8148.06000000,8059.97000000,8063.92000000,962.78029411
2020-07-04T00:00:00Z,8060.59000000,8162.57000000,8048.03000000,8123.37000000,716.09876769
2020-07-05T00:00:00Z,8115.06000000,8128.49000000,7950.00000000,8073.41000000,824.46941998
2020-07-06T00:00:00Z,8069.23000000,8275.00000000,8044.30000000,8245.95000000,1530.48688316
2020-07-07T00:00:00Z,8247.65000000,8277.00000000,8178.00000000,8220.67000000,938.49579656
2020-07-08T00:00:00Z,8218.41000000,8365.00000000,8196.13000000,8325.26000000,1410.00629336
2020-07-09T00:00:00Z,8326.00000000,8333.93000000,8119.07000000,8191.90000000,1196.59118727
2020-07-10T00:00:00Z,8191.42000000,8247.00000000,8111.36000000,8232.60000000,884.17527786
2020-07-11T00:00:00Z,8234.26000000,8240.00000000,8142.02000000,8196.66000000,457.65564247
2020-07-12T00:00:00Z,8193.09000000,8283.33000000,8128.91000000,8242.19000000,689.87927102
2020-07-13T00:00:00Z,8245.07000000,8257.27000000,8124.40000000,8161.39000000,1146.78171886
2020-07-14T00:00:00Z,8160.16000000,8166.19000000,8040.02000000,8124.91000000,1175.49189828
2020-07-15T00:00:00Z,8124.93000000,8134.99000000,8037.12000000,8046.96000000,1176.95147499
2020-07-16T00:00:00Z,8046.95000000,8079.96000000,7950.49000000,8025.17000000,1522.11632374
2020-07-17T00:00:00Z,8025.61000000,8049.99000000,7984.83000000,8025.44000000,781.08699683
2020-07-18T00:00:00Z,8026.64000000,8068.93000000,7996.59000000,8041.31000000,358.36819589
2020-07-19T00:00:00Z,8042.64000000,8078.17000000,7986.06000000,8070.74000000,440.10211153
2020-07-20T00:00:00Z,8070.74000000,8071.09000000,7992.10000000,8016.90000000,827.85865632
2020-07-21T00:00:00Z,8014.25000000,8250.00000000,8013.00000000,8155.50000000,1355.16355748
2020-07-22T00:00:00Z,8156.76000000,8250.99000000,8057.01000000,8238.04000000,1107.30866277
2020-07-23T00:00:00Z,8236.04000000,8327.07000000,8170.00000000,8299.99000000,1436.68096427
2020-07-24T00:00:00Z,8299.00000000,8300.00000000,8171.41000000,8214.27000000,905.16957110
2020-07-25T00:00:00Z,8214.27000000,8366.00000000,8202.93000000,8344.21000000,825.40793165
2020-07-26T00:00:00Z,8342.44000000,8688.98000000,8300.00000000,8510.00000000,1827.41445713
2020-07-27T00:00:00Z,8507.38000000,9675.20000000,8500.00000000,9216.48000000,6518.17634701
2020-07-28T00:00:00Z,9216.29000000,9564.20000000,8901.00000000,9333.10000000,4105.54293580
2020-07-29T00:00:00Z,9330.54000000,9621.00000000,9266.11000000,9440.00000000,2687.58059487
2020-07-30T00:00:00Z,9434.19000000,9462.49000000,9222.21000000,9381.07000000,2169.62598301
2020-07-31T00:00:00Z,9381.06000000,9719.89000000,9260.00000000,9644.27000000,2199.80403800
2020-08-01T00:00:00Z,9645.37000000,10081.93000000,9553.00000000,10030.98000000,2950.99998533
2020-08-02T00:00:00Z,10030.97000000,10280.00000000,9060.00000000,9395.41000000,3891.03511817
2020-08-03T00:00:00Z,9399.92000000,9782.51000000,9281.00000000,9562.46000000,1988.06838917
2020-08-04T00:00:00Z,9562.45000000,9718.00000000,9411.29000000,9499.83000000,1833.66065366
2020-08-05T00:00:00Z,9499.65000000,9942.00000000,9411.41000000,9903.12000000,2416.03029331
2020-08-06T00:00:00Z,9902.85000000,10065.62000000,9752.69000000,9928.59000000,2154.96374714
2020-08-07T00:00:00Z,9928.59000000,10065.61000000,9627.00000000,9857.77000000,1926.86309572
2020-08-08T00:00:00Z,9855.36000000,10025.00000000,9788.79000000,9982.49000000,775.88289981
2020-08-09T00:00:00Z,9976.13000000,10003.36000000,9798.00000000,9933.56000000,803.75162159
2020-08-10T00:00:00Z,9935.15000000,10221.66000000,9800.00000000,10138.48000000,2301.68133979
2020-08-11T00:00:00Z,10139.92000000,10169.92000000,9501.00000000,9725.26000000,2793.37241640
2020-08-12T00:00:00Z,9725.83000000,9869.90000000,9533.26000000,9831.60000000,1716.61639279
2020-08-13T00:00:00Z,9830.86000000,9987.00000000,9563.00000000,9969.00000000,1844.18968674
2020-08-14T00:00:00Z,9969.00000000,10041.00000000,9878.28000000,9956.24000000,1472.74540237
2020-08-15T00:00:00Z,9955.40000000,10110.95000000,9901.29000000,10015.01000000,1148.67239125
2020-08-16T00:00:00Z,10012.96000000,10075.65000000,9890.00000000,10058.99000000,896.80377373
2020-08-17T00:00:00Z,10059.00000000,10497.00000000,9930.00000000,10357.00000000,2857.70867506
2020-08-18T00:00:00Z,10356.36000000,10436.46000000,9955.00000000,10025.68000000,2297.29740207
2020-08-19T00:00:00Z,10028.76000000,10074.15000000,9751.00000000,9949.73000000,2159.15723188
2020-08-20T00:00:00Z,9956.79000000,10049.00000000,9880.00000000,10004.42000000,1348.08130094
2020-08-21T00:00:00Z,10004.54000000,10040.29000000,9775.00000000,9798.86000000,1460.91824252
2020-08-22T00:00:00Z,9798.79000000,9925.00000000,9681.26000000,9910.25000000,844.45826907
2020-08-23T00:00:00Z,9907.59000000,9951.62000000,9800.00000000,9891.25000000,565.62677417
2020-08-24T00:00:00Z,9891.25000000,10010.00000000,9847.36000000,9984.11000000,940.60299079
2020-08-25T00:00:00Z,9982.86000000,9997.71000000,9426.47000000,9594.51000000,2250.59065160
2020-08-26T00:00:00Z,9597.44000000,9749.99000000,9535.00000000,9686.86000000,1401.06521749
2020-08-27T00:00:00Z,9683.75000000,9783.94000000,9428.46000000,9600.00000000,1396.68172095
2020-08-28T00:00:00Z,9600.00000000,9724.92000000,9563.00000000,9709.01000000,1054.32138338
2020-08-29T00:00:00Z,9708.92000000,9754.00000000,9633.84000000,9662.88000000,537.56765571
2020-08-30T00:00:00Z,9660.00000000,9839.24000000,9657.27000000,9835.27000000,726.65462010
2020-08-31T00:00:00Z,9831.58000000,9869.99000000,9735.00000000,9773.12000000,1101.61224085
2020-09-01T00:00:00Z,9773.38000000,10100.00000000,9660.42000000,9995.33000000,1825.04383795
2020-09-02T00:00:00Z,9995.00000000,10022.52000000,9459.00000000,9646.33000000,2303.86705925
2020-09-03T00:00:00Z,9645.19000000,9720.00000000,8510.00000000,8630.00000000,4336.35914197
2020-09-04T00:00:00Z,8637.57000000,8990.00000000,8427.54000000,8873.08000000,3654.04589256
2020-09-05T00:00:00Z,8870.66000000,8938.98000000,8355.79000000,8604.25000000,2157.00438051
2020-09-06T00:00:00Z,8601.30000000,8761.80000000,8461.00000000,8676.90000000,1267.17809779
2020-09-07T00:00:00Z,8677.45000000,8823.63000000,8373.14000000,8803.32000000,2099.18731787
2020-09-08T00:00:00Z,8803.17000000,8840.63000000,8386.57000000,8616.24000000,2183.29955034
2020-09-09T00:00:00Z,8616.32000000,8780.53000000,8486.13000000,8674.03000000,1415.07741485
2020-09-10T00:00:00Z,8668.37000000,8834.47000000,8668.37000000,8767.32000000,1613.79504611
2020-09-11T00:00:00Z,8766.59000000,8791.91000000,8642.74000000,8785.77000000,1086.94060033
2020-09-12T00:00:00Z,8787.68000000,8863.96000000,8702.80000000,8824.23000000,450.69737634
2020-09-13T00:00:00Z,8827.77000000,8945.16000000,8650.00000000,8748.00000000,706.43381507
2020-09-14T00:00:00Z,8749.00000000,9071.14000000,8688.03000000,9014.38000000,1559.98493937
2020-09-15T00:00:00Z,9009.78000000,9223.41000000,8955.00000000,9121.11000000,1474.28958379
2020-09-16T00:00:00Z,9118.66000000,9389.00000000,9025.20000000,9291.27000000,1843.02429638
2020-09-17T00:00:00Z,9288.61000000,9385.40000000,9122.13000000,9242.76000000,1210.90409528
2020-09-18T00:00:00Z,9242.95000000,9319.87000000,9139.62000000,9252.65000000,954.91791199
2020-09-19T00:00:00Z,9252.65000000,9444.00000000,9216.17000000,9369.75000000,556.63616012
2020-09-20T00:00:00Z,9367.90000000,9368.07000000,9103.95000000,9233.32000000,716.79086451
2020-09-21T00:00:00Z,9230.80000000,9269.99000000,8778.71000000,8866.61000000,1906.44157502
2020-09-22T00:00:00Z,8872.14000000,9043.66000000,8821.72000000,8999.99000000,1166.24583984
2020-09-23T00:00:00Z,8999.99000000,9019.99000000,8704.30000000,8792.99000000,1170.52371976
2020-09-24T00:00:00Z,8793.21000000,9242.89000000,8757.29000000,9201.58000000,1245.45559922
2020-09-25T00:00:00Z,9199.43000000,9260.00000000,9081.61000000,9195.93000000,1117.80928235
2020-09-26T00:00:00Z,9199.42000000,9305.48000000,9165.62000000,9225.93000000,482.88651559
2020-09-27T00:00:00Z,9221.78000000,9281.34000000,9112.00000000,9262.77000000,521.64145866
2020-09-28T00:00:00Z,9269.74000000,9407.00000000,9111.00000000,9159.92000000,1339.90682744
2020-09-29T00:00:00Z,9151.66000000,9256.99000000,9083.76000000,9241.69000000,1004.46181787
2020-09-30T00:00:00Z,9245.00000000,9245.73000000,9113.22000000,9198.10000000,1000.84860810
2020-10-01T00:00:00Z,9200.00000000,9313.00000000,8911.24000000,9049.20000000,1520.27973511
2020-10-02T00:00:00Z,9042.70000000,9109.00000000,8779.43000000,9028.54000000,1341.57539070
2020-10-03T00:00:00Z,9032.95000000,9061.59000000,8968.73000000,9020.88000000,368.87726627
2020-10-04T00:00:00Z,9016.83000000,9140.00000000,9000.01000000,9105.10000000,499.21768794
2020-10-05T00:00:00Z,9105.53000000,9165.32000000,9062.02000000,9159.35000000,957.37148623
2020-10-06T00:00:00Z,9159.35000000,9162.38000000,8980.09000000,9044.03000000,1090.79540014
2020-10-07T00:00:00Z,9042.85000000,9074.30000000,9003.00000000,9067.65000000,1056.46420800
2020-10-08T00:00:00Z,9070.20000000,9320.00000000,8970.73000000,9278.99000000,1291.03236838
2020-10-09T00:00:00Z,9278.49000000,9405.00000000,9201.05000000,9336.29000000,1100.71179583
2020-10-10T00:00:00Z,9335.56000000,9685.00000000,9335.56000000,9515.00000000,1059.29953526
2020-10-11T00:00:00Z,9517.96000000,9650.00000000,9500.59000000,9600.00000000,644.87027939
2020-10-12T00:00:00Z,9600.07000000,9910.00000000,9501.00000000,9750.19000000,1580.77179082
2020-10-13T00:00:00Z,9753.84000000,9810.46000000,9646.00000000,9738.00000000,1060.72413014
2020-10-14T00:00:00Z,9738.00000000,9838.42000000,9627.30000000,9730.41000000,1052.63491725
2020-10-15T00:00:00Z,9731.24000000,9920.00000000,9623.65000000,9831.54000000,1061.21971803
2020-10-16T00:00:00Z,9828.84000000,9860.00000000,9588.00000000,9672.41000000,1068.08144123
2020-10-17T00:00:00Z,9675.29000000,9742.61000000,9630.10000000,9706.33000000,385.03505036
2020-10-18T00:00:00Z,9705.91000000,9828.26000000,9696.43000000,9825.00000000,429.48197390
2020-10-19T00:00:00Z,9825.00000000,10030.00000000,9750.10000000,9991.11000000,1744.05614446
2020-10-20T00:00:00Z,9989.06000000,10182.50000000,9926.74000000,10080.32000000,1859.78951107
2020-10-21T00:00:00Z,10083.73000000,11120.00000000,10061.44000000,10740.00000000,4506.72715599
2020-10-22T00:00:00Z,10740.00000000,11173.52000000,10655.79000000,10966.08000000,2547.58003041
2020-10-23T00:00:00Z,10968.50000000,11083.11000000,10751.12000000,10891.89000000,1615.85493079
2020-10-24T00:00:00Z,10895.48000000,11089.76000000,10852.10000000,11059.50000000,770.24136265
2020-10-25T00:00:00Z,11055.72000000,11239.00000000,10884.64000000,11001.91000000,910.43223989
2020-10-26T00:00:00Z,11001.93000000,11217.17000000,10822.00000000,11071.38000000,1772.72109850
2020-10-27T00:00:00Z,11070.58000000,11702.67000000,11053.24000000,11627.69000000,2354.52991055
2020-10-28T00:00:00Z,11638.96000000,11750.00000000,10985.00000000,11319.10000000,2844.58225189
2020-10-29T00:00:00Z,11319.10000000,11721.10000000,11100.00000000,11530.00000000,1854.71174252
2020-10-30T00:00:00Z,11529.97000000,11742.00000000,11258.45000000,11647.39000000,1754.64987459
2020-10-31T00:00:00Z,11648.05000000,12080.00000000,11521.11000000,11849.18000000,1825.87692214
2020-11-01T00:00:00Z,11846.16000000,11934.83000000,11707.00000000,11833.96000000,859.78095296
2020-11-02T00:00:00Z,11835.88000000,11894.21000000,11369.00000000,11658.15000000,1882.89055015
2020-11-03T00:00:00Z,11658.96000000,11979.36000000,11420.00000000,11940.96000000,1884.61291613
2020-11-04T00:00:00Z,11941.07000000,12180.00000000,11633.01000000,12065.96000000,2142.37944530
2020-11-05T00:00:00Z,12066.08000000,13331.00000000,12031.00000000,13193.03000000,4818.99338815
2020-11-06T00:00:00Z,13196.48000000,13525.00000000,12770.98000000,13127.84000000,3502.17159667
2020-11-07T00:00:00Z,13121.23000000,13262.90000000,11505.00000000,12402.78000000,4173.46467497
2020-11-08T00:00:00Z,12390.01000000,13171.86000000,12295.54000000,12966.19000000,1554.11840127
2020-11-09T00:00:00Z,12974.04000000,13325.99000000,12560.00000000,12967.67000000,2713.67821688
2020-11-10T00:00:00Z,12968.68000000,13099.32000000,12775.00000000,12957.33000000,1698.02596985
2020-11-11T00:00:00Z,12954.41000000,13559.10000000,12778.80000000,13317.11000000,2762.66509394
2020-11-12T00:00:00Z,13321.82000000,13848.17000000,13131.01000000,13821.85000000,2669.64327726
2020-11-13T00:00:00Z,13813.65000000,13965.00000000,13522.59000000,13796.86000000,1944.94577570
2020-11-14T00:00:00Z,13793.17000000,13800.31000000,13320.00000000,13602.60000000,1323.85769916
2020-11-15T00:00:00Z,13600.21000000,13700.00000000,13360.29000000,13485.41000000,889.23632983
2020-11-16T00:00:00Z,13488.75000000,14239.00000000,13418.08000000,14102.59000000,2161.25567526
2020-11-17T00:00:00Z,14102.59000000,15067.65000000,13969.99000000,14887.12000000,3570.33448175
2020-11-18T00:00:00Z,14886.49000000,15551.69000000,14500.00000000,15012.85000000,5116.08718450
2020-11-19T00:00:00Z,15012.96000000,15362.71000000,14680.02000000,15032.93000000,2625.32370171
2020-11-20T00:00:00Z,15024.09000000,15875.14000000,14978.00000000,15735.55000000,2998.34256859
2020-11-21T00:00:00Z,15724.20000000,15979.00000000,15523.00000000,15752.56000000,1959.61457723
2020-11-22T00:00:00Z,15748.61000000,15792.52000000,14745.05000000,15530.00000000,3252.11826672
2020-11-23T00:00:00Z,15515.77000000,15800.00000000,15131.00000000,15514.66000000,2103.78412605
2020-11-24T00:00:00Z,15518.07000000,16395.11000000,15244.11000000,16112.47000000,3928.29507821
2020-11-25T00:00:00Z,16112.47000000,16381.88000000,15511.00000000,15709.52000000,2785.08859162
2020-11-26T00:00:00Z,15709.41000000,15852.00000000,11400.00000000,14405.08000000,10152.26464050
2020-11-27T00:00:00Z,14406.34000000,14671.51000000,13791.42000000,14328.37000000,2319.97580988
2020-11-28T00:00:00Z,14338.06000000,14982.11000000,14110.51000000,14838.57000000,1855.15330446
2020-11-29T00:00:00Z,14839.21000000,15347.02000000,14653.13000000,15201.98000000,1368.55935581
2020-11-30T00:00:00Z,15210.12000000,16560.00000000,15210.12000000,16416.00000000,4409.76057453
2020-12-01T00:00:00Z,16413.68000000,16602.11000000,15150.00000000,15568.38000000,5059.04597478
2020-12-02T00:00:00Z,15560.37000000,16079.79000000,15199.00000000,15875.15000000,2167.65284531
2020-12-03T00:00:00Z,15857.40000000,16139.78000000,15585.75000000,16004.34000000,1492.18899713
2020-12-04T00:00:00Z,16000.72000000,16081.00000000,15350.00000000,15410.00000000,1928.98215853
2020-12-05T00:00:00Z,15401.90000000,15865.00000000,15300.00000000,15826.27000000,799.46177133
2020-12-06T00:00:00Z,15829.99000000,16015.00000000,15601.84000000,15981.57000000,861.73970370
2020-12-07T00:00:00Z,15994.73000000,16029.39000000,15614.37000000,15838.02000000,1095.01468328
2020-12-08T00:00:00Z,15850.25000000,15923.57000000,15001.00000000,15131.18000000,2268.24851649
2020-12-09T00:00:00Z,15125.01000000,15443.17000000,14531.72000000,15355.01000000,2959.86422589
2020-12-10T00:00:00Z,15363.32000000,15367.96000000,14706.25000000,15021.96000000,1632.69581804
2020-12-11T00:00:00Z,15040.54000000,15065.82000000,14516.14000000,14885.89000000,1611.32975443
2020-12-12T00:00:00Z,14879.91000000,15666.00000000,14874.53000000,15540.01000000,1080.60107329
2020-12-13T00:00:00Z,15547.55000000,16010.00000000,15470.21000000,15777.83000000,1341.42807807
2020-12-14T00:00:00Z,15784.50000000,15927.69000000,15660.40000000,15860.02000000,839.97968291
2020-12-15T00:00:00Z,15853.63000000,16099.98000000,15689.46000000,15992.00000000,1333.64802478
2020-12-16T00:00:00Z,15993.98000000,17677.00000000,15879.58000000,17492.74000000,4140.03560998
2020-12-17T00:00:00Z,17489.86000000,19457.52000000,17380.34000000,18567.36000000,6173.79771407
2020-12-18T00:00:00Z,18556.81000000,18986.08000000,18244.28000000,18852.21000000,1967.29415064
2020-12-19T00:00:00Z,18842.66000000,19750.00000000,18575.31000000,19395.84000000,2221.60468089
2020-12-20T00:00:00Z,19392.30000000,19737.80000000,18756.01000000,19193.69000000,1970.29104854
2020-12-21T00:00:00Z,19175.93000000,19740.00000000,18069.00000000,18584.83000000,3566.79657288
2020-12-22T00:00:00Z,18575.27000000,19556.94000000,18339.00000000,19550.80000000,2078.45887764
2020-12-23T00:00:00Z,19547.30000000,19797.32000000,18650.00000000,19070.00000000,2979.17635819
2020-12-24T00:00:00Z,19048.99000000,19515.77000000,18616.52000000,19460.84000000,1328.35330556
2020-12-25T00:00:00Z,19460.94000000,20273.25000000,19225.72000000,20226.87000000,2101.86742065
2020-12-26T00:00:00Z,20226.85000000,21994.31000000,20059.00000000,21675.59000000,2732.30190660
2020-12-27T00:00:00Z,21675.57000000,23228.72000000,20800.00000000,21406.39000000,5197.72134018
2020-12-28T00:00:00Z,21415.50000000,22500.00000000,21289.00000000,22127.92000000,2203.64998918
2020-12-29T00:00:00Z,22116.39000000,22349.36000000,21135.23000000,22346.87000000,2083.77531212
2020-12-30T00:00:00Z,22339.98000000,23585.99000000,22310.00000000,23496.89000000,3204.59908651
2020-12-31T00:00:00Z,23495.97000000,23981.91000000,22801.00000000,23717.76000000,2690.99255293
2021-01-01T00:00:00Z,23706.73000000,24250.00000000,23512.70000000,24070.97000000,1830.04655405
2021-01-02T00:00:00Z,24071.26000000,27000.00000000,22000.00000000,25907.35000000,7291.88538639
2021-01-03T00:00:00Z,25916.75000000,27195.46000000,24500.00000000,25644.41000000,4975.13927959
2021-01-04T00:00:00Z,25624.70000000,26199.00000000,22055.00000000,26115.94000000,6304.41029978
2021-01-05T00:00:00Z,26104.40000000,27989.00000000,24413.62000000,27654.01000000,4036.27720179
2021-01-06T00:00:00Z,27655.04000000,29949.00000000,27105.01000000,29838.52000000,4227.05067035
2021-01-07T00:00:00Z,29818.73000000,32900.00000000,29516.98000000,32120.19000000,5957.46980324
2021-01-08T00:00:00Z,32148.23000000,34180.00000000,29858.00000000,33229.63000000,6239.83563440
2021-01-09T00:00:00Z,33170.67000000,33776.44000000,31750.00000000,32611.56000000,2340.94083674
2021-01-10T00:00:00Z,32608.90000000,33450.00000000,27777.77000000,31009.16000000,5856.94337667
2021-01-11T00:00:00Z,31009.16000000,31093.44000000,22500.00000000,29000.96000000,15171.95476432
2021-01-12T00:00:00Z,29009.68000000,30140.39000000,26675.89000000,27898.56000000,5073.08954375
2021-01-13T00:00:00Z,27893.67000000,31174.99000000,26500.00000000,30739.03000000,3959.66079849
2021-01-14T00:00:00Z,30748.37000000,33067.52000000,30220.01000000,32167.38000000,3574.59168262
2021-01-15T00:00:00Z,32159.18000000,32574.87000000,28297.32000000,30479.62000000,3928.55059164
2021-01-16T00:00:00Z,30443.79000000,31442.03000000,29220.27000000,29823.09000000,1925.85427705
2021-01-17T00:00:00Z,29816.15000000,30500.00000000,28055.00000000,29636.74000000,2239.66617334
2021-01-18T00:00:00Z,29634.96000000,31000.00000000,28818.20000000,30266.54000000,2204.26051670
2021-01-19T00:00:00Z,30282.88000000,31200.00000000,29575.00000000,29583.54000000,2339.29756367
2021-01-20T00:00:00Z,29583.72000000,29999.96000000,27600.00000000,29285.82000000,3199.39883146
2021-01-21T00:00:00Z,29271.87000000,29389.35000000,24701.00000000,25366.65000000,6195.98493170
2021-01-22T00:00:00Z,25366.14000000,27900.00000000,23698.00000000,27110.02000000,4463.56457381
2021-01-23T00:00:00Z,27110.02000000,27511.38000000,25856.42000000,26374.71000000,1676.38485571
2021-01-24T00:00:00Z,26370.26000000,27146.39000000,25421.68000000,26515.88000000,1468.55246397
2021-01-25T00:00:00Z,26524.92000000,28732.47000000,26343.00000000,26612.47000000,2817.00760640
2021-01-26T00:00:00Z,26596.05000000,27081.85000000,25388.10000000,26718.94000000,2516.89787111
2021-01-27T00:00:00Z,26732.29000000,26779.69000000,24250.00000000,25175.35000000,3800.18741466
2021-01-28T00:00:00Z,25164.64000000,27874.14000000,24760.39000000,27522.22000000,2494.29972938
2021-01-29T00:00:00Z,27520.40000000,31589.00000000,26423.83000000,28210.28000000,8573.28328349
2021-01-30T00:00:00Z,28232.68000000,28786.61000000,27100.00000000,28260.46000000,2384.63736460
2021-01-31T00:00:00Z,28254.85000000,28313.18000000,26600.00000000,27327.32000000,2019.02157109
2021-02-01T00:00:00Z,27314.93000000,28688.01000000,26675.00000000,27770.44000000,2314.19289984
2021-02-02T00:00:00Z,27756.02000000,29941.66000000,27702.81000000,29463.01000000,2633.91090032
2021-02-03T00:00:00Z,29462.79000000,31295.00000000,29380.00000000,31283.15000000,3074.30937486
2021-02-04T00:00:00Z,31264.87000000,32300.00000000,30200.01000000,30911.33000000,3205.64696666
2021-02-05T00:00:00Z,30891.60000000,31942.46000000,30608.59000000,31812.77000000,2050.42010881
2021-02-06T00:00:00Z,31806.02000000,34038.16000000,31726.45000000,32600.00000000,3358.99571924
2021-02-07T00:00:00Z,32600.00000000,32993.91000000,31039.00000000,32280.71000000,2499.75929347
2021-02-08T00:00:00Z,32263.17000000,38849.00000000,31587.52000000,38516.19000000,6908.49690331
2021-02-09T00:00:00Z,38516.19000000,39980.00000000,37246.71000000,38349.93000000,5872.41372897
2021-02-10T00:00:00Z,38349.93000000,39100.00000000,36050.00000000,36994.19000000,3566.49260993
2021-02-11T00:00:00Z,36991.19000000,39990.00000000,36352.04000000,39524.52000000,3664.06994457
2021-02-12T00:00:00Z,39524.52000000,40080.00000000,38349.67000000,39155.41000000,2658.50964848
2021-02-13T00:00:00Z,39140.34000000,39714.35000000,38351.00000000,39101.98000000,1659.11436019
2021-02-14T00:00:00Z,39083.52000000,41135.71000000,38975.00000000,40209.85000000,2222.40225442
2021-02-15T00:00:00Z,40237.11000000,40515.13000000,38260.00000000,39542.88000000,2321.71254755
2021-02-16T00:00:00Z,39517.07000000,41573.08000000,38842.00000000,40659.65000000,2659.37043634
2021-02-17T00:00:00Z,40628.95000000,43755.61000000,40451.68000000,43329.48000000,3043.88350087
2021-02-18T00:00:00Z,43304.68000000,43623.29000000,42279.82000000,42694.99000000,1954.52754246
2021-02-19T00:00:00Z,42694.99000000,46541.46000000,42077.73000000,46154.17000000,2823.41524536
2021-02-20T00:00:00Z,46161.57000000,47500.00000000,44695.23000000,46338.69000000,2680.99789963
2021-02-21T00:00:00Z,46318.54000000,48192.61000000,46020.11000000,47474.59000000,1566.75678728
2021-02-22T00:00:00Z,47473.31000000,47549.99000000,38302.00000000,44540.45000000,7362.21549313
2021-02-23T00:00:00Z,44539.02000000,44610.13000000,36480.00000000,40184.48000000,8419.90641232
2021-02-24T00:00:00Z,40184.48000000,42514.96000000,38608.02000000,40927.60000000,3450.76607113
2021-02-25T00:00:00Z,40893.95000000,42530.32000000,38502.00000000,38789.61000000,2455.84972845
2021-02-26T00:00:00Z,38773.09000000,40068.39000000,36445.00000000,38463.95000000,3423.17787710
2021-02-27T00:00:00Z,38412.41000000,40089.19000000,37470.60000000,38343.92000000,1180.92702116
2021-02-28T00:00:00Z,38321.96000000,38750.00000000,35691.25000000,37406.18000000,2477.62128243
2021-03-01T00:00:00Z,37368.32000000,41371.11000000,37241.01000000,41218.93000000,2411.90529572
2021-03-02T00:00:00Z,41213.12000000,41700.00000000,38981.56000000,40187.98000000,1948.47087088
2021-03-03T00:00:00Z,40157.82000000,43615.00000000,39900.00000000,41864.53000000,2579.76017926
2021-03-04T00:00:00Z,41850.00000000,42967.92000000,39738.82000000,40478.83000000,2387.07524411
2021-03-05T00:00:00Z,40472.18000000,41491.63000000,38772.90000000,40937.27000000,2713.27789036
2021-03-06T00:00:00Z,40900.39000000,41268.66000000,39616.91000000,41054.08000000,1165.63393649
2021-03-07T00:00:00Z,41063.63000000,43079.74000000,41063.63000000,42673.33000000,2000.84342440
2021-03-08T00:00:00Z,42653.78000000,44173.00000000,41505.93000000,44173.00000000,2318.64857841
2021-03-09T00:00:00Z,44161.71000000,46135.53000000,43719.91000000,46123.73000000,2557.11964675
2021-03-10T00:00:00Z,46109.81000000,48104.37000000,44721.14000000,46870.00000000,2974.46561283
2021-03-11T00:00:00Z,46868.73000000,48483.00000000,45526.15000000,48241.62000000,3158.53110556
2021-03-12T00:00:00Z,48222.72000000,48440.04000000,46232.00000000,47831.67000000,3034.32665428
2021-03-13T00:00:00Z,47810.00000000,50776.82000000,46966.09000000,50194.10000000,2351.29923474
2021-03-14T00:00:00Z,50153.05000000,50680.00000000,49244.00000000,49381.87000000,1299.08490783
2021-03-15T00:00:00Z,49382.43000000,50595.07000000,46000.00000000,46715.08000000,3345.28201342
2021-03-16T00:00:00Z,46682.32000000,47800.00000000,44753.13000000,47800.00000000,2231.85320935
2021-03-17T00:00:00Z,47786.65000000,49200.00000000,45575.00000000,49129.26000000,2179.64790064
2021-03-18T00:00:00Z,49146.68000000,50299.00000000,47928.49000000,48400.49000000,2183.02446718
2021-03-19T00:00:00Z,48408.43000000,49888.00000000,47309.85000000,48808.70000000,1566.98895224
2021-03-20T00:00:00Z,48800.00000000,50179.89000000,48649.46000000,48907.51000000,1054.93156203
2021-03-21T00:00:00Z,48890.14000000,49331.31000000,46902.27000000,48284.53000000,1488.93375446
2021-03-22T00:00:00Z,48284.53000000,49099.89000000,45101.00000000,45443.04000000,1905.70287466
2021-03-23T00:00:00Z,45427.93000000,47152.14000000,44461.83000000,45972.09000000,2267.06102076
2021-03-24T00:00:00Z,45933.09000000,48400.00000000,43855.00000000,44327.51000000,2617.28583067
2021-03-25T00:00:00Z,44331.12000000,45165.25000000,42652.00000000,43623.73000000,3054.43429454
2021-03-26T00:00:00Z,43600.01000000,46730.34000000,43574.60000000,46690.00000000,1499.60781075
2021-03-27T00:00:00Z,46690.02000000,47944.80000000,45742.97000000,47346.58000000,1074.49885654
2021-03-28T00:00:00Z,47351.52000000,47911.83000000,46346.51000000,47338.40000000,864.90738536
2021-03-29T00:00:00Z,47310.18000000,49500.00000000,46649.32000000,48883.79000000,1956.62238484
2021-03-30T00:00:00Z,48883.79000000,50491.99000000,48456.42000000,50097.57000000,1462.11236976
2021-03-31T00:00:00Z,50097.57000000,50999.00000000,48500.00000000,50117.28000000,2075.81560041
2021-04-01T00:00:00Z,50117.28000000,50640.00000000,49277.12000000,49866.60000000,1207.84326926
2021-04-02T00:00:00Z,49860.72000000,50998.00000000,49684.00000000,50168.44000000,1099.64682177
2021-04-03T00:00:00Z,50144.16000000,50679.99000000,48652.26000000,48759.09000000,816.87131291
2021-04-04T00:00:00Z,48749.15000000,49899.21000000,48334.87000000,49538.98000000,613.57697097
2021-04-05T00:00:00Z,49564.60000000,50214.00000000,48477.65000000,50044.00000000,910.41399125
2021-04-06T00:00:00Z,50044.73000000,50317.00000000,48478.89000000,48915.23000000,1179.44360351
2021-04-07T00:00:00Z,48919.33000000,49419.95000000,46800.00000000,47206.00000000,1835.83653773
2021-04-08T00:00:00Z,47192.26000000,48869.74000000,46999.00000000,48780.35000000,758.02984826
2021-04-09T00:00:00Z,48780.35000000,49507.00000000,48568.06000000,48888.86000000,652.77570140
2021-04-10T00:00:00Z,48915.61000000,50700.00000000,48701.13000000,50134.99000000,1278.05580206
2021-04-11T00:00:00Z,50122.80000000,50508.00000000,49565.50000000,50304.08000000,562.30472186
2021-04-12T00:00:00Z,50310.88000000,51000.00000000,49928.88000000,50211.86000000,1195.76139095
2021-04-13T00:00:00Z,50228.03000000,53399.99000000,50200.00000000,53176.57000000,1930.24260112
2021-04-14T00:00:00Z,53175.14000000,54191.66000000,51350.01000000,52575.41000000,2093.20148427
2021-04-15T00:00:00Z,52570.01000000,53323.98000000,51924.26000000,52820.80000000,1102.90266053
2021-04-16T00:00:00Z,52826.67000000,53144.44000000,50112.00000000,51275.08000000,1868.74809924
2021-04-17T00:00:00Z,51274.36000000,52212.00000000,50224.08000000,50541.18000000,905.77068076
2021-04-18T00:00:00Z,50545.38000000,50858.54000000,44640.02000000,47120.92000000,5302.11114594
2021-04-19T00:00:00Z,47133.16000000,48150.00000000,45222.86000000,46350.00000000,1862.00807438
2021-04-20T00:00:00Z,46350.00000000,47489.00000000,44328.61000000,46979.00000000,1943.02637923
2021-04-21T00:00:00Z,46953.54000000,47208.68000000,44550.00000000,44730.63000000,1327.80233709
2021-04-22T00:00:00Z,44716.68000000,46041.43000000,41650.67000000,43025.00000000,2965.84066387
2021-04-23T00:00:00Z,43022.94000000,43349.91000000,39000.00000000,42370.45000000,4729.95689865
2021-04-24T00:00:00Z,42354.09000000,42394.14000000,40484.24000000,41547.99000000,1416.46891295
2021-04-25T00:00:00Z,41519.87000000,41941.96000000,38901.01000000,40652.52000000,1523.79629915
2021-04-26T00:00:00Z,40636.27000000,45168.00000000,40388.55000000,44769.97000000,2138.83296841
2021-04-27T00:00:00Z,44734.88000000,45914.49000000,44200.00000000,45570.17000000,1163.50177258
2021-04-28T00:00:00Z,45563.08000000,46550.00000000,44527.30000000,45233.98000000,1298.32626862
2021-04-29T00:00:00Z,45216.35000000,45484.61000000,43211.00000000,44207.38000000,1146.94592470
2021-04-30T00:00:00Z,44200.01000000,48210.92000000,43800.00000000,48022.35000000,1612.55204397
2021-05-01T00:00:00Z,48028.12000000,48654.45000000,47371.53000000,47997.11000000,998.90567296
2021-05-02T00:00:00Z,47986.90000000,48069.46000000,46550.90000000,47029.40000000,708.84867615
2021-05-03T00:00:00Z,47020.47000000,48998.97000000,46839.45000000,47455.32000000,1357.73155518
2021-05-04T00:00:00Z,47444.62000000,47472.16000000,44240.32000000,44354.43000000,2327.31250182
2021-05-05T00:00:00Z,44332.36000000,48354.10000000,44106.84000000,47748.49000000,1907.99167319
2021-05-06T00:00:00Z,47761.28000000,48480.08000000,45822.90000000,46741.85000000,1817.63372982
2021-05-07T00:00:00Z,46741.86000000,48300.52000000,45846.75000000,47274.00000000,1480.51366672
2021-05-08T00:00:00Z,47275.32000000,48974.11000000,46923.36000000,48400.70000000,1518.25565332
2021-05-09T00:00:00Z,48402.01000000,48688.80000000,46515.76000000,47920.21000000,1211.13496201
2021-05-10T00:00:00Z,47930.20000000,48900.00000000,44206.00000000,45972.35000000,2670.09678557
2021-05-11T00:00:00Z,45956.39000000,46880.59000000,44895.47000000,46702.04000000,1845.18328918
2021-05-12T00:00:00Z,46699.71000000,47733.00000000,40277.91000000,41051.54000000,2721.87505251
2021-05-13T00:00:00Z,41067.62000000,45124.95000000,38500.00000000,41167.29000000,4492.62399604
2021-05-14T00:00:00Z,41167.84000000,42531.46000000,40400.00000000,41107.47000000,1918.59607081
2021-05-15T00:00:00Z,41112.64000000,41749.99000000,38360.69000000,38527.75000000,2535.13733769
2021-05-16T00:00:00Z,38517.81000000,41048.19000000,35812.00000000,38164.95000000,3418.59976520
2021-05-17T00:00:00Z,38149.73000000,38319.89000000,34565.44000000,35813.13000000,5027.54866781
2021-05-18T00:00:00Z,35818.78000000,37673.25000000,34609.61000000,35112.95000000,2873.44376239
2021-05-19T00:00:00Z,35090.95000000,35663.34000000,24000.00000000,30149.42000000,11892.08547911
2021-05-20T00:00:00Z,30171.17000000,35120.00000000,28720.00000000,33303.82000000,7478.49885275
2021-05-21T00:00:00Z,33289.55000000,34615.15000000,27522.76000000,30676.24000000,8264.13678346
2021-05-22T00:00:00Z,30669.76000000,31985.96000000,28981.45000000,30838.75000000,4471.41455333
2021-05-23T00:00:00Z,30834.49000000,31485.26000000,25555.00000000,28511.13000000,9052.34009104
2021-05-24T00:00:00Z,28528.77000000,32750.00000000,28264.66000000,31843.82000000,5221.61501178
2021-05-25T00:00:00Z,31848.08000000,32641.50000000,29764.28000000,31326.74000000,3814.27980340
2021-05-26T00:00:00Z,31303.41000000,33433.40000000,30874.85000000,32230.58000000,3619.10689600
2021-05-27T00:00:00Z,32236.83000000,33171.23000000,30520.87000000,31641.41000000,2601.95970319
2021-05-28T00:00:00Z,31641.41000000,31920.70000000,28447.36000000,29310.24000000,6704.80549098
2021-05-29T00:00:00Z,29310.70000000,30624.50000000,27695.65000000,28471.57000000,4266.27391312
2021-05-30T00:00:00Z,28485.33000000,30000.00000000,27467.14000000,29272.86000000,2311.08918252
2021-05-31T00:00:00Z,29264.69000000,30672.47000000,28072.23000000,30481.82000000,2924.35681911
2021-06-01T00:00:00Z,30478.98000000,31000.00000000,29235.48000000,30033.23000000,2251.14020600
2021-06-02T00:00:00Z,30027.73000000,31340.04000000,29402.07000000,30800.11000000,1772.49241610
2021-06-03T00:00:00Z,30793.88000000,32386.26000000,30484.80000000,32336.33000000,1767.25538457
2021-06-04T00:00:00Z,32337.72000000,32376.64000000,29409.08000000,30325.68000000,2313.08549155
2021-06-05T00:00:00Z,30314.21000000,31280.00000000,28730.62000000,29301.63000000,1941.16600475
2021-06-06T00:00:00Z,29305.02000000,30070.32000000,29001.00000000,29448.61000000,1053.48282367
2021-06-07T00:00:00Z,29441.67000000,30272.25000000,27405.54000000,27589.67000000,1936.46641979
2021-06-08T00:00:00Z,27586.09000000,27992.32000000,25435.00000000,27439.53000000,4406.28426458
2021-06-09T00:00:00Z,27439.73000000,30836.74000000,26627.09000000,30698.23000000,3733.37639875
2021-06-10T00:00:00Z,30713.51000000,31619.45000000,29434.74000000,30158.31000000,2417.89872412
2021-06-11T00:00:00Z,30141.91000000,31011.39000000,29545.61000000,30838.65000000,1674.98386938
2021-06-12T00:00:00Z,30837.89000000,30946.18000000,28706.27000000,29421.81000000,1791.87838656
2021-06-13T00:00:00Z,29427.13000000,32500.00000000,28822.87000000,32193.02000000,2116.24362678
2021-06-14T00:00:00Z,32191.56000000,33877.10000000,31996.01000000,33438.17000000,2125.96287913
2021-06-15T00:00:00Z,33431.14000000,34100.00000000,32550.00000000,33145.24000000,1765.35895127
2021-06-16T00:00:00Z,33127.77000000,33397.94000000,31750.00000000,31951.63000000,1653.62916796
2021-06-17T00:00:00Z,31955.81000000,33090.79000000,31409.88000000,31987.57000000,1268.74971701
2021-06-18T00:00:00Z,31995.60000000,32081.92000000,29649.84000000,30256.25000000,1450.86600202
2021-06-19T00:00:00Z,30264.21000000,30800.00000000,29472.39000000,29994.19000000,1007.31836324
2021-06-20T00:00:00Z,30018.08000000,30386.71000000,28201.20000000,29930.94000000,2248.51714010
2021-06-21T00:00:00Z,29945.43000000,30059.76000000,26225.34000000,26555.21000000,4763.21000889
2021-06-22T00:00:00Z,26543.67000000,27922.71000000,24190.18000000,27261.79000000,5139.89275187
2021-06-23T00:00:00Z,27254.30000000,29155.37000000,26578.34000000,28236.18000000,2005.25031377
2021-06-24T00:00:00Z,28241.10000000,29563.03000000,27120.12000000,29056.32000000,1327.27075050
2021-06-25T00:00:00Z,29059.78000000,29721.00000000,26269.90000000,26524.97000000,1811.24027927
2021-06-26T00:00:00Z,26516.78000000,27480.31000000,25005.04000000,27079.22000000,1942.18077762
2021-06-27T00:00:00Z,27074.68000000,29084.03000000,26850.00000000,29036.21000000,1216.80071769
2021-06-28T00:00:00Z,29054.23000000,29574.25000000,28435.30000000,28908.99000000,1538.57909016
2021-06-29T00:00:00Z,28913.15000000,30796.13000000,28727.38000000,30161.03000000,1469.59130160
2021-06-30T00:00:00Z,30169.00000000,30330.00000000,28733.08000000,29584.73000000,1279.91636600
2021-07-01T00:00:00Z,29570.47000000,29582.99000000,27654.00000000,28315.14000000,1105.72139097
2021-07-02T00:00:00Z,28293.14000000,28792.54000000,27633.18000000,28495.06000000,832.46921989
2021-07-03T00:00:00Z,28494.19000000,29429.69000000,28131.89000000,29214.25000000,649.28585888
2021-07-04T00:00:00Z,29214.25000000,30296.71000000,28964.78000000,29728.66000000,636.53392975
2021-07-05T00:00:00Z,29723.00000000,29723.00000000,27956.27000000,28402.81000000,994.77501165
2021-07-06T00:00:00Z,28408.50000000,29620.29000000,28362.27000000,28963.80000000,1062.90955037
2021-07-07T00:00:00Z,28947.15000000,29648.74000000,28673.00000000,28715.50000000,884.52260770
2021-07-08T00:00:00Z,28695.30000000,28772.98000000,27161.28000000,27752.15000000,1389.70834193
2021-07-09T00:00:00Z,27752.15000000,28740.40000000,27290.00000000,28516.86000000,851.79703896
2021-07-10T00:00:00Z,28523.17000000,28872.36000000,27855.00000000,28244.01000000,705.18800360
2021-07-11T00:00:00Z,28252.35000000,29144.27000000,28111.71000000,28847.11000000,656.49350164
2021-07-12T00:00:00Z,28859.74000000,29219.97000000,27551.90000000,27900.37000000,1101.22160603
2021-07-13T00:00:00Z,27900.37000000,28165.80000000,27341.58000000,27792.55000000,919.80754818
2021-07-14T00:00:00Z,27802.54000000,27978.25000000,26824.00000000,27741.24000000,897.69338804
2021-07-15T00:00:00Z,27728.40000000,28046.15000000,26371.64000000,26977.76000000,964.96097504
2021-07-16T00:00:00Z,26981.72000000,27321.82000000,26300.00000000,26576.29000000,871.27914090
2021-07-17T00:00:00Z,26579.12000000,27075.94000000,26411.00000000,26712.53000000,529.64967108
2021-07-18T00:00:00Z,26716.29000000,27460.00000000,26400.02000000,26924.89000000,481.92619257
2021-07-19T00:00:00Z,26931.57000000,27033.35000000,25741.27000000,26135.68000000,1123.10838484
2021-07-20T00:00:00Z,26140.18000000,26316.00000000,24816.71000000,25288.83000000,1384.65387203
2021-07-21T00:00:00Z,25296.04000000,27810.00000000,25036.04000000,27254.64000000,1755.28051455
2021-07-22T00:00:00Z,27268.88000000,27699.99000000,26920.06000000,27426.59000000,850.80634306
2021-07-23T00:00:00Z,27428.88000000,28562.66000000,27200.01000000,28562.66000000,1041.13916743
2021-07-24T00:00:00Z,28562.79000000,29350.00000000,28370.85000000,29128.52000000,1012.73811615
2021-07-25T00:00:00Z,29120.51000000,30070.00000000,28760.00000000,30069.93000000,819.41757537
2021-07-26T00:00:00Z,30060.10000000,34360.00000000,29920.00000000,31555.23000000,4303.48366508
2021-07-27T00:00:00Z,31550.01000000,33468.25000000,30851.44000000,33468.25000000,1938.42988974
2021-07-28T00:00:00Z,33404.90000000,34689.38000000,32870.00000000,33798.63000000,2878.12588466
2021-07-29T00:00:00Z,33786.35000000,34254.49000000,33150.00000000,33688.96000000,1383.69218600
2021-07-30T00:00:00Z,33680.32000000,35648.98000000,32213.70000000,35571.95000000,2220.02651072
2021-07-31T00:00:00Z,35584.05000000,35740.00000000,34616.36000000,34950.04000000,1314.63200234
2021-08-01T00:00:00Z,34960.00000000,35860.00000000,33270.00000000,33627.23000000,1329.33117819
2021-08-02T00:00:00Z,33624.76000000,34105.59000000,32608.72000000,32981.50000000,1323.44204684
2021-08-03T00:00:00Z,32979.03000000,33517.88000000,31735.61000000,32201.86000000,1167.47203965
2021-08-04T00:00:00Z,32187.08000000,33757.79000000,31679.61000000,33553.45000000,1292.68325526
2021-08-05T00:00:00Z,33553.44000000,34946.44000000,31560.00000000,34510.00000000,2162.08867227
2021-08-06T00:00:00Z,34498.78000000,36845.44000000,33716.00000000,36387.17000000,2047.16070669
2021-08-07T00:00:00Z,36391.58000000,37949.00000000,36050.63000000,37802.97000000,2235.91507115
2021-08-08T00:00:00Z,37819.85000000,38520.00000000,36683.20000000,37303.41000000,2022.72121385
2021-08-09T00:00:00Z,37286.88000000,39594.00000000,36438.96000000,39422.61000000,2573.20665402
2021-08-10T00:00:00Z,39386.65000000,39800.00000000,38092.91000000,38907.89000000,1853.39033824
2021-08-11T00:00:00Z,38910.51000000,39861.54000000,38690.00000000,38795.76000000,1960.67977796
2021-08-12T00:00:00Z,38790.00000000,39379.99000000,37293.31000000,37868.03000000,1744.75170453
2021-08-13T00:00:00Z,37861.22000000,40612.85000000,37719.97000000,40471.95000000,1741.02931308
2021-08-14T00:00:00Z,40486.68000000,40828.79000000,39050.00000000,39930.25000000,1272.42132378
2021-08-15T00:00:00Z,39918.65000000,40151.00000000,38650.52000000,39822.72000000,1091.64034588
2021-08-16T00:00:00Z,39840.22000000,40698.35000000,38800.00000000,38995.00000000,1291.80659580
2021-08-17T00:00:00Z,38995.00000000,40086.61000000,37968.67000000,38158.18000000,1463.57767683
2021-08-18T00:00:00Z,38137.18000000,39299.99000000,37800.05000000,38227.47000000,1220.26855539
2021-08-19T00:00:00Z,38225.64000000,40247.70000000,37651.02000000,40026.77000000,1530.24087374
2021-08-20T00:00:00Z,40029.13000000,42163.35000000,39922.25000000,42131.96000000,1471.24851340
2021-08-21T00:00:00Z,42144.29000000,42579.46000000,41326.67000000,41720.00000000,1107.79442735
2021-08-22T00:00:00Z,41720.00000000,42333.00000000,41141.18000000,42117.07000000,630.53329350
2021-08-23T00:00:00Z,42107.62000000,43137.15000000,41750.00000000,42182.67000000,1211.95381142
2021-08-24T00:00:00Z,42154.49000000,42520.54000000,40535.00000000,40583.22000000,1185.72604673
2021-08-25T00:00:00Z,40572.17000000,41863.46000000,40113.00000000,41626.63000000,1146.08972971
2021-08-26T00:00:00Z,41614.57000000,41940.00000000,39375.00000000,39877.44000000,1543.02905806
2021-08-27T00:00:00Z,39862.10000000,41690.00000000,39464.98000000,41598.11000000,913.21686477
2021-08-28T00:00:00Z,41608.00000000,41799.90000000,41002.02000000,41470.49000000,494.91143355
2021-08-29T00:00:00Z,41486.17000000,42085.64000000,40555.00000000,41364.68000000,631.92645928
2021-08-30T00:00:00Z,41338.01000000,41452.65000000,39740.00000000,39828.60000000,962.57172239
2021-08-31T00:00:00Z,39844.62000000,40815.42000000,39595.92000000,39903.10000000,1243.01382045
2021-09-01T00:00:00Z,39889.65000000,41489.36000000,39428.94000000,41231.43000000,1269.03217850
2021-09-02T00:00:00Z,41224.91000000,42515.27000000,41054.82000000,41501.91000000,1250.41566538
2021-09-03T00:00:00Z,41501.70000000,42934.04000000,40707.25000000,42079.41000000,1762.13114325
2021-09-04T00:00:00Z,42085.90000000,42589.21000000,41601.01000000,42019.13000000,1067.25028000
2021-09-05T00:00:00Z,42019.55000000,43616.95000000,41648.16000000,43522.45000000,988.60588533
2021-09-06T00:00:00Z,43514.15000000,44485.54000000,43000.00000000,44391.94000000,1171.22074728
2021-09-07T00:00:00Z,44387.39000000,44575.00000000,36300.01000000,39600.00000000,3660.48718760
2021-09-08T00:00:00Z,39632.24000000,39999.00000000,37588.72000000,38993.87000000,2722.25095997
2021-09-09T00:00:00Z,38983.26000000,40096.00000000,38490.19000000,39239.73000000,1707.37266017
2021-09-10T00:00:00Z,39237.87000000,39782.08000000,37428.00000000,38016.02000000,1811.47491088
2021-09-11T00:00:00Z,38003.63000000,38971.64000000,37905.69000000,38278.08000000,846.96837180
2021-09-12T00:00:00Z,38275.98000000,39321.48000000,37935.33000000,38978.57000000,957.40438046
2021-09-13T00:00:00Z,38965.18000000,39750.00000000,36816.53000000,38062.35000000,2602.60322458
2021-09-14T00:00:00Z,38060.22000000,40062.34000000,37850.00000000,39948.18000000,1526.57580682
2021-09-15T00:00:00Z,39924.04000000,41028.87000000,39583.50000000,40715.09000000,1478.91124956
2021-09-16T00:00:00Z,40713.76000000,41135.42000000,39908.26000000,40582.21000000,1389.04785618
2021-09-17T00:00:00Z,40583.01000000,40923.94000000,39883.75000000,40345.49000000,1090.08431163
2021-09-18T00:00:00Z,40352.85000000,41650.96000000,40143.18000000,41233.35000000,818.92870287
2021-09-19T00:00:00Z,41227.83000000,41285.25000000,39984.44000000,40303.53000000,792.18266728
2021-09-20T00:00:00Z,40310.00000000,40390.51000000,36270.68000000,36694.02000000,4162.76760616
2021-09-21T00:00:00Z,36694.02000000,37226.74000000,33768.45000000,34740.00000000,4660.04303364
2021-09-22T00:00:00Z,34727.76000000,37500.00000000,34615.57000000,37302.24000000,3145.60416216
2021-09-23T00:00:00Z,37293.91000000,38329.20000000,36878.82000000,38238.89000000,1940.21110178
2021-09-24T00:00:00Z,38238.89000000,38489.05000000,34750.00000000,36573.20000000,2397.82860643
2021-09-25T00:00:00Z,36576.05000000,36751.38000000,35614.83000000,36467.24000000,722.91951343
2021-09-26T00:00:00Z,36463.60000000,37491.30000000,34864.92000000,36862.41000000,1203.94044397
2021-09-27T00:00:00Z,36831.39000000,37847.82000000,36023.00000000,36081.41000000,1654.00946099
2021-09-28T00:00:00Z,36070.76000000,36601.77000000,35000.00000000,35138.56000000,1647.29708120
2021-09-29T00:00:00Z,35119.71000000,36555.55000000,34905.05000000,35812.93000000,1025.45318942
2021-09-30T00:00:00Z,35809.67000000,38100.00000000,35709.00000000,37859.21000000,1788.40008896
2021-10-01T00:00:00Z,37870.63000000,41819.40000000,37404.41000000,41489.21000000,1895.17645948
2021-10-02T00:00:00Z,41495.88000000,41658.38000000,40908.94000000,41004.12000000,873.88373467
2021-10-03T00:00:00Z,41000.65000000,42347.47000000,40556.13000000,41498.14000000,1007.88599433
2021-10-04T00:00:00Z,41494.93000000,42600.00000000,40365.33000000,42359.05000000,1688.07434093
2021-10-05T00:00:00Z,42352.27000000,44740.15000000,42185.67000000,44375.38000000,1730.07409692
2021-10-06T00:00:00Z,44388.65000000,48137.60000000,43644.70000000,47785.77000000,2609.16413079
2021-10-07T00:00:00Z,47785.82000000,47789.39000000,46118.86000000,46458.97000000,1504.99351325
2021-10-08T00:00:00Z,46465.60000000,48490.00000000,46357.27000000,46665.31000000,1289.63225626
2021-10-09T00:00:00Z,46649.16000000,47939.85000000,46390.00000000,47468.29000000,834.60142795
2021-10-10T00:00:00Z,47449.61000000,48800.00000000,46768.16000000,47299.94000000,1011.85991402
2021-10-11T00:00:00Z,47272.24000000,50024.99000000,47063.17000000,49750.01000000,1608.19564025
2021-10-12T00:00:00Z,49750.43000000,49886.96000000,46750.00000000,48570.79000000,1538.33317570
2021-10-13T00:00:00Z,48562.47000000,49780.02000000,46972.00000000,49445.26000000,1350.74137640
2021-10-14T00:00:00Z,49445.27000000,50439.02000000,48975.68000000,49451.47000000,1220.54155476
2021-10-15T00:00:00Z,49451.14000000,54013.12000000,49020.00000000,53049.30000000,2759.21182204
2021-10-16T00:00:00Z,53074.21000000,53616.89000000,51584.15000000,52185.88000000,837.37824457
2021-10-17T00:00:00Z,52173.89000000,53059.23000000,50711.00000000,52914.00000000,931.60886148
2021-10-18T00:00:00Z,52914.95000000,53980.00000000,51634.90000000,53464.16000000,1474.30951905
2021-10-19T00:00:00Z,53451.39000000,55400.00000000,52580.63000000,55230.27000000,1581.79640134
2021-10-20T00:00:00Z,55241.60000000,57499.99000000,54520.00000000,56569.94000000,1857.05508825
2021-10-21T00:00:00Z,56569.92000000,57250.00000000,53350.00000000,53502.11000000,2648.35062665
2021-10-22T00:00:00Z,53486.27000000,54775.51000000,51600.00000000,52136.54000000,1607.46878032
2021-10-23T00:00:00Z,52134.10000000,53049.55000000,51266.52000000,52722.17000000,672.65021685
2021-10-24T00:00:00Z,52705.92000000,52890.49000000,51202.41000000,52289.26000000,788.21046815
2021-10-25T00:00:00Z,52278.65000000,54924.03000000,52094.52000000,54341.57000000,1034.64135582
2021-10-26T00:00:00Z,54338.42000000,54534.27000000,51614.51000000,52038.92000000,1119.05903191
2021-10-27T00:00:00Z,52035.75000000,53000.00000000,49972.48000000,50425.00000000,1986.73753632
2021-10-28T00:00:00Z,50412.68000000,53476.79000000,49510.00000000,51876.18000000,1902.59866269
2021-10-29T00:00:00Z,51874.32000000,54518.83000000,51522.86000000,53834.36000000,1424.17408672
2021-10-30T00:00:00Z,53836.30000000,53936.50000000,52614.32000000,53549.50000000,695.13958921
2021-10-31T00:00:00Z,53551.42000000,53990.98000000,51978.71000000,53075.12000000,821.13293609
2021-11-01T00:00:00Z,53074.49000000,53999.00000000,51472.78000000,52544.53000000,1026.96623068
2021-11-02T00:00:00Z,52552.83000000,55486.80000000,52313.71000000,54630.80000000,1269.91930654
2021-11-03T00:00:00Z,54654.24000000,54879.97000000,52222.00000000,54200.00000000,1132.49915039
2021-11-04T00:00:00Z,54201.30000000,54368.94000000,52600.01000000,53221.30000000,955.58717296
2021-11-05T00:00:00Z,53209.04000000,54253.61000000,52584.42000000,52832.65000000,728.72532786
2021-11-06T00:00:00Z,52816.70000000,53360.21000000,52133.72000000,53310.69000000,466.27699562
2021-11-07T00:00:00Z,53302.89000000,54794.87000000,53183.87000000,54790.60000000,441.92127840
2021-11-08T00:00:00Z,54778.96000000,58498.00000000,54778.96000000,58293.11000000,1426.61472069
2021-11-09T00:00:00Z,58278.10000000,59114.00000000,57124.08000000,57750.00000000,1065.12416130
2021-11-10T00:00:00Z,57760.90000000,59704.84000000,54974.76000000,56526.31000000,1707.39152163
2021-11-11T00:00:00Z,56534.15000000,57293.47000000,55905.65000000,56655.42000000,917.62847140
2021-11-12T00:00:00Z,56630.88000000,57263.20000000,54483.31000000,56052.21000000,1078.97817235
2021-11-13T00:00:00Z,56052.21000000,56916.99000000,55445.64000000,56397.22000000,408.45516761
2021-11-14T00:00:00Z,56391.39000000,57310.88000000,55694.10000000,57310.88000000,557.42986083
2021-11-15T00:00:00Z,57307.73000000,57995.14000000,55824.12000000,56019.58000000,813.44993932
2021-11-16T00:00:00Z,56009.97000000,56015.84000000,51500.45000000,53138.71000000,2276.32801113
2021-11-17T00:00:00Z,53125.09000000,53841.80000000,51675.47000000,53378.41000000,1136.95963944
2021-11-18T00:00:00Z,53371.90000000,53869.48000000,49718.60000000,50090.22000000,1537.72182315
2021-11-19T00:00:00Z,50105.85000000,51713.04000000,49022.00000000,51589.31000000,1286.71562937
2021-11-20T00:00:00Z,51589.70000000,53177.13000000,50985.88000000,53055.60000000,605.42597742
2021-11-21T00:00:00Z,53059.20000000,53285.00000000,52001.54000000,52070.51000000,483.68464625
2021-11-22T00:00:00Z,52074.51000000,52792.68000000,49567.78000000,50101.46000000,1331.61234101
2021-11-23T00:00:00Z,50093.86000000,51478.38000000,49250.00000000,51201.98000000,1028.67476404
2021-11-24T00:00:00Z,51212.05000000,51334.80000000,49909.76000000,51032.23000000,937.15660095
2021-11-25T00:00:00Z,51027.79000000,53035.84000000,50911.87000000,52638.43000000,893.38761091
2021-11-26T00:00:00Z,52653.50000000,52826.29000000,47419.55000000,47649.26000000,2060.98064409
2021-11-27T00:00:00Z,47607.57000000,49033.88000000,47493.87000000,48443.47000000,707.38077112
2021-11-28T00:00:00Z,48433.73000000,50968.25000000,47120.00000000,50823.22000000,787.41359991
2021-11-29T00:00:00Z,50796.89000000,52281.64000000,50293.56000000,51231.95000000,861.07995730
2021-11-30T00:00:00Z,51222.63000000,52081.72000000,49403.49000000,50309.77000000,1203.39044624
2021-12-01T00:00:00Z,50288.45000000,52149.51000000,49909.72000000,50555.10000000,1080.71281119
2021-12-02T00:00:00Z,50566.76000000,50715.84000000,49285.23000000,50026.55000000,767.36982469
2021-12-03T00:00:00Z,50016.02000000,50978.31000000,45900.00000000,47535.82000000,1360.54573599
2021-12-04T00:00:00Z,47489.96000000,47718.95000000,37570.95000000,43604.66000000,4948.04023071
2021-12-05T00:00:00Z,43591.64000000,44071.64000000,42183.07000000,43750.65000000,1505.88209924
2021-12-06T00:00:00Z,43760.00000000,45285.25000000,41806.00000000,44776.64000000,1640.84138658
2021-12-07T00:00:00Z,44764.59000000,46250.00000000,44428.24000000,44919.28000000,1064.67596353
2021-12-08T00:00:00Z,44907.26000000,45273.20000000,43172.00000000,44523.48000000,987.32831545
2021-12-09T00:00:00Z,44535.19000000,44824.43000000,41920.00000000,42115.92000000,1308.76202815
2021-12-10T00:00:00Z,42121.70000000,44332.04000000,41480.00000000,41719.28000000,1408.78558107
2021-12-11T00:00:00Z,41718.12000000,43834.94000000,41390.00000000,43732.78000000,654.89547338
2021-12-12T00:00:00Z,43739.03000000,44936.72000000,43077.09000000,44304.18000000,561.81147360
2021-12-13T00:00:00Z,44302.59000000,44403.76000000,40515.70000000,41389.36000000,1594.52625209
2021-12-14T00:00:00Z,41408.06000000,43250.00000000,41020.00000000,42955.02000000,1215.25086284
2021-12-15T00:00:00Z,42950.00000000,43866.61000000,41372.12000000,43288.22000000,1312.53640941
2021-12-16T00:00:00Z,43291.00000000,43800.00000000,41957.66000000,42034.10000000,781.30951627
2021-12-17T00:00:00Z,42033.84000000,42399.77000000,40243.01000000,41070.20000000,1080.37578661
2021-12-18T00:00:00Z,41068.76000000,42137.49000000,40517.12000000,41681.69000000,563.02228594
2021-12-19T00:00:00Z,41685.31000000,42964.96000000,41331.99000000,41522.03000000,612.71014410
2021-12-20T00:00:00Z,41522.79000000,42170.40000000,40359.63000000,41622.99000000,1026.04796634
2021-12-21T00:00:00Z,41618.29000000,43735.00000000,41370.81000000,43341.33000000,925.01083464
2021-12-22T00:00:00Z,43340.22000000,43973.24000000,42850.00000000,42910.66000000,850.56263509
2021-12-23T00:00:00Z,42920.06000000,45369.00000000,42386.35000000,44876.25000000,1041.80237465
2021-12-24T00:00:00Z,44904.99000000,45835.08000000,44565.00000000,44941.80000000,702.56737991
2021-12-25T00:00:00Z,44945.01000000,45270.00000000,44426.58000000,44619.19000000,435.91067501
2021-12-26T00:00:00Z,44614.28000000,45372.72000000,43767.87000000,44871.05000000,595.03301240
2021-12-27T00:00:00Z,44883.75000000,46000.00000000,44600.00000000,44776.58000000,836.54021837
2021-12-28T00:00:00Z,44780.15000000,44780.16000000,41869.72000000,42050.39000000,1522.99758046
2021-12-29T00:00:00Z,42054.56000000,42648.75000000,40610.60000000,40930.51000000,1055.31656788
2021-12-30T00:00:00Z,40929.64000000,42398.44000000,40509.90000000,41638.84000000,1097.92469715
2021-12-31T00:00:00Z,41635.51000000,42973.04000000,40128.87000000,40659.79000000,1229.55339067
2022-01-01T00:00:00Z,40667.26000000,42226.86000000,40654.86000000,42024.88000000,465.13603916
2022-01-02T00:00:00Z,42013.43000000,42257.24000000,41066.46000000,41650.43000000,573.80727681
2022-01-03T00:00:00Z,41635.86000000,41923.25000000,40482.74000000,41123.69000000,736.90889180
2022-01-04T00:00:00Z,41123.26000000,42100.00000000,40370.71000000,40636.22000000,956.14138327
2022-01-05T00:00:00Z,40623.36000000,41631.74000000,37600.00000000,38447.98000000,2113.02616651
2022-01-06T00:00:00Z,38449.22000000,38736.03000000,37550.00000000,38174.53000000,1939.32278821
2022-01-07T00:00:00Z,38165.14000000,38220.50000000,35866.00000000,36586.38000000,2608.67848714
2022-01-08T00:00:00Z,36592.33000000,37345.77000000,35709.30000000,36746.91000000,1407.33568940
2022-01-09T00:00:00Z,36742.58000000,37756.55000000,36319.42000000,36902.73000000,949.64750442
2022-01-10T00:00:00Z,36892.72000000,37281.18000000,35123.60000000,36938.15000000,2075.77247264
2022-01-11T00:00:00Z,36927.18000000,38600.00000000,36477.87000000,37633.94000000,1695.83844264
2022-01-12T00:00:00Z,37635.63000000,38766.50000000,37370.00000000,38430.94000000,1401.97668782
2022-01-13T00:00:00Z,38426.99000000,38741.98000000,36942.13000000,37168.71000000,1594.30191792
2022-01-14T00:00:00Z,37172.99000000,38100.00000000,36486.83000000,37770.90000000,1299.64238157
2022-01-15T00:00:00Z,37760.26000000,38439.95000000,37384.38000000,37784.14000000,548.42923735
2022-01-16T00:00:00Z,37785.07000000,38127.23000000,37386.21000000,37786.00000000,431.26834582
2022-01-17T00:00:00Z,37779.52000000,37887.45000000,36445.56000000,37005.00000000,1031.93233230
2022-01-18T00:00:00Z,37008.08000000,37717.88000000,36350.02000000,37419.14000000,1174.61873418
2022-01-19T00:00:00Z,37411.86000000,37573.97000000,36305.68000000,36750.72000000,1317.09699150
2022-01-20T00:00:00Z,36751.59000000,38380.00000000,35867.22000000,35978.00000000,1448.16432391
2022-01-21T00:00:00Z,35980.09000000,36397.32000000,31284.87000000,32178.61000000,4369.23306751
2022-01-22T00:00:00Z,32168.51000000,32497.24000000,29975.00000000,30970.98000000,3474.78015919
2022-01-23T00:00:00Z,30969.36000000,32230.60000000,30546.36000000,32017.61000000,2708.74814030
2022-01-24T00:00:00Z,32004.55000000,33229.33000000,29159.91000000,32413.98000000,4897.28901872
2022-01-25T00:00:00Z,32419.19000000,33300.00000000,31557.59000000,32714.15000000,2424.40751325
2022-01-26T00:00:00Z,32744.53000000,34561.29000000,32267.00000000,32791.59000000,3055.92721327
2022-01-27T00:00:00Z,32786.11000000,33438.67000000,31663.00000000,33374.57000000,2105.62239139
2022-01-28T00:00:00Z,33360.95000000,34130.63000000,32501.15000000,33868.07000000,1669.95629020
2022-01-29T00:00:00Z,33853.81000000,34791.42000000,33546.17000000,34306.43000000,926.14144502
2022-01-30T00:00:00Z,34303.82000000,34482.00000000,33553.34000000,34000.72000000,762.05815582
2022-01-31T00:00:00Z,33999.18000000,34528.10000000,32856.60000000,34268.87000000,1705.58237481
2022-02-01T00:00:00Z,34271.01000000,34969.97000000,33777.00000000,34356.88000000,1781.33051095
2022-02-02T00:00:00Z,34358.19000000,34517.36000000,32400.00000000,32675.59000000,1360.64527890
2022-02-03T00:00:00Z,32684.12000000,32903.98000000,31745.01000000,32648.17000000,1205.34299916
2022-02-04T00:00:00Z,32645.34000000,36461.21000000,32374.16000000,36320.01000000,1896.15162855
2022-02-05T00:00:00Z,36321.83000000,36663.56000000,35755.32000000,36191.79000000,853.91499304
2022-02-06T00:00:00Z,36202.59000000,37285.99000000,35978.96000000,37034.72000000,614.76149254
2022-02-07T00:00:00Z,37034.61000000,39052.73000000,36383.42000000,38349.25000000,1931.96451756
2022-02-08T00:00:00Z,38350.69000000,39892.07000000,37383.83000000,38623.26000000,2266.58346866
2022-02-09T00:00:00Z,38625.70000000,39295.20000000,37775.52000000,38896.29000000,1412.58520546
2022-02-10T00:00:00Z,38895.34000000,39945.00000000,37921.83000000,38151.24000000,2212.98893296
2022-02-11T00:00:00Z,38160.44000000,38620.66000000,36963.00000000,37342.71000000,1370.91612771
2022-02-12T00:00:00Z,37341.02000000,37964.89000000,36810.24000000,37249.53000000,790.36235661
2022-02-13T00:00:00Z,37251.06000000,37721.89000000,36906.69000000,37017.31000000,744.21087212
2022-02-14T00:00:00Z,37021.15000000,37912.19000000,36592.31000000,37631.31000000,1658.32675060
2022-02-15T00:00:00Z,37641.48000000,39437.19000000,37533.02000000,39268.04000000,1471.21145701
2022-02-16T00:00:00Z,39272.75000000,39281.19000000,38134.23000000,38581.22000000,1288.95574698
2022-02-17T00:00:00Z,38573.07000000,38856.21000000,35250.00000000,35675.49000000,2091.87851659
2022-02-18T00:00:00Z,35673.95000000,36071.69000000,34830.00000000,35329.69000000,1502.91193706
2022-02-19T00:00:00Z,35322.06000000,35773.91000000,35012.59000000,35421.18000000,455.99640015
2022-02-20T00:00:00Z,35422.10000000,35457.61000000,33517.91000000,33925.28000000,1114.50603252
2022-02-21T00:00:00Z,33925.95000000,34778.76000000,32503.14000000,32735.94000000,1932.86579903
2022-02-22T00:00:00Z,32731.80000000,33941.17000000,32174.48000000,33773.65000000,2029.98282482
2022-02-23T00:00:00Z,33782.24000000,34635.50000000,32810.00000000,32960.79000000,1943.13138950
2022-02-24T00:00:00Z,32961.93000000,35500.09000000,30544.21000000,34270.40000000,3887.96981124
2022-02-25T00:00:00Z,34259.47000000,35390.11000000,34027.83000000,34800.81000000,1571.43681305
2022-02-26T00:00:00Z,34793.90000000,35738.66000000,34285.71000000,34748.08000000,779.66313706
2022-02-27T00:00:00Z,34742.47000000,35383.69000000,33147.86000000,33728.38000000,1222.46802885
2022-02-28T00:00:00Z,33723.57000000,39390.45000000,33496.60000000,38492.91000000,2218.40217852
2022-03-01T00:00:00Z,38502.12000000,40299.99000000,38300.00000000,39930.20000000,2096.21846585
2022-03-02T00:00:00Z,39925.70000000,40897.14000000,38978.14000000,39519.83000000,1613.60831501
2022-03-03T00:00:00Z,39522.31000000,39808.27000000,37780.05000000,38381.96000000,1432.69986087
2022-03-04T00:00:00Z,38375.72000000,38441.67000000,35303.59000000,35838.67000000,1789.44633340
2022-03-05T00:00:00Z,35840.89000000,36308.00000000,35326.53000000,36072.90000000,581.15385536
2022-03-06T00:00:00Z,36067.92000000,36350.00000000,34889.73000000,35347.63000000,878.84413786
2022-03-07T00:00:00Z,35336.49000000,36399.75000000,34264.76000000,34997.42000000,1806.28632759
2022-03-08T00:00:00Z,34979.05000000,36011.00000000,34875.23000000,35568.87000000,1880.34683005
2022-03-09T00:00:00Z,35561.77000000,38800.00000000,35482.52000000,37890.00000000,2498.12597351
2022-03-10T00:00:00Z,37897.06000000,38039.75000000,34880.00000000,35824.79000000,2558.51361094
2022-03-11T00:00:00Z,35815.01000000,36551.39000000,34795.30000000,35517.44000000,1806.59625097
2022-03-12T00:00:00Z,35518.49000000,36170.06000000,35448.08000000,35602.31000000,750.82829006
2022-03-13T00:00:00Z,35596.22000000,36061.88000000,34400.00000000,34578.44000000,777.69497962
2022-03-14T00:00:00Z,34568.50000000,36482.35000000,34405.00000000,36268.74000000,1622.29953377
2022-03-15T00:00:00Z,36267.07000000,36431.83000000,34770.10000000,35831.74000000,1224.89865022
2022-03-16T00:00:00Z,35822.47000000,37999.97000000,35415.99000000,37305.20000000,2804.29799688
2022-03-17T00:00:00Z,37306.20000000,37599.56000000,36455.84000000,36893.49000000,1403.04002567
2022-03-18T00:00:00Z,36881.30000000,38311.00000000,36280.03000000,37776.44000000,1332.28152689
2022-03-19T00:00:00Z,37784.42000000,38359.49000000,37569.62000000,38182.47000000,586.93649303
2022-03-20T00:00:00Z,38171.27000000,38258.75000000,36966.39000000,37361.19000000,797.85673053
2022-03-21T00:00:00Z,37390.94000000,37672.21000000,36622.25000000,37215.21000000,1026.58557676
2022-03-22T00:00:00Z,37221.99000000,39412.80000000,37150.00000000,38424.58000000,1376.78321337
2022-03-23T00:00:00Z,38420.63000000,39096.31000000,37883.78000000,38967.69000000,1120.94052005
2022-03-24T00:00:00Z,38967.37000000,40256.89000000,38830.33000000,39970.56000000,1251.66308097
2022-03-25T00:00:00Z,39965.38000000,40950.00000000,39572.82000000,40364.92000000,1094.69970777
2022-03-26T00:00:00Z,40379.50000000,40800.00000000,40150.60000000,40545.21000000,352.99883908
2022-03-27T00:00:00Z,40554.32000000,42750.00000000,40478.13000000,42638.75000000,714.74811515
2022-03-28T00:00:00Z,42625.00000000,43907.53000000,42483.20000000,42879.02000000,1111.35631372
2022-03-29T00:00:00Z,42869.45000000,43476.81000000,42331.36000000,42788.50000000,929.14781281
2022-03-30T00:00:00Z,42786.58000000,42862.24000000,41910.00000000,42128.69000000,887.73670653
2022-03-31T00:00:00Z,42128.69000000,42905.94000000,40815.02000000,41110.59000000,1383.25281472
2022-04-01T00:00:00Z,41116.93000000,42351.54000000,39980.00000000,41886.35000000,1370.23961092
2022-04-02T00:00:00Z,41852.74000000,42726.68000000,41313.00000000,41495.35000000,612.01284086
2022-04-03T00:00:00Z,41511.95000000,42975.00000000,41260.00000000,42040.49000000,647.45659655
2022-04-04T00:00:00Z,42040.49000000,42722.00000000,41171.17000000,42449.67000000,922.23804698
2022-04-05T00:00:00Z,42436.27000000,43048.87000000,41600.00000000,41733.59000000,1426.06399129
2022-04-06T00:00:00Z,41733.63000000,41840.82000000,39576.91000000,39619.70000000,2390.92491800
2022-04-07T00:00:00Z,39613.03000000,40281.98000000,39216.32000000,39993.01000000,1350.54402595
2022-04-08T00:00:00Z,39993.01000000,40481.85000000,38731.31000000,38859.54000000,997.34944005
2022-04-09T00:00:00Z,38859.54000000,39406.54000000,38745.00000000,39361.66000000,243.40849927
2022-04-10T00:00:00Z,39376.64000000,39874.00000000,38473.41000000,38730.31000000,601.46193554
2022-04-11T00:00:00Z,38700.00000000,38951.83000000,36000.00000000,36344.20000000,1610.88919249
2022-04-12T00:00:00Z,36335.06000000,37475.19000000,36150.00000000,37030.41000000,1392.96546258
2022-04-13T00:00:00Z,37028.86000000,38184.58000000,36583.54000000,37773.94000000,1105.67535908
2022-04-14T00:00:00Z,37774.77000000,38177.05000000,36537.07000000,36928.56000000,1148.94659544
2022-04-15T00:00:00Z,36930.30000000,37783.12000000,36785.09000000,37522.02000000,427.07816147
2022-04-16T00:00:00Z,37525.00000000,37673.00000000,37027.58000000,37385.39000000,317.25698170
2022-04-17T00:00:00Z,37388.62000000,37595.00000000,36570.99000000,36690.00000000,379.51736110
2022-04-18T00:00:00Z,36695.89000000,38125.00000000,35739.46000000,37859.16000000,974.09460278
2022-04-19T00:00:00Z,37864.49000000,38730.08000000,37590.00000000,38450.75000000,504.57933264
2022-04-20T00:00:00Z,38439.82000000,38978.44000000,37708.88000000,38104.41000000,945.82637768
2022-04-21T00:00:00Z,38109.31000000,39478.60000000,36725.41000000,37363.36000000,1572.78575938
2022-04-22T00:00:00Z,37369.97000000,37759.43000000,36322.60000000,36777.83000000,1248.35292400
2022-04-23T00:00:00Z,36788.63000000,37093.24000000,36415.06000000,36572.04000000,373.80731165
2022-04-24T00:00:00Z,36586.22000000,37022.58000000,36112.50000000,36527.35000000,735.04432053
2022-04-25T00:00:00Z,36515.86000000,37919.45000000,35566.00000000,37749.44000000,1894.45747496
2022-04-26T00:00:00Z,37750.12000000,38188.19000000,35438.00000000,35822.55000000,2056.64713746
2022-04-27T00:00:00Z,35827.54000000,37406.97000000,35612.20000000,37164.08000000,2271.39053042
2022-04-28T00:00:00Z,37169.16000000,38463.15000000,36996.38000000,37835.52000000,1707.15648595
2022-04-29T00:00:00Z,37836.92000000,37917.90000000,36190.00000000,36618.88000000,2018.19812684
2022-04-30T00:00:00Z,36620.56000000,36805.69000000,35691.42000000,35732.82000000,652.96538888
2022-05-01T00:00:00Z,35730.00000000,36692.38000000,35502.00000000,36503.06000000,597.70003872
2022-05-02T00:00:00Z,36521.81000000,37240.64000000,36245.55000000,36645.99000000,1209.08208772
2022-05-03T00:00:00Z,36634.46000000,36769.93000000,35652.40000000,35849.22000000,680.99383998
2022-05-04T00:00:00Z,35846.49000000,37732.30000000,35774.41000000,37368.14000000,1417.32934125
2022-05-05T00:00:00Z,37361.07000000,37524.64000000,33816.42000000,34658.36000000,1590.29618580
2022-05-06T00:00:00Z,34668.50000000,34783.86000000,33358.67000000,34138.05000000,1584.91487185
2022-05-07T00:00:00Z,34141.92000000,34266.98000000,33000.00000000,33632.25000000,525.89756653
2022-05-08T00:00:00Z,33631.12000000,33665.68000000,31979.00000000,32315.47000000,1087.90208214
2022-05-09T00:00:00Z,32330.20000000,32534.80000000,28403.39000000,28490.66000000,3055.75767607
2022-05-10T00:00:00Z,28464.72000000,30931.22000000,28153.09000000,29447.84000000,3261.96476313
2022-05-11T00:00:00Z,29444.22000000,30431.84000000,26370.00000000,27586.54000000,4126.18152075
2022-05-12T00:00:00Z,27581.39000000,28748.16000000,24226.30000000,27857.42000000,3755.33794503
2022-05-13T00:00:00Z,27834.22000000,29846.18000000,27600.73000000,28111.06000000,2336.14569373
2022-05-14T00:00:00Z,28132.75000000,29113.35000000,27487.33000000,28878.08000000,1349.28247840
2022-05-15T00:00:00Z,28876.42000000,30197.76000000,28309.44000000,30083.20000000,947.13722082
2022-05-16T00:00:00Z,30087.24000000,30096.50000000,27887.64000000,28577.60000000,1511.58180996
2022-05-17T00:00:00Z,28578.84000000,29320.54000000,27941.71000000,28848.36000000,1125.87160525
2022-05-18T00:00:00Z,28836.21000000,29060.12000000,27321.87000000,27370.75000000,1312.67015756
2022-05-19T00:00:00Z,27388.62000000,28808.57000000,27328.80000000,28615.56000000,1144.83654565
2022-05-20T00:00:00Z,28600.00000000,29029.56000000,27195.43000000,27616.02000000,892.33362728
2022-05-21T00:00:00Z,27623.38000000,28046.66000000,27382.42000000,27819.37000000,497.68725077
2022-05-22T00:00:00Z,27820.62000000,28803.02000000,27657.97000000,28621.39000000,628.78278847
2022-05-23T00:00:00Z,28612.11000000,28873.89000000,27011.00000000,27229.13000000,1119.18687432
2022-05-24T00:00:00Z,27215.64000000,27771.32000000,26687.71000000,27591.38000000,1256.07038307
2022-05-25T00:00:00Z,27596.98000000,28178.00000000,27500.00000000,27602.62000000,835.85021718
2022-05-26T00:00:00Z,27603.08000000,27913.73000000,26166.01000000,27173.04000000,1306.27907992
2022-05-27T00:00:00Z,27168.61000000,27345.39000000,26348.56000000,26642.25000000,1102.13481931
2022-05-28T00:00:00Z,26640.74000000,27243.33000000,26554.03000000,27022.22000000,314.56082075
2022-05-29T00:00:00Z,27025.19000000,27550.00000000,26846.00000000,27443.11000000,338.76222348
2022-05-30T00:00:00Z,27448.01000000,29835.88000000,27280.01000000,29438.29000000,1673.08741195
2022-05-31T00:00:00Z,29438.09000000,30171.06000000,29145.51000000,29603.53000000,1816.31954868
2022-06-01T00:00:00Z,29607.62000000,29789.58000000,27511.72000000,27968.79000000,1837.20234323
2022-06-02T00:00:00Z,27966.39000000,28532.49000000,27628.40000000,28308.91000000,1296.67113304
2022-06-03T00:00:00Z,28320.60000000,28518.02000000,27285.00000000,27709.28000000,1323.25548117
2022-06-04T00:00:00Z,27715.29000000,27966.87000000,27503.88000000,27852.84000000,290.11318724
2022-06-05T00:00:00Z,27854.76000000,28144.93000000,27550.00000000,27873.79000000,387.08144686
2022-06-06T00:00:00Z,27874.36000000,29659.79000000,27849.40000000,29315.32000000,1222.02413867
2022-06-07T00:00:00Z,29305.25000000,29464.60000000,27332.33000000,29065.83000000,1480.81027844
2022-06-08T00:00:00Z,29071.32000000,29249.55000000,27905.56000000,28180.23000000,742.29906546
2022-06-09T00:00:00Z,28181.89000000,28621.73000000,27887.64000000,28327.87000000,681.02138517
2022-06-10T00:00:00Z,28329.20000000,28539.99000000,27420.00000000,27634.08000000,1070.55512422
2022-06-11T00:00:00Z,27636.41000000,27971.77000000,26737.75000000,27013.37000000,468.49603014
2022-06-12T00:00:00Z,27027.74000000,27129.38000000,25277.43000000,25325.01000000,847.08609527
2022-06-13T00:00:00Z,25292.55000000,25585.30000000,21069.00000000,21578.05000000,3708.00186047
2022-06-14T00:00:00Z,21560.21000000,22387.39000000,20032.00000000,21191.20000000,3051.27983547
2022-06-15T00:00:00Z,21187.85000000,21772.78000000,19160.00000000,21582.92000000,3960.07620477
2022-06-16T00:00:00Z,21571.92000000,21953.43000000,19109.71000000,19329.19000000,1993.01432205
2022-06-17T00:00:00Z,19331.93000000,20300.34000000,19188.00000000,19484.08000000,1228.77219888
2022-06-18T00:00:00Z,19476.87000000,19776.09000000,16776.30000000,18041.77000000,2449.88695313
2022-06-19T00:00:00Z,18061.42000000,19835.79000000,17093.20000000,19591.45000000,1787.90248684
2022-06-20T00:00:00Z,19581.40000000,20000.00000000,18696.33000000,19542.20000000,1271.13519250
2022-06-21T00:00:00Z,19537.28000000,20553.14000000,19297.79000000,19658.62000000,1289.75226504
2022-06-22T00:00:00Z,19658.62000000,19747.34000000,18696.00000000,18899.59000000,1659.72770470
2022-06-23T00:00:00Z,18898.57000000,20145.60000000,18805.00000000,20044.65000000,1347.93516256
2022-06-24T00:00:00Z,20049.12000000,20400.00000000,19644.40000000,20093.91000000,949.47317933
2022-06-25T00:00:00Z,20102.87000000,20455.98000000,19816.12000000,20363.08000000,428.90639799
2022-06-26T00:00:00Z,20357.79000000,20736.00000000,19840.66000000,19889.86000000,615.45463137
2022-06-27T00:00:00Z,19895.41000000,20335.00000000,19364.10000000,19582.37000000,1005.33561200
2022-06-28T00:00:00Z,19579.15000000,20027.63000000,19173.04000000,19240.11000000,1318.99171360
2022-06-29T00:00:00Z,19237.75000000,19543.30000000,18822.76000000,19228.03000000,1539.17359502
2022-06-30T00:00:00Z,19227.37000000,19281.08000000,17764.00000000,19035.88000000,1861.20383282
2022-07-01T00:00:00Z,19054.38000000,19918.83000000,18140.08000000,18465.98000000,1711.04057189
2022-07-02T00:00:00Z,18461.14000000,18643.95000000,18203.49000000,18442.15000000,596.73953385
2022-07-03T00:00:00Z,18446.64000000,18829.40000000,17987.01000000,18496.79000000,605.65609860
2022-07-04T00:00:00Z,18486.69000000,19479.25000000,18250.00000000,19372.30000000,978.01858210
2022-07-05T00:00:00Z,19369.81000000,20172.37000000,18734.16000000,19637.00000000,1513.22898289
2022-07-06T00:00:00Z,19633.47000000,20273.57000000,19235.25000000,20167.65000000,1811.02845595
2022-07-07T00:00:00Z,20170.59000000,21486.99000000,19822.57000000,21254.99000000,1132.51240389
2022-07-08T00:00:00Z,21259.31000000,22078.68000000,20820.52000000,21185.57000000,1534.03816477
2022-07-09T00:00:00Z,21190.83000000,21567.01000000,20936.52000000,21200.57000000,478.13589179
2022-07-10T00:00:00Z,21198.57000000,21210.66000000,20268.16000000,20493.78000000,656.02996652
2022-07-11T00:00:00Z,20494.60000000,20612.78000000,19780.00000000,19860.45000000,860.23722563
2022-07-12T00:00:00Z,19858.85000000,20014.87000000,19167.89000000,19262.34000000,1058.85033422
2022-07-13T00:00:00Z,19269.46000000,20236.26000000,18878.00000000,20153.29000000,1845.95908436
2022-07-14T00:00:00Z,20154.64000000,20830.00000000,19600.00000000,20521.30000000,1122.96237420
2022-07-15T00:00:00Z,20518.58000000,21011.00000000,20323.94000000,20655.78000000,835.47958023
2022-07-16T00:00:00Z,20649.88000000,21410.11000000,20303.16000000,21023.31000000,596.96480738
2022-07-17T00:00:00Z,21017.22000000,21492.26000000,20563.07000000,20597.21000000,570.37908622
2022-07-18T00:00:00Z,20593.38000000,22400.16000000,20567.63000000,22123.14000000,1084.92331144
2022-07-19T00:00:00Z,22104.47000000,23269.77000000,21174.56000000,22866.46000000,1495.14543838
2022-07-20T00:00:00Z,22869.35000000,23798.00000000,22384.01000000,22802.31000000,1546.69105949
2022-07-21T00:00:00Z,22802.31000000,22999.99000000,21955.00000000,22646.11000000,1277.72093859
2022-07-22T00:00:00Z,22653.37000000,23273.97000000,22042.92000000,22234.85000000,854.97410082
2022-07-23T00:00:00Z,22238.52000000,22544.51000000,21506.44000000,21993.31000000,792.37659593
2022-07-24T00:00:00Z,21999.26000000,22530.00000000,21811.44000000,22138.87000000,550.41078633
2022-07-25T00:00:00Z,22137.09000000,22228.05000000,20800.00000000,20837.58000000,790.35562575
2022-07-26T00:00:00Z,20842.67000000,21027.23000000,20381.10000000,20999.84000000,679.71202301
2022-07-27T00:00:00Z,20988.89000000,22637.44000000,20752.56000000,22514.97000000,1187.86353059
2022-07-28T00:00:00Z,22506.80000000,23740.00000000,22267.97000000,23399.53000000,1038.74055447
2022-07-29T00:00:00Z,23400.08000000,23852.91000000,23040.50000000,23248.24000000,809.04164416
2022-07-30T00:00:00Z,23261.29000000,24132.98000000,23012.30000000,23142.00000000,556.19549423
2022-07-31T00:00:00Z,23126.22000000,23668.00000000,22750.01000000,22808.38000000,439.83807164
2022-08-01T00:00:00Z,22815.77000000,22944.58000000,22296.00000000,22675.71000000,472.31350555
2022-08-02T00:00:00Z,22659.64000000,23015.57000000,22134.17000000,22636.16000000,521.00021114
2022-08-03T00:00:00Z,22638.40000000,23217.72000000,22341.31000000,22481.52000000,510.54312619
2022-08-04T00:00:00Z,22463.70000000,22831.07000000,21880.00000000,22078.67000000,521.85238517
2022-08-05T00:00:00Z,22080.66000000,22946.16000000,22060.50000000,22896.46000000,630.35727902
2022-08-06T00:00:00Z,22888.00000000,22934.00000000,22515.48000000,22553.52000000,226.49290741
2022-08-07T00:00:00Z,22546.59000000,22996.32000000,22444.92000000,22790.70000000,285.79253717
2022-08-08T00:00:00Z,22791.25000000,23772.39000000,22779.85000000,23362.34000000,597.68386724
2022-08-09T00:00:00Z,23357.44000000,23454.10000000,22354.36000000,22682.11000000,527.58905614
2022-08-10T00:00:00Z,22682.11000000,23525.00000000,22218.00000000,23267.27000000,876.82829470
2022-08-11T00:00:00Z,23266.52000000,24085.62000000,23125.00000000,23203.25000000,621.17679656
2022-08-12T00:00:00Z,23204.90000000,23829.57000000,22939.13000000,23784.71000000,470.43754551
2022-08-13T00:00:00Z,23787.70000000,24239.00000000,23679.54000000,23846.82000000,440.79105177
2022-08-14T00:00:00Z,23838.10000000,24412.38000000,23564.40000000,23715.21000000,610.32281613
2022-08-15T00:00:00Z,23713.79000000,24602.42000000,23349.62000000,23720.52000000,579.22823522
2022-08-16T00:00:00Z,23715.22000000,23884.34000000,23254.11000000,23457.74000000,420.13931836
2022-08-17T00:00:00Z,23460.94000000,24035.01000000,22784.00000000,22932.91000000,494.81039149
2022-08-18T00:00:00Z,22929.42000000,23236.25000000,22869.02000000,22988.43000000,357.67482484
2022-08-19T00:00:00Z,22982.96000000,22994.03000000,20699.22000000,20745.35000000,990.42321951
2022-08-20T00:00:00Z,20759.14000000,21295.00000000,20677.23000000,21063.66000000,563.59439762
2022-08-21T00:00:00Z,21063.01000000,21698.66000000,20998.40000000,21441.16000000,495.45559266
2022-08-22T00:00:00Z,21427.35000000,21676.00000000,20892.97000000,21533.17000000,605.51759344
2022-08-23T00:00:00Z,21535.53000000,21718.59000000,21063.25000000,21599.91000000,494.97914364
2022-08-24T00:00:00Z,21604.08000000,21972.58000000,21256.74000000,21438.73000000,457.55616258
2022-08-25T00:00:00Z,21441.87000000,21822.46000000,21360.00000000,21622.96000000,324.44048692
2022-08-26T00:00:00Z,21620.16000000,21788.92000000,20168.00000000,20325.07000000,907.62497455
2022-08-27T00:00:00Z,20306.68000000,20472.33000000,19893.00000000,20123.62000000,625.62495608
2022-08-28T00:00:00Z,20118.77000000,20250.03000000,19642.27000000,19678.27000000,397.77502899
2022-08-29T00:00:00Z,19673.83000000,20422.50000000,19668.70000000,20266.23000000,667.02057939
2022-08-30T00:00:00Z,20267.91000000,20589.94000000,19507.05000000,19775.54000000,811.68608939
2022-08-31T00:00:00Z,19777.81000000,20449.68000000,19766.47000000,19976.67000000,571.72438963
2022-09-01T00:00:00Z,19973.03000000,20286.16000000,19682.50000000,20231.29000000,608.14484627
2022-09-02T00:00:00Z,20225.07000000,20411.90000000,19838.75000000,20046.73000000,485.14497452
2022-09-03T00:00:00Z,20039.13000000,20143.18000000,19756.92000000,19918.64000000,239.11417745
2022-09-04T00:00:00Z,19927.54000000,20190.63000000,19685.00000000,20181.92000000,374.07669722
2022-09-05T00:00:00Z,20185.16000000,20215.92000000,19788.61000000,19908.70000000,361.97603853
2022-09-06T00:00:00Z,19897.29000000,20248.81000000,18851.17000000,18990.13000000,884.49609437
2022-09-07T00:00:00Z,18992.15000000,19444.19000000,18755.00000000,19297.39000000,643.47626895
2022-09-08T00:00:00Z,19297.37000000,19459.72000000,19080.67000000,19307.01000000,608.72917577
2022-09-09T00:00:00Z,19304.91000000,21500.00000000,19229.53000000,21262.86000000,1106.04708283
2022-09-10T00:00:00Z,21268.04000000,21693.41000000,21010.66000000,21529.96000000,507.31742250
2022-09-11T00:00:00Z,21542.26000000,21747.99000000,21241.00000000,21676.14000000,452.19509395
2022-09-12T00:00:00Z,21682.51000000,22222.00000000,21383.32000000,22121.63000000,824.41901190
2022-09-13T00:00:00Z,22120.97000000,22451.77000000,19940.00000000,20209.74000000,1627.83691241
2022-09-14T00:00:00Z,20199.75000000,20554.30000000,19658.05000000,20274.69000000,882.39689232
2022-09-15T00:00:00Z,20274.29000000,20404.45000000,19515.00000000,19727.89000000,575.73150300
2022-09-16T00:00:00Z,19731.32000000,19945.00000000,19328.71000000,19779.70000000,483.56770344
2022-09-17T00:00:00Z,19777.02000000,20161.28000000,19743.72000000,20091.49000000,357.30490735
2022-09-18T00:00:00Z,20087.44000000,20087.44000000,19330.15000000,19371.69000000,398.84193111
2022-09-19T00:00:00Z,19384.04000000,19626.55000000,18300.00000000,19478.07000000,862.06800129
2022-09-20T00:00:00Z,19489.77000000,19556.34000000,18799.00000000,18932.24000000,585.83613674
2022-09-21T00:00:00Z,18935.95000000,20200.00000000,18450.00000000,18781.76000000,1139.14266786
2022-09-22T00:00:00Z,18777.24000000,19838.48000000,18704.95000000,19713.15000000,739.33844971
2022-09-23T00:00:00Z,19713.15000000,20008.69000000,19050.00000000,19889.70000000,520.48827513
2022-09-24T00:00:00Z,19893.78000000,19909.90000000,19398.31000000,19505.84000000,271.26088328
2022-09-25T00:00:00Z,19511.38000000,19764.04000000,19259.32000000,19418.90000000,319.34008197
2022-09-26T00:00:00Z,19417.90000000,20009.99000000,19359.67000000,19981.94000000,743.59659485
2022-09-27T00:00:00Z,19984.51000000,21133.67000000,19641.77000000,19892.70000000,986.20460725
2022-09-28T00:00:00Z,19891.92000000,20296.15000000,19350.00000000,19999.20000000,657.73138768
2022-09-29T00:00:00Z,19998.37000000,20240.31000000,19374.49000000,19937.55000000,471.38295788
2022-09-30T00:00:00Z,19948.49000000,20586.00000000,19614.34000000,19822.30000000,510.73737126
2022-10-01T00:00:00Z,19812.95000000,19876.56000000,19565.98000000,19709.48000000,175.71169416
2022-10-02T00:00:00Z,19698.45000000,19791.62000000,19317.82000000,19460.04000000,386.61778441
2022-10-03T00:00:00Z,19456.55000000,20056.69000000,19375.12000000,19965.94000000,402.31838688
2022-10-04T00:00:00Z,19970.40000000,20498.00000000,19865.59000000,20374.27000000,493.29395463
2022-10-05T00:00:00Z,20372.51000000,20577.31000000,20061.43000000,20346.83000000,385.62751042
2022-10-06T00:00:00Z,20337.93000000,20645.21000000,20213.70000000,20393.24000000,404.28750714
2022-10-07T00:00:00Z,20378.28000000,20493.35000000,19800.00000000,20063.18000000,353.81931540
2022-10-08T00:00:00Z,20060.84000000,20156.38000000,19769.90000000,19941.10000000,122.53353873
2022-10-09T00:00:00Z,19932.84000000,20075.47000000,19849.67000000,19975.33000000,100.95875605
2022-10-10T00:00:00Z,19963.89000000,20050.07000000,19620.00000000,19701.62000000,254.85565698
2022-10-11T00:00:00Z,19686.61000000,19808.56000000,19453.27000000,19651.69000000,260.47177417
2022-10-12T00:00:00Z,19645.04000000,19800.00000000,19566.07000000,19735.42000000,216.78358252
2022-10-13T00:00:00Z,19737.36000000,19944.01000000,18839.03000000,19829.23000000,736.96399301
2022-10-14T00:00:00Z,19837.19000000,20350.24000000,19614.26000000,19721.75000000,427.99061561
2022-10-15T00:00:00Z,19732.44000000,19770.78000000,19536.53000000,19626.49000000,89.84273603
2022-10-16T00:00:00Z,19624.59000000,19969.60000000,19624.59000000,19771.42000000,92.51258036
2022-10-17T00:00:00Z,19775.98000000,20097.77000000,19668.67000000,19860.18000000,341.60870573
2022-10-18T00:00:00Z,19863.54000000,19990.32000000,19402.00000000,19601.88000000,239.08051814
2022-10-19T00:00:00Z,19603.03000000,19776.87000000,19490.00000000,19586.14000000,248.62974552
2022-10-20T00:00:00Z,19579.32000000,19675.52000000,19364.00000000,19478.99000000,350.22183984
2022-10-21T00:00:00Z,19470.86000000,19562.01000000,19170.00000000,19447.38000000,375.25748018
2022-10-22T00:00:00Z,19445.68000000,19534.40000000,19388.88000000,19492.88000000,82.10183654
2022-10-23T00:00:00Z,19491.68000000,19963.00000000,19358.89000000,19842.82000000,237.80185900
2022-10-24T00:00:00Z,19849.09000000,19881.42000000,19435.95000000,19558.76000000,307.38375040
2022-10-25T00:00:00Z,19555.57000000,20479.00000000,19466.39000000,20167.69000000,651.85856642
2022-10-26T00:00:00Z,20181.82000000,20965.95000000,20144.96000000,20571.12000000,663.09146699
2022-10-27T00:00:00Z,20564.58000000,20771.00000000,20263.76000000,20362.46000000,524.23126577
2022-10-28T00:00:00Z,20354.97000000,20884.65000000,20124.81000000,20662.50000000,554.59586608
2022-10-29T00:00:00Z,20665.19000000,21140.27000000,20635.18000000,20873.77000000,403.85570164
2022-10-30T00:00:00Z,20880.12000000,20999.09000000,20617.45000000,20724.85000000,266.21845470
2022-10-31T00:00:00Z,20726.39000000,20970.86000000,20471.11000000,20732.79000000,245.47614547
2022-11-01T00:00:00Z,20730.00000000,20834.00000000,20492.83000000,20739.87000000,260.64267048
2022-11-02T00:00:00Z,20738.29000000,20912.47000000,20439.00000000,20535.35000000,508.39502302
2022-11-03T00:00:00Z,20536.62000000,20843.73000000,20506.22000000,20730.13000000,345.24710244
2022-11-04T00:00:00Z,20727.76000000,21429.52000000,20684.56000000,21241.75000000,458.67791569
2022-11-05T00:00:00Z,21247.58000000,21562.35000000,21180.19000000,21382.08000000,212.19677397
2022-11-06T00:00:00Z,21388.32000000,21446.29000000,21034.92000000,21058.94000000,341.03016493
2022-11-07T00:00:00Z,21056.95000000,21211.11000000,20363.09000000,20554.67000000,296.40964964
2022-11-08T00:00:00Z,20559.87000000,20638.75000000,17225.00000000,18433.32000000,2070.58650905
2022-11-09T00:00:00Z,18423.66000000,18491.68000000,15551.01000000,15866.44000000,2182.19788425
2022-11-10T00:00:00Z,15895.77000000,17805.00000000,15731.93000000,17242.72000000,2177.64315097
2022-11-11T00:00:00Z,17232.96000000,17335.33000000,15892.00000000,16423.43000000,848.23764389
2022-11-12T00:00:00Z,16426.64000000,16474.11000000,16047.29000000,16191.52000000,434.75024888
2022-11-13T00:00:00Z,16186.27000000,16320.24000000,15615.14000000,15776.48000000,570.09893794
2022-11-14T00:00:00Z,15776.48000000,16625.00000000,15317.46000000,16074.00000000,1159.14207606
2022-11-15T00:00:00Z,16074.00000000,16452.72000000,15989.39000000,16302.05000000,646.57280524
2022-11-16T00:00:00Z,16305.57000000,16387.17000000,15752.00000000,16025.13000000,509.16910886
2022-11-17T00:00:00Z,16033.74000000,16170.00000000,15818.40000000,16105.93000000,395.16880384
2022-11-18T00:00:00Z,16102.70000000,16379.20000000,16000.23000000,16156.75000000,252.61004474
2022-11-19T00:00:00Z,16156.73000000,16268.29000000,16023.00000000,16154.55000000,151.61380798
2022-11-20T00:00:00Z,16154.68000000,16205.29000000,15652.12000000,15738.13000000,305.15339091
2022-11-21T00:00:00Z,15731.74000000,15857.37000000,15110.00000000,15386.88000000,809.71411061
2022-11-22T00:00:00Z,15381.52000000,15833.55000000,15220.60000000,15708.29000000,423.02229271
2022-11-23T00:00:00Z,15716.20000000,16159.00000000,15663.30000000,15936.88000000,412.00089389
2022-11-24T00:00:00Z,15913.92000000,16116.84000000,15790.53000000,15938.18000000,252.91541317
2022-11-25T00:00:00Z,15932.19000000,15948.77000000,15684.58000000,15862.71000000,365.59952160
2022-11-26T00:00:00Z,15861.55000000,16041.73000000,15750.00000000,15819.55000000,200.22162741
2022-11-27T00:00:00Z,15821.24000000,15987.67000000,15811.72000000,15838.68000000,215.61661975
2022-11-28T00:00:00Z,15833.83000000,15879.22000000,15405.00000000,15660.00000000,503.33890358
2022-11-29T00:00:00Z,15660.00000000,15985.00000000,15553.19000000,15919.09000000,245.43785043
2022-11-30T00:00:00Z,15919.67000000,16567.11000000,15899.26000000,16475.47000000,451.88744797
2022-12-01T00:00:00Z,16470.17000000,16549.98000000,16035.65000000,16140.91000000,334.59760665
2022-12-02T00:00:00Z,16139.57000000,16242.27000000,16047.76000000,16230.43000000,252.26915531
2022-12-03T00:00:00Z,16230.59000000,16280.00000000,16016.00000000,16043.55000000,128.23393352
2022-12-04T00:00:00Z,16040.56000000,16321.75000000,16040.56000000,16228.30000000,191.46711767
2022-12-05T00:00:00Z,16227.86000000,16489.00000000,16093.55000000,16164.94000000,338.56418780
2022-12-06T00:00:00Z,16164.94000000,16339.00000000,16096.61000000,16325.34000000,245.63386221
2022-12-07T00:00:00Z,16322.65000000,16379.00000000,15938.73000000,16018.53000000,236.47252345
2022-12-08T00:00:00Z,16022.50000000,16369.13000000,15920.00000000,16310.10000000,196.00465411
2022-12-09T00:00:00Z,16312.71000000,16437.52000000,16175.85000000,16257.15000000,225.00615299
2022-12-10T00:00:00Z,16254.77000000,16345.00000000,16222.53000000,16246.14000000,52.00321726
2022-12-11T00:00:00Z,16246.98000000,16386.69000000,16200.00000000,16233.49000000,144.40400269
2022-12-12T00:00:00Z,16233.44000000,16346.45000000,16014.38000000,16319.30000000,265.05599562
2022-12-13T00:00:00Z,16323.75000000,17000.00000000,16199.42000000,16725.84000000,467.70613997
2022-12-14T00:00:00Z,16725.39000000,17200.00000000,16557.24000000,16670.52000000,629.11496249
2022-12-15T00:00:00Z,16670.10000000,16718.84000000,16256.40000000,16301.01000000,340.66619388
2022-12-16T00:00:00Z,16297.62000000,16467.69000000,15612.80000000,15708.88000000,590.76614954
2022-12-17T00:00:00Z,15704.33000000,15857.58000000,15663.94000000,15840.38000000,148.40045847
2022-12-18T00:00:00Z,15842.78000000,15896.00000000,15740.00000000,15810.64000000,116.75744277
2022-12-19T00:00:00Z,15815.96000000,15860.65000000,15334.45000000,15480.47000000,352.27695004
2022-12-20T00:00:00Z,15480.47000000,16007.00000000,15457.00000000,15902.74000000,373.39671177
2022-12-21T00:00:00Z,15900.62000000,15941.45000000,15760.00000000,15852.65000000,185.78195694
2022-12-22T00:00:00Z,15851.57000000,15890.80000000,15652.51000000,15865.77000000,188.64363126
2022-12-23T00:00:00Z,15866.86000000,15951.00000000,15776.00000000,15786.93000000,220.70324010
2022-12-24T00:00:00Z,15785.76000000,15858.06000000,15785.76000000,15838.98000000,40.35741421
2022-12-25T00:00:00Z,15834.31000000,15859.76000000,15740.00000000,15836.76000000,104.38091886
2022-12-26T00:00:00Z,15838.64000000,15912.44000000,15788.40000000,15900.00000000,163.07924041
2022-12-27T00:00:00Z,15900.00000000,15938.30000000,15569.00000000,15691.23000000,155.84983558
2022-12-28T00:00:00Z,15690.70000000,15735.63000000,15505.00000000,15551.02000000,172.44591907
2022-12-29T00:00:00Z,15554.02000000,15637.62000000,15503.79000000,15589.65000000,203.93136171
2022-12-30T00:00:00Z,15590.28000000,15601.86000000,15303.26000000,15507.33000000,240.04568013
2022-12-31T00:00:00Z,15507.30000000,15528.16000000,15363.50000000,15428.96000000,180.55068817
2023-01-01T00:00:00Z,15428.96000000,15525.61000000,15397.03000000,15519.44000000,139.16661229
2023-01-02T00:00:00Z,15517.89000000,15723.53000000,15450.30000000,15600.83000000,365.43706126
2023-01-03T00:00:00Z,15600.84000000,15891.08000000,15587.83000000,15798.06000000,249.46332094
2023-01-04T00:00:00Z,15796.25000000,16018.09000000,15771.48000000,15883.36000000,283.16132912
2023-01-05T00:00:00Z,15890.91000000,16028.82000000,15794.55000000,15991.87000000,172.39809285
2023-01-06T00:00:00Z,15992.20000000,16015.47000000,15808.16000000,15912.40000000,216.20945969
2023-01-07T00:00:00Z,15912.51000000,15939.79000000,15881.38000000,15916.31000000,54.30962943
2023-01-08T00:00:00Z,15916.30000000,16109.20000000,15885.00000000,16068.15000000,101.85059902
2023-01-09T00:00:00Z,16073.53000000,16191.02000000,15957.32000000,16004.80000000,338.02307680
2023-01-10T00:00:00Z,16011.18000000,16293.00000000,15986.43000000,16246.35000000,243.09607050
2023-01-11T00:00:00Z,16248.46000000,16716.00000000,16097.61000000,16664.54000000,264.77347657
2023-01-12T00:00:00Z,16673.08000000,17613.01000000,16639.31000000,17360.88000000,837.66158225
2023-01-13T00:00:00Z,17367.58000000,18461.00000000,17248.23000000,18401.77000000,519.86366027
2023-01-14T00:00:00Z,18396.31000000,19634.02000000,18368.50000000,19327.44000000,571.56066648
2023-01-15T00:00:00Z,19333.24000000,19400.00000000,18937.89000000,19281.17000000,257.36210875
2023-01-16T00:00:00Z,19274.25000000,19840.01000000,19050.01000000,19568.42000000,690.68845335
2023-01-17T00:00:00Z,19569.08000000,19891.95000000,19284.50000000,19597.47000000,377.74598066
2023-01-18T00:00:00Z,19594.11000000,19880.00000000,18780.00000000,19132.10000000,441.31598796
2023-01-19T00:00:00Z,19135.79000000,19556.42000000,19117.83000000,19458.56000000,449.43254082
2023-01-20T00:00:00Z,19457.73000000,20947.55000000,19251.00000000,20879.77000000,417.61530618
2023-01-21T00:00:00Z,20871.47000000,21540.66000000,20652.85000000,20988.77000000,463.61856551
2023-01-22T00:00:00Z,20987.58000000,21253.53000000,20527.54000000,20906.51000000,297.15508345
2023-01-23T00:00:00Z,20913.72000000,21327.56000000,20717.94000000,21088.33000000,299.90743170
2023-01-24T00:00:00Z,21088.92000000,21283.98000000,20644.35000000,20780.90000000,415.45814893
2023-01-25T00:00:00Z,20779.38000000,21817.46000000,20500.00000000,21113.72000000,386.26456008
2023-01-26T00:00:00Z,21121.12000000,21326.79000000,20967.43000000,21119.77000000,257.50318251
2023-01-27T00:00:00Z,21128.80000000,21614.44000000,20705.00000000,21236.99000000,320.46200891
2023-01-28T00:00:00Z,21235.03000000,21341.18000000,21071.67000000,21204.34000000,68.42171486
2023-01-29T00:00:00Z,21204.34000000,22034.98000000,21153.82000000,21845.00000000,317.74278754
2023-01-30T00:00:00Z,21845.00000000,21888.71000000,20750.00000000,21047.09000000,468.34233309
2023-01-31T00:00:00Z,21043.32000000,21462.00000000,20939.68000000,21304.22000000,232.99599629
2023-02-01T00:00:00Z,21310.55000000,21679.00000000,20906.09000000,21554.80000000,403.19470582
2023-02-02T00:00:00Z,21555.64000000,22112.00000000,21403.41000000,21567.11000000,451.68653309
2023-02-03T00:00:00Z,21556.84000000,21868.00000000,21382.00000000,21703.05000000,290.07149232
2023-02-04T00:00:00Z,21689.78000000,21845.01000000,21542.80000000,21605.88000000,98.34182524
2023-02-05T00:00:00Z,21597.73000000,21693.94000000,21109.42000000,21264.22000000,194.63439794
2023-02-06T00:00:00Z,21263.88000000,21568.48000000,20971.27000000,21215.98000000,264.67916470
2023-02-07T00:00:00Z,21214.68000000,21714.29000000,21203.01000000,21654.23000000,271.12167371
2023-02-08T00:00:00Z,21653.91000000,21825.63000000,21142.00000000,21444.14000000,172.28751826
2023-02-09T00:00:00Z,21440.65000000,21470.90000000,20211.86000000,20306.50000000,490.97342847
2023-02-10T00:00:00Z,20296.94000000,20464.68000000,20101.02000000,20259.77000000,243.31381433
2023-02-11T00:00:00Z,20257.28000000,20528.53000000,20244.39000000,20494.22000000,90.24930214
2023-02-12T00:00:00Z,20497.61000000,20701.03000000,20262.07000000,20404.11000000,281.32003430
2023-02-13T00:00:00Z,20409.38000000,20505.25000000,19947.47000000,20308.52000000,331.25849124
2023-02-14T00:00:00Z,20308.85000000,20777.00000000,20088.75000000,20670.39000000,487.28850504
2023-02-15T00:00:00Z,20680.10000000,22798.85000000,20568.79000000,22736.58000000,649.90000114
2023-02-16T00:00:00Z,22737.05000000,23650.00000000,22037.07000000,22048.67000000,633.20125080
2023-02-17T00:00:00Z,22045.72000000,23393.49000000,21897.83000000,22973.79000000,582.33837527
2023-02-18T00:00:00Z,22967.65000000,23250.00000000,22847.10000000,23027.65000000,109.29671043
2023-02-19T00:00:00Z,23019.18000000,23537.36000000,22640.54000000,22712.62000000,242.06453351
2023-02-20T00:00:00Z,22712.71000000,23498.80000000,22329.00000000,23242.41000000,303.36858894
2023-02-21T00:00:00Z,23247.05000000,23659.30000000,22690.81000000,22962.47000000,335.96954061
2023-02-22T00:00:00Z,22959.96000000,22974.02000000,22200.00000000,22808.32000000,515.85640511
2023-02-23T00:00:00Z,22818.62000000,23152.82000000,22267.65000000,22592.55000000,391.01212927
2023-02-24T00:00:00Z,22607.04000000,22750.00000000,21658.00000000,21988.63000000,561.22291276
2023-02-25T00:00:00Z,21983.93000000,22018.76000000,21600.00000000,21996.77000000,164.06490013
2023-02-26T00:00:00Z,21995.42000000,22462.92000000,21900.01000000,22324.14000000,182.17356133
2023-02-27T00:00:00Z,22327.67000000,22548.98000000,21803.63000000,22147.19000000,425.98191154
2023-02-28T00:00:00Z,22148.37000000,22241.52000000,21778.70000000,21878.23000000,402.40854533
2023-03-01T00:00:00Z,21885.07000000,22541.01000000,21787.43000000,22155.31000000,446.60290880
2023-03-02T00:00:00Z,22152.13000000,22300.00000000,21898.30000000,22141.28000000,284.87816153
2023-03-03T00:00:00Z,22150.90000000,22152.72000000,20730.00000000,21012.13000000,763.00815921
2023-03-04T00:00:00Z,21010.29000000,21079.18000000,20870.28000000,21030.73000000,57.92306886
2023-03-05T00:00:00Z,21015.42000000,21291.09000000,20884.54000000,21111.60000000,158.16200760
2023-03-06T00:00:00Z,21107.45000000,21185.13000000,20911.33000000,20973.23000000,291.66345046
2023-03-07T00:00:00Z,20976.98000000,21179.51000000,20714.88000000,21033.80000000,370.93771443
2023-03-08T00:00:00Z,21030.08000000,21119.00000000,20480.00000000,20567.88000000,323.77182950
2023-03-09T00:00:00Z,20573.32000000,20673.40000000,18944.30000000,19239.60000000,636.77227777
2023-03-10T00:00:00Z,19245.51000000,19245.77000000,18463.00000000,18973.47000000,1413.87471689
2023-03-11T00:00:00Z,18968.89000000,19600.00000000,18649.44000000,19251.87000000,1221.37509008
2023-03-12T00:00:00Z,19246.80000000,20687.87000000,19108.27000000,20638.47000000,664.20107027
2023-03-13T00:00:00Z,20625.62000000,22736.00000000,20018.20000000,22273.30000000,1030.34007212
2023-03-14T00:00:00Z,22265.70000000,24516.05000000,22195.59000000,22992.35000000,1727.14879884
2023-03-15T00:00:00Z,23011.40000000,23840.00000000,22611.84000000,23004.51000000,930.57960913
2023-03-16T00:00:00Z,22992.52000000,23746.35000000,22828.72000000,23599.11000000,837.89955061
2023-03-17T00:00:00Z,23594.31000000,26055.83000000,23489.77000000,25677.82000000,1435.38067936
2023-03-18T00:00:00Z,25700.00000000,25986.57000000,24936.81000000,25249.93000000,638.30898394
2023-03-19T00:00:00Z,25253.09000000,26654.15000000,25169.88000000,26263.76000000,641.08720064
2023-03-20T00:00:00Z,26286.62000000,26794.00000000,25501.00000000,25927.76000000,927.41833253
2023-03-21T00:00:00Z,25940.35000000,26462.00000000,25579.09000000,26160.57000000,666.28467050
2023-03-22T00:00:00Z,26169.10000000,26822.83000000,24550.00000000,25143.74000000,1305.58321091
2023-03-23T00:00:00Z,25133.53000000,26435.46000000,24979.10000000,26153.32000000,840.59938069
2023-03-24T00:00:00Z,26162.33000000,26274.76000000,25127.27000000,25576.77000000,798.74104057
2023-03-25T00:00:00Z,25571.89000000,25863.88000000,25284.55000000,25568.06000000,258.18445788
2023-03-26T00:00:00Z,25564.58000000,26220.95000000,25525.44000000,25980.94000000,287.24736679
2023-03-27T00:00:00Z,25982.34000000,26049.74000000,24626.72000000,25122.64000000,569.77097665
2023-03-28T00:00:00Z,25125.48000000,25373.49000000,24632.93000000,25171.92000000,511.68030163
2023-03-29T00:00:00Z,25167.25000000,26432.70000000,25148.70000000,26147.73000000,591.81544082
2023-03-30T00:00:00Z,26154.17000000,26921.59000000,25428.00000000,25728.72000000,746.07350925
2023-03-31T00:00:00Z,25728.95000000,26414.14000000,25295.00000000,26260.54000000,550.88370514
2023-04-01T00:00:00Z,26260.54000000,26565.80000000,26033.18000000,26260.25000000,191.95664446
2023-04-02T00:00:00Z,26260.25000000,26315.52000000,25733.00000000,26079.63000000,348.88467751
2023-04-03T00:00:00Z,26088.12000000,26265.00000000,24990.00000000,25510.41000000,763.66856414
2023-04-04T00:00:00Z,25504.31000000,26077.83000000,25383.92000000,25720.78000000,555.29222199
2023-04-05T00:00:00Z,25719.36000000,26250.00000000,25492.47000000,25838.69000000,525.48991770
2023-04-06T00:00:00Z,25838.79000000,25855.00000000,25429.75000000,25696.56000000,288.92313851
2023-04-07T00:00:00Z,25707.67000000,25774.85000000,25474.76000000,25612.13000000,188.27594015
2023-04-08T00:00:00Z,25618.37000000,25853.88000000,25572.69000000,25675.33000000,129.24980279
2023-04-09T00:00:00Z,25680.88000000,26199.98000000,25524.13000000,25976.09000000,254.87133612
2023-04-10T00:00:00Z,25975.83000000,27409.21000000,25900.00000000,27268.38000000,470.11907178
2023-04-11T00:00:00Z,27269.08000000,28008.98000000,27225.42000000,27678.39000000,474.74305958
2023-04-12T00:00:00Z,27678.36000000,27819.62000000,27054.48000000,27200.69000000,590.07098914
2023-04-13T00:00:00Z,27204.41000000,27718.23000000,27192.63000000,27527.58000000,407.98793469
2023-04-14T00:00:00Z,27527.64000000,28050.09000000,27322.65000000,27719.01000000,698.91928847
2023-04-15T00:00:00Z,27717.21000000,27833.95000000,27517.53000000,27591.04000000,157.58156081
2023-04-16T00:00:00Z,27583.83000000,27794.43000000,27421.52000000,27615.96000000,175.98062896
2023-04-17T00:00:00Z,27608.62000000,27611.72000000,26638.48000000,26937.30000000,408.64391828
2023-04-18T00:00:00Z,26951.11000000,27781.86000000,26650.00000000,27692.40000000,410.02881204
2023-04-19T00:00:00Z,27687.66000000,27721.95000000,26130.00000000,26343.66000000,1314.18484625
2023-04-20T00:00:00Z,26325.57000000,26519.48000000,25550.96000000,25767.20000000,510.45812594
2023-04-21T00:00:00Z,25768.69000000,25868.83000000,24682.62000000,24795.79000000,689.63101815
2023-04-22T00:00:00Z,24798.50000000,25439.19000000,24691.60000000,25376.95000000,401.00570256
2023-04-23T00:00:00Z,25379.66000000,25379.66000000,24921.85000000,25110.87000000,429.70203513
2023-04-24T00:00:00Z,25114.80000000,25479.83000000,24432.03000000,24889.34000000,593.78462210
2023-04-25T00:00:00Z,24888.02000000,25881.12000000,24649.82000000,25789.42000000,492.61743639
2023-04-26T00:00:00Z,25796.55000000,27171.31000000,24695.08000000,25757.80000000,1124.38489331
2023-04-27T00:00:00Z,25751.00000000,27125.31000000,25701.84000000,26733.14000000,894.52224170
2023-04-28T00:00:00Z,26731.84000000,26851.12000000,26247.77000000,26608.11000000,450.68651892
2023-04-29T00:00:00Z,26610.94000000,26721.49000000,26370.64000000,26543.24000000,148.05143064
2023-04-30T00:00:00Z,26543.59000000,27176.32000000,26410.30000000,26537.65000000,316.23978704
2023-05-01T00:00:00Z,26570.47000000,26650.56000000,25214.39000000,25603.43000000,630.66505818
2023-05-02T00:00:00Z,25604.89000000,26271.08000000,25387.83000000,26043.09000000,527.72934538
2023-05-03T00:00:00Z,26046.28000000,26442.37000000,25440.99000000,26228.85000000,619.64115119
2023-05-04T00:00:00Z,26236.01000000,26594.75000000,25995.78000000,26183.22000000,404.58646939
2023-05-05T00:00:00Z,26183.28000000,26948.73000000,26173.82000000,26787.88000000,490.08030084
2023-05-06T00:00:00Z,26793.22000000,27069.25000000,25785.45000000,26237.54000000,515.81328952
2023-05-07T00:00:00Z,26241.13000000,26483.84000000,25814.74000000,25839.54000000,341.24602518
2023-05-08T00:00:00Z,25846.07000000,26013.55000000,24808.21000000,25188.42000000,811.99490353
2023-05-09T00:00:00Z,25182.93000000,25423.85000000,24969.25000000,25217.41000000,564.10270769
2023-05-10T00:00:00Z,25218.33000000,25820.00000000,24434.00000000,25143.15000000,883.26361250
2023-05-11T00:00:00Z,25151.29000000,25259.81000000,24480.45000000,24732.48000000,401.17483020
2023-05-12T00:00:00Z,24729.16000000,24817.17000000,23794.07000000,24704.96000000,947.21692816
2023-05-13T00:00:00Z,24705.09000000,24956.66000000,24598.50000000,24700.09000000,120.55580963
2023-05-14T00:00:00Z,24706.19000000,25085.45000000,24518.60000000,24816.41000000,229.54043843
2023-05-15T00:00:00Z,24816.56000000,25440.07000000,24645.37000000,24987.07000000,558.38723935
2023-05-16T00:00:00Z,24980.35000000,25104.75000000,24697.70000000,24879.37000000,695.80087267
2023-05-17T00:00:00Z,24879.41000000,25357.59000000,24514.36000000,25268.61000000,660.85418541
2023-05-18T00:00:00Z,25281.94000000,25409.61000000,24486.62000000,24884.51000000,847.78976678
2023-05-19T00:00:00Z,24888.95000000,25117.35000000,24635.28000000,24884.12000000,467.45199277
2023-05-20T00:00:00Z,24881.40000000,25128.47000000,24832.27000000,25090.00000000,150.99352374
2023-05-21T00:00:00Z,25089.43000000,25242.70000000,24671.81000000,24726.42000000,216.01092533
2023-05-22T00:00:00Z,24719.21000000,25048.00000000,24521.50000000,24828.28000000,634.48047870
2023-05-23T00:00:00Z,24840.11000000,25426.81000000,24787.63000000,25276.26000000,622.43095748
2023-05-24T00:00:00Z,25275.55000000,25279.51000000,24224.10000000,24470.85000000,1016.64690845
2023-05-25T00:00:00Z,24474.78000000,24830.00000000,24084.89000000,24691.83000000,750.17000686
2023-05-26T00:00:00Z,24693.75000000,25145.73000000,24532.00000000,24908.18000000,743.89506562
2023-05-27T00:00:00Z,24908.42000000,25076.47000000,24763.00000000,25044.36000000,163.79735725
2023-05-28T00:00:00Z,25049.53000000,26356.00000000,24972.22000000,26173.97000000,637.83814828
2023-05-29T00:00:00Z,26177.92000000,26542.02000000,25694.00000000,25906.36000000,1037.43373357
2023-05-30T00:00:00Z,25904.03000000,26125.97000000,25696.24000000,25814.74000000,870.79712389
2023-05-31T00:00:00Z,25810.68000000,25945.77000000,25179.81000000,25456.08000000,1237.73879929
2023-06-01T00:00:00Z,25458.41000000,25585.50000000,24783.65000000,24932.19000000,913.14423049
2023-06-02T00:00:00Z,24935.25000000,25502.00000000,24647.92000000,25456.82000000,731.19463095
2023-06-03T00:00:00Z,25455.96000000,25532.79000000,25148.49000000,25287.66000000,162.29815139
2023-06-04T00:00:00Z,25294.62000000,25645.92000000,25181.58000000,25365.15000000,191.86001141
2023-06-05T00:00:00Z,25353.62000000,25379.27000000,23723.21000000,24026.30000000,1302.38072311
2023-06-06T00:00:00Z,24034.21000000,25569.97000000,23753.22000000,25453.61000000,927.62858000
2023-06-07T00:00:00Z,25453.61000000,25589.15000000,24420.00000000,24600.52000000,626.23761925
2023-06-08T00:00:00Z,24597.35000000,24864.96000000,24463.53000000,24583.35000000,528.79933442
2023-06-09T00:00:00Z,24584.13000000,24877.62000000,24378.10000000,24633.29000000,485.57224477
2023-06-10T00:00:00Z,24634.82000000,24674.79000000,23690.00000000,24102.47000000,1176.61091303
2023-06-11T00:00:00Z,24108.87000000,24397.30000000,23915.94000000,24124.83000000,261.42302305
2023-06-12T00:00:00Z,24129.58000000,24225.81000000,23869.78000000,24065.27000000,518.24351693
2023-06-13T00:00:00Z,24070.87000000,24433.92000000,23821.72000000,24029.79000000,603.01924256
2023-06-14T00:00:00Z,24025.07000000,24127.40000000,22907.40000000,23181.14000000,861.91286612
2023-06-15T00:00:00Z,23179.00000000,23529.86000000,22782.25000000,23373.23000000,1162.01324190
2023-06-16T00:00:00Z,23372.49000000,24212.93000000,23006.28000000,24063.10000000,854.85986884
2023-06-17T00:00:00Z,24064.83000000,24500.00000000,23916.38000000,24233.64000000,299.42656081
2023-06-18T00:00:00Z,24236.90000000,24393.43000000,24000.00000000,24075.09000000,262.49664131
2023-06-19T00:00:00Z,24078.73000000,24769.56000000,24011.82000000,24569.88000000,526.06398147
2023-06-20T00:00:00Z,24570.53000000,26007.55000000,24416.50000000,25922.32000000,789.63295585
2023-06-21T00:00:00Z,25922.55000000,28050.00000000,25891.74000000,27273.95000000,1235.51109891
2023-06-22T00:00:00Z,27276.06000000,27704.37000000,26936.02000000,27258.00000000,568.58474141
2023-06-23T00:00:00Z,27258.01000000,28862.89000000,27241.50000000,28151.12000000,871.48005882
2023-06-24T00:00:00Z,28173.31000000,28262.53000000,27772.11000000,28014.57000000,252.19945906
2023-06-25T00:00:00Z,28022.18000000,28481.00000000,27772.21000000,27940.71000000,222.30287807
2023-06-26T00:00:00Z,27936.58000000,28078.00000000,27420.04000000,27735.34000000,503.12685411
2023-06-27T00:00:00Z,27732.87000000,28298.13000000,27653.83000000,28006.83000000,607.81873189
2023-06-28T00:00:00Z,28014.75000000,28026.45000000,27349.00000000,27564.27000000,572.16101165
2023-06-29T00:00:00Z,27551.48000000,28349.63000000,27551.48000000,28010.36000000,534.44627467
2023-06-30T00:00:00Z,28012.05000000,28752.28000000,27003.73000000,27909.64000000,1114.31773840
2023-07-01T00:00:00Z,27911.20000000,28089.59000000,27776.39000000,28028.65000000,108.12981154
2023-07-02T00:00:00Z,28022.56000000,28200.00000000,27630.66000000,28046.79000000,179.13636353
2023-07-03T00:00:00Z,28050.39000000,28749.00000000,28030.70000000,28532.78000000,457.88655295
2023-07-04T00:00:00Z,28539.23000000,28697.85000000,28132.42000000,28270.75000000,336.92866620
2023-07-05T00:00:00Z,28270.43000000,28397.43000000,27711.00000000,28110.01000000,340.51837232
2023-07-06T00:00:00Z,28092.81000000,28998.23000000,27412.13000000,27469.23000000,757.87345108
2023-07-07T00:00:00Z,27464.35000000,27909.37000000,27295.00000000,27689.07000000,632.94903187
2023-07-08T00:00:00Z,27692.87000000,27721.85000000,27411.49000000,27636.20000000,198.62120354
2023-07-09T00:00:00Z,27635.08000000,27775.00000000,27418.50000000,27511.19000000,200.62697397
2023-07-10T00:00:00Z,27510.81000000,28222.46000000,27338.52000000,27632.84000000,573.26690935
2023-07-11T00:00:00Z,27636.32000000,28028.00000000,27593.29000000,27809.78000000,456.71584315
2023-07-12T00:00:00Z,27809.03000000,28057.45000000,27131.84000000,27281.28000000,722.94004901
2023-07-13T00:00:00Z,27276.17000000,28348.94000000,27145.17000000,28026.78000000,1152.25736861
2023-07-14T00:00:00Z,28026.69000000,28153.84000000,26640.00000000,27055.01000000,737.79959660
2023-07-15T00:00:00Z,27053.17000000,27120.72000000,26987.06000000,27031.12000000,114.90543433
2023-07-16T00:00:00Z,27035.38000000,27158.76000000,26833.00000000,26955.76000000,254.65733291
2023-07-17T00:00:00Z,26955.25000000,27052.56000000,26400.00000000,26826.59000000,451.39335323
2023-07-18T00:00:00Z,26826.99000000,26891.84000000,26345.88000000,26619.45000000,463.22736357
2023-07-19T00:00:00Z,26614.30000000,26903.56000000,26590.27000000,26707.60000000,297.75586316
2023-07-20T00:00:00Z,26711.79000000,27146.33000000,26578.81000000,26764.30000000,364.02390953
2023-07-21T00:00:00Z,26777.03000000,27022.39000000,26708.35000000,26885.06000000,192.17815223
2023-07-22T00:00:00Z,26886.97000000,26968.80000000,26650.00000000,26793.01000000,81.75645575
2023-07-23T00:00:00Z,26790.20000000,27292.09000000,26742.69000000,27048.87000000,143.11189521
2023-07-24T00:00:00Z,27052.82000000,27061.88000000,26069.00000000,26384.71000000,555.35685943
2023-07-25T00:00:00Z,26388.13000000,26620.00000000,26249.58000000,26453.25000000,280.47793204
2023-07-26T00:00:00Z,26452.05000000,26775.77000000,26324.91000000,26496.74000000,433.32489628
2023-07-27T00:00:00Z,26498.54000000,26788.13000000,26417.13000000,26597.56000000,329.67788496
2023-07-28T00:00:00Z,26597.96000000,26770.66000000,26490.00000000,26596.94000000,350.71612300
2023-07-29T00:00:00Z,26597.06000000,26675.85000000,26535.49000000,26637.31000000,55.65518515
2023-07-30T00:00:00Z,26640.45000000,26715.63000000,26340.00000000,26550.20000000,98.44598812
2023-07-31T00:00:00Z,26549.91000000,26769.33000000,26467.69000000,26565.50000000,139.55997837
2023-08-01T00:00:00Z,26566.92000000,26987.59000000,26058.01000000,26960.44000000,378.24116418
2023-08-02T00:00:00Z,26975.25000000,27294.37000000,26409.55000000,26637.52000000,259.15882121
2023-08-03T00:00:00Z,26651.15000000,26881.99000000,26503.32000000,26639.69000000,338.95633225
2023-08-04T00:00:00Z,26639.21000000,26699.74000000,26150.57000000,26416.11000000,178.29485921
2023-08-05T00:00:00Z,26416.64000000,26445.00000000,26312.72000000,26408.88000000,60.00403899
2023-08-06T00:00:00Z,26411.90000000,26480.79000000,26325.26000000,26395.93000000,60.04654686
2023-08-07T00:00:00Z,26397.76000000,26572.77000000,26080.00000000,26513.76000000,175.77950664
2023-08-08T00:00:00Z,26513.97000000,27570.00000000,26496.12000000,27144.52000000,295.83381715
2023-08-09T00:00:00Z,27143.04000000,27417.77000000,26742.40000000,26915.08000000,262.10183374
2023-08-10T00:00:00Z,26922.33000000,27000.00000000,26633.88000000,26794.13000000,162.86185144
2023-08-11T00:00:00Z,26793.71000000,26938.71000000,26668.62000000,26847.48000000,231.70148289
2023-08-12T00:00:00Z,26848.23000000,26928.09000000,26808.61000000,26883.66000000,40.28066171
2023-08-13T00:00:00Z,26885.27000000,26906.52000000,26736.94000000,26757.29000000,59.12146959
2023-08-14T00:00:00Z,26753.73000000,27113.12000000,26592.45000000,26947.79000000,296.62008430
2023-08-15T00:00:00Z,26947.17000000,26966.62000000,26621.70000000,26739.24000000,251.07235792
2023-08-16T00:00:00Z,26741.25000000,26802.04000000,26374.80000000,26383.75000000,212.12457656
2023-08-17T00:00:00Z,26386.66000000,26442.26000000,23113.00000000,24513.33000000,1225.00984320
2023-08-18T00:00:00Z,24514.40000000,24700.00000000,23550.02000000,23983.36000000,604.21571411
2023-08-19T00:00:00Z,23987.95000000,24219.28000000,23752.45000000,24057.19000000,250.94858362
2023-08-20T00:00:00Z,24067.31000000,24210.85000000,23944.53000000,24092.10000000,266.48145099
2023-08-21T00:00:00Z,24091.06000000,24096.46000000,23720.00000000,23971.68000000,313.85868001
2023-08-22T00:00:00Z,23972.51000000,24024.46000000,23320.00000000,24015.52000000,385.24100973
2023-08-23T00:00:00Z,24021.08000000,24681.18000000,23849.15000000,24338.85000000,505.81771363
2023-08-24T00:00:00Z,24328.99000000,24462.01000000,23894.97000000,24224.72000000,389.64208838
2023-08-25T00:00:00Z,24225.89000000,24261.01000000,23926.53000000,24132.00000000,422.57945111
2023-08-26T00:00:00Z,24139.23000000,24192.94000000,24069.08000000,24105.01000000,97.76574599
2023-08-27T00:00:00Z,24103.93000000,24253.67000000,24059.87000000,24173.83000000,120.36226648
2023-08-28T00:00:00Z,24172.66000000,24261.01000000,23925.00000000,24092.68000000,406.45619099
2023-08-29T00:00:00Z,24089.56000000,25955.15000000,23947.96000000,25488.48000000,738.06448699
2023-08-30T00:00:00Z,25484.19000000,25529.56000000,24716.30000000,24981.85000000,512.60199941
2023-08-31T00:00:00Z,24982.09000000,25363.76000000,23672.33000000,23914.74000000,555.65140352
2023-09-01T00:00:00Z,23912.49000000,24110.45000000,23469.00000000,23938.64000000,494.22330568
2023-09-02T00:00:00Z,23944.89000000,24117.82000000,23894.69000000,24017.56000000,157.67397194
2023-09-03T00:00:00Z,24017.49000000,24238.03000000,23950.00000000,24099.26000000,199.72149317
2023-09-04T00:00:00Z,24099.76000000,24182.27000000,23736.24000000,23916.17000000,365.75827550
2023-09-05T00:00:00Z,23916.39000000,24153.16000000,23690.00000000,24042.74000000,336.03514749
2023-09-06T00:00:00Z,24045.92000000,24269.09000000,23671.03000000,24018.28000000,322.40201735
2023-09-07T00:00:00Z,24016.26000000,24713.33000000,23943.30000000,24555.27000000,422.84024473
2023-09-08T00:00:00Z,24554.05000000,24691.50000000,23975.37000000,24218.24000000,412.35039756
2023-09-09T00:00:00Z,24219.11000000,24255.11000000,24123.31000000,24217.69000000,130.42488247
2023-09-10T00:00:00Z,24220.52000000,24296.40000000,23920.00000000,24115.34000000,283.86789176
2023-09-11T00:00:00Z,24112.39000000,24155.93000000,23175.00000000,23414.48000000,544.22076573
2023-09-12T00:00:00Z,23413.35000000,24731.12000000,23394.57000000,24027.86000000,704.48415175
2023-09-13T00:00:00Z,24027.13000000,24586.00000000,23950.00000000,24444.74000000,411.59187898
2023-09-14T00:00:00Z,24444.27000000,25236.17000000,24345.55000000,24942.81000000,550.57292946
2023-09-15T00:00:00Z,24941.04000000,25216.40000000,24575.72000000,24947.64000000,360.82775170
2023-09-16T00:00:00Z,24942.57000000,25099.61000000,24800.00000000,24896.82000000,145.73712789
2023-09-17T00:00:00Z,24900.41000000,24944.00000000,24752.00000000,24863.25000000,122.13363676
2023-09-18T00:00:00Z,24865.29000000,25717.80000000,24722.92000000,25027.79000000,514.59846661
2023-09-19T00:00:00Z,25025.08000000,25732.26000000,24940.63000000,25478.36000000,432.04047340
2023-09-20T00:00:00Z,25482.07000000,25634.70000000,25113.08000000,25455.28000000,508.42343903
2023-09-21T00:00:00Z,25457.77000000,25531.02000000,24760.89000000,24914.62000000,341.40728356
2023-09-22T00:00:00Z,24918.00000000,25116.09000000,24844.18000000,24962.63000000,281.15662538
2023-09-23T00:00:00Z,24963.38000000,25034.95000000,24907.62000000,24979.88000000,110.50141547
2023-09-24T00:00:00Z,24977.31000000,25125.48000000,24544.90000000,24654.94000000,156.75491856
2023-09-25T00:00:00Z,24654.33000000,24946.98000000,24415.00000000,24812.19000000,391.04535065
2023-09-26T00:00:00Z,24814.14000000,24918.69000000,24641.93000000,24788.36000000,361.40594919
2023-09-27T00:00:00Z,24787.51000000,25447.69000000,24781.48000000,25081.18000000,405.81148357
2023-09-28T00:00:00Z,25084.17000000,25800.00000000,25036.46000000,25576.55000000,509.13005030
2023-09-29T00:00:00Z,25576.41000000,25677.27000000,25206.27000000,25446.68000000,301.41313435
2023-09-30T00:00:00Z,25447.62000000,25624.12000000,25422.71000000,25505.25000000,142.87483629
2023-10-01T00:00:00Z,25502.27000000,26550.00000000,25498.15000000,26478.33000000,308.92341454
2023-10-02T00:00:00Z,26487.75000000,27196.27000000,26045.35000000,26244.29000000,661.03052497
2023-10-03T00:00:00Z,26238.48000000,26421.38000000,25945.35000000,26195.91000000,395.92385043
2023-10-04T00:00:00Z,26197.70000000,26495.03000000,25986.83000000,26453.87000000,356.49461454
2023-10-05T00:00:00Z,26446.65000000,26720.00000000,25969.00000000,25997.55000000,384.83886463
2023-10-06T00:00:00Z,26002.43000000,26731.85000000,25907.33000000,26408.67000000,378.67650603
2023-10-07T00:00:00Z,26402.32000000,26493.35000000,26325.46000000,26433.45000000,109.79730731
2023-10-08T00:00:00Z,26435.12000000,26556.69000000,26190.67000000,26429.64000000,134.07642072
2023-10-09T00:00:00Z,26433.51000000,26518.35000000,25893.15000000,26087.49000000,326.54604342
2023-10-10T00:00:00Z,26091.54000000,26235.73000000,25753.95000000,25834.66000000,284.84959220
2023-10-11T00:00:00Z,25834.89000000,25904.91000000,25068.93000000,25296.81000000,459.93292783
2023-10-12T00:00:00Z,25297.27000000,25412.96000000,25112.76000000,25386.28000000,356.52963699
2023-10-13T00:00:00Z,25386.33000000,25807.76000000,25374.53000000,25574.81000000,382.50871800
2023-10-14T00:00:00Z,25573.51000000,25681.13000000,25512.03000000,25562.43000000,159.46326864
2023-10-15T00:00:00Z,25563.13000000,25937.83000000,25510.00000000,25825.08000000,276.17087979
2023-10-16T00:00:00Z,25829.88000000,28559.99000000,25779.64000000,27012.47000000,987.27092027
2023-10-17T00:00:00Z,27012.99000000,27101.83000000,26613.14000000,26863.38000000,495.24665239
2023-10-18T00:00:00Z,26864.96000000,27404.25000000,26720.07000000,26883.86000000,385.82123325
2023-10-19T00:00:00Z,26889.34000000,27313.42000000,26711.91000000,27146.90000000,430.09615998
2023-10-20T00:00:00Z,27149.05000000,28552.00000000,27050.30000000,28007.17000000,648.03047865
2023-10-21T00:00:00Z,28003.24000000,28657.41000000,27816.31000000,28233.29000000,242.80152506
2023-10-22T00:00:00Z,28232.63000000,28541.00000000,27968.91000000,28313.97000000,181.76175757
2023-10-23T00:00:00Z,28310.64000000,32871.20000000,28216.85000000,31013.55000000,1067.56338331
2023-10-24T00:00:00Z,31005.30000000,32912.28000000,30796.24000000,32017.00000000,1501.23291493
2023-10-25T00:00:00Z,32007.46000000,33224.68000000,31811.45000000,32671.15000000,700.32879410
2023-10-26T00:00:00Z,32664.27000000,33043.80000000,32041.07000000,32332.74000000,718.77992222
2023-10-27T00:00:00Z,32331.33000000,32441.06000000,31597.94000000,32086.23000000,612.07902552
2023-10-28T00:00:00Z,32087.51000000,32676.86000000,32057.56000000,32280.80000000,244.83461748
2023-10-29T00:00:00Z,32281.36000000,32921.46000000,32144.67000000,32701.44000000,276.17228021
2023-10-30T00:00:00Z,32729.36000000,32930.55000000,32159.02000000,32508.63000000,571.29236512
2023-10-31T00:00:00Z,32506.29000000,32845.03000000,32075.21000000,32769.07000000,478.12695310
2023-11-01T00:00:00Z,32762.07000000,33705.44000000,32300.00000000,33478.01000000,589.22642768
2023-11-02T00:00:00Z,33489.14000000,33963.08000000,32343.77000000,32932.61000000,803.01856764
2023-11-03T00:00:00Z,32938.58000000,32938.58000000,32033.00000000,32402.37000000,556.07902971
2023-11-04T00:00:00Z,32403.85000000,32918.73000000,32280.00000000,32743.52000000,213.28013454
2023-11-05T00:00:00Z,32744.36000000,33038.42000000,32169.78000000,32679.12000000,321.31932032
2023-11-06T00:00:00Z,32680.28000000,32851.28000000,32386.71000000,32715.25000000,324.08335619
2023-11-07T00:00:00Z,32730.41000000,33600.00000000,32364.10000000,33129.51000000,540.87388965
2023-11-08T00:00:00Z,33132.79000000,33734.02000000,32850.00000000,33282.19000000,458.59937333
2023-11-09T00:00:00Z,33280.63000000,35474.28000000,33207.77000000,34434.72000000,1359.34000577
2023-11-10T00:00:00Z,34435.84000000,35154.43000000,34050.00000000,34935.96000000,675.06059799
2023-11-11T00:00:00Z,34947.59000000,35034.73000000,34400.03000000,34813.24000000,344.05410394
2023-11-12T00:00:00Z,34815.92000000,34887.71000000,34436.79000000,34720.75000000,213.04418578
2023-11-13T00:00:00Z,34722.47000000,35050.00000000,34000.00000000,34106.01000000,488.31379476
2023-11-14T00:00:00Z,34102.43000000,34378.90000000,31990.40000000,32706.47000000,685.33739419
2023-11-15T00:00:00Z,32706.29000000,35021.53000000,32533.86000000,34916.07000000,734.76263099
2023-11-16T00:00:00Z,34927.94000000,34990.08000000,32710.00000000,33346.16000000,627.45998002
2023-11-17T00:00:00Z,33349.85000000,33875.76000000,33030.61000000,33610.55000000,542.64959174
2023-11-18T00:00:00Z,33608.85000000,33831.78000000,33223.00000000,33587.35000000,219.79632011
2023-11-19T00:00:00Z,33587.35000000,34423.25000000,33403.25000000,34296.05000000,291.75998719
2023-11-20T00:00:00Z,34305.11000000,34543.00000000,33613.50000000,34265.66000000,474.45809740
2023-11-21T00:00:00Z,34264.63000000,34417.24000000,32761.34000000,32767.42000000,470.68136454
2023-11-22T00:00:00Z,32771.51000000,34784.28000000,32677.49000000,34375.45000000,638.44266670
2023-11-23T00:00:00Z,34375.38000000,34482.92000000,33829.69000000,34224.49000000,320.86427742
2023-11-24T00:00:00Z,34233.03000000,35203.43000000,34190.07000000,34505.89000000,566.51301582
2023-11-25T00:00:00Z,34506.38000000,34678.15000000,34400.00000000,34580.97000000,153.24635932
2023-11-26T00:00:00Z,34587.06000000,34603.79000000,34008.22000000,34259.11000000,251.16179440
2023-11-27T00:00:00Z,34269.16000000,34394.58000000,33603.00000000,34010.38000000,410.88784287
2023-11-28T00:00:00Z,34010.88000000,34971.37000000,33693.38000000,34393.59000000,500.77434007
2023-11-29T00:00:00Z,34395.35000000,35046.36000000,34270.00000000,34520.35000000,503.50665097
2023-11-30T00:00:00Z,34522.76000000,34772.69000000,34376.36000000,34650.23000000,432.02346411
2023-12-01T00:00:00Z,34664.21000000,35866.76000000,34528.37000000,35572.65000000,697.33222603
2023-12-02T00:00:00Z,35571.59000000,36500.00000000,35529.54000000,36258.07000000,433.93560678
2023-12-03T00:00:00Z,36254.10000000,36949.99000000,36084.83000000,36728.86000000,364.72531171
2023-12-04T00:00:00Z,36730.09000000,39125.00000000,36730.09000000,38746.88000000,1188.95669751
2023-12-05T00:00:00Z,38751.70000000,41207.99000000,38270.31000000,40837.97000000,1257.10616120
2023-12-06T00:00:00Z,40852.23000000,41064.91000000,40239.24000000,40656.41000000,825.39196221
2023-12-07T00:00:00Z,40665.50000000,40939.56000000,39711.37000000,40148.80000000,750.67417435
2023-12-08T00:00:00Z,40123.20000000,41582.65000000,39967.26000000,41084.98000000,662.24128624
2023-12-09T00:00:00Z,41085.61000000,41249.00000000,40520.11000000,40651.90000000,346.84225542
2023-12-10T00:00:00Z,40651.90000000,40978.13000000,40505.00000000,40704.50000000,262.96824055
2023-12-11T00:00:00Z,40710.74000000,40715.66000000,37307.18000000,38307.12000000,1815.99094494
2023-12-12T00:00:00Z,38312.86000000,39030.85000000,37684.15000000,38422.50000000,916.54068843
2023-12-13T00:00:00Z,38423.88000000,39989.00000000,37612.79000000,39426.25000000,860.27707244
2023-12-14T00:00:00Z,39427.57000000,39678.97000000,38000.00000000,39159.64000000,727.24819953
2023-12-15T00:00:00Z,39156.72000000,39271.57000000,38216.99000000,38518.78000000,584.52462608
2023-12-16T00:00:00Z,38522.80000000,39222.93000000,38237.07000000,38830.10000000,301.10134004
2023-12-17T00:00:00Z,38827.60000000,38948.07000000,37870.33000000,37973.04000000,401.36058375
2023-12-18T00:00:00Z,37976.08000000,39139.60000000,37141.25000000,39057.89000000,769.14301876
2023-12-19T00:00:00Z,39058.48000000,39813.49000000,38076.36000000,38510.52000000,540.70494071
2023-12-20T00:00:00Z,38517.47000000,40428.10000000,38488.45000000,39880.00000000,625.93566650
2023-12-21T00:00:00Z,39898.26000000,40264.94000000,39474.31000000,39875.32000000,672.40043398
2023-12-22T00:00:00Z,39877.59000000,40390.00000000,39405.23000000,39996.65000000,499.54311232
2023-12-23T00:00:00Z,39998.13000000,40014.22000000,39395.00000000,39813.94000000,201.46719337
2023-12-24T00:00:00Z,39810.33000000,40005.45000000,38814.95000000,39172.06000000,426.16169940
2023-12-25T00:00:00Z,39195.20000000,39867.88000000,38952.89000000,39582.57000000,284.21827708
2023-12-26T00:00:00Z,39583.10000000,39599.75000000,37755.39000000,38530.92000000,509.61012104
2023-12-27T00:00:00Z,38533.41000000,39386.00000000,38200.00000000,39151.63000000,569.19493673
2023-12-28T00:00:00Z,39156.55000000,39449.76000000,38158.41000000,38495.00000000,647.48504211
2023-12-29T00:00:00Z,38498.12000000,39067.83000000,37544.31000000,38217.53000000,673.86755739
2023-12-30T00:00:00Z,38216.07000000,38682.77000000,37689.55000000,38278.51000000,517.29575131
2023-12-31T00:00:00Z,38280.09000000,38948.18000000,38111.66000000,38427.75000000,378.74827432
2024-01-01T00:00:00Z,38418.87000000,40100.00000000,38294.70000000,40090.38000000,365.72069768
2024-01-02T00:00:00Z,40091.39000000,41912.00000000,40054.41000000,41120.45000000,989.26435722
2024-01-03T00:00:00Z,41126.14000000,41614.69000000,37350.00000000,39332.21000000,1482.34923329
2024-01-04T00:00:00Z,39325.86000000,40949.76000000,38999.00000000,40412.75000000,874.41827334
2024-01-05T00:00:00Z,40419.60000000,40675.80000000,38811.00000000,40424.44000000,1089.89064410
2024-01-06T00:00:00Z,40426.56000000,40484.98000000,39750.00000000,40264.14000000,237.16452420
2024-01-07T00:00:00Z,40259.98000000,40730.42000000,39933.18000000,40205.88000000,410.42694407
2024-01-08T00:00:00Z,40212.32000000,43178.99000000,39534.33000000,42919.85000000,1133.08295922
2024-01-09T00:00:00Z,42922.51000000,43977.39000000,41017.14000000,42224.79000000,1282.63926189
2024-01-10T00:00:00Z,42250.10000000,43571.51000000,40529.96000000,42576.83000000,1436.15821126
2024-01-11T00:00:00Z,42588.61000000,44887.99000000,41588.00000000,42227.19000000,1639.99550313
2024-01-12T00:00:00Z,42225.03000000,42403.63000000,37900.00000000,39146.18000000,1471.06363884
2024-01-13T00:00:00Z,39150.25000000,39645.59000000,38799.22000000,39207.07000000,468.52145693
2024-01-14T00:00:00Z,39205.76000000,39384.66000000,38107.26000000,38127.68000000,382.57458439
2024-01-15T00:00:00Z,38125.62000000,39626.61000000,38111.56000000,38856.28000000,565.02130209
2024-01-16T00:00:00Z,38854.04000000,40087.58000000,38700.00000000,39685.64000000,386.11020222
2024-01-17T00:00:00Z,39675.59000000,39728.85000000,38849.96000000,39272.26000000,405.98425404
2024-01-18T00:00:00Z,39276.18000000,39407.88000000,37379.64000000,37988.66000000,718.50309977
2024-01-19T00:00:00Z,37998.87000000,38723.22000000,37000.00000000,38236.24000000,536.44714448
2024-01-20T00:00:00Z,38239.70000000,38443.43000000,38058.69000000,38283.48000000,150.32543212
2024-01-21T00:00:00Z,38280.44000000,38456.48000000,38108.08000000,38178.38000000,103.40935595
2024-01-22T00:00:00Z,38174.41000000,38236.90000000,36138.33000000,36345.19000000,876.86122511
2024-01-23T00:00:00Z,36345.19000000,36858.04000000,35455.56000000,36765.32000000,844.33204031
2024-01-24T00:00:00Z,36770.49000000,37236.52000000,36254.69000000,36845.18000000,669.25689196
2024-01-25T00:00:00Z,36845.20000000,37024.19000000,36448.01000000,36855.82000000,350.07687683
2024-01-26T00:00:00Z,36853.93000000,38931.47000000,36740.98000000,38562.87000000,553.72491938
2024-01-27T00:00:00Z,38562.43000000,38928.11000000,38155.34000000,38857.09000000,183.88120856
2024-01-28T00:00:00Z,38848.94000000,39477.03000000,38384.28000000,38770.89000000,251.82164524
2024-01-29T00:00:00Z,38774.95000000,40077.97000000,38620.34000000,39975.64000000,468.82367944
2024-01-30T00:00:00Z,39979.26000000,40497.75000000,39383.70000000,39633.57000000,448.09912086
2024-01-31T00:00:00Z,39634.04000000,40351.30000000,39100.00000000,39410.58000000,542.94919408
2024-02-01T00:00:00Z,39403.42000000,39827.92000000,38738.07000000,39621.22000000,413.92845202
2024-02-02T00:00:00Z,39628.64000000,40227.41000000,39328.63000000,40012.45000000,283.62426731
2024-02-03T00:00:00Z,40010.18000000,40162.50000000,39739.32000000,39852.73000000,109.33799414
2024-02-04T00:00:00Z,39864.34000000,39950.68000000,39154.49000000,39489.16000000,168.68083541
2024-02-05T00:00:00Z,39502.82000000,40486.42000000,39209.28000000,39731.54000000,318.08445442
2024-02-06T00:00:00Z,39736.46000000,40355.00000000,39591.11000000,40065.55000000,255.90086225
2024-02-07T00:00:00Z,40070.02000000,41199.11000000,39752.84000000,41128.84000000,375.21982565
2024-02-08T00:00:00Z,41133.90000000,42308.54000000,41118.48000000,42012.50000000,454.20625106
2024-02-09T00:00:00Z,42025.18000000,44598.99000000,41992.67000000,43124.72000000,823.95348518
2024-02-10T00:00:00Z,43140.66000000,44400.00000000,42794.10000000,44027.18000000,406.57912918
2024-02-11T00:00:00Z,44034.81000000,44653.24000000,43868.85000000,44552.73000000,315.15008875
2024-02-12T00:00:00Z,44569.87000000,46692.70000000,44133.62000000,46210.59000000,857.91750188
2024-02-13T00:00:00Z,46210.36000000,46661.94000000,45085.10000000,46434.80000000,640.41108637
2024-02-14T00:00:00Z,46440.04000000,48599.40000000,45995.64000000,48300.68000000,821.35946398
2024-02-15T00:00:00Z,48299.88000000,49068.78000000,47672.54000000,48194.01000000,838.80532868
2024-02-16T00:00:00Z,48198.71000000,48950.00000000,47910.97000000,48405.14000000,509.08758712
2024-02-17T00:00:00Z,48410.66000000,48458.09000000,46957.52000000,47959.18000000,415.62814737
2024-02-18T00:00:00Z,47964.57000000,48642.33000000,47519.42000000,48354.00000000,237.63179525
2024-02-19T00:00:00Z,48369.79000000,48706.16000000,47962.97000000,48056.14000000,432.82093359
2024-02-20T00:00:00Z,48063.67000000,49025.00000000,46986.06000000,48364.32000000,611.91851120
2024-02-21T00:00:00Z,48366.57000000,48474.07000000,46878.06000000,47938.43000000,444.01980631
2024-02-22T00:00:00Z,47938.77000000,48117.60000000,47024.34000000,47359.21000000,427.09798542
2024-02-23T00:00:00Z,47370.10000000,47589.09000000,46677.17000000,46873.10000000,347.17726725
2024-02-24T00:00:00Z,46883.14000000,47757.48000000,46732.47000000,47632.45000000,160.86393428
2024-02-25T00:00:00Z,47632.45000000,47979.99000000,47395.70000000,47803.84000000,180.67373572
2024-02-26T00:00:00Z,47818.86000000,50487.20000000,46932.18000000,49979.74000000,644.68082895
2024-02-27T00:00:00Z,49978.02000000,53063.37000000,49978.02000000,52587.36000000,853.57840760
2024-02-28T00:00:00Z,52600.59000000,59097.20000000,52309.80000000,57460.80000000,1487.12728374
2024-02-29T00:00:00Z,57472.17000000,58640.40000000,55753.70000000,56477.23000000,1065.49802200
2024-03-01T00:00:00Z,56509.14000000,58300.00000000,56106.21000000,57572.75000000,649.14989943
2024-03-02T00:00:00Z,57565.56000000,57627.13000000,56837.19000000,57211.22000000,261.24992375
2024-03-03T00:00:00Z,57224.17000000,58328.78000000,56628.55000000,58227.89000000,309.28890918
2024-03-04T00:00:00Z,58226.26000000,62960.00000000,57439.00000000,62779.25000000,1449.33430287
2024-03-05T00:00:00Z,62779.25000000,63600.00000000,48500.00000000,58821.41000000,2198.24205859
2024-03-06T00:00:00Z,58825.04000000,62297.53000000,57910.32000000,60629.09000000,823.94642282
2024-03-07T00:00:00Z,60635.54000000,62320.76000000,60133.38000000,61027.58000000,594.19610322
2024-03-08T00:00:00Z,61043.74000000,64012.00000000,60410.00000000,62408.25000000,764.59105869
2024-03-09T00:00:00Z,62414.69000000,62799.99000000,62168.35000000,62553.18000000,217.19679871
2024-03-10T00:00:00Z,62549.27000000,63945.01000000,62334.78000000,63064.25000000,414.00852885
2024-03-11T00:00:00Z,63085.63000000,66498.88000000,61332.21000000,65689.34000000,1005.81234192
2024-03-12T00:00:00Z,65704.92000000,66943.61000000,62952.84000000,65424.91000000,1000.88978827
2024-03-13T00:00:00Z,65411.00000000,67437.05000000,65279.06000000,66772.14000000,703.39502589
2024-03-14T00:00:00Z,66773.00000000,67467.86000000,62942.02000000,65631.65000000,1111.71424647
2024-03-15T00:00:00Z,65632.21000000,66573.90000000,60178.01000000,63873.31000000,1580.24010395
2024-03-16T00:00:00Z,63883.90000000,64377.91000000,59470.50000000,59904.06000000,703.58792108
2024-03-17T00:00:00Z,59904.58000000,63275.93000000,59147.18000000,62799.62000000,848.16305427
2024-03-18T00:00:00Z,62809.05000000,63323.33000000,61175.19000000,62167.44000000,686.58471196
2024-03-19T00:00:00Z,62150.25000000,62630.24000000,56617.26000000,56992.73000000,1643.82438685
2024-03-20T00:00:00Z,57002.05000000,62418.00000000,55904.42000000,62104.86000000,1320.89865175
2024-03-21T00:00:00Z,62098.75000000,62450.49000000,59452.00000000,60311.85000000,792.84807062
2024-03-22T00:00:00Z,60314.15000000,61527.63000000,57723.98000000,59092.76000000,778.44754940
2024-03-23T00:00:00Z,59121.32000000,61146.40000000,58377.10000000,59270.27000000,308.58241208
2024-03-24T00:00:00Z,59269.04000000,62558.63000000,59058.70000000,62197.99000000,354.37775492
2024-03-25T00:00:00Z,62194.73000000,65689.95000000,61391.43000000,64434.81000000,786.75081788
2024-03-26T00:00:00Z,64440.88000000,65971.86000000,63893.68000000,64578.78000000,462.38197499
2024-03-27T00:00:00Z,64592.34000000,66339.18000000,63188.14000000,64187.14000000,723.56355016
2024-03-28T00:00:00Z,64228.88000000,66265.73000000,63636.15000000,65616.11000000,372.85584733
2024-03-29T00:00:00Z,65609.90000000,65784.03000000,64000.00000000,64804.53000000,258.96970172
2024-03-30T00:00:00Z,64800.06000000,65187.26000000,64531.79000000,64567.04000000,128.52661545
2024-03-31T00:00:00Z,64582.40000000,66193.77000000,64551.58000000,66099.78000000,191.18973257
2024-04-01T00:00:00Z,66093.32000000,66101.60000000,63422.75000000,64909.14000000,374.26140114
2024-04-02T00:00:00Z,64905.24000000,64940.52000000,60011.64000000,60853.75000000,1100.29393570
2024-04-03T00:00:00Z,60868.59000000,61980.00000000,60000.00000000,60944.89000000,512.74702544
2024-04-04T00:00:00Z,60962.64000000,63919.68000000,60089.91000000,63262.09000000,453.02671506
2024-04-05T00:00:00Z,63272.08000000,63464.37000000,61077.30000000,62635.57000000,457.05471445
2024-04-06T00:00:00Z,62640.42000000,64318.25000000,62283.52000000,63613.31000000,181.73176199
2024-04-07T00:00:00Z,63618.34000000,64849.98000000,63525.00000000,64048.85000000,219.83451485
2024-04-08T00:00:00Z,64046.80000000,67094.17000000,63770.22000000,65914.02000000,566.93663259
2024-04-09T00:00:00Z,65894.26000000,66017.61000000,62881.66000000,63710.86000000,508.61027479
2024-04-10T00:00:00Z,63684.68000000,66222.00000000,62636.91000000,65761.16000000,444.69384970
2024-04-11T00:00:00Z,65773.86000000,66369.00000000,64846.83000000,65278.57000000,383.48269915
2024-04-12T00:00:00Z,65281.03000000,66588.53000000,61300.00000000,63328.63000000,984.35762317
2024-04-13T00:00:00Z,63330.19000000,64027.39000000,57251.00000000,61007.42000000,1559.92725418
2024-04-14T00:00:00Z,61005.18000000,62043.20000000,59021.70000000,61867.60000000,760.75833798
2024-04-15T00:00:00Z,61870.64000000,62869.53000000,58717.47000000,59747.50000000,1009.51373592
2024-04-16T00:00:00Z,59769.15000000,60682.79000000,58042.43000000,60117.86000000,762.53253187
2024-04-17T00:00:00Z,60115.61000000,60782.51000000,56129.00000000,57485.91000000,987.19193770
2024-04-18T00:00:00Z,57485.45000000,60263.09000000,56917.92000000,59694.80000000,565.62223035
2024-04-19T00:00:00Z,59713.79000000,61521.37000000,56170.00000000,59991.74000000,918.21029260
2024-04-20T00:00:00Z,59992.83000000,61521.37000000,59310.61000000,61075.19000000,334.26412593
2024-04-21T00:00:00Z,61073.94000000,61721.09000000,60349.25000000,60953.54000000,274.07021648
2024-04-22T00:00:00Z,60985.08000000,63134.63000000,60520.08000000,62755.47000000,428.47715681
2024-04-23T00:00:00Z,62755.47000000,63046.18000000,61693.41000000,62068.17000000,386.33059160
2024-04-24T00:00:00Z,62060.81000000,62678.55000000,59418.00000000,60083.17000000,431.91218967
2024-04-25T00:00:00Z,60074.92000000,60867.16000000,58755.00000000,60126.24000000,389.91996958
2024-04-26T00:00:00Z,60143.74000000,60545.76000000,59242.36000000,59635.80000000,354.61187190
2024-04-27T00:00:00Z,59639.85000000,59793.40000000,58411.49000000,59364.40000000,226.12657975
2024-04-28T00:00:00Z,59364.36000000,60136.13000000,58647.82000000,58947.56000000,181.01826606
2024-04-29T00:00:00Z,58965.50000000,59875.00000000,57745.77000000,59549.34000000,503.46241480
2024-04-30T00:00:00Z,59581.09000000,60365.57000000,55311.31000000,56852.18000000,772.86685399
2024-05-01T00:00:00Z,56844.50000000,56991.58000000,52943.49000000,54372.60000000,1258.79096130
2024-05-02T00:00:00Z,54378.17000000,55643.98000000,53121.21000000,55082.13000000,635.05368310
2024-05-03T00:00:00Z,55076.36000000,58931.62000000,54811.98000000,58507.14000000,502.09441795
2024-05-04T00:00:00Z,58509.32000000,59999.00000000,58165.60000000,59392.98000000,274.70356453
2024-05-05T00:00:00Z,59398.45000000,60038.98000000,58461.27000000,59506.98000000,231.06694571
2024-05-06T00:00:00Z,59515.05000000,60834.00000000,58239.85000000,58681.47000000,415.09319745
2024-05-07T00:00:00Z,58671.32000000,59857.37000000,57920.00000000,57961.38000000,305.09384379
2024-05-08T00:00:00Z,57978.20000000,58657.29000000,56638.90000000,56949.08000000,357.82329052
2024-05-09T00:00:00Z,56941.52000000,58835.13000000,56459.29000000,58521.43000000,279.82735664
2024-05-10T00:00:00Z,58522.09000000,58882.51000000,55876.05000000,56514.18000000,447.06249428
2024-05-11T00:00:00Z,56524.04000000,57167.19000000,56208.31000000,56496.94000000,198.07642651
2024-05-12T00:00:00Z,56516.31000000,57435.99000000,56299.00000000,57075.98000000,123.98655238
2024-05-13T00:00:00Z,57085.97000000,58770.58000000,56418.03000000,58293.80000000,325.85438232
2024-05-14T00:00:00Z,58298.94000000,58478.73000000,56500.00000000,56924.05000000,320.35856449
2024-05-15T00:00:00Z,56924.68000000,61022.00000000,56680.09000000,60777.05000000,383.64791289
2024-05-16T00:00:00Z,60779.28000000,61400.00000000,59000.00000000,60018.57000000,394.26686267
2024-05-17T00:00:00Z,60030.50000000,62081.49000000,59963.62000000,61687.99000000,323.11749946
2024-05-18T00:00:00Z,61685.45000000,62012.19000000,61300.00000000,61579.64000000,194.99132039
2024-05-19T00:00:00Z,61588.52000000,62261.43000000,60587.46000000,60927.75000000,202.69537382
2024-05-20T00:00:00Z,60930.51000000,65700.00000000,60750.00000000,65521.16000000,542.13763679
2024-05-21T00:00:00Z,65521.16000000,65933.02000000,63494.57000000,64375.99000000,628.58154046
2024-05-22T00:00:00Z,64375.99000000,65138.74000000,63653.03000000,63816.00000000,376.19678098
2024-05-23T00:00:00Z,63816.00000000,64541.13000000,61333.00000000,62836.76000000,470.83392201
2024-05-24T00:00:00Z,62839.02000000,63878.65000000,61540.66000000,63232.74000000,245.38978772
2024-05-25T00:00:00Z,63249.14000000,64198.39000000,63196.06000000,63939.25000000,103.66428959
2024-05-26T00:00:00Z,63921.45000000,64114.63000000,62843.54000000,63138.93000000,102.45131389
2024-05-27T00:00:00Z,63145.80000000,64989.91000000,62808.92000000,63872.07000000,236.89637878
2024-05-28T00:00:00Z,63874.98000000,63968.61000000,61900.00000000,62969.80000000,340.08480991
2024-05-29T00:00:00Z,62968.22000000,63480.38000000,62062.99000000,62548.69000000,230.22853881
2024-05-30T00:00:00Z,62551.71000000,64124.08000000,62068.52000000,63095.75000000,268.44322450
2024-05-31T00:00:00Z,63105.19000000,63537.51000000,61440.00000000,62230.86000000,277.52115562
2024-06-01T00:00:00Z,62234.29000000,62561.82000000,62130.99000000,62441.25000000,87.06024806
2024-06-02T00:00:00Z,62445.22000000,63050.23000000,62026.91000000,62452.47000000,118.29560654
2024-06-03T00:00:00Z,62428.48000000,64762.10000000,62283.90000000,63080.70000000,304.92947467
2024-06-04T00:00:00Z,63089.34000000,65294.96000000,62931.48000000,64777.18000000,328.10654650
2024-06-05T00:00:00Z,64789.75000000,66063.64000000,64688.44000000,65357.71000000,335.41897846
2024-06-06T00:00:00Z,65358.06000000,65766.87000000,64380.61000000,64984.68000000,283.87105652
2024-06-07T00:00:00Z,64985.78000000,66132.47000000,63309.84000000,64258.71000000,352.28449963
2024-06-08T00:00:00Z,64257.12000000,64500.00000000,64096.56000000,64278.15000000,126.90552547
2024-06-09T00:00:00Z,64277.11000000,64842.00000000,64066.62000000,64648.18000000,159.25443232
2024-06-10T00:00:00Z,64664.14000000,65298.24000000,64320.22000000,64535.72000000,200.93621452
2024-06-11T00:00:00Z,64528.44000000,64588.76000000,61507.14000000,62726.38000000,530.41475073
2024-06-12T00:00:00Z,62719.92000000,64579.89000000,62243.20000000,63140.41000000,352.66408515
2024-06-13T00:00:00Z,63136.04000000,63396.45000000,61617.67000000,62171.28000000,253.89933232
2024-06-14T00:00:00Z,62189.17000000,63090.90000000,60801.06000000,61747.33000000,300.22901419
2024-06-15T00:00:00Z,61752.49000000,62111.00000000,61494.65000000,61829.19000000,90.88944269
2024-06-16T00:00:00Z,61832.47000000,62539.34000000,61687.66000000,62262.17000000,97.60381266
2024-06-17T00:00:00Z,62279.16000000,62696.68000000,60710.72000000,61904.82000000,236.82698332
2024-06-18T00:00:00Z,61908.22000000,61988.95000000,59654.85000000,60685.06000000,363.99799435
2024-06-19T00:00:00Z,60698.63000000,61218.74000000,60200.01000000,60456.22000000,168.56697690
2024-06-20T00:00:00Z,60466.69000000,61937.39000000,60249.86000000,60550.86000000,323.10050356
2024-06-21T00:00:00Z,60577.71000000,60719.65000000,59287.61000000,59987.59000000,270.54473097
2024-06-22T00:00:00Z,59995.39000000,60336.51000000,59797.74000000,59992.10000000,74.27808157
2024-06-23T00:00:00Z,59996.32000000,60246.86000000,59085.16000000,59107.12000000,89.24138584
2024-06-24T00:00:00Z,59127.81000000,59261.30000000,54419.19000000,56186.44000000,697.40788768
2024-06-25T00:00:00Z,56169.13000000,58215.85000000,56122.32000000,57713.87000000,570.89956745
2024-06-26T00:00:00Z,57713.47000000,58294.10000000,56800.20000000,56935.04000000,341.91484885
2024-06-27T00:00:00Z,56946.44000000,58164.61000000,56622.20000000,57545.90000000,263.66774666
2024-06-28T00:00:00Z,57546.99000000,58162.14000000,55965.89000000,56344.17000000,286.13125887
2024-06-29T00:00:00Z,56345.64000000,57117.87000000,56307.44000000,56888.03000000,136.28146021
2024-06-30T00:00:00Z,56881.68000000,58647.31000000,56625.31000000,58407.41000000,155.48993236
2024-07-01T00:00:00Z,58416.69000000,59467.74000000,58090.34000000,58527.56000000,387.64433677
2024-07-02T00:00:00Z,58523.46000000,58894.41000000,57510.25000000,57733.05000000,206.03530587
2024-07-03T00:00:00Z,57747.42000000,57888.74000000,55048.15000000,55766.78000000,383.47526387
2024-07-04T00:00:00Z,55772.09000000,56001.96000000,52549.74000000,52790.43000000,597.16889862
2024-07-05T00:00:00Z,52790.03000000,53175.96000000,49437.20000000,52271.97000000,1085.18051491
2024-07-06T00:00:00Z,52267.47000000,53892.23000000,51726.29000000,53664.51000000,707.35991637
2024-07-07T00:00:00Z,53664.31000000,53861.02000000,51450.59000000,51589.15000000,293.21252865
2024-07-08T00:00:00Z,51589.15000000,53655.00000000,50144.21000000,52254.91000000,1457.34061510
2024-07-09T00:00:00Z,52267.68000000,53855.82000000,51865.03000000,53631.95000000,1109.47042884
2024-07-10T00:00:00Z,53663.86000000,54950.27000000,52789.11000000,53276.98000000,605.65539207
2024-07-11T00:00:00Z,53276.99000000,54744.40000000,52591.29000000,52728.22000000,1016.80072263
2024-07-12T00:00:00Z,52733.04000000,53662.74000000,52017.01000000,53109.92000000,645.82671205
2024-07-13T00:00:00Z,53103.25000000,54863.10000000,52977.57000000,54274.18000000,208.66300848
2024-07-14T00:00:00Z,54274.50000000,56400.63000000,54257.68000000,55876.86000000,424.42726971
2024-07-15T00:00:00Z,55876.94000000,59585.00000000,55750.00000000,59432.32000000,490.78590908
2024-07-16T00:00:00Z,59421.37000000,59998.99000000,57211.79000000,59699.03000000,405.94613726
2024-07-17T00:00:00Z,59707.23000000,60675.00000000,58347.46000000,58600.56000000,346.32186003
2024-07-18T00:00:00Z,58599.56000000,59624.66000000,58031.47000000,58699.58000000,214.24423714
2024-07-19T00:00:00Z,58709.62000000,62000.00000000,58111.70000000,61283.57000000,410.28483968
2024-07-20T00:00:00Z,61281.39000000,62064.88000000,60871.92000000,61651.61000000,145.74291043
2024-07-21T00:00:00Z,61646.16000000,62721.17000000,60372.50000000,62529.01000000,203.01047905
2024-07-22T00:00:00Z,62526.97000000,62821.99000000,61166.88000000,62030.69000000,250.65858945
2024-07-23T00:00:00Z,62026.78000000,62220.35000000,60224.14000000,60755.96000000,292.25848749
2024-07-24T00:00:00Z,60766.59000000,61800.00000000,60065.73000000,60333.99000000,240.22230240
2024-07-25T00:00:00Z,60318.31000000,61004.00000000,58512.00000000,60650.01000000,335.29952639
2024-07-26T00:00:00Z,60652.22000000,62830.25000000,60571.05000000,62563.79000000,323.17954685
2024-07-27T00:00:00Z,62561.24000000,63876.72000000,61400.00000000,62488.02000000,292.01454843
2024-07-28T00:00:00Z,62490.46000000,62887.22000000,61744.87000000,62854.02000000,107.12922846
2024-07-29T00:00:00Z,62866.50000000,64749.00000000,61368.32000000,61700.00000000,427.70514922
2024-07-30T00:00:00Z,61701.63000000,61910.98000000,60411.71000000,61177.08000000,290.33895527
2024-07-31T00:00:00Z,61184.48000000,61804.95000000,59604.99000000,59715.77000000,336.73080284
2024-08-01T00:00:00Z,59709.38000000,60811.58000000,57709.31000000,60559.44000000,417.82100327
2024-08-02T00:00:00Z,60555.08000000,60794.76000000,56100.00000000,56347.78000000,473.47114375
2024-08-03T00:00:00Z,56352.63000000,57110.64000000,55000.00000000,55717.27000000,553.06040776
2024-08-04T00:00:00Z,55719.17000000,56131.17000000,52521.27000000,53309.69000000,1023.84859285
2024-08-05T00:00:00Z,53330.01000000,53448.81000000,45021.36000000,49408.05000000,3196.63707067
2024-08-06T00:00:00Z,49417.12000000,52299.98000000,49371.86000000,51374.96000000,963.93343161
2024-08-07T00:00:00Z,51369.66000000,52950.00000000,50010.13000000,50495.77000000,549.41047371
2024-08-08T00:00:00Z,50512.15000000,57499.00000000,50129.82000000,56542.08000000,460.84007542
2024-08-09T00:00:00Z,56546.67000000,56593.13000000,54533.74000000,55789.08000000,313.86928219
2024-08-10T00:00:00Z,55800.62000000,56358.00000000,55240.07000000,55859.19000000,135.27159029
2024-08-11T00:00:00Z,55860.58000000,56707.04000000,53436.91000000,53835.66000000,239.45474186
2024-08-12T00:00:00Z,53822.14000000,55555.00000000,52780.03000000,54307.22000000,359.11681215
2024-08-13T00:00:00Z,54312.58000000,56141.89000000,53510.41000000,55129.90000000,286.50224950
2024-08-14T00:00:00Z,55146.13000000,56081.19000000,53100.00000000,53328.00000000,308.51748484
2024-08-15T00:00:00Z,53326.55000000,54508.09000000,51195.03000000,52491.11000000,424.84476460
2024-08-16T00:00:00Z,52501.36000000,54340.13000000,52064.92000000,53464.65000000,253.81422526
2024-08-17T00:00:00Z,53452.49000000,54194.89000000,53380.64000000,54000.00000000,74.08506959
2024-08-18T00:00:00Z,54009.94000000,54688.34000000,53019.52000000,53046.89000000,130.08025933
2024-08-19T00:00:00Z,53049.34000000,53800.00000000,52408.27000000,53652.29000000,224.94083142
2024-08-20T00:00:00Z,53657.34000000,55469.03000000,52747.33000000,53076.19000000,301.28743363
2024-08-21T00:00:00Z,53062.12000000,55458.37000000,52862.69000000,54841.80000000,371.62377308
2024-08-22T00:00:00Z,54830.06000000,55146.00000000,53625.00000000,54327.75000000,345.61932192
2024-08-23T00:00:00Z,54311.20000000,58047.53000000,54311.19000000,57308.88000000,447.89770675
2024-08-24T00:00:00Z,57301.11000000,57632.96000000,56735.97000000,57269.55000000,151.91637930
2024-08-25T00:00:00Z,57272.31000000,58113.94000000,56905.96000000,57402.19000000,167.58380223
2024-08-26T00:00:00Z,57406.50000000,57632.29000000,56256.75000000,56298.34000000,303.87103799
2024-08-27T00:00:00Z,56289.73000000,56613.32000000,51950.00000000,53225.98000000,464.08729339
2024-08-28T00:00:00Z,53225.11000000,54189.93000000,52100.00000000,53088.39000000,326.99133822
2024-08-29T00:00:00Z,53109.73000000,55248.92000000,52921.58000000,53604.00000000,286.41399895
2024-08-30T00:00:00Z,53585.98000000,54096.18000000,52280.00000000,53546.16000000,231.76194306
2024-08-31T00:00:00Z,53553.35000000,53855.82000000,53200.00000000,53405.31000000,60.22093735
2024-09-01T00:00:00Z,53385.08000000,53476.90000000,51802.75000000,51931.36000000,203.81632762
2024-09-02T00:00:00Z,51911.95000000,53700.00000000,51709.51000000,53430.92000000,233.61573622
2024-09-03T00:00:00Z,53444.24000000,54065.45000000,51964.87000000,52033.15000000,287.13574297
2024-09-04T00:00:00Z,52036.77000000,52835.55000000,50354.20000000,52323.86000000,397.29997213
2024-09-05T00:00:00Z,52320.31000000,52652.63000000,50084.23000000,50556.80000000,241.17270351
2024-09-06T00:00:00Z,50560.77000000,51382.12000000,47428.66000000,48768.11000000,631.99766844
2024-09-07T00:00:00Z,48768.11000000,49585.80000000,48548.32000000,48900.38000000,218.48358020
2024-09-08T00:00:00Z,48922.03000000,49905.18000000,48417.29000000,49505.02000000,188.58514830
2024-09-09T00:00:00Z,49526.79000000,52624.00000000,49315.32000000,51718.32000000,448.96083805
2024-09-10T00:00:00Z,51723.22000000,52649.00000000,51105.34000000,52311.79000000,212.94548070
2024-09-11T00:00:00Z,52319.39000000,52657.81000000,50490.85000000,52074.02000000,281.19770213
2024-09-12T00:00:00Z,52130.02000000,53116.26000000,51955.86000000,52494.18000000,260.61066202
2024-09-13T00:00:00Z,52489.57000000,54781.85000000,52007.60000000,54673.01000000,250.20037654
2024-09-14T00:00:00Z,54674.74000000,54756.51000000,53700.00000000,54164.78000000,96.08980267
2024-09-15T00:00:00Z,54168.55000000,54488.83000000,52959.70000000,53343.95000000,156.99599343
2024-09-16T00:00:00Z,53320.98000000,53409.25000000,51650.17000000,52276.88000000,227.43877981
2024-09-17T00:00:00Z,52290.93000000,55193.91000000,51790.06000000,54226.05000000,364.06498608
2024-09-18T00:00:00Z,54261.74000000,55604.62000000,53223.45000000,55562.82000000,337.00000766
2024-09-19T00:00:00Z,55571.01000000,57241.75000000,55438.04000000,56385.95000000,329.06309665
2024-09-20T00:00:00Z,56396.66000000,57414.44000000,55813.70000000,56634.75000000,198.00698897
2024-09-21T00:00:00Z,56605.64000000,56937.10000000,56211.31000000,56753.13000000,53.43438343
2024-09-22T00:00:00Z,56772.76000000,57321.60000000,55883.34000000,57001.09000000,146.12246921
2024-09-23T00:00:00Z,56988.75000000,57970.81000000,56080.15000000,56985.67000000,223.72967754
2024-09-24T00:00:00Z,57003.00000000,57822.22000000,56259.42000000,57426.47000000,218.53383368
2024-09-25T00:00:00Z,57453.84000000,57924.98000000,56526.64000000,56730.08000000,169.19799330
2024-09-26T00:00:00Z,56715.02000000,58940.47000000,56281.39000000,58315.28000000,324.94929400
2024-09-27T00:00:00Z,58329.32000000,59528.74000000,58057.40000000,58936.22000000,271.49194403
2024-09-28T00:00:00Z,58959.93000000,59348.82000000,58610.19000000,58982.04000000,83.33974660
2024-09-29T00:00:00Z,59006.02000000,59130.89000000,58620.64000000,58742.25000000,99.07191940
2024-09-30T00:00:00Z,58752.02000000,58757.86000000,56421.56000000,56853.11000000,284.50661756
2024-10-01T00:00:00Z,56850.00000000,57713.90000000,54301.02000000,54900.00000000,332.62712344
2024-10-02T00:00:00Z,54908.65000000,56446.85000000,54301.00000000,54905.63000000,314.17660861
2024-10-03T00:00:00Z,54893.39000000,55719.54000000,54237.15000000,55053.60000000,325.96403893
2024-10-04T00:00:00Z,55047.76000000,56945.23000000,54785.63000000,56572.45000000,229.25658222
2024-10-05T00:00:00Z,56588.84000000,56831.74000000,56187.41000000,56505.53000000,58.20658723
2024-10-06T00:00:00Z,56522.61000000,57354.13000000,56300.00000000,57248.79000000,92.42354624
2024-10-07T00:00:00Z,57256.48000000,58723.00000000,56600.00000000,56722.36000000,207.05337233
2024-10-08T00:00:00Z,56703.35000000,57573.30000000,56373.07000000,56607.21000000,159.12921466
2024-10-09T00:00:00Z,56623.09000000,57004.21000000,55090.00000000,55379.26000000,184.88185859
2024-10-10T00:00:00Z,55370.10000000,56058.68000000,53904.09000000,55146.64000000,220.05098312
2024-10-11T00:00:00Z,55142.72000000,57977.43000000,54950.51000000,57140.17000000,224.21897559
2024-10-12T00:00:00Z,57164.90000000,58003.83000000,57119.07000000,57728.29000000,101.28575501
2024-10-13T00:00:00Z,57721.17000000,57789.17000000,56653.98000000,57519.27000000,148.87016103
2024-10-14T00:00:00Z,57516.93000000,60999.00000000,57148.57000000,60393.03000000,497.97698980
2024-10-15T00:00:00Z,60413.47000000,62200.00000000,59377.80000000,61565.84000000,405.94917438
2024-10-16T00:00:00Z,61574.43000000,62759.72000000,61274.78000000,62222.06000000,284.82937583
2024-10-17T00:00:00Z,62235.03000000,62509.07000000,61444.00000000,62185.80000000,204.80844458
2024-10-18T00:00:00Z,62200.36000000,63499.99000000,61956.89000000,62976.42000000,452.48284802
2024-10-19T00:00:00Z,62966.41000000,63186.47000000,62268.10000000,62835.98000000,91.10108229
2024-10-20T00:00:00Z,62840.49000000,63779.18000000,62597.49000000,63433.63000000,126.77171012
2024-10-21T00:00:00Z,63445.78000000,63900.00000000,61649.96000000,62154.91000000,513.43364230
2024-10-22T00:00:00Z,62160.00000000,62777.00000000,61420.41000000,62408.10000000,387.06914029
2024-10-23T00:00:00Z,62400.56000000,62400.56000000,60465.00000000,61791.39000000,165.08982555
2024-10-24T00:00:00Z,61803.03000000,63574.05000000,61629.62000000,62976.58000000,313.65572182
2024-10-25T00:00:00Z,62979.27000000,63463.91000000,60776.28000000,61744.48000000,235.57270922
2024-10-26T00:00:00Z,61740.05000000,62453.74000000,61565.45000000,62136.66000000,65.10975685
2024-10-27T00:00:00Z,62155.83000000,63198.15000000,61985.78000000,62928.34000000,106.17886596
2024-10-28T00:00:00Z,62928.68000000,64932.23000000,62623.13000000,64634.89000000,326.05451082
2024-10-29T00:00:00Z,64636.79000000,68000.00000000,64422.84000000,67134.23000000,707.11838829
2024-10-30T00:00:00Z,67148.64000000,67174.82000000,65914.41000000,66607.40000000,252.20350371
2024-10-31T00:00:00Z,66595.95000000,66893.60000000,63946.30000000,64506.43000000,308.79554682
2024-11-01T00:00:00Z,64506.42000000,65968.48000000,63230.24000000,64175.87000000,258.86695384
2024-11-02T00:00:00Z,64144.26000000,64537.47000000,63776.12000000,64124.73000000,48.98607369
2024-11-03T00:00:00Z,64132.60000000,64169.66000000,62351.09000000,63426.11000000,359.15274360
2024-11-04T00:00:00Z,63408.26000000,63791.42000000,61410.68000000,62357.98000000,301.31622731
2024-11-05T00:00:00Z,62348.64000000,64637.98000000,62022.59000000,63491.53000000,282.78464079
2024-11-06T00:00:00Z,63517.03000000,71149.78000000,63423.44000000,70304.54000000,1364.77495693
2024-11-07T00:00:00Z,70340.00000000,71193.11000000,68901.04000000,70292.42000000,400.31083733
2024-11-08T00:00:00Z,70324.72000000,72088.30000000,70132.73000000,71421.23000000,269.30354873
2024-11-09T00:00:00Z,71418.19000000,71777.77000000,70664.61000000,71550.49000000,166.98838724
2024-11-10T00:00:00Z,71562.42000000,75699.99000000,71388.80000000,74757.19000000,760.24717970
2024-11-11T00:00:00Z,74780.73000000,82900.00000000,74639.10000000,82274.06000000,1441.28614835
2024-11-12T00:00:00Z,82273.98000000,84457.98000000,75700.00000000,82334.41000000,1838.12262283
2024-11-13T00:00:00Z,82311.26000000,88000.00000000,80903.15000000,85278.66000000,1364.44961113
2024-11-14T00:00:00Z,85286.00000000,87076.83000000,82317.57000000,82917.20000000,877.49846428
2024-11-15T00:00:00Z,82893.06000000,87076.83000000,82621.18000000,86260.52000000,532.44187883
2024-11-16T00:00:00Z,86256.73000000,86900.22000000,85171.44000000,85665.95000000,220.55102249
2024-11-17T00:00:00Z,85667.74000000,86397.38000000,83913.99000000,85016.99000000,389.00874594
2024-11-18T00:00:00Z,85046.28000000,87599.00000000,84594.12000000,85423.38000000,703.24208600
2024-11-19T00:00:00Z,85409.31000000,88742.51000000,85337.81000000,87157.00000000,693.28942984
2024-11-20T00:00:00Z,87182.40000000,90088.98000000,86446.65000000,89280.02000000,671.56658014
2024-11-21T00:00:00Z,89274.21000000,94235.00000000,89140.88000000,93554.33000000,1637.55645015
2024-11-22T00:00:00Z,93564.35000000,95501.25000000,93075.21000000,94717.46000000,1041.06139351
2024-11-23T00:00:00Z,94720.51000000,94720.51000000,92680.84000000,93208.66000000,363.23362745
2024-11-24T00:00:00Z,93200.09000000,94118.48000000,91129.86000000,93391.61000000,520.87509879
2024-11-25T00:00:00Z,93388.13000000,94400.00000000,88070.46000000,88950.00000000,946.06920339
2024-11-26T00:00:00Z,88922.48000000,90777.81000000,86543.90000000,87605.57000000,1087.59277563
2024-11-27T00:00:00Z,87609.93000000,92207.53000000,87423.34000000,90854.12000000,716.51787977
2024-11-28T00:00:00Z,90831.46000000,91601.62000000,89731.44000000,90606.98000000,340.61478617
2024-11-29T00:00:00Z,90627.58000000,93535.47000000,90296.09000000,92163.53000000,370.75302119
2024-11-30T00:00:00Z,92150.72000000,92154.35000000,90722.66000000,91143.29000000,147.38722472
2024-12-01T00:00:00Z,91143.07000000,92599.99000000,90470.00000000,92099.58000000,195.27489538
2024-12-02T00:00:00Z,92096.25000000,93098.99000000,90011.05000000,91275.31000000,371.87919391
2024-12-03T00:00:00Z,91279.95000000,91751.07000000,88886.03000000,91229.73000000,378.30146135
2024-12-04T00:00:00Z,91249.72000000,94277.20000000,89907.87000000,93790.50000000,498.49733094
2024-12-05T00:00:00Z,93775.73000000,98456.03000000,86600.00000000,91712.59000000,1236.52232064
2024-12-06T00:00:00Z,91706.60000000,96591.42000000,91127.00000000,94436.71000000,542.64571223
2024-12-07T00:00:00Z,94435.53000000,95080.04000000,93383.71000000,94421.99000000,197.26954813
2024-12-08T00:00:00Z,94428.15000000,95908.70000000,93391.07000000,95685.97000000,168.88619671
2024-12-09T00:00:00Z,95662.16000000,95763.04000000,89217.53000000,92274.10000000,552.52661383
2024-12-10T00:00:00Z,92239.33000000,93449.00000000,89655.63000000,91841.31000000,487.04302670
2024-12-11T00:00:00Z,91836.31000000,97063.04000000,90924.87000000,96272.32000000,551.87440914
2024-12-12T00:00:00Z,96288.37000000,97700.00000000,94665.58000000,95419.29000000,332.42362785
2024-12-13T00:00:00Z,95422.38000000,97077.55000000,94708.86000000,96561.92000000,270.81294300
2024-12-14T00:00:00Z,96555.98000000,97675.32000000,95777.37000000,96522.66000000,166.31233180
2024-12-15T00:00:00Z,96527.58000000,99800.00000000,96379.24000000,99111.37000000,338.64697217
2024-12-16T00:00:00Z,99120.98000000,102497.39000000,98348.92000000,100729.30000000,769.13883587
2024-12-17T00:00:00Z,100700.60000000,103000.00000000,100301.00000000,101171.90000000,358.79004596
2024-12-18T00:00:00Z,101163.08000000,101448.15000000,96586.70000000,96807.26000000,671.03607098
2024-12-19T00:00:00Z,96757.67000000,98807.32000000,92150.18000000,94015.48000000,702.61431593
2024-12-20T00:00:00Z,94013.79000000,94599.67000000,88421.18000000,93898.51000000,1008.26799935
2024-12-21T00:00:00Z,93897.60000000,95772.36000000,92562.54000000,93445.59000000,247.85777508
2024-12-22T00:00:00Z,93489.38000000,93633.12000000,90334.19000000,91204.69000000,314.99972965
2024-12-23T00:00:00Z,91182.16000000,92749.00000000,88832.59000000,91113.12000000,653.97969171
2024-12-24T00:00:00Z,91110.52000000,95724.27000000,89796.81000000,94865.41000000,435.23712975
2024-12-25T00:00:00Z,94890.99000000,95737.17000000,93915.29000000,95615.60000000,219.22545179
2024-12-26T00:00:00Z,95618.45000000,96129.98000000,91380.00000000,91817.68000000,278.73491900
2024-12-27T00:00:00Z,91774.04000000,93579.09000000,89634.61000000,90412.16000000,373.71835226
2024-12-28T00:00:00Z,90390.29000000,91634.81000000,90225.50000000,91231.22000000,132.80990947
2024-12-29T00:00:00Z,91235.75000000,91271.67000000,89000.00000000,89702.09000000,250.31280693
2024-12-30T00:00:00Z,89692.71000000,91260.41000000,87834.22000000,88994.94000000,447.55649032
2024-12-31T00:00:00Z,89007.78000000,92638.09000000,88252.45000000,90119.83000000,397.73855381
2025-01-01T00:00:00Z,90119.83000000,91749.00000000,89665.00000000,91175.14000000,233.83137205
2025-01-02T00:00:00Z,91173.50000000,95306.46000000,91000.00000000,94383.32000000,398.80103233
2025-01-03T00:00:00Z,94411.14000000,96143.44000000,93405.23000000,95250.00000000,310.96405010
2025-01-04T00:00:00Z,95250.00000000,95847.86000000,94645.00000000,95290.25000000,96.77731908
2025-01-05T00:00:00Z,95306.40000000,95899.98000000,94348.19000000,95451.75000000,119.89755911
2025-01-06T00:00:00Z,95456.12000000,98690.06000000,94893.39000000,98495.27000000,432.06389354
2025-01-07T00:00:00Z,98486.66000000,98960.78000000,92895.02000000,93797.12000000,468.69215923
2025-01-08T00:00:00Z,93776.16000000,94064.78000000,89875.07000000,92245.12000000,563.72696292
2025-01-09T00:00:00Z,92231.77000000,92509.30000000,88606.32000000,90004.76000000,430.49773591
2025-01-10T00:00:00Z,89984.26000000,93564.46000000,89934.50000000,92545.14000000,362.42966572
2025-01-11T00:00:00Z,92545.14000000,92749.00000000,91635.04000000,92285.37000000,102.73498611
2025-01-12T00:00:00Z,92294.18000000,93134.16000000,91500.00000000,92273.29000000,85.22151429
2025-01-13T00:00:00Z,92337.55000000,93666.66000000,87437.71000000,92157.52000000,574.98269098
2025-01-14T00:00:00Z,92176.44000000,94954.41000000,92024.63000000,93699.50000000,339.24731221
2025-01-15T00:00:00Z,93712.24000000,97854.99000000,93595.01000000,97576.00000000,407.24060843
2025-01-16T00:00:00Z,97575.99000000,97902.47000000,94689.65000000,97015.92000000,347.78556432
2025-01-17T00:00:00Z,97006.19000000,102898.94000000,96983.34000000,101082.23000000,537.04477715
2025-01-18T00:00:00Z,101082.24000000,101982.00000000,99124.86000000,101417.35000000,515.76031632
2025-01-19T00:00:00Z,101395.36000000,103599.98000000,96995.84000000,98574.14000000,621.98147170
2025-01-20T00:00:00Z,98539.45000000,105951.19000000,96754.74000000,98104.39000000,1054.56264521
2025-01-21T00:00:00Z,98075.39000000,102900.00000000,96436.00000000,102009.11000000,647.20838617
2025-01-22T00:00:00Z,101996.93000000,102094.80000000,99202.85000000,99585.58000000,380.07167778
2025-01-23T00:00:00Z,99578.41000000,102743.64000000,97188.74000000,99819.12000000,815.80807863
2025-01-24T00:00:00Z,99819.26000000,102055.67000000,98483.34000000,99982.91000000,386.68216643
2025-01-25T00:00:00Z,99975.31000000,100448.55000000,99300.00000000,99888.28000000,154.48853886
2025-01-26T00:00:00Z,99904.10000000,100605.14000000,97960.00000000,98088.57000000,219.74026580
2025-01-27T00:00:00Z,98050.00000000,98700.72000000,93414.78000000,97792.05000000,821.70962791
2025-01-28T00:00:00Z,97788.18000000,99398.98000000,96052.79000000,97180.33000000,394.32697986
2025-01-29T00:00:00Z,97158.27000000,100623.00000000,97136.32000000,99536.53000000,383.32583636
2025-01-30T00:00:00Z,99549.57000000,101998.99000000,99079.77000000,100694.62000000,351.62054490
2025-01-31T00:00:00Z,100695.33000000,102000.00000000,97900.00000000,98885.16000000,302.19673183
2025-02-01T00:00:00Z,98887.87000000,99249.00000000,96977.14000000,97357.05000000,128.34057509
2025-02-02T00:00:00Z,97358.66000000,98204.16000000,93671.33000000,95427.29000000,528.57621399
2025-02-03T00:00:00Z,95431.64000000,99421.84000000,89248.90000000,98299.43000000,1044.39620469
2025-02-04T00:00:00Z,98309.68000000,98752.51000000,92717.21000000,94347.30000000,527.44253173
2025-02-05T00:00:00Z,94354.79000000,95370.42000000,92500.00000000,92937.82000000,412.89198474
2025-02-06T00:00:00Z,92967.52000000,95742.83000000,92179.79000000,93050.70000000,410.77868957
2025-02-07T00:00:00Z,93060.43000000,96555.00000000,92648.59000000,93553.31000000,463.81022289
2025-02-08T00:00:00Z,93561.98000000,93912.55000000,92822.96000000,93547.41000000,109.45204039
2025-02-09T00:00:00Z,93546.88000000,94353.25000000,92013.80000000,93606.36000000,204.05613948
2025-02-10T00:00:00Z,93607.15000000,95298.25000000,92513.05000000,94609.80000000,293.22555338
2025-02-11T00:00:00Z,94614.46000000,95586.34000000,91464.88000000,92419.81000000,363.13611674
2025-02-12T00:00:00Z,92434.48000000,94481.12000000,91150.00000000,94176.67000000,393.58718383
2025-02-13T00:00:00Z,94177.59000000,94332.76000000,91327.06000000,92350.38000000,329.33446017
2025-02-14T00:00:00Z,92373.25000000,94131.60000000,91725.01000000,92978.87000000,296.88175564
2025-02-15T00:00:00Z,92980.62000000,93430.97000000,92721.40000000,93106.03000000,101.47769695
2025-02-16T00:00:00Z,93084.75000000,93228.79000000,91624.01000000,91690.01000000,119.46165294
2025-02-17T00:00:00Z,91626.27000000,92660.97000000,90867.63000000,91380.86000000,271.46525178
2025-02-18T00:00:00Z,91422.47000000,92543.25000000,89368.01000000,91464.96000000,419.88773481
2025-02-19T00:00:00Z,91500.00000000,92865.27000000,90891.56000000,92669.87000000,173.54640275
2025-02-20T00:00:00Z,92678.36000000,94049.00000000,92457.33000000,93629.10000000,252.03513588
2025-02-21T00:00:00Z,93710.89000000,94977.61000000,90608.53000000,91938.12000000,356.43127422
2025-02-22T00:00:00Z,91925.08000000,92729.45000000,91585.44000000,92314.71000000,80.57848755
2025-02-23T00:00:00Z,92300.00000000,92418.56000000,91040.44000000,91874.60000000,109.43881185
2025-02-24T00:00:00Z,91900.51000000,92078.26000000,87330.29000000,87541.35000000,556.88421650
2025-02-25T00:00:00Z,87510.53000000,88368.65000000,81713.40000000,84266.53000000,1446.29908896
2025-02-26T00:00:00Z,84262.03000000,85063.21000000,78300.01000000,80179.22000000,863.98035908
2025-02-27T00:00:00Z,80187.24000000,83041.39000000,79403.92000000,81391.61000000,612.40995336
2025-02-28T00:00:00Z,81388.40000000,82024.54000000,75141.16000000,81285.36000000,1258.50112299
2025-03-01T00:00:00Z,81292.59000000,83424.43000000,80771.88000000,83010.70000000,343.29287604
2025-03-02T00:00:00Z,83004.64000000,91879.20000000,82027.33000000,90642.23000000,736.07192336
2025-03-03T00:00:00Z,90634.87000000,90798.09000000,81120.00000000,82187.99000000,931.57433432
2025-03-04T00:00:00Z,82143.54000000,83799.00000000,77577.12000000,82171.64000000,920.39473242
2025-03-05T00:00:00Z,82140.26000000,84998.52000000,81348.44000000,84016.85000000,528.63522508
2025-03-06T00:00:00Z,83984.84000000,85900.00000000,81416.90000000,83390.93000000,561.07022438
2025-03-07T00:00:00Z,83462.69000000,84569.77000000,78484.25000000,80111.44000000,910.15521131
2025-03-08T00:00:00Z,80102.84000000,80217.81000000,78698.00000000,79646.91000000,180.37411851
2025-03-09T00:00:00Z,79614.63000000,79905.95000000,73680.00000000,74310.03000000,534.86963194
2025-03-10T00:00:00Z,74334.78000000,77532.58000000,71385.62000000,72445.75000000,856.05082519
2025-03-11T00:00:00Z,72487.71000000,76537.38000000,70570.00000000,75995.56000000,711.85512755
2025-03-12T00:00:00Z,76032.41000000,77449.19000000,73900.21000000,76888.29000000,524.76763881
2025-03-13T00:00:00Z,76882.52000000,77436.99000000,73589.00000000,74705.46000000,405.22792981
2025-03-14T00:00:00Z,74720.21000000,78476.10000000,74430.74000000,77231.57000000,456.28223305
2025-03-15T00:00:00Z,77235.45000000,77866.79000000,76926.51000000,77612.10000000,110.87479208
2025-03-16T00:00:00Z,77615.17000000,78243.70000000,75363.27000000,75928.62000000,252.83316854
2025-03-17T00:00:00Z,75935.10000000,77618.51000000,75622.90000000,76953.69000000,384.74711264
2025-03-18T00:00:00Z,76931.20000000,76938.66000000,74226.31000000,75598.98000000,380.42262562
2025-03-19T00:00:00Z,75614.31000000,79785.51000000,75474.82000000,79613.78000000,407.25361132
2025-03-20T00:00:00Z,79652.37000000,80150.77000000,77070.74000000,77563.90000000,388.58420252
2025-03-21T00:00:00Z,77571.20000000,78290.88000000,76759.16000000,77689.98000000,235.66563501
2025-03-22T00:00:00Z,77682.19000000,78145.93000000,77340.05000000,77503.47000000,69.49515404
2025-03-23T00:00:00Z,77503.62000000,79500.00000000,77463.93000000,79452.90000000,138.70817301
2025-03-24T00:00:00Z,79441.34000000,82091.43000000,79010.55000000,81016.58000000,439.44522481
2025-03-25T00:00:00Z,81014.11000000,82067.90000000,79916.95000000,81040.50000000,339.45558240
2025-03-26T00:00:00Z,81050.89000000,81878.00000000,79838.51000000,80925.43000000,330.68831057
2025-03-27T00:00:00Z,80949.48000000,81447.99000000,79546.43000000,80751.73000000,273.01660394
2025-03-28T00:00:00Z,80780.15000000,81029.40000000,77212.08000000,77969.88000000,466.62989407
2025-03-29T00:00:00Z,77978.31000000,78160.35000000,75435.91000000,76375.24000000,213.26011686
2025-03-30T00:00:00Z,76346.00000000,77221.12000000,75432.48000000,76096.41000000,204.09796485
2025-03-31T00:00:00Z,76135.85000000,77674.07000000,75042.00000000,76328.78000000,386.44388626
2025-04-01T00:00:00Z,76308.54000000,79232.59000000,76149.07000000,78902.29000000,416.97775448
2025-04-02T00:00:00Z,78900.68000000,81300.00000000,75600.00000000,75617.59000000,685.40827378
2025-04-03T00:00:00Z,75661.51000000,76895.06000000,73069.00000000,75302.11000000,710.68541996
2025-04-04T00:00:00Z,75324.46000000,77252.03000000,73879.48000000,76514.60000000,639.70224598
2025-04-05T00:00:00Z,76462.86000000,76861.43000000,75143.44000000,76155.80000000,125.87260872
2025-04-06T00:00:00Z,76175.77000000,76415.11000000,70057.28000000,71296.12000000,569.29392269
2025-04-07T00:00:00Z,71317.23000000,74175.65000000,65826.00000000,72528.92000000,1754.16698909
2025-04-08T00:00:00Z,72521.05000000,73727.09000000,69384.85000000,69444.22000000,736.48079992
2025-04-09T00:00:00Z,69464.17000000,76354.99000000,67574.30000000,75432.17000000,1058.33106916
2025-04-10T00:00:00Z,75434.21000000,75516.86000000,70032.58000000,70691.12000000,533.86644477
2025-04-11T00:00:00Z,70689.39000000,74538.33000000,69801.00000000,73421.64000000,579.64110108
2025-04-12T00:00:00Z,73420.66000000,75707.45000000,72900.95000000,75143.23000000,194.65492598
2025-04-13T00:00:00Z,75119.24000000,75854.09000000,73261.87000000,73818.45000000,269.12548194
2025-04-14T00:00:00Z,73827.29000000,75578.58000000,73623.76000000,74642.68000000,378.07525836
2025-04-15T00:00:00Z,74668.47000000,76425.70000000,74037.00000000,74096.20000000,320.95846899
2025-04-16T00:00:00Z,74053.50000000,75254.68000000,73059.99000000,73724.36000000,368.19971543
2025-04-17T00:00:00Z,73727.02000000,75290.32000000,73609.29000000,74703.99000000,201.70861377
2025-04-18T00:00:00Z,74713.04000000,74844.44000000,74025.15000000,74162.95000000,83.04080256
2025-04-19T00:00:00Z,74158.51000000,75153.40000000,74071.47000000,74673.81000000,74.41381803
2025-04-20T00:00:00Z,74671.04000000,74889.29000000,73717.90000000,74453.40000000,103.72002312
2025-04-21T00:00:00Z,74444.55000000,76933.38000000,74357.03000000,75995.58000000,369.48351706
2025-04-22T00:00:00Z,75997.36000000,82673.74000000,75827.31000000,82333.82000000,550.73983560
2025-04-23T00:00:00Z,82339.52000000,83264.20000000,80800.00000000,82718.26000000,490.53900620
2025-04-24T00:00:00Z,82741.42000000,82860.82000000,80606.52000000,82682.47000000,227.69309067
2025-04-25T00:00:00Z,82717.57000000,84344.93000000,81838.60000000,83332.80000000,274.47364912
2025-04-26T00:00:00Z,83363.19000000,83817.46000000,82678.95000000,83339.36000000,95.09650952
2025-04-27T00:00:00Z,83346.93000000,83936.81000000,82439.60000000,82659.40000000,94.27130328
2025-04-28T00:00:00Z,82679.76000000,84249.00000000,81776.11000000,83293.21000000,232.88126103
2025-04-29T00:00:00Z,83320.28000000,83941.73000000,82354.90000000,82783.16000000,191.16333974
2025-04-30T00:00:00Z,82783.16000000,83777.88000000,81751.27000000,83197.46000000,186.88024964
2025-05-01T00:00:00Z,83190.39000000,86376.89000000,83134.33000000,85439.15000000,309.70962378
2025-05-02T00:00:00Z,85446.53000000,86399.00000000,85043.40000000,85765.68000000,205.11498676
2025-05-03T00:00:00Z,85760.36000000,85799.60000000,84807.58000000,84928.87000000,90.37079753
2025-05-04T00:00:00Z,84893.99000000,85274.89000000,83172.56000000,83317.19000000,120.28261961
2025-05-05T00:00:00Z,83267.73000000,84165.75000000,82449.43000000,83759.79000000,222.99274268
2025-05-06T00:00:00Z,83775.72000000,85449.00000000,82260.25000000,85380.33000000,205.85340876
2025-05-07T00:00:00Z,85447.03000000,86236.73000000,84456.41000000,85824.19000000,194.01411838
2025-05-08T00:00:00Z,85842.67000000,92671.01000000,85614.79000000,91862.60000000,422.32637528
2025-05-09T00:00:00Z,91807.32000000,92666.00000000,90714.20000000,91451.08000000,225.73639717
2025-05-10T00:00:00Z,91451.85000000,93165.00000000,91292.52000000,93022.46000000,118.84838122
2025-05-11T00:00:00Z,93037.73000000,93149.05000000,91763.23000000,92679.98000000,284.85549130
2025-05-12T00:00:00Z,92668.07000000,94800.00000000,90774.25000000,92613.58000000,379.94824701
2025-05-13T00:00:00Z,92616.59000000,93849.00000000,91347.61000000,93092.82000000,207.37037079
2025-05-14T00:00:00Z,93069.23000000,93080.70000000,91510.01000000,92586.01000000,218.79095251
2025-05-15T00:00:00Z,92589.41000000,93280.00000000,90627.95000000,92751.72000000,236.08021239
2025-05-16T00:00:00Z,92760.36000000,93843.85000000,92047.45000000,92686.22000000,151.59848637
2025-05-17T00:00:00Z,92658.48000000,92925.01000000,91907.86000000,92381.68000000,54.21126833
2025-05-18T00:00:00Z,92386.06000000,95329.73000000,92370.93000000,95118.84000000,178.07104614
2025-05-19T00:00:00Z,95133.91000000,95697.43000000,90678.25000000,94017.67000000,294.82188386
2025-05-20T00:00:00Z,94024.11000000,95140.00000000,92681.43000000,94674.94000000,248.04988210
2025-05-21T00:00:00Z,94660.83000000,97769.62000000,93511.28000000,96762.35000000,509.43491358
2025-05-22T00:00:00Z,96776.72000000,99358.54000000,96304.01000000,98914.62000000,601.44078359
2025-05-23T00:00:00Z,98907.04000000,98965.34000000,94001.00000000,94483.29000000,384.61359843
2025-05-24T00:00:00Z,94433.13000000,96379.79000000,94106.49000000,94893.92000000,122.40438331
2025-05-25T00:00:00Z,94893.42000000,96151.29000000,93901.00000000,95889.39000000,146.07693464
2025-05-26T00:00:00Z,95885.75000000,97065.11000000,95460.32000000,96120.94000000,190.81316416
2025-05-27T00:00:00Z,96109.72000000,97493.63000000,94300.00000000,96110.72000000,290.87785870
2025-05-28T00:00:00Z,96102.83000000,96570.99000000,94577.00000000,95930.56000000,201.76460224
2025-05-29T00:00:00Z,95972.10000000,96548.03000000,92580.75000000,92822.04000000,303.41388148
2025-05-30T00:00:00Z,92825.40000000,93749.99000000,91369.44000000,91725.02000000,287.20854273
2025-05-31T00:00:00Z,91712.80000000,92599.72000000,90942.82000000,92311.30000000,122.89772071
2025-06-01T00:00:00Z,92308.49000000,93307.12000000,91577.88000000,93138.52000000,95.29822168
2025-06-02T00:00:00Z,93151.66000000,93151.66000000,90726.84000000,92494.38000000,221.00517807
2025-06-03T00:00:00Z,92492.40000000,93966.52000000,91942.14000000,92649.88000000,154.87336201
2025-06-04T00:00:00Z,92636.36000000,93194.47000000,91266.84000000,91737.04000000,159.94717599
2025-06-05T00:00:00Z,91738.32000000,92718.04000000,87720.02000000,88694.66000000,359.15977718
2025-06-06T00:00:00Z,88710.67000000,92600.64000000,88329.01000000,91611.45000000,180.48162327
2025-06-07T00:00:00Z,91611.46000000,92988.56000000,91251.00000000,92682.69000000,65.50187575
2025-06-08T00:00:00Z,92684.68000000,93490.00000000,92195.31000000,92742.67000000,76.41415944
2025-06-09T00:00:00Z,92741.21000000,96827.63000000,92270.59000000,96504.52000000,230.64329155
2025-06-10T00:00:00Z,96521.01000000,96576.16000000,94900.00000000,96422.14000000,197.65090805
2025-06-11T00:00:00Z,96396.15000000,96432.67000000,94018.61000000,94422.97000000,172.17286555
2025-06-12T00:00:00Z,94423.20000000,94634.21000000,91082.32000000,91086.77000000,275.94350030
2025-06-13T00:00:00Z,91084.07000000,91981.19000000,89045.76000000,91902.93000000,393.88539445
2025-06-14T00:00:00Z,91889.69000000,92022.15000000,90394.37000000,91348.75000000,97.11193055
2025-06-15T00:00:00Z,91349.72000000,91963.00000000,90591.96000000,91527.68000000,111.63187828
2025-06-16T00:00:00Z,91522.19000000,94258.00000000,90951.48000000,92457.34000000,257.18538626
2025-06-17T00:00:00Z,92449.30000000,93218.29000000,89881.44000000,91020.72000000,247.08329033
2025-06-18T00:00:00Z,91062.51000000,91777.89000000,90146.12000000,91411.94000000,239.19928131
2025-06-19T00:00:00Z,91414.27000000,91766.79000000,90563.73000000,90902.70000000,147.15595829
2025-06-20T00:00:00Z,90904.24000000,92490.00000000,88721.20000000,89675.72000000,230.24650644
2025-06-21T00:00:00Z,89677.00000000,90326.39000000,87622.64000000,88703.25000000,143.50692414
2025-06-22T00:00:00Z,88739.45000000,89794.01000000,85424.24000000,87823.88000000,377.19969860
2025-06-23T00:00:00Z,87774.16000000,91513.77000000,86510.62000000,90903.34000000,302.77892523
2025-06-24T00:00:00Z,90919.99000000,91503.12000000,90308.55000000,91324.07000000,256.80786217
2025-06-25T00:00:00Z,91414.02000000,93252.25000000,91102.06000000,91942.70000000,200.22176575
2025-06-26T00:00:00Z,91973.28000000,92626.26000000,91001.01000000,91494.19000000,195.44416986
2025-06-27T00:00:00Z,91492.30000000,92089.66000000,90750.00000000,91417.80000000,155.09908814
2025-06-28T00:00:00Z,91448.02000000,91861.41000000,91238.51000000,91638.08000000,51.08896499
2025-06-29T00:00:00Z,91644.32000000,92616.28000000,91515.79000000,92430.31000000,89.08051620
2025-06-30T00:00:00Z,92445.13000000,92844.16000000,90766.39000000,90926.69000000,182.20089492
2025-07-01T00:00:00Z,90931.78000000,91212.61000000,89296.36000000,89557.21000000,209.65535727
2025-07-02T00:00:00Z,89550.84000000,93082.81000000,89070.00000000,92268.33000000,225.05722598
2025-07-03T00:00:00Z,92276.03000000,93950.00000000,92017.69000000,93172.23000000,260.77399881
2025-07-04T00:00:00Z,93180.18000000,93343.66000000,91130.34000000,91786.11000000,169.44353583
2025-07-05T00:00:00Z,91791.12000000,92128.13000000,91599.08000000,91969.73000000,53.26646576
2025-07-06T00:00:00Z,91977.13000000,93169.69000000,91599.00000000,92731.71000000,86.79063272
2025-07-07T00:00:00Z,92736.63000000,93208.39000000,91907.40000000,92230.52000000,154.02994646
2025-07-08T00:00:00Z,92230.20000000,93322.72000000,91507.07000000,92944.50000000,126.03521147
2025-07-09T00:00:00Z,92961.23000000,95553.00000000,92568.16000000,94799.81000000,242.74296600
2025-07-10T00:00:00Z,94847.03000000,99715.50000000,94437.85000000,98798.60000000,454.54545779
2025-07-11T00:00:00Z,98854.43000000,101712.37000000,98411.65000000,100083.77000000,653.24426205
2025-07-12T00:00:00Z,100108.55000000,100575.00000000,99404.03000000,99917.81000000,224.13229224
2025-07-13T00:00:00Z,99927.05000000,101776.17000000,99757.88000000,101674.35000000,240.97635922
2025-07-14T00:00:00Z,101661.23000000,104700.00000000,101440.37000000,102631.35000000,636.78837664
2025-07-15T00:00:00Z,102588.70000000,102651.27000000,99401.00000000,101416.11000000,413.93383337
2025-07-16T00:00:00Z,101405.11000000,103186.65000000,100759.42000000,101977.52000000,257.98728685
2025-07-17T00:00:00Z,101963.64000000,104249.81000000,101250.00000000,102547.35000000,239.54840234
2025-07-18T00:00:00Z,102602.03000000,103974.18000000,100401.57000000,101443.87000000,254.63950357
2025-07-19T00:00:00Z,101468.91000000,101935.48000000,100880.99000000,101392.52000000,67.46383007
2025-07-20T00:00:00Z,101406.69000000,102119.84000000,100037.49000000,100843.32000000,119.53998194
2025-07-21T00:00:00Z,100815.41000000,102759.55000000,99791.34000000,100416.25000000,228.94615023
2025-07-22T00:00:00Z,100415.01000000,102355.29000000,99259.88000000,102230.55000000,187.16139745
2025-07-23T00:00:00Z,102212.07000000,102331.88000000,97510.90000000,100920.98000000,227.82311510
2025-07-24T00:00:00Z,100882.05000000,101635.22000000,99591.69000000,100700.90000000,191.80317084
2025-07-25T00:00:00Z,100700.90000000,100840.51000000,97655.90000000,100144.89000000,293.31754594
2025-07-26T00:00:00Z,100142.91000000,100735.72000000,99726.86000000,100410.87000000,82.95920081
2025-07-27T00:00:00Z,100402.82000000,101889.62000000,100240.00000000,101585.84000000,129.05755923
2025-07-28T00:00:00Z,101611.55000000,102324.39000000,101178.66000000,101803.84000000,192.59690948
2025-07-29T00:00:00Z,101818.06000000,103318.34000000,101278.75000000,102080.95000000,208.04190058
2025-07-30T00:00:00Z,102087.49000000,103437.16000000,101300.01000000,103071.35000000,236.00351853
2025-07-31T00:00:00Z,103073.76000000,104033.59000000,101187.92000000,101383.62000000,263.09174814
2025-08-01T00:00:00Z,101377.69000000,101741.06000000,97341.07000000,97853.86000000,413.67357251
2025-08-02T00:00:00Z,97853.86000000,98598.53000000,96768.77000000,97213.39000000,129.41118482
2025-08-03T00:00:00Z,97175.41000000,99300.99000000,96650.00000000,98705.62000000,88.78499797
2025-08-04T00:00:00Z,98708.57000000,100069.79000000,98545.00000000,99370.77000000,149.10629563
2025-08-05T00:00:00Z,99343.59000000,99769.79000000,97365.53000000,98567.01000000,201.65790095
2025-08-06T00:00:00Z,98567.29000000,99312.37000000,97750.00000000,98622.86000000,160.67876701
2025-08-07T00:00:00Z,98634.51000000,100952.89000000,97930.31000000,100622.56000000,182.36238798
2025-08-08T00:00:00Z,100621.83000000,100852.49000000,99378.96000000,100128.95000000,120.01763709
2025-08-09T00:00:00Z,100128.95000000,100999.99000000,99526.86000000,99643.18000000,89.07983250
2025-08-10T00:00:00Z,99637.04000000,102323.75000000,99637.04000000,102323.74000000,112.94648563
2025-08-11T00:00:00Z,102323.75000000,104671.06000000,101661.86000000,102198.23000000,260.02606236
2025-08-12T00:00:00Z,102177.11000000,102993.63000000,101799.40000000,102791.51000000,186.79338508
2025-08-13T00:00:00Z,102759.92000000,105167.54000000,101333.98000000,104927.84000000,343.68751474
2025-08-14T00:00:00Z,104946.60000000,105751.45000000,100721.23000000,101646.77000000,297.35970012
2025-08-15T00:00:00Z,101630.32000000,102357.61000000,99800.00000000,100395.61000000,200.07887636
2025-08-16T00:00:00Z,100369.14000000,100912.14000000,100253.15000000,100487.76000000,73.93354551
2025-08-17T00:00:00Z,100488.35000000,101490.00000000,100281.07000000,100360.74000000,83.95595745
2025-08-18T00:00:00Z,100344.89000000,100513.66000000,98190.01000000,99682.72000000,231.69860605
2025-08-19T00:00:00Z,99678.98000000,100171.50000000,96810.00000000,96959.52000000,289.41838919
2025-08-20T00:00:00Z,96993.71000000,98378.76000000,96405.17000000,98102.13000000,231.89635150
2025-08-21T00:00:00Z,98042.63000000,98613.08000000,96480.42000000,96863.16000000,184.89508437
2025-08-22T00:00:00Z,96856.83000000,100149.00000000,96171.51000000,99313.95000000,260.30828027
2025-08-23T00:00:00Z,99318.46000000,99404.71000000,97251.01000000,97909.36000000,118.22280715
2025-08-24T00:00:00Z,97883.18000000,98220.57000000,94123.00000000,96837.57000000,249.32198181
2025-08-25T00:00:00Z,96803.29000000,97104.14000000,94085.68000000,94859.70000000,316.60791538
2025-08-26T00:00:00Z,94862.62000000,96577.28000000,93326.45000000,96062.71000000,309.61137000
2025-08-27T00:00:00Z,96050.16000000,97200.00000000,95268.31000000,95529.74000000,195.41507362
2025-08-28T00:00:00Z,95525.79000000,97401.19000000,95235.90000000,96383.48000000,186.59742784
2025-08-29T00:00:00Z,96378.63000000,96473.61000000,92024.41000000,92810.09000000,389.79881543
2025-08-30T00:00:00Z,92822.98000000,93293.10000000,91970.11000000,93202.15000000,149.76639477
2025-08-31T00:00:00Z,93210.19000000,93749.00000000,92463.10000000,92613.46000000,123.06054461
2025-09-01T00:00:00Z,92586.84000000,93731.43000000,91599.82000000,93273.04000000,298.94071537
2025-09-02T00:00:00Z,93273.07000000,95862.96000000,93026.07000000,95580.18000000,264.66943734
2025-09-03T00:00:00Z,95591.39000000,96511.95000000,95029.94000000,95840.88000000,170.06709628
2025-09-04T00:00:00Z,95836.83000000,96286.52000000,93939.77000000,95013.39000000,193.46257149
2025-09-05T00:00:00Z,95015.11000000,96800.00000000,93980.73000000,94510.01000000,297.73217017
2025-09-06T00:00:00Z,94498.04000000,95053.00000000,93930.31000000,94115.92000000,78.35325147
2025-09-07T00:00:00Z,94115.97000000,95325.25000000,94099.52000000,94870.79000000,94.14209594
2025-09-08T00:00:00Z,94879.37000000,96130.22000000,94468.47000000,95231.58000000,216.37164106
2025-09-09T00:00:00Z,95237.72000000,96299.97000000,94396.53000000,95317.32000000,215.03553457
2025-09-10T00:00:00Z,95330.67000000,97554.99000000,94812.83000000,97390.86000000,233.66141478
2025-09-11T00:00:00Z,97383.75000000,98472.59000000,96769.43000000,98462.77000000,195.18328315
2025-09-12T00:00:00Z,98462.77000000,99530.00000000,97921.54000000,98867.29000000,248.97108749
2025-09-13T00:00:00Z,98875.33000000,99062.38000000,97833.80000000,98523.45000000,92.36704408
2025-09-14T00:00:00Z,98523.16000000,98927.83000000,97883.73000000,98319.70000000,91.97420664
2025-09-15T00:00:00Z,98322.71000000,99577.00000000,97250.00000000,98086.58000000,230.19871054
2025-09-16T00:00:00Z,98093.34000000,98657.31000000,97044.49000000,98425.16000000,160.91723005
2025-09-17T00:00:00Z,98442.99000000,99096.71000000,96750.00000000,98498.37000000,236.91649745
2025-09-18T00:00:00Z,98491.16000000,100130.84000000,98229.66000000,99337.51000000,208.41681979
2025-09-19T00:00:00Z,99345.80000000,99737.87000000,98035.55000000,98555.30000000,134.71759307
2025-09-20T00:00:00Z,98543.44000000,98994.84000000,98359.73000000,98618.92000000,56.51090147
2025-09-21T00:00:00Z,98618.92000000,98708.25000000,98148.85000000,98244.56000000,61.85617081
2025-09-22T00:00:00Z,98242.39000000,98398.35000000,94973.00000000,95528.87000000,310.04476512
2025-09-23T00:00:00Z,95519.62000000,96082.00000000,94413.66000000,94822.87000000,194.76772148
2025-09-24T00:00:00Z,94820.94000000,97155.22000000,94175.35000000,96547.47000000,186.98003735
2025-09-25T00:00:00Z,96551.71000000,96733.03000000,93178.77000000,93523.18000000,325.61692540
2025-09-26T00:00:00Z,93512.20000000,94377.82000000,93100.00000000,93801.20000000,303.60091480
2025-09-27T00:00:00Z,93776.77000000,93889.32000000,93317.44000000,93823.30000000,116.51744427
2025-09-28T00:00:00Z,93828.61000000,96049.00000000,91000.00000000,95894.83000000,377.21201042
2025-09-29T00:00:00Z,95899.83000000,97636.36000000,95149.27000000,97501.40000000,227.51913754
2025-09-30T00:00:00Z,97503.89000000,97993.23000000,95903.25000000,97226.61000000,201.38318582
2025-10-01T00:00:00Z,97237.62000000,101111.00000000,97093.40000000,101075.92000000,358.28680394
2025-10-02T00:00:00Z,101077.78000000,103211.02000000,100714.44000000,102831.72000000,307.46531004
2025-10-03T00:00:00Z,102829.92000000,105397.14000000,101605.41000000,104000.00000000,409.72371725
2025-10-04T00:00:00Z,104033.86000000,104549.37000000,103060.65000000,103989.83000000,115.87217129
2025-10-05T00:00:00Z,103994.56000000,106273.87000000,103521.54000000,105042.12000000,380.48956688
2025-10-06T00:00:00Z,105020.09000000,107497.44000000,104744.80000000,106220.14000000,424.15374172
2025-10-07T00:00:00Z,106232.54000000,107252.89000000,103399.19000000,104167.06000000,317.82347069
2025-10-08T00:00:00Z,104181.12000000,107000.00000000,104117.95000000,106070.94000000,242.19107307
2025-10-09T00:00:00Z,106065.63000000,106605.74000000,103601.05000000,105248.74000000,224.53932202
2025-10-10T00:00:00Z,105230.29000000,105999.00000000,93000.00000000,98226.51000000,672.40263066
2025-10-11T00:00:00Z,98226.25000000,98630.07000000,95576.55000000,96597.46000000,503.32690682
2025-10-12T00:00:00Z,96599.99000000,100294.01000000,95560.17000000,99374.98000000,435.09258143
2025-10-13T00:00:00Z,99414.73000000,100328.16000000,98259.97000000,99734.37000000,268.65054206
2025-10-14T00:00:00Z,99736.44000000,99976.65000000,95101.20000000,97539.54000000,430.62171376
2025-10-15T00:00:00Z,97551.14000000,97871.72000000,94761.34000000,95159.64000000,400.97572267
2025-10-16T00:00:00Z,95166.53000000,96156.64000000,92000.00000000,92513.71000000,544.22767145
2025-10-17T00:00:00Z,92502.91000000,93355.77000000,88574.54000000,91453.24000000,786.52627548
2025-10-18T00:00:00Z,91457.58000000,92388.03000000,91365.94000000,92118.89000000,246.09604472
2025-10-19T00:00:00Z,92112.10000000,94135.62000000,91136.70000000,93280.20000000,321.06826857
2025-10-20T00:00:00Z,93280.21000000,95849.00000000,92186.36000000,94953.66000000,329.93797325
2025-10-21T00:00:00Z,94956.05000000,98185.00000000,92427.35000000,93400.90000000,471.36514408
2025-10-22T00:00:00Z,93401.20000000,94069.92000000,91921.35000000,92700.40000000,461.04646383
2025-10-23T00:00:00Z,92697.95000000,95889.37000000,92645.12000000,94787.16000000,297.26008761
2025-10-24T00:00:00Z,94787.15000000,96307.91000000,94330.08000000,95498.82000000,249.73475391
2025-10-25T00:00:00Z,95494.58000000,96241.37000000,95194.97000000,95982.56000000,89.06226338
2025-10-26T00:00:00Z,95985.80000000,99117.50000000,95669.31000000,98452.32000000,228.21223661
2025-10-27T00:00:00Z,98452.31000000,100000.00000000,97690.00000000,97884.59000000,246.16345369
2025-10-28T00:00:00Z,97863.01000000,99626.77000000,96366.12000000,96930.93000000,226.19081646
2025-10-29T00:00:00Z,96929.22000000,97733.18000000,94268.80000000,94851.86000000,255.94996625
2025-10-30T00:00:00Z,94840.00000000,96112.36000000,91914.16000000,93628.18000000,372.73438673
2025-10-31T00:00:00Z,93640.12000000,96329.96000000,93594.09000000,94886.48000000,250.22975705
2025-11-01T00:00:00Z,94890.77000000,95719.26000000,94728.06000000,95277.35000000,106.12747742
2025-11-02T00:00:00Z,95277.36000000,96294.93000000,94866.07000000,95841.82000000,118.90101751
2025-11-03T00:00:00Z,95841.12000000,96012.31000000,91395.34000000,92494.51000000,308.95422973
2025-11-04T00:00:00Z,92504.89000000,93206.95000000,86153.92000000,88359.40000000,768.25681521
2025-11-05T00:00:00Z,88375.40000000,91092.26000000,86099.13000000,90384.32000000,412.05651382
2025-11-06T00:00:00Z,90373.15000000,90586.97000000,86921.52000000,87734.45000000,306.19022146
2025-11-07T00:00:00Z,87729.75000000,89974.10000000,85838.17000000,89286.39000000,395.94748452
2025-11-08T00:00:00Z,89275.20000000,89338.47000000,87684.00000000,88410.88000000,180.89241165
2025-11-09T00:00:00Z,88407.11000000,91240.32000000,87627.65000000,90639.41000000,168.15922206
2025-11-10T00:00:00Z,90604.61000000,92240.42000000,90221.83000000,91677.69000000,250.22915683
2025-11-11T00:00:00Z,91691.46000000,92995.00000000,88446.99000000,88939.80000000,232.09819372
2025-11-12T00:00:00Z,88949.14000000,90990.00000000,87038.26000000,87711.22000000,244.11738091
2025-11-13T00:00:00Z,87718.09000000,89790.00000000,84200.00000000,85700.00000000,510.97530011
2025-11-14T00:00:00Z,85703.44000000,85841.88000000,80865.01000000,81346.52000000,866.58212218
2025-11-15T00:00:00Z,81346.52000000,83264.22000000,81338.72000000,82297.64000000,279.60679431
2025-11-16T00:00:00Z,82287.21000000,83128.89000000,79837.64000000,81032.17000000,421.33577483
2025-11-17T00:00:00Z,81015.80000000,82749.00000000,78606.14000000,79379.31000000,467.55657177
2025-11-18T00:00:00Z,79379.31000000,81011.24000000,76865.00000000,80228.87000000,605.43552144
2025-11-19T00:00:00Z,80224.27000000,80230.66000000,76790.80000000,79273.01000000,552.88178330
2025-11-20T00:00:00Z,79275.69000000,80804.26000000,74503.25000000,75039.27000000,627.63738449
2025-11-21T00:00:00Z,75031.07000000,75778.95000000,70005.42000000,73928.71000000,1033.79239073
2025-11-22T00:00:00Z,73939.52000000,74321.02000000,72558.82000000,73606.43000000,291.28435979
2025-11-23T00:00:00Z,73606.43000000,76656.85000000,73538.98000000,75497.61000000,698.78854206
2025-11-24T00:00:00Z,75465.62000000,77448.99000000,73938.29000000,76618.90000000,584.86782680
2025-11-25T00:00:00Z,76617.95000000,76865.74000000,74424.27000000,75543.23000000,377.46663389
2025-11-26T00:00:00Z,75543.56000000,78201.82000000,74576.99000000,78024.90000000,392.81737103
2025-11-27T00:00:00Z,78001.29000000,79450.00000000,77678.78000000,78759.16000000,335.01721419
2025-11-28T00:00:00Z,78765.93000000,80494.83000000,77861.26000000,78430.59000000,381.27403939
2025-11-29T00:00:00Z,78427.57000000,78712.51000000,77855.23000000,78412.99000000,133.26264501
2025-11-30T00:00:00Z,78391.88000000,79418.15000000,77900.00000000,77928.70000000,168.49829975
2025-12-01T00:00:00Z,77913.00000000,77980.19000000,72103.01000000,74349.24000000,622.31540821
2025-12-02T00:00:00Z,74353.73000000,79499.00000000,74240.01000000,78501.81000000,473.09349565
2025-12-03T00:00:00Z,78519.16000000,80709.99000000,78249.38000000,80102.42000000,387.87431840
2025-12-04T00:00:00Z,80102.42000000,80674.21000000,78017.58000000,79106.25000000,249.37316413
2025-12-05T00:00:00Z,79108.97000000,79580.54000000,75779.23000000,76822.82000000,253.64767333
2025-12-06T00:00:00Z,76807.15000000,77623.59000000,76471.07000000,76741.30000000,153.98579930
2025-12-07T00:00:00Z,76754.76000000,78895.48000000,75424.91000000,77685.34000000,202.72881527
2025-12-08T00:00:00Z,77664.75000000,79200.00000000,77137.41000000,77878.83000000,263.85766955
2025-12-09T00:00:00Z,77892.30000000,81307.15000000,76904.39000000,79667.10000000,290.58757995
2025-12-10T00:00:00Z,79660.47000000,80828.39000000,78604.79000000,78672.81000000,259.67765549
2025-12-11T00:00:00Z,78666.62000000,79742.70000000,76008.87000000,78843.58000000,289.29280542
2025-12-12T00:00:00Z,78817.04000000,79065.93000000,76354.74000000,76980.55000000,179.79591179
2025-12-13T00:00:00Z,76966.83000000,77280.53000000,76537.30000000,76936.30000000,79.16123875
2025-12-14T00:00:00Z,76932.81000000,77128.35000000,74650.42000000,75155.88000000,184.32559961
2025-12-15T00:00:00Z,75171.28000000,76714.89000000,72539.50000000,73543.40000000,340.51399778
2025-12-16T00:00:00Z,73544.23000000,74904.71000000,72579.35000000,74777.40000000,336.19279800
2025-12-17T00:00:00Z,74779.00000000,76892.08000000,72604.03000000,73399.04000000,357.55939195
2025-12-18T00:00:00Z,73379.58000000,76125.28000000,72001.01000000,72892.69000000,293.72450702
2025-12-19T00:00:00Z,72903.67000000,76200.00000000,72573.66000000,75230.51000000,294.06571040
2025-12-20T00:00:00Z,75234.17000000,75565.31000000,74963.41000000,75459.78000000,81.45123088
2025-12-21T00:00:00Z,75472.20000000,76055.00000000,74820.10000000,75692.15000000,112.58381160
2025-12-22T00:00:00Z,75709.64000000,77118.95000000,74745.42000000,75296.69000000,351.49013410
2025-12-23T00:00:00Z,75307.23000000,75552.53000000,73543.00000000,74126.65000000,249.56694221
2025-12-24T00:00:00Z,74118.88000000,74697.41000000,73317.59000000,74392.17000000,172.21513768
2025-12-25T00:00:00Z,74401.16000000,75122.20000000,73782.82000000,74007.13000000,114.20638876
2025-12-26T00:00:00Z,74003.51000000,75952.65000000,73500.01000000,74188.39000000,174.26863869
2025-12-27T00:00:00Z,74191.78000000,74642.59000000,74067.82000000,74565.76000000,69.96480119
2025-12-28T00:00:00Z,74561.71000000,74737.65000000,74119.94000000,74619.46000000,139.32996218
2025-12-29T00:00:00Z,74603.32000000,76668.10000000,73707.72000000,74045.98000000,299.46709744
2025-12-30T00:00:00Z,74047.59000000,75955.09000000,73680.23000000,75230.08000000,349.80959697
2025-12-31T00:00:00Z,75238.87000000,75823.84000000,74103.48000000,74473.24000000,349.53367681
2026-01-01T00:00:00Z,74476.78000000,75590.10000000,74351.24000000,75540.48000000,116.48870703
2026-01-02T00:00:00Z,75513.54000000,77504.36000000,75064.54000000,76796.54000000,313.54142281
2026-01-03T00:00:00Z,76799.25000000,77472.40000000,76215.14000000,77381.02000000,115.29025979
2026-01-04T00:00:00Z,77381.00000000,78367.51000000,77381.00000000,78186.28000000,259.79670336
2026-01-05T00:00:00Z,78194.66000000,80899.87000000,78178.78000000,80152.48000000,309.95392542
2026-01-06T00:00:00Z,80155.20000000,80700.00000000,77965.00000000,80203.04000000,252.45926428
2026-01-07T00:00:00Z,80213.05000000,80213.05000000,77586.01000000,78163.62000000,224.32970884
2026-01-08T00:00:00Z,78181.43000000,78489.74000000,76526.54000000,78116.51000000,231.60875804
2026-01-09T00:00:00Z,78120.87000000,79055.78000000,76955.38000000,77826.09000000,354.48810352
2026-01-10T00:00:00Z,77829.99000000,78036.90000000,77649.54000000,77784.96000000,59.60196610
2026-01-11T00:00:00Z,77785.75000000,78372.67000000,77498.11000000,78210.60000000,120.83945484
2026-01-12T00:00:00Z,78209.24000000,79264.68000000,77067.54000000,78170.25000000,249.96900704
2026-01-13T00:00:00Z,78186.77000000,82749.00000000,78001.59000000,81907.01000000,312.16605586
2026-01-14T00:00:00Z,81908.15000000,84100.00000000,81136.63000000,83265.52000000,316.68988670
2026-01-15T00:00:00Z,83269.20000000,83702.84000000,81932.87000000,82354.35000000,252.13880899
2026-01-16T00:00:00Z,82362.35000000,82570.17000000,81319.28000000,82354.75000000,152.51860390
2026-01-17T00:00:00Z,82355.95000000,82475.10000000,81929.02000000,82086.23000000,70.47534685
2026-01-18T00:00:00Z,82074.04000000,82437.25000000,80514.94000000,80573.83000000,107.43279173
2026-01-19T00:00:00Z,80512.74000000,80512.74000000,79104.35000000,79525.91000000,181.78485865
2026-01-20T00:00:00Z,79544.54000000,79763.01000000,74910.00000000,75323.05000000,362.02604589
2026-01-21T00:00:00Z,75331.14000000,77364.86000000,74480.00000000,76590.15000000,309.53228122
2026-01-22T00:00:00Z,76593.60000000,77304.21000000,75422.93000000,76129.44000000,166.98003218
2026-01-23T00:00:00Z,76141.00000000,77329.29000000,75310.38000000,75692.81000000,194.96942800
2026-01-24T00:00:00Z,75710.09000000,75978.69000000,75310.26000000,75381.27000000,67.05792813
2026-01-25T00:00:00Z,75379.01000000,75468.30000000,72354.84000000,73015.02000000,299.84831162
2026-01-26T00:00:00Z,73018.25000000,74798.99000000,72873.90000000,74318.56000000,265.02762130
2026-01-27T00:00:00Z,74336.46000000,74815.42000000,72810.00000000,74158.85000000,227.48668926
2026-01-28T00:00:00Z,74153.12000000,75800.00000000,73965.18000000,74482.17000000,250.93744720
2026-01-29T00:00:00Z,74471.56000000,74534.79000000,69629.12000000,70670.45000000,490.52759086
2026-01-30T00:00:00Z,70642.62000000,71189.50000000,67889.97000000,71016.32000000,536.83587523
2026-01-31T00:00:00Z,71016.13000000,71032.69000000,63936.93000000,66590.16000000,569.10333668
2026-02-01T00:00:00Z,66591.41000000,67163.88000000,63917.27000000,64919.82000000,666.23079172
2026-02-02T00:00:00Z,64919.82000000,67240.06000000,62822.01000000,66716.23000000,708.54465788
2026-02-03T00:00:00Z,66734.70000000,67044.21000000,61749.26000000,64070.32000000,563.81557369
2026-02-04T00:00:00Z,64062.67000000,65051.03000000,60750.00000000,61877.38000000,579.46828921
2026-02-05T00:00:00Z,61869.55000000,62000.00000000,52815.00000000,53360.00000000,1925.30859236
2026-02-06T00:00:00Z,53356.56000000,60828.69000000,51001.85000000,59845.34000000,1558.46203984
2026-02-07T00:00:00Z,59831.49000000,60799.64000000,57105.48000000,58766.82000000,426.09678123
2026-02-08T00:00:00Z,58788.39000000,61249.00000000,58416.88000000,59548.04000000,453.36356699
2026-02-09T00:00:00Z,59542.02000000,60427.34000000,57329.14000000,58909.66000000,553.45940328
2026-02-10T00:00:00Z,58916.63000000,59212.16000000,57005.14000000,57921.16000000,418.72632822
2026-02-11T00:00:00Z,57903.84000000,58224.76000000,55417.20000000,56470.73000000,522.64921951
2026-02-12T00:00:00Z,56478.14000000,57537.16000000,54895.20000000,55798.66000000,585.68026511
2026-02-13T00:00:00Z,55807.02000000,58500.00000000,55492.39000000,58055.38000000,465.88197745
2026-02-14T00:00:00Z,58020.63000000,59556.79000000,57925.08000000,58919.38000000,241.17663685
2026-02-15T00:00:00Z,58927.80000000,59949.48000000,57362.37000000,58005.29000000,279.91582798
2026-02-16T00:00:00Z,58018.68000000,59123.90000000,56776.33000000,58129.26000000,295.94105941
2026-02-17T00:00:00Z,58134.43000000,58450.21000000,56411.00000000,56970.34000000,264.85701472
2026-02-18T00:00:00Z,56958.61000000,57853.92000000,55876.13000000,56383.07000000,348.95650881
2026-02-19T00:00:00Z,56383.90000000,57094.28000000,55863.00000000,56924.92000000,382.59378482
2026-02-20T00:00:00Z,56918.94000000,58064.99000000,56476.79000000,57702.19000000,396.99425152
2026-02-21T00:00:00Z,57725.26000000,58311.37000000,57286.62000000,57698.09000000,129.71679968
2026-02-22T00:00:00Z,57700.70000000,57937.36000000,57027.22000000,57160.86000000,134.54885258
2026-02-23T00:00:00Z,57173.43000000,57223.01000000,54194.45000000,54829.79000000,518.51985622
2026-02-24T00:00:00Z,54828.96000000,55120.49000000,53126.00000000,54433.48000000,427.15496116
2026-02-25T00:00:00Z,54436.79000000,59300.00000000,54279.09000000,57562.16000000,478.72237494
2026-02-26T00:00:00Z,57566.39000000,58282.22000000,56437.40000000,57211.98000000,315.19634165
2026-02-27T00:00:00Z,57207.13000000,57806.11000000,55006.95000000,55805.83000000,395.54564495
2026-02-28T00:00:00Z,55770.45000000,57449.00000000,53431.70000000,56782.88000000,549.24971553
2026-03-01T00:00:00Z,56778.12000000,57787.15000000,55220.99000000,55947.58000000,458.74128813
2026-03-02T00:00:00Z,55952.66000000,59995.00000000,55787.77000000,58855.17000000,442.89564403
2026-03-03T00:00:00Z,58865.07000000,59529.48000000,57132.00000000,58824.67000000,445.73179761
2026-03-04T00:00:00Z,58824.82000000,63739.65000000,58120.20000000,62470.16000000,739.54552214
2026-03-05T00:00:00Z,62489.86000000,63398.50000000,61000.00000000,61095.39000000,482.98244037
2026-03-06T00:00:00Z,61113.48000000,61486.44000000,58426.60000000,58677.65000000,429.66402131
2026-03-07T00:00:00Z,58673.88000000,59051.80000000,57673.29000000,58004.11000000,174.53699323
2026-03-08T00:00:00Z,58015.44000000,58829.57000000,56865.56000000,57278.91000000,254.05463821
2026-03-09T00:00:00Z,57288.72000000,60134.52000000,57172.07000000,58929.17000000,402.25334559
2026-03-10T00:00:00Z,58916.86000000,61697.70000000,58891.12000000,60275.84000000,451.16486938
2026-03-11T00:00:00Z,60280.65000000,61650.39000000,59502.26000000,60822.96000000,308.45058269
2026-03-12T00:00:00Z,60832.49000000,61418.43000000,59981.40000000,61217.24000000,275.19281981
2026-03-13T00:00:00Z,61212.57000000,64420.62000000,61098.77000000,62111.35000000,533.13861835
2026-03-14T00:00:00Z,62113.55000000,62474.23000000,61590.93000000,62425.86000000,150.46098778
2026-03-15T00:00:00Z,62439.04000000,64057.92000000,62139.02000000,63718.60000000,308.55188727
2026-03-16T00:00:00Z,63734.90000000,65165.77000000,63173.87000000,65103.86000000,614.63519064
2026-03-17T00:00:00Z,65094.00000000,66149.00000000,63681.40000000,64093.06000000,356.51113549
2026-03-18T00:00:00Z,64095.47000000,64777.89000000,61495.76000000,62154.32000000,331.25929303
2026-03-19T00:00:00Z,62158.49000000,62390.56000000,59805.28000000,60401.47000000,449.88292980
2026-03-20T00:00:00Z,60406.16000000,61682.07000000,60038.73000000,60960.15000000,367.34488553
2026-03-21T00:00:00Z,60957.31000000,61455.91000000,59318.84000000,59617.93000000,120.44892670
2026-03-22T00:00:00Z,59599.66000000,60200.00000000,58400.00000000,58702.47000000,333.44205123
2026-03-23T00:00:00Z,58706.20000000,61897.74000000,58432.45000000,61067.85000000,500.02350975
2026-03-24T00:00:00Z,61069.18000000,61559.43000000,59561.40000000,60746.57000000,384.66358739
2026-03-25T00:00:00Z,60761.78000000,62117.92000000,60654.01000000,61686.93000000,369.01018675
2026-03-26T00:00:00Z,61700.22000000,61793.10000000,59088.00000000,59641.91000000,364.28701987
2026-03-27T00:00:00Z,59670.19000000,59925.62000000,56938.00000000,57662.88000000,442.64054116
2026-03-28T00:00:00Z,57661.18000000,58500.00000000,57265.93000000,57697.81000000,218.51248695
2026-03-29T00:00:00Z,57705.57000000,58346.59000000,56566.32000000,57481.05000000,172.50839321
2026-03-30T00:00:00Z,57479.05000000,59354.33000000,57244.15000000,58266.63000000,311.56233988
2026-03-31T00:00:00Z,58280.65000000,59500.98000000,57517.10000000,58945.40000000,327.71947650
2026-04-01T00:00:00Z,58936.32000000,59815.30000000,58381.57000000,58758.08000000,365.85125579
2026-04-02T00:00:00Z,58780.50000000,59203.81000000,57032.13000000,57998.05000000,313.81270606
2026-04-03T00:00:00Z,58002.97000000,58417.92000000,57481.29000000,58152.15000000,167.46610536
2026-04-04T00:00:00Z,58149.61000000,58652.63000000,57990.56000000,58449.57000000,151.59209341
2026-04-05T00:00:00Z,58445.98000000,60048.96000000,57854.88000000,59955.61000000,274.53077046
2026-04-06T00:00:00Z,59960.55000000,60949.99000000,59182.28000000,59654.74000000,411.84361467
2026-04-07T00:00:00Z,59653.31000000,62332.93000000,58547.03000000,61526.87000000,652.42177969
2026-04-08T00:00:00Z,61554.10000000,62225.62000000,60489.64000000,60987.18000000,437.58682504
2026-04-09T00:00:00Z,60983.74000000,62530.90000000,60374.38000000,61436.52000000,431.48553218
2026-04-10T00:00:00Z,61432.29000000,62660.43000000,61150.01000000,62267.26000000,378.25969795
2026-04-11T00:00:00Z,62267.16000000,63010.45000000,61941.28000000,62370.00000000,145.81643860
2026-04-12T00:00:00Z,62373.43000000,62458.80000000,60322.97000000,60606.16000000,313.53038867
2026-04-13T00:00:00Z,60593.27000000,63669.50000000,60400.57000000,63253.10000000,434.15029146
2026-04-14T00:00:00Z,63256.18000000,64480.50000000,62627.78000000,62864.87000000,482.13882452
2026-04-15T00:00:00Z,62944.25000000,63928.14000000,62392.99000000,63390.32000000,318.50586934
2026-04-16T00:00:00Z,63396.84000000,64119.86000000,62277.00000000,63808.86000000,348.05782384
2026-04-17T00:00:00Z,63796.44000000,66422.42000000,63299.99000000,65539.77000000,460.56078221
2026-04-18T00:00:00Z,65529.68000000,65841.99000000,64162.13000000,64396.46000000,294.43628985
2026-04-19T00:00:00Z,64394.16000000,64932.32000000,62878.68000000,62908.22000000,294.73074633
2026-04-20T00:00:00Z,62870.00000000,65000.00000000,62835.70000000,64386.71000000,362.05935201
2026-04-21T00:00:00Z,64376.79000000,65398.00000000,63818.01000000,65007.15000000,352.90880890
2026-04-22T00:00:00Z,65029.26000000,67877.36000000,64861.41000000,66802.23000000,488.28801322
2026-04-23T00:00:00Z,66822.14000000,67184.17000000,65955.10000000,67034.85000000,338.22439478
2026-04-24T00:00:00Z,67036.73000000,67248.31000000,65950.00000000,66107.78000000,286.85511163
2026-04-25T00:00:00Z,66101.16000000,66506.63000000,65895.93000000,66297.50000000,123.80021921
2026-04-26T00:00:00Z,66294.38000000,67400.00000000,66041.84000000,67227.34000000,200.54918971
2026-04-27T00:00:00Z,67249.40000000,67823.19000000,65220.00000000,66015.69000000,272.50928789
2026-04-28T00:00:00Z,66013.18000000,66098.10000000,64687.70000000,65148.71000000,242.24908633
2026-04-29T00:00:00Z,65120.78000000,66566.90000000,64198.60000000,64886.84000000,306.35232165
2026-04-30T00:00:00Z,64906.70000000,65555.00000000,64586.72000000,65095.26000000,208.44877336
2026-05-01T00:00:00Z,65108.50000000,67151.16000000,65097.97000000,66750.03000000,249.68298276
2026-05-02T00:00:00Z,66755.51000000,67525.66000000,66590.71000000,67131.88000000,106.48850854
2026-05-03T00:00:00Z,67137.64000000,67687.98000000,66611.86000000,66944.80000000,147.76506298
2026-05-04T00:00:00Z,66944.78000000,69092.66000000,66750.01000000,68295.79000000,403.04284795
2026-05-05T00:00:00Z,68310.94000000,69956.16000000,68255.80000000,69069.25000000,318.81514611
2026-05-06T00:00:00Z,69066.03000000,70300.00000000,68891.79000000,69307.92000000,337.83485109
2026-05-07T00:00:00Z,69317.22000000,69476.78000000,67658.00000000,68228.72000000,251.88327295
2026-05-08T00:00:00Z,68195.05000000,68435.56000000,67508.69000000,68063.09000000,144.25985807
2026-05-09T00:00:00Z,68059.61000000,68807.32000000,68000.46000000,68482.12000000,75.84898807
2026-05-10T00:00:00Z,68493.21000000,70100.00000000,68193.78000000,69856.19000000,141.63695826
2026-05-11T00:00:00Z,69873.04000000,70001.91000000,68256.22000000,69397.94000000,188.83099782
2026-05-12T00:00:00Z,69392.79000000,69421.19000000,68048.99000000,68598.37000000,155.01956378
2026-05-13T00:00:00Z,68598.74000000,69477.69000000,67209.21000000,67693.86000000,227.08050860
2026-05-14T00:00:00Z,67764.53000000,70257.11000000,67361.57000000,69511.28000000,241.75635793
2026-05-15T00:00:00Z,69520.34000000,70023.63000000,67637.00000000,68035.27000000,266.02712048
2026-05-16T00:00:00Z,68046.85000000,68144.24000000,66842.98000000,67253.01000000,122.63361384
2026-05-17T00:00:00Z,67260.37000000,67636.61000000,66051.24000000,66677.32000000,105.75638350
2026-05-18T00:00:00Z,66674.05000000,66708.85000000,65300.00000000,66031.28000000,281.07707141
2026-05-19T00:00:00Z,66038.63000000,66450.23000000,65603.47000000,66147.78000000,163.93214225
2026-05-20T00:00:00Z,66150.87000000,66983.10000000,65878.46000000,66665.67000000,159.12510580
2026-05-21T00:00:00Z,66661.36000000,67302.49000000,66203.18000000,66765.03000000,231.85819800
2026-05-22T00:00:00Z,66755.63000000,67016.83000000,64921.43000000,65069.08000000,212.23548220
2026-05-23T00:00:00Z,65073.78000000,66657.63000000,64000.00000000,66063.05000000,215.07152036
2026-05-24T00:00:00Z,66076.70000000,66697.40000000,65350.00000000,66148.15000000,145.20611174
2026-05-25T00:00:00Z,66168.67000000,66828.37000000,66019.61000000,66412.32000000,135.55727663
2026-05-26T00:00:00Z,66395.71000000,67126.73000000,64965.00000000,65168.60000000,233.39115736
2026-05-27T00:00:00Z,65177.76000000,65308.79000000,63766.00000000,63987.52000000,275.09361113
2026-05-28T00:00:00Z,63986.44000000,64090.12000000,62275.76000000,63135.93000000,426.30485665
2026-05-29T00:00:00Z,63146.83000000,63632.25000000,62133.01000000,62941.45000000,325.71366378
2026-05-30T00:00:00Z,62948.32000000,63509.71000000,62733.08000000,63289.41000000,75.61017465
2026-05-31T00:00:00Z,63317.98000000,63612.27000000,62878.30000000,63168.29000000,91.78335617
2026-06-01T00:00:00Z,63163.90000000,63514.62000000,60728.81000000,61307.05000000,429.47074204
2026-06-02T00:00:00Z,61249.37000000,61278.74000000,56886.81000000,57373.82000000,705.02667586
2026-06-03T00:00:00Z,57394.11000000,58054.31000000,55146.28000000,55190.01000000,614.29144171
2026-06-04T00:00:00Z,55241.55000000,55765.15000000,52854.00000000,54979.76000000,814.18400639
2026-06-05T00:00:00Z,54968.80000000,55058.48000000,51312.37000000,53019.72000000,1114.20794243
2026-06-06T00:00:00Z,53023.58000000,53425.54000000,51700.00000000,52915.86000000,433.75902528
2026-06-07T00:00:00Z,52914.73000000,55794.75000000,52817.56000000,54979.77000000,643.67840497
2026-06-08T00:00:00Z,54965.71000000,55631.53000000,54130.04000000,54722.32000000,571.71941204
2026-06-09T00:00:00Z,54714.98000000,55003.51000000,52660.00000000,53509.52000000,604.80028130
2026-06-10T00:00:00Z,53505.38000000,54394.49000000,52578.53000000,53298.49000000,450.67942762
2026-06-11T00:00:00Z,53355.08000000,55188.42000000,53322.87000000,54922.58000000,439.26774489
2026-06-12T00:00:00Z,54929.59000000,55592.40000000,54259.68000000,54944.77000000,385.09497638
2026-06-13T00:00:00Z,54949.92000000,56000.00000000,54831.80000000,55745.63000000,182.73282577
2026-06-14T00:00:00Z,55749.66000000,56687.06000000,55083.46000000,56654.39000000,225.71821807
2026-06-15T00:00:00Z,56657.59000000,57999.00000000,56336.95000000,57188.86000000,557.77271984
2026-06-16T00:00:00Z,57189.82000000,57705.80000000,56357.69000000,56533.71000000,352.07913461
2026-06-17T00:00:00Z,56578.06000000,57273.57000000,55527.34000000,56015.68000000,316.35485115
2026-06-18T00:00:00Z,56023.14000000,56218.42000000,54203.01000000,54884.84000000,397.40389726
2026-06-19T00:00:00Z,54885.61000000,55467.32000000,54319.62000000,55367.12000000,231.77169228
2026-06-20T00:00:00Z,55362.16000000,56083.16000000,55062.23000000,56028.91000000,114.42457219
2026-06-21T00:00:00Z,56031.00000000,56263.74000000,55150.00000000,55174.51000000,104.80156537
2026-06-22T00:00:00Z,55183.05000000,57365.78000000,55183.05000000,55976.51000000,298.94313115
2026-06-23T00:00:00Z,55965.86000000,56204.29000000,54242.60000000,55056.60000000,268.92493155
2026-06-24T00:00:00Z,55059.63000000,55653.61000000,52017.43000000,53722.22000000,531.24903427
2026-06-25T00:00:00Z,53709.86000000,54498.98000000,51063.22000000,52572.57000000,691.01347924
2026-06-26T00:00:00Z,52555.05000000,53297.28000000,51100.31000000,52724.83000000,427.82255772
2026-06-27T00:00:00Z,52724.84000000,53423.93000000,52500.00000000,52662.86000000,140.13465173
2026-06-28T00:00:00Z,52660.65000000,53114.33000000,51665.43000000,52233.81000000,128.34986901
2026-06-29T00:00:00Z,52200.00000000,53217.66000000,51627.18000000,52699.57000000,516.32409092
2026-06-30T00:00:00Z,52699.44000000,52710.66000000,50839.45000000,51300.60000000,522.80485089
2026-07-01T00:00:00Z,51301.82000000,53830.59000000,50632.56000000,52702.84000000,456.97185593
2026-07-02T00:00:00Z,52693.64000000,54257.32000000,52329.16000000,53825.25000000,513.93552511
2026-07-03T00:00:00Z,53827.39000000,55000.00000000,53500.00000000,54678.73000000,247.26731384
2026-07-04T00:00:00Z,54683.45000000,55485.39000000,54464.87000000,55208.16000000,130.47756198
2026-07-05T00:00:00Z,55207.71000000,55912.27000000,54600.00000000,55609.40000000,190.52426058
2026-07-06T00:00:00Z,55610.32000000,56512.63000000,53660.98000000,55954.02000000,400.89597213
2026-07-07T00:00:00Z,55954.02000000,56207.02000000,54790.89000000,55520.39000000,375.39407999
2026-07-08T00:00:00Z,55547.67000000,55862.59000000,53935.44000000,54531.67000000,330.20381123
2026-07-09T00:00:00Z,54542.25000000,55498.99000000,53986.47000000,55281.49000000,199.88705058
2026-07-10T00:00:00Z,55274.19000000,56605.33000000,55009.45000000,56194.62000000,337.84922174
2026-07-11T00:00:00Z,56190.49000000,56473.24000000,55890.89000000,55890.89000000,78.34187573
2026-07-12T00:00:00Z,55899.87000000,56304.52000000,55735.20000000,55901.40000000,85.14174144
2026-07-13T00:00:00Z,55886.28000000,56480.00000000,54241.40000000,54736.50000000,412.43392366
2026-07-14T00:00:00Z,54716.43000000,56979.65000000,54645.53000000,56889.17000000,288.81404356
2026-07-15T00:00:00Z,56911.88000000,57328.59000000,56334.89000000,56421.93000000,236.91643811
2026-07-16T00:00:00Z,56449.58000000,56676.05000000,55664.85000000,55729.32000000,157.37533521
2026-07-17T00:00:00Z,55731.29000000,56275.34000000,54659.39000000,55884.43000000,194.42967629
2026-07-18T00:00:00Z,55889.71000000,56696.92000000,55837.69000000,56681.06000000,71.02230556
2026-07-19T00:00:00Z,56685.37000000,56783.38000000,56192.46000000,56613.04000000,93.70576641
2026-07-20T00:00:00Z,56620.25000000,57591.33000000,55703.86000000,57126.25000000,274.71750811
2026-07-21T00:00:00Z,57122.77000000,58640.25000000,57037.73000000,58342.13000000,265.25283819
2026-07-22T00:00:00Z,58351.97000000,58489.99000000,57401.66000000,57920.13000000,161.01036508
2026-07-23T00:00:00Z,57926.11000000,58077.07000000,56800.00000000,57198.91000000,284.46961145
2026-07-24T00:00:00Z,57190.29000000,57738.34000000,55972.06000000,56377.27000000,236.75202029
2026-07-25T00:00:00Z,56377.95000000,56665.92000000,56076.57000000,56583.72000000,54.93324431
2026-07-26T00:00:00Z,56590.82000000,57521.96000000,56520.70000000,57351.73000000,69.49179338
2026-07-27T00:00:00Z,57360.86000000,57686.09000000,55912.40000000,56032.86000000,200.45032270
2026-07-28T00:00:00Z,56062.59000000,56198.23000000,55137.00000000,56087.27000000,205.49328909
2026-07-29T00:00:00Z,56083.03000000,56757.51000000,55146.89000000,55741.77000000,281.42446718
2026-07-30T00:00:00Z,55755.33000000,56603.97000000,55454.17000000,56182.70000000,157.96426435
2026-07-31T00:00:00Z,56191.84000000,56768.55000000,54244.95000000,54514.32000000,233.42459313
2026-08-01T00:00:00Z,54514.09000000,54748.24000000,54009.00000000,54485.13000000,90.80850604
2026-08-02T00:00:00Z,54496.23000000,55185.88000000,54472.82000000,55044.80000000,88.93809706
2026-08-03T00:00:00Z,55024.93000000,55660.86000000,53997.93000000,55161.53000000,224.44041470
2026-08-04T00:00:00Z,55133.37000000,55941.26000000,54963.03000000,55551.16000000,213.62186786
2026-08-05T00:00:00Z,55551.17000000,56262.53000000,55262.69000000,55910.52000000,182.21711117
2026-08-06T00:00:00Z,55910.89000000,56300.00000000,55562.64000000,55785.66000000,136.76029280
2026-08-07T00:00:00Z,55767.61000000,56600.00000000,55646.75000000,56159.39000000,151.91222316
2026-08-08T00:00:00Z,56158.61000000,56395.20000000,56073.14000000,56191.41000000,53.42071765
2026-08-09T00:00:00Z,56190.19000000,56625.00000000,56000.00000000,56102.40000000,58.61612635
2026-08-10T00:00:00Z,56091.35000000,56546.16000000,55226.52000000,55366.71000000,195.07689260
2026-08-11T00:00:00Z,55363.93000000,55850.26000000,54747.00000000,55049.17000000,149.32588345
2026-08-12T00:00:00Z,55040.64000000,55782.11000000,54810.35000000,55016.84000000,183.09508955
2026-08-13T00:00:00Z,55014.36000000,55481.13000000,54473.01000000,55006.40000000,163.55014416
2026-08-14T00:00:00Z,55011.28000000,55112.77000000,53968.40000000,54469.12000000,216.96249492
2026-08-15T00:00:00Z,54447.46000000,54590.39000000,54350.27000000,54515.44000000,58.64114095
2026-08-16T00:00:00Z,54513.75000000,54765.24000000,54166.66000000,54302.78000000,54.71972655
2026-08-17T00:00:00Z,54293.03000000,55764.38000000,54140.87000000,55661.71000000,227.60145569
2026-08-18T00:00:00Z,55669.27000000,56120.40000000,55262.48000000,55888.15000000,168.33190639
2026-08-19T00:00:00Z,55883.78000000,59944.66000000,55310.80000000,59331.00000000,476.90304013
2026-08-20T00:00:00Z,59320.59000000,62790.79000000,58968.77000000,62504.72000000,511.49318874
2026-08-21T00:00:00Z,62518.47000000,67930.75000000,62498.99000000,66973.56000000,579.11585067
2026-08-22T00:00:00Z,66975.99000000,67405.72000000,60100.00000000,65787.16000000,241.26814428
2026-08-23T00:00:00Z,65787.10000000,66814.57000000,64462.47000000,66511.93000000,186.40665998
2026-08-24T00:00:00Z,66493.45000000,68555.00000000,65600.00000000,67697.18000000,380.15501639
2026-08-25T00:00:00Z,67688.43000000,69659.90000000,66685.04000000,67246.79000000,367.03066639
2026-08-26T00:00:00Z,67269.53000000,67933.56000000,66645.37000000,67781.71000000,204.72401358
2026-08-27T00:00:00Z,67771.25000000,69394.99000000,67401.37000000,68910.68000000,307.50109200
2026-08-28T00:00:00Z,68903.51000000,69922.92000000,66341.60000000,67190.34000000,336.99230725
2026-08-29T00:00:00Z,67148.25000000,67670.00000000,66800.00000000,67581.56000000,72.68396060
2026-08-30T00:00:00Z,67579.67000000,68575.27000000,66472.34000000,67018.48000000,144.72364960
2026-08-31T00:00:00Z,66980.89000000,68230.61000000,66766.33000000,67629.29000000,274.88322490
2026-09-01T00:00:00Z,67629.11000000,68226.05000000,65925.08000000,66782.78000000,250.07499260
2026-09-02T00:00:00Z,66790.16000000,67177.69000000,65898.03000000,66735.72000000,210.82718125
2026-09-03T00:00:00Z,66719.82000000,70745.06000000,66400.00000000,69874.11000000,429.86245388
2026-09-04T00:00:00Z,69871.72000000,70054.79000000,67700.01000000,68647.57000000,281.90903086
2026-09-05T00:00:00Z,68646.30000000,69123.23000000,68439.44000000,68789.11000000,104.80573331
2026-09-06T00:00:00Z,68786.22000000,69365.23000000,68275.72000000,69178.67000000,105.84959337
2026-09-07T00:00:00Z,69178.13000000,69263.08000000,67663.65000000,68038.01000000,191.25057598
2026-09-08T00:00:00Z,68037.85000000,68327.92000000,66797.83000000,67495.03000000,227.39852549
2026-09-09T00:00:00Z,67487.28000000,68548.83000000,66839.47000000,67318.17000000,216.74417827
2026-09-10T00:00:00Z,67318.08000000,67492.31000000,65877.87000000,65951.10000000,286.40285979
2026-09-11T00:00:00Z,65959.71000000,68783.55000000,65600.00000000,66587.95000000,225.98258347
2026-09-12T00:00:00Z,66586.60000000,66855.68000000,66479.63000000,66666.43000000,91.58810221
2026-09-13T00:00:00Z,66666.49000000,66766.61000000,65977.65000000,66264.15000000,91.53129152
2026-09-14T00:00:00Z,66267.13000000,68920.74000000,65916.58000000,67677.97000000,290.24023154
2026-09-15T00:00:00Z,67670.43000000,67744.92000000,64918.22000000,65527.23000000,357.75813299
2026-09-16T00:00:00Z,65524.55000000,66575.97000000,65207.71000000,66409.02000000,309.69707392
2026-09-17T00:00:00Z,66392.14000000,67095.34000000,66109.99000000,66551.29000000,185.59225455
2026-09-18T00:00:00Z,66541.80000000,70817.96000000,66414.99000000,70331.87000000,426.63404747
2026-09-19T00:00:00Z,70345.74000000,71275.94000000,70273.22000000,70645.34000000,148.45166754
2026-09-20T00:00:00Z,70613.55000000,70919.44000000,69696.96000000,70697.91000000,125.49566856
2026-09-21T00:00:00Z,70718.36000000,76223.06000000,70388.98000000,75537.56000000,628.07281828
2026-09-22T00:00:00Z,75534.44000000,75840.97000000,74143.36000000,75259.42000000,346.37897244
2026-09-23T00:00:00Z,75263.10000000,76356.28000000,73308.87000000,74157.48000000,249.36937439
2026-09-24T00:00:00Z,74151.12000000,74677.30000000,72848.23000000,74201.85000000,200.45116520
2026-09-25T00:00:00Z,74205.40000000,74743.64000000,72963.29000000,73841.13000000,183.66567698
2026-09-26T00:00:00Z,73841.09000000,74194.53000000,73558.22000000,74157.91000000,77.17954824
2026-09-27T00:00:00Z,74168.08000000,74813.60000000,73933.00000000,74225.97000000,109.95415910
2026-09-28T00:00:00Z,74234.88000000,74682.89000000,72562.99000000,73428.99000000,220.76613684
2026-09-29T00:00:00Z,73398.56000000,74500.40000000,72794.45000000,73750.39000000,169.93827903
2026-09-30T00:00:00Z,73762.88000000,75341.08000000,73061.58000000,73778.35000000,251.81179430
