timestamp,Open,High,Low,Close,Volume
2016-04-16T00:00:00Z,381.50000000,381.50000000,381.47000000,381.47000000,0.09000000
2016-04-17T00:00:00Z,377.87000000,377.87000000,377.87000000,377.87000000,0.04000000
2016-04-18T00:00:00Z,377.87000000,377.87000000,377.87000000,377.87000000,0.00000000
2016-04-19T00:00:00Z,378.98000000,378.98000000,378.98000000,378.98000000,0.07988280
2016-04-20T00:00:00Z,378.98000000,378.98000000,378.98000000,378.98000000,0.00000000
2016-04-21T00:00:00Z,378.98000000,378.98000000,378.98000000,378.98000000,0.00000000
2016-04-22T00:00:00Z,378.98000000,378.98000000,378.98000000,378.98000000,0.00000000
2016-04-23T00:00:00Z,378.98000000,378.98000000,378.98000000,378.98000000,0.00000000
2016-04-24T00:00:00Z,378.98000000,378.98000000,378.98000000,378.98000000,0.00000000
2016-04-25T00:00:00Z,406.00000000,406.00000000,406.00000000,406.00000000,0.10000000
2016-04-26T00:00:00Z,413.00000000,418.00000000,410.00000000,414.87000000,602.31474728
2016-04-27T00:00:00Z,415.11000000,415.11000000,393.15000000,395.08000000,471.13884637
2016-04-28T00:00:00Z,393.80000000,397.99000000,387.91000000,395.60000000,414.21000171
2016-04-29T00:00:00Z,396.11000000,400.00000000,393.57000000,398.99000000,287.43674377
2016-04-30T00:00:00Z,398.00000000,398.93000000,393.00000000,393.81000000,102.59827621
2016-05-01T00:00:00Z,393.11000000,396.40000000,393.00000000,395.83000000,69.66738645
2016-05-02T00:00:00Z,395.93000000,396.30000000,382.19000000,385.77000000,487.36418729
2016-05-03T00:00:00Z,385.46000000,393.00000000,382.83000000,393.00000000,487.87278473
2016-05-04T00:00:00Z,392.06000000,393.00000000,386.00000000,390.33000000,550.08969154
2016-05-05T00:00:00Z,391.09000000,394.76000000,390.49000000,394.08000000,358.65283672
2016-05-06T00:00:00Z,394.09000000,406.45000000,393.30000000,403.14000000,398.69505497
2016-05-07T00:00:00Z,403.35000000,404.95000000,401.55000000,403.10000000,222.89376526
2016-05-08T00:00:00Z,402.69000000,404.75000000,400.55000000,403.45000000,127.73461031
2016-05-09T00:00:00Z,402.87000000,408.33000000,400.10000000,405.86000000,456.07968277
2016-05-10T00:00:00Z,405.95000000,407.07000000,394.78000000,398.01000000,693.82557290
2016-05-11T00:00:00Z,398.02000000,401.14000000,395.97000000,397.50000000,714.76516072
2016-05-12T00:00:00Z,397.49000000,400.00000000,393.33000000,400.00000000,781.49888183
2016-05-13T00:00:00Z,400.00000000,404.87000000,397.81000000,403.91000000,464.75891233
2016-05-14T00:00:00Z,403.91000000,404.21000000,401.97000000,403.29000000,173.50860747
2016-05-15T00:00:00Z,403.28000000,406.00000000,401.77000000,404.80000000,237.68535885
2016-05-16T00:00:00Z,404.71000000,404.98000000,399.80000000,401.15000000,583.87694938
2016-05-17T00:00:00Z,401.10000000,402.99000000,400.39000000,401.72000000,616.03293525
2016-05-18T00:00:00Z,401.73000000,403.99000000,400.76000000,402.05000000,638.53344883
2016-05-19T00:00:00Z,402.76000000,403.98000000,388.54000000,390.25000000,1073.71006061
2016-05-20T00:00:00Z,389.88000000,397.48000000,380.00000000,395.25000000,719.91572595
2016-05-21T00:00:00Z,395.90000000,396.58000000,392.00000000,394.99000000,283.22778472
2016-05-22T00:00:00Z,394.24000000,395.38000000,388.60000000,391.59000000,261.47384369
2016-05-23T00:00:00Z,390.91000000,394.13000000,386.00000000,393.47000000,617.55253644
2016-05-24T00:00:00Z,393.02000000,400.00000000,390.50000000,399.94000000,563.35403401
2016-05-25T00:00:00Z,399.65000000,403.90000000,398.52000000,402.12000000,511.94095374
2016-05-26T00:00:00Z,401.88000000,403.00000000,400.11000000,403.00000000,741.11896740
2016-05-27T00:00:00Z,403.00000000,434.77000000,403.00000000,424.92000000,968.11481320
2016-05-28T00:00:00Z,421.92000000,480.00000000,410.00000000,450.11000000,962.93705036
2016-05-29T00:00:00Z,450.12000000,485.01000000,450.00000000,454.47000000,1022.45483203
2016-05-30T00:00:00Z,452.52000000,485.00000000,452.11000000,476.89000000,775.00884403
2016-05-31T00:00:00Z,475.99000000,490.00000000,465.21000000,474.00000000,1211.99508115
2016-06-01T00:00:00Z,479.00000000,485.00000000,471.72000000,480.98000000,546.93726819
2016-06-02T00:00:00Z,480.98000000,480.99000000,475.33000000,479.72000000,474.30754285
2016-06-03T00:00:00Z,480.00000000,502.00000000,477.83000000,496.20000000,1117.35040560
2016-06-04T00:00:00Z,497.28000000,512.00000000,490.00000000,502.46000000,326.59853410
2016-06-05T00:00:00Z,502.46000000,510.13000000,496.93000000,505.98000000,214.99478027
2016-06-06T00:00:00Z,505.97000000,515.00000000,501.85000000,511.68000000,402.85040418
2016-06-07T00:00:00Z,514.59000000,520.00000000,492.02000000,505.04000000,653.92576001
2016-06-08T00:00:00Z,507.99000000,515.00000000,502.64000000,513.00000000,561.07721712
2016-06-09T00:00:00Z,511.23000000,514.87000000,505.90000000,509.20000000,331.57998613
2016-06-10T00:00:00Z,509.20000000,516.33000000,506.54000000,515.00000000,430.92183750
2016-06-11T00:00:00Z,515.00000000,544.99000000,514.80000000,541.15000000,929.18766703
2016-06-12T00:00:00Z,541.15000000,609.00000000,520.00000000,597.12000000,1839.15020617
2016-06-13T00:00:00Z,596.48000000,641.00000000,592.48000000,623.68000000,1471.50021369
2016-06-14T00:00:00Z,623.70000000,625.00000000,595.00000000,616.99000000,1263.01335689
2016-06-15T00:00:00Z,616.45000000,619.94000000,602.00000000,617.05000000,690.31310016
2016-06-16T00:00:00Z,619.94000000,690.51000000,619.94000000,683.04000000,1667.63773047
2016-06-17T00:00:00Z,684.85000000,690.36000000,635.00000000,669.53000000,1948.46044483
2016-06-18T00:00:00Z,672.15000000,697.97000000,659.34000000,675.21000000,1111.12988760
2016-06-19T00:00:00Z,677.32000000,685.29000000,660.05000000,679.99000000,357.52909580
2016-06-20T00:00:00Z,675.10000000,679.75000000,640.00000000,651.61000000,783.88164494
2016-06-21T00:00:00Z,651.61000000,654.56000000,558.00000000,590.81000000,1983.68088980
2016-06-22T00:00:00Z,590.12000000,604.22000000,523.01000000,537.17000000,1103.63954863
2016-06-23T00:00:00Z,530.05000000,561.09000000,490.00000000,551.97000000,1896.68815923
2016-06-24T00:00:00Z,552.81000000,629.97000000,550.74000000,598.93000000,1636.60043510
2016-06-25T00:00:00Z,602.50000000,625.84000000,580.00000000,603.69000000,643.30766543
2016-06-26T00:00:00Z,600.99000000,610.00000000,560.00000000,567.53000000,325.65399231
2016-06-27T00:00:00Z,563.34000000,600.00000000,560.00000000,600.00000000,525.43392127
2016-06-28T00:00:00Z,601.00000000,609.82000000,581.00000000,588.93000000,500.98008423
2016-06-29T00:00:00Z,587.44000000,587.44000000,566.30000000,575.90000000,506.00940722
2016-06-30T00:00:00Z,580.88000000,609.87000000,572.51000000,606.79000000,887.77706059
2016-07-01T00:00:00Z,604.77000000,618.99000000,600.00000000,613.07000000,498.57627165
2016-07-02T00:00:00Z,608.76000000,630.03000000,604.74000000,627.60000000,303.15875423
2016-07-03T00:00:00Z,629.00000000,629.82000000,582.50000000,594.11000000,404.91663740
2016-07-04T00:00:00Z,591.90000000,617.00000000,584.00000000,615.79000000,474.78301905
2016-07-05T00:00:00Z,615.23000000,615.23000000,599.70000000,609.98000000,394.76717346
2016-07-06T00:00:00Z,609.98000000,617.00000000,600.64000000,611.98000000,538.02365706
2016-07-07T00:00:00Z,608.71000000,613.00000000,551.00000000,580.57000000,1002.50279747
2016-07-08T00:00:00Z,582.95000000,605.55000000,577.60000000,602.65000000,454.01661332
2016-07-09T00:00:00Z,602.62000000,605.00000000,571.10000000,593.71000000,423.40305588
2016-07-10T00:00:00Z,592.50000000,594.79000000,582.37000000,587.90000000,167.06473944
2016-07-11T00:00:00Z,590.00000000,596.00000000,584.22000000,591.00000000,242.91326260
2016-07-12T00:00:00Z,586.70000000,613.52000000,584.22000000,601.99000000,586.74514793
2016-07-13T00:00:00Z,602.99000000,607.57000000,591.98000000,591.98000000,409.38447183
2016-07-14T00:00:00Z,591.98000000,600.99000000,590.21000000,598.67000000,312.94653007
2016-07-15T00:00:00Z,599.98000000,607.10000000,595.25000000,605.70000000,377.53530585
2016-07-16T00:00:00Z,605.46000000,606.00000000,598.50000000,601.03000000,116.15619809
2016-07-17T00:00:00Z,604.00000000,621.55000000,602.23000000,614.00000000,297.65737237
2016-07-18T00:00:00Z,614.00000000,617.79000000,605.78000000,611.18000000,385.14169080
2016-07-19T00:00:00Z,610.57000000,613.62000000,607.02000000,613.21000000,360.49406847
2016-07-20T00:00:00Z,613.52000000,614.41000000,602.77000000,606.00000000,387.97375068
2016-07-21T00:00:00Z,606.00000000,607.54000000,599.51000000,602.67000000,354.69003462
2016-07-22T00:00:00Z,604.73000000,605.00000000,590.00000000,596.02000000,460.99928843
2016-07-23T00:00:00Z,595.96000000,603.99000000,592.23000000,599.99000000,191.16912810
2016-07-24T00:00:00Z,600.00000000,603.30000000,594.47000000,600.07000000,232.30822908
2016-07-25T00:00:00Z,603.28000000,603.30000000,593.07000000,593.99000000,316.75565196
2016-07-26T00:00:00Z,594.99000000,596.99000000,584.49000000,590.00000000,637.73044470
2016-07-27T00:00:00Z,590.22000000,600.00000000,588.54000000,590.29000000,484.82791888
2016-07-28T00:00:00Z,593.57000000,595.87000000,588.16000000,592.97000000,209.03963035
2016-07-29T00:00:00Z,593.00000000,593.99000000,587.23000000,588.90000000,243.15908699
2016-07-30T00:00:00Z,588.90000000,588.99000000,582.72000000,587.18000000,158.06742641
2016-07-31T00:00:00Z,583.00000000,584.38000000,555.00000000,555.93000000,561.99106218
2016-08-01T00:00:00Z,558.36000000,563.23000000,535.35000000,540.59000000,790.56075255
2016-08-02T00:00:00Z,538.57000000,545.91000000,424.00000000,478.65000000,1650.86393396
2016-08-03T00:00:00Z,479.91000000,520.00000000,467.28000000,514.00000000,1123.39763899
2016-08-04T00:00:00Z,509.50000000,534.70000000,498.60000000,523.43000000,745.25910036
2016-08-05T00:00:00Z,522.15000000,524.92000000,512.75000000,523.57000000,418.61057057
2016-08-06T00:00:00Z,523.59000000,534.94000000,513.01000000,532.00000000,348.89376097
2016-08-07T00:00:00Z,532.90000000,543.90000000,530.01000000,537.99000000,153.43954095
2016-08-08T00:00:00Z,538.00000000,543.00000000,529.83000000,535.00000000,460.78617290
2016-08-09T00:00:00Z,536.90000000,538.55000000,525.70000000,526.84000000,472.64975647
2016-08-10T00:00:00Z,526.59000000,539.00000000,525.30000000,533.35000000,397.27705797
2016-08-11T00:00:00Z,530.00000000,538.00000000,526.75000000,530.46000000,372.29543005
2016-08-12T00:00:00Z,528.00000000,532.33000000,524.05000000,524.62000000,196.37386875
2016-08-13T00:00:00Z,526.00000000,528.99000000,522.04000000,525.00000000,152.39267944
2016-08-14T00:00:00Z,524.98000000,525.50000000,505.89000000,510.00000000,347.67068843
2016-08-15T00:00:00Z,510.00000000,514.00000000,502.00000000,509.53000000,411.38452309
2016-08-16T00:00:00Z,510.00000000,519.99000000,503.18000000,514.01000000,431.12598203
2016-08-17T00:00:00Z,514.01000000,518.17000000,505.16000000,509.94000000,398.94963898
2016-08-18T00:00:00Z,508.01000000,510.91000000,506.00000000,508.40000000,274.17902347
2016-08-19T00:00:00Z,506.00000000,513.70000000,505.30000000,509.96000000,299.49833455
2016-08-20T00:00:00Z,507.67000000,516.16000000,506.35000000,516.16000000,238.97590480
2016-08-21T00:00:00Z,515.53000000,516.60000000,510.56000000,510.78000000,90.55386226
2016-08-22T00:00:00Z,515.00000000,520.41000000,511.64000000,516.12000000,339.80258925
2016-08-23T00:00:00Z,516.11000000,522.21000000,513.16000000,514.99000000,382.35479474
2016-08-24T00:00:00Z,514.98000000,519.40000000,512.51000000,515.33000000,375.39859043
2016-08-25T00:00:00Z,515.33000000,515.33000000,506.88000000,511.02000000,336.50669497
2016-08-26T00:00:00Z,511.59000000,518.36000000,510.00000000,516.99000000,361.47718094
2016-08-27T00:00:00Z,516.99000000,516.99000000,506.82000000,509.96000000,133.00954003
2016-08-28T00:00:00Z,509.98000000,514.71000000,506.99000000,512.98000000,114.63389127
2016-08-29T00:00:00Z,512.99000000,514.50000000,508.48000000,512.45000000,430.38658003
2016-08-30T00:00:00Z,512.97000000,517.99000000,510.00000000,517.99000000,311.84047286
2016-08-31T00:00:00Z,515.08000000,517.04000000,510.33000000,513.98000000,355.43824802
2016-09-01T00:00:00Z,513.98000000,513.98000000,507.19000000,510.99000000,259.73437200
2016-09-02T00:00:00Z,509.56000000,515.20000000,506.81000000,513.26000000,326.34922815
2016-09-03T00:00:00Z,513.03000000,537.00000000,510.89000000,532.04000000,375.29969422
2016-09-04T00:00:00Z,532.05000000,545.00000000,530.69000000,539.55000000,155.45681762
2016-09-05T00:00:00Z,537.83000000,540.00000000,520.00000000,539.91000000,362.39974191
2016-09-06T00:00:00Z,539.26000000,548.64000000,530.14000000,539.04000000,395.25606384
2016-09-07T00:00:00Z,542.80000000,548.60000000,536.94000000,546.03000000,387.56456382
2016-09-08T00:00:00Z,547.69000000,559.00000000,544.21000000,555.99000000,423.00199675
2016-09-09T00:00:00Z,555.99000000,555.99000000,548.23000000,553.00000000,271.04526659
2016-09-10T00:00:00Z,555.00000000,558.00000000,552.64000000,556.91000000,120.42370640
2016-09-11T00:00:00Z,556.73000000,558.91000000,530.05000000,541.29000000,377.30832999
2016-09-12T00:00:00Z,541.98000000,543.99000000,535.12000000,543.28000000,332.37623644
2016-09-13T00:00:00Z,543.23000000,546.00000000,539.04000000,542.00000000,340.78744027
2016-09-14T00:00:00Z,541.95000000,544.99000000,541.95000000,543.98000000,217.61488928
2016-09-15T00:00:00Z,543.00000000,544.99000000,539.00000000,542.98000000,308.76986717
2016-09-16T00:00:00Z,543.00000000,544.85000000,539.41000000,544.79000000,195.62067287
2016-09-17T00:00:00Z,544.00000000,544.79000000,539.70000000,544.50000000,114.63160856
2016-09-18T00:00:00Z,541.80000000,548.31000000,541.80000000,542.66000000,173.25912449
2016-09-19T00:00:00Z,545.99000000,545.99000000,540.13000000,544.96000000,184.22327292
2016-09-20T00:00:00Z,541.93000000,545.50000000,536.00000000,539.01000000,364.38811821
2016-09-21T00:00:00Z,536.02000000,540.33000000,531.27000000,533.99000000,482.51985547
2016-09-22T00:00:00Z,533.99000000,534.44000000,530.00000000,530.06000000,322.25219513
2016-09-23T00:00:00Z,530.07000000,539.16000000,530.06000000,535.75000000,245.59763540
2016-09-24T00:00:00Z,536.06000000,541.87000000,536.06000000,539.49000000,143.33243964
2016-09-25T00:00:00Z,539.50000000,539.50000000,533.37000000,536.00000000,134.52318900
2016-09-26T00:00:00Z,533.47000000,540.00000000,533.46000000,540.00000000,457.92979628
2016-09-27T00:00:00Z,538.01000000,541.86000000,537.30000000,541.40000000,528.78346294
2016-09-28T00:00:00Z,541.40000000,543.99000000,538.00000000,540.00000000,316.03976910
2016-09-29T00:00:00Z,540.00000000,543.98000000,537.84000000,540.00000000,292.16988038
2016-09-30T00:00:00Z,542.00000000,550.00000000,540.00000000,545.99000000,456.20076036
2016-10-01T00:00:00Z,545.99000000,551.75000000,544.21000000,549.80000000,221.97715814
2016-10-02T00:00:00Z,549.80000000,552.00000000,542.37000000,543.94000000,359.20646982
2016-10-03T00:00:00Z,543.95000000,551.00000000,543.65000000,547.90000000,289.96019799
2016-10-04T00:00:00Z,547.90000000,551.99000000,544.37000000,546.99000000,493.23954614
2016-10-05T00:00:00Z,546.99000000,554.99000000,544.00000000,550.86000000,406.78754400
2016-10-06T00:00:00Z,547.75000000,554.97000000,547.11000000,549.03000000,433.86203284
2016-10-07T00:00:00Z,549.03000000,562.00000000,549.03000000,553.20000000,500.22940309
2016-10-08T00:00:00Z,553.83000000,560.42000000,552.89000000,556.00000000,212.57468404
2016-10-09T00:00:00Z,556.00000000,557.51000000,551.18000000,553.97000000,63.92147923
2016-10-10T00:00:00Z,553.00000000,558.50000000,553.00000000,558.40000000,392.07419790
2016-10-11T00:00:00Z,556.22000000,580.00000000,556.20000000,579.99000000,772.60041413
2016-10-12T00:00:00Z,579.99000000,583.82000000,574.20000000,581.60000000,402.84913387
2016-10-13T00:00:00Z,580.41000000,580.99000000,571.92000000,575.99000000,488.75081334
2016-10-14T00:00:00Z,573.39000000,588.00000000,572.61000000,584.00000000,591.25561196
2016-10-15T00:00:00Z,581.16000000,588.00000000,580.47000000,580.47000000,258.14929715
2016-10-16T00:00:00Z,580.52000000,587.95000000,580.47000000,583.00000000,189.62161224
2016-10-17T00:00:00Z,583.00000000,586.94000000,580.00000000,580.00000000,370.87019782
2016-10-18T00:00:00Z,580.00000000,589.28000000,576.09000000,583.49000000,556.43395051
2016-10-19T00:00:00Z,579.00000000,583.69000000,572.32000000,576.40000000,357.15696703
2016-10-20T00:00:00Z,576.40000000,580.00000000,572.48000000,580.00000000,469.26440167
2016-10-21T00:00:00Z,576.78000000,584.00000000,576.78000000,579.01000000,362.77656293
2016-10-22T00:00:00Z,582.16000000,616.20000000,580.37000000,603.97000000,767.98954472
2016-10-23T00:00:00Z,604.00000000,605.99000000,598.01000000,599.02000000,200.41404243
2016-10-24T00:00:00Z,599.00000000,601.99000000,595.00000000,600.00000000,401.24905585
2016-10-25T00:00:00Z,600.00000000,609.00000000,595.06000000,602.87000000,685.14197721
2016-10-26T00:00:00Z,606.00000000,626.56000000,601.13000000,621.98000000,492.87018035
2016-10-27T00:00:00Z,620.97000000,633.53000000,616.63000000,629.50000000,672.70554527
2016-10-28T00:00:00Z,629.00000000,632.87000000,622.93000000,626.77000000,474.06292962
2016-10-29T00:00:00Z,630.50000000,654.71000000,630.50000000,643.00000000,736.99592031
2016-10-30T00:00:00Z,641.00000000,643.00000000,630.00000000,630.00000000,291.07230602
2016-10-31T00:00:00Z,631.48000000,640.00000000,622.60000000,633.36000000,359.30449735
2016-11-01T00:00:00Z,633.36000000,659.50000000,631.31000000,653.00000000,394.60658689
2016-11-02T00:00:00Z,648.00000000,671.13000000,647.00000000,671.13000000,680.00016620
2016-11-03T00:00:00Z,671.10000000,675.00000000,610.00000000,622.00000000,1282.28872195
2016-11-04T00:00:00Z,620.66000000,645.50000000,616.09000000,635.00000000,813.19180312
2016-11-05T00:00:00Z,635.00000000,638.00000000,628.00000000,633.99000000,154.75268373
2016-11-06T00:00:00Z,633.99000000,645.00000000,628.66000000,642.69000000,435.14921033
2016-11-07T00:00:00Z,641.85000000,641.85000000,632.73000000,639.87000000,483.98846152
2016-11-08T00:00:00Z,639.87000000,647.03000000,633.30000000,640.99000000,1405.56745379
2016-11-09T00:00:00Z,640.92000000,668.42000000,637.16000000,660.73000000,1649.45736739
2016-11-10T00:00:00Z,660.89000000,660.90000000,650.36000000,656.25000000,489.17585523
2016-11-11T00:00:00Z,658.00000000,670.66000000,654.01000000,661.09000000,1046.64948108
2016-11-12T00:00:00Z,660.33000000,662.00000000,646.04000000,651.00000000,529.29125774
2016-11-13T00:00:00Z,648.00000000,650.89000000,632.51000000,645.20000000,801.65839304
2016-11-14T00:00:00Z,647.99000000,659.80000000,645.21000000,655.91000000,906.89810581
2016-11-15T00:00:00Z,655.91000000,672.51000000,652.01000000,661.97000000,1123.22234671
2016-11-16T00:00:00Z,662.00000000,693.99000000,658.29000000,685.04000000,1163.87086138
2016-11-17T00:00:00Z,685.04000000,699.50000000,677.03000000,692.50000000,352.71187152
2016-11-18T00:00:00Z,692.50000000,709.98000000,686.55000000,703.44000000,666.24721909
2016-11-19T00:00:00Z,701.93000000,710.00000000,699.90000000,704.82000000,191.23835587
2016-11-20T00:00:00Z,708.46000000,710.00000000,665.00000000,686.00000000,551.40081810
2016-11-21T00:00:00Z,687.31000000,697.46000000,669.74000000,696.51000000,711.36494549
2016-11-22T00:00:00Z,693.00000000,709.99000000,691.00000000,705.24000000,742.45171806
2016-11-23T00:00:00Z,706.25000000,709.98000000,691.40000000,703.49000000,608.32837785
2016-11-24T00:00:00Z,704.61000000,707.95000000,695.86000000,701.99000000,744.62776820
2016-11-25T00:00:00Z,701.99000000,701.99000000,693.50000000,700.00000000,642.38404516
2016-11-26T00:00:00Z,700.00000000,701.00000000,690.00000000,695.48000000,368.02943295
2016-11-27T00:00:00Z,693.80000000,700.00000000,690.00000000,691.50000000,175.63761568
2016-11-28T00:00:00Z,691.51000000,696.98000000,689.00000000,694.46000000,509.28497689
2016-11-29T00:00:00Z,695.00000000,699.43000000,690.40000000,690.75000000,548.70829566
2016-11-30T00:00:00Z,690.75000000,703.28000000,690.75000000,698.02000000,503.24878515
2016-12-01T00:00:00Z,702.90000000,711.90000000,698.39000000,707.70000000,382.39661512
2016-12-02T00:00:00Z,709.88000000,735.86000000,709.88000000,727.08000000,844.47092527
2016-12-03T00:00:00Z,726.60000000,730.00000000,714.44000000,720.37000000,234.22243488
2016-12-04T00:00:00Z,720.39000000,730.00000000,717.45000000,729.99000000,507.39372408
2016-12-05T00:00:00Z,729.99000000,730.00000000,703.11000000,705.00000000,864.85480357
2016-12-06T00:00:00Z,705.63000000,715.00000000,701.00000000,712.24000000,599.66289249
2016-12-07T00:00:00Z,714.99000000,723.20000000,709.36000000,718.32000000,322.17330988
2016-12-08T00:00:00Z,718.32000000,733.00000000,713.54000000,728.61000000,455.20614036
2016-12-09T00:00:00Z,728.61000000,738.88000000,725.03000000,732.99000000,398.91131361
2016-12-10T00:00:00Z,732.99000000,740.75000000,732.02000000,738.55000000,278.75104973
2016-12-11T00:00:00Z,738.55000000,738.55000000,725.04000000,734.61000000,251.01697658
2016-12-12T00:00:00Z,732.03000000,744.00000000,732.00000000,737.99000000,354.06510965
2016-12-13T00:00:00Z,737.99000000,744.90000000,728.95000000,739.94000000,599.84113806
2016-12-14T00:00:00Z,737.41000000,741.30000000,732.50000000,738.13000000,629.80467358
2016-12-15T00:00:00Z,739.90000000,755.87000000,738.10000000,749.00000000,430.11406846
2016-12-16T00:00:00Z,749.00000000,754.99000000,745.69000000,752.99000000,557.86873894
2016-12-17T00:00:00Z,752.93000000,762.26000000,750.01000000,759.51000000,357.70998203
2016-12-18T00:00:00Z,758.50000000,761.90000000,754.31000000,756.00000000,149.22360428
2016-12-19T00:00:00Z,759.00000000,766.63000000,756.26000000,764.06000000,336.07666532
2016-12-20T00:00:00Z,764.99000000,779.95000000,758.02000000,779.94000000,615.78878504
2016-12-21T00:00:00Z,775.58000000,802.00000000,771.00000000,802.00000000,876.41910959
2016-12-22T00:00:00Z,798.82000000,858.96000000,786.01000000,826.03000000,1335.29514759
2016-12-23T00:00:00Z,828.99000000,884.34000000,825.00000000,880.00000000,1141.33701168
2016-12-24T00:00:00Z,880.00000000,882.96000000,850.00000000,857.80000000,295.62783882
2016-12-25T00:00:00Z,857.80000000,861.15000000,812.99000000,856.00000000,503.57655209
2016-12-26T00:00:00Z,856.00000000,870.00000000,846.61000000,863.00000000,291.24799132
2016-12-27T00:00:00Z,864.00000000,899.00000000,855.03000000,882.17000000,604.62246944
2016-12-28T00:00:00Z,890.00000000,940.00000000,882.00000000,937.05000000,982.95359605
2016-12-29T00:00:00Z,937.05000000,943.00000000,912.10000000,925.01000000,690.30842104
2016-12-30T00:00:00Z,925.01000000,925.01000000,880.66000000,914.99000000,830.16403022
2016-12-31T00:00:00Z,914.99000000,916.99000000,899.46000000,916.99000000,188.78725035
2017-01-01T00:00:00Z,916.99000000,952.26000000,908.92000000,948.79000000,368.77450792
2017-01-02T00:00:00Z,948.29000000,984.23000000,945.17000000,972.00000000,394.03774571
2017-01-03T00:00:00Z,968.51000000,993.06000000,964.00000000,993.02000000,744.75765985
2017-01-04T00:00:00Z,994.00000000,1090.00000000,960.00000000,1071.50000000,2004.78532778
2017-01-05T00:00:00Z,1065.00000000,1080.50000000,841.77000000,959.59000000,2442.37548824
2017-01-06T00:00:00Z,955.34000000,979.59000000,830.00000000,860.58000000,1578.46164914
2017-01-07T00:00:00Z,859.10000000,865.88000000,770.00000000,857.05000000,1368.83339909
2017-01-08T00:00:00Z,864.38000000,896.47000000,843.03000000,868.07000000,566.09079683
2017-01-09T00:00:00Z,868.00000000,869.99000000,836.91000000,858.57000000,693.64929904
2017-01-10T00:00:00Z,859.99000000,886.80000000,854.15000000,866.00000000,569.72426110
2017-01-11T00:00:00Z,866.00000000,885.77000000,717.00000000,747.17000000,2587.74646346
2017-01-12T00:00:00Z,747.02000000,792.00000000,707.00000000,769.99000000,1345.54836626
2017-01-13T00:00:00Z,769.93000000,797.38000000,740.00000000,784.77000000,754.10608834
2017-01-14T00:00:00Z,784.99000000,793.48000000,771.00000000,773.03000000,592.67080439
2017-01-15T00:00:00Z,777.00000000,782.63000000,765.00000000,777.00000000,299.86693375
2017-01-16T00:00:00Z,777.00000000,795.00000000,772.01000000,787.00000000,945.92137132
2017-01-17T00:00:00Z,792.74000000,862.37000000,789.47000000,852.03000000,1335.17298115
2017-01-18T00:00:00Z,853.50000000,860.50000000,804.10000000,835.98000000,737.91613683
2017-01-19T00:00:00Z,835.99000000,854.87000000,835.98000000,845.50000000,695.79967461
2017-01-20T00:00:00Z,845.77000000,848.00000000,835.00000000,838.34000000,421.31387743
2017-01-21T00:00:00Z,840.96000000,872.12000000,837.00000000,863.50000000,536.50781621
2017-01-22T00:00:00Z,863.50000000,878.50000000,836.00000000,859.99000000,580.84557675
2017-01-23T00:00:00Z,859.99000000,869.75000000,852.99000000,855.00000000,275.22651744
2017-01-24T00:00:00Z,854.13000000,860.00000000,834.95000000,835.99000000,629.93251323
2017-01-25T00:00:00Z,835.98000000,845.00000000,830.00000000,833.04000000,501.43609752
2017-01-26T00:00:00Z,835.99000000,859.64000000,833.30000000,857.50000000,503.49928254
2017-01-27T00:00:00Z,854.00000000,864.50000000,844.17000000,857.90000000,320.80718313
2017-01-28T00:00:00Z,858.00000000,862.50000000,850.50000000,857.45000000,228.89404803
2017-01-29T00:00:00Z,859.15000000,862.22000000,854.22000000,858.21000000,123.30278013
2017-01-30T00:00:00Z,858.14000000,865.00000000,852.57000000,860.50000000,461.79097126
2017-01-31T00:00:00Z,860.00000000,903.00000000,857.80000000,900.50000000,903.91797082
2017-02-01T00:00:00Z,900.47000000,916.04000000,893.48000000,914.30000000,541.65263333
2017-02-02T00:00:00Z,916.04000000,950.12000000,909.87000000,941.46000000,714.68949249
2017-02-03T00:00:00Z,941.46000000,954.91000000,927.21000000,947.00000000,752.59980721
2017-02-04T00:00:00Z,943.00000000,966.00000000,936.00000000,961.14000000,288.82822696
2017-02-05T00:00:00Z,954.57000000,961.90000000,935.50000000,943.00000000,329.85608117
2017-02-06T00:00:00Z,940.01000000,960.00000000,937.06000000,950.52000000,337.09719331
2017-02-07T00:00:00Z,950.53000000,990.86000000,950.53000000,987.97000000,537.03965124
2017-02-08T00:00:00Z,987.97000000,999.13000000,951.10000000,984.50000000,816.47574050
2017-02-09T00:00:00Z,984.50000000,1002.40000000,865.03000000,923.99000000,2949.23655600
2017-02-10T00:00:00Z,923.99000000,948.89000000,891.00000000,939.50000000,755.94442791
2017-02-11T00:00:00Z,939.00000000,959.97000000,935.10000000,953.96000000,320.33377363
2017-02-12T00:00:00Z,948.45000000,952.03000000,940.00000000,945.46000000,208.86787456
2017-02-13T00:00:00Z,945.46000000,949.95000000,924.79000000,948.99000000,504.65156960
2017-02-14T00:00:00Z,947.94000000,967.99000000,939.50000000,960.84000000,701.92122877
2017-02-15T00:00:00Z,958.66000000,965.00000000,949.00000000,960.63000000,396.89982902
2017-02-16T00:00:00Z,960.63000000,988.04000000,960.00000000,979.99000000,532.73777845
2017-02-17T00:00:00Z,979.99000000,999.80000000,977.00000000,994.96000000,636.14533554
2017-02-18T00:00:00Z,994.00000000,1005.00000000,987.21000000,997.00000000,330.14173982
2017-02-19T00:00:00Z,997.00000000,1001.43000000,985.00000000,990.00000000,216.69582402
2017-02-20T00:00:00Z,990.00000000,1022.90000000,985.31000000,1020.08000000,580.30709498
2017-02-21T00:00:00Z,1017.90000000,1064.90000000,1012.31000000,1062.99000000,1207.04772606
2017-02-22T00:00:00Z,1062.50000000,1075.10000000,1044.36000000,1066.07000000,642.96719876
2017-02-23T00:00:00Z,1064.00000000,1124.01000000,1062.53000000,1114.72000000,919.83340554
2017-02-24T00:00:00Z,1114.93000000,1145.00000000,1020.00000000,1116.16000000,1563.07857130
2017-02-25T00:00:00Z,1116.16000000,1124.00000000,1070.05000000,1083.47000000,619.04140379
2017-02-26T00:00:00Z,1088.81000000,1118.99000000,1070.01000000,1105.16000000,277.66490562
2017-02-27T00:00:00Z,1108.65000000,1125.00000000,1098.98000000,1125.00000000,390.11279053
2017-02-28T00:00:00Z,1122.71000000,1129.71000000,1111.00000000,1118.89000000,726.32924255
2017-03-01T00:00:00Z,1118.89000000,1157.00000000,1117.52000000,1157.00000000,824.99858626
2017-03-02T00:00:00Z,1157.00000000,1199.00000000,1130.10000000,1194.57000000,1049.97561419
2017-03-03T00:00:00Z,1190.01000000,1226.92000000,1181.12000000,1206.99000000,1002.19694015
2017-03-04T00:00:00Z,1204.00000000,1210.56000000,1151.50000000,1194.38000000,659.97475274
2017-03-05T00:00:00Z,1187.14000000,1195.00000000,1168.07000000,1184.03000000,290.32576809
2017-03-06T00:00:00Z,1193.98000000,1214.00000000,1170.37000000,1203.18000000,575.24598966
2017-03-07T00:00:00Z,1205.00000000,1209.36000000,1111.00000000,1172.32000000,1488.97628500
2017-03-08T00:00:00Z,1167.01000000,1177.91000000,1080.00000000,1080.71000000,1550.67679249
2017-03-09T00:00:00Z,1083.99000000,1141.00000000,1075.03000000,1132.98000000,1012.45432194
2017-03-10T00:00:00Z,1132.49000000,1245.00000000,950.00000000,1046.00000000,3705.87952056
2017-03-11T00:00:00Z,1046.00000000,1146.82000000,1045.09000000,1106.47000000,1271.85362398
2017-03-12T00:00:00Z,1106.47000000,1159.47000000,1100.00000000,1152.00000000,733.48099552
2017-03-13T00:00:00Z,1150.00000000,1174.97000000,1136.00000000,1164.99000000,922.51839587
2017-03-14T00:00:00Z,1164.98000000,1178.90000000,1145.00000000,1172.75000000,746.65523687
2017-03-15T00:00:00Z,1172.75000000,1186.82000000,1164.00000000,1169.99000000,1039.66574442
2017-03-16T00:00:00Z,1166.54000000,1169.99000000,1050.84000000,1088.18000000,1798.41604602
2017-03-17T00:00:00Z,1088.10000000,1090.00000000,992.00000000,994.10000000,2798.33204515
2017-03-18T00:00:00Z,994.01000000,1020.00000000,853.98000000,884.99000000,3243.46968900
2017-03-19T00:00:00Z,885.00000000,1000.00000000,882.63000000,936.61000000,1970.70725224
2017-03-20T00:00:00Z,930.60000000,978.14000000,926.09000000,965.00000000,1218.90317130
2017-03-21T00:00:00Z,963.21000000,1030.00000000,961.24000000,1018.00000000,1896.97394044
2017-03-22T00:00:00Z,1020.51000000,1020.52000000,904.61000000,945.87000000,1951.76194903
2017-03-23T00:00:00Z,945.87000000,972.66000000,929.46000000,947.54000000,815.48018040
2017-03-24T00:00:00Z,953.12000000,953.94000000,855.00000000,859.48000000,1839.86475500
2017-03-25T00:00:00Z,860.01000000,887.11000000,819.00000000,879.99000000,2055.96138461
2017-03-26T00:00:00Z,880.15000000,923.00000000,861.00000000,883.01000000,1153.99702789
2017-03-27T00:00:00Z,883.99000000,959.00000000,877.25000000,957.54000000,1114.30249456
2017-03-28T00:00:00Z,954.23000000,983.04000000,936.73000000,959.57000000,1351.64568497
2017-03-29T00:00:00Z,957.10000000,963.91000000,920.12000000,947.00000000,1736.23727394
2017-03-30T00:00:00Z,947.00000000,961.72000000,900.00000000,943.34000000,1455.82543417
2017-03-31T00:00:00Z,943.01000000,1000.97000000,939.36000000,995.80000000,1403.97432436
2017-04-01T00:00:00Z,995.75000000,1022.16000000,980.00000000,1000.00000000,796.64329401
2017-04-02T00:00:00Z,999.31000000,1029.50000000,989.00000000,1010.73000000,1654.42112812
2017-04-03T00:00:00Z,1003.30000000,1079.35000000,1003.30000000,1065.75000000,1809.54982547
2017-04-04T00:00:00Z,1072.87000000,1089.99000000,1051.16000000,1070.00000000,1274.91654697
2017-04-05T00:00:00Z,1064.90000000,1070.00000000,1037.22000000,1060.99000000,1016.41641071
2017-04-06T00:00:00Z,1061.99000000,1128.82000000,1059.44000000,1119.63000000,1485.75423547
2017-04-07T00:00:00Z,1121.86000000,1133.99000000,1100.04000000,1120.21000000,808.04853355
2017-04-08T00:00:00Z,1120.46000000,1132.42000000,1101.46000000,1112.25000000,381.89925984
2017-04-09T00:00:00Z,1114.55000000,1144.00000000,1105.23000000,1133.23000000,751.83298222
2017-04-10T00:00:00Z,1133.63000000,1147.58000000,1124.28000000,1136.98000000,753.49814909
2017-04-11T00:00:00Z,1135.00000000,1159.62000000,1127.00000000,1153.24000000,534.79021137
2017-04-12T00:00:00Z,1147.50000000,1154.98000000,1135.25000000,1138.00000000,703.07325438
2017-04-13T00:00:00Z,1138.00000000,1142.50000000,1085.29000000,1102.58000000,1145.78333816
2017-04-14T00:00:00Z,1104.58000000,1123.58000000,1095.09000000,1112.69000000,606.79532477
2017-04-15T00:00:00Z,1112.69000000,1128.73000000,1102.25000000,1108.97000000,352.75235400
2017-04-16T00:00:00Z,1104.48000000,1117.90000000,1032.00000000,1108.50000000,703.05996673
2017-04-17T00:00:00Z,1108.50000000,1119.99000000,1101.50000000,1115.03000000,591.25673551
2017-04-18T00:00:00Z,1115.09000000,1132.00000000,1109.00000000,1124.33000000,639.18014301
2017-04-19T00:00:00Z,1120.01000000,1130.00000000,1115.00000000,1121.29000000,811.74543795
2017-04-20T00:00:00Z,1123.33000000,1154.85000000,1120.09000000,1150.34000000,861.00673170
2017-04-21T00:00:00Z,1149.99000000,1166.45000000,1141.98000000,1154.99000000,783.82233284
2017-04-22T00:00:00Z,1153.99000000,1155.00000000,1126.00000000,1148.00000000,431.17301703
2017-04-23T00:00:00Z,1148.00000000,1154.96000000,1135.00000000,1140.73000000,385.97547200
2017-04-24T00:00:00Z,1145.61000000,1158.46000000,1140.00000000,1153.22000000,631.32667999
2017-04-25T00:00:00Z,1155.99000000,1175.16000000,1152.64000000,1168.00000000,818.06316963
2017-04-26T00:00:00Z,1168.00000000,1199.97000000,1164.87000000,1180.87000000,1230.74793440
2017-04-27T00:00:00Z,1182.33000000,1220.00000000,1170.00000000,1213.54000000,1204.95427594
2017-04-28T00:00:00Z,1207.39000000,1224.87000000,1177.52000000,1219.80000000,1510.68334374
2017-04-29T00:00:00Z,1219.90000000,1225.00000000,1205.20000000,1224.80000000,644.60395798
2017-04-30T00:00:00Z,1220.01000000,1224.73000000,1200.00000000,1221.15000000,769.99017108
2017-05-01T00:00:00Z,1221.13000000,1278.00000000,1216.78000000,1259.05000000,905.96448130
2017-05-02T00:00:00Z,1257.26000000,1329.00000000,1245.02000000,1295.20000000,1082.30670586
2017-05-03T00:00:00Z,1300.00000000,1385.00000000,1290.00000000,1377.00000000,1744.14629977
2017-05-04T00:00:00Z,1377.00000000,1482.69000000,1280.00000000,1387.22000000,3543.30518830
2017-05-05T00:00:00Z,1387.46000000,1459.00000000,1358.61000000,1382.40000000,1825.78768685
2017-05-06T00:00:00Z,1378.90000000,1417.26000000,1377.19000000,1404.51000000,851.10318250
2017-05-07T00:00:00Z,1412.49000000,1423.98000000,1382.29000000,1413.00000000,963.86317192
2017-05-08T00:00:00Z,1423.22000000,1520.00000000,1414.45000000,1514.01000000,2419.27205431
2017-05-09T00:00:00Z,1519.47000000,1620.00000000,1480.00000000,1585.00000000,3339.40178454
2017-05-10T00:00:00Z,1585.00000000,1645.00000000,1535.00000000,1623.69000000,2038.03846209
2017-05-11T00:00:00Z,1627.99000000,1727.76000000,1600.01000000,1686.95000000,1988.26153831
2017-05-12T00:00:00Z,1695.74000000,1695.74000000,1519.00000000,1551.00000000,2454.65621971
2017-05-13T00:00:00Z,1551.01000000,1645.00000000,1485.05000000,1634.32000000,1574.82100765
2017-05-14T00:00:00Z,1638.00000000,1661.13000000,1606.42000000,1635.50000000,768.08759668
2017-05-15T00:00:00Z,1634.19000000,1637.94000000,1552.27000000,1581.73000000,1625.70376403
2017-05-16T00:00:00Z,1580.05000000,1648.10000000,1538.26000000,1582.00000000,2780.70640411
2017-05-17T00:00:00Z,1582.00000000,1678.00000000,1565.03000000,1648.30000000,2477.75315036
2017-05-18T00:00:00Z,1648.30000000,1719.77000000,1630.56000000,1715.50000000,2252.16575376
2017-05-19T00:00:00Z,1715.50000000,1767.79000000,1699.13000000,1760.20000000,2537.52450852
2017-05-20T00:00:00Z,1752.60000000,1800.00000000,1731.00000000,1800.00000000,1772.84403080
2017-05-21T00:00:00Z,1797.80000000,1838.00000000,1720.36000000,1800.63000000,1457.74462774
2017-05-22T00:00:00Z,1805.85000000,1973.92000000,1788.88000000,1868.64000000,3062.49150572
2017-05-23T00:00:00Z,1870.00000000,2000.59000000,1860.29000000,1996.99000000,2404.62713728
2017-05-24T00:00:00Z,1996.99000000,2211.41000000,1804.00000000,2124.20000000,4002.68068254
2017-05-25T00:00:00Z,2123.88000000,2424.24000000,1941.01000000,1987.58000000,5204.43072714
2017-05-26T00:00:00Z,2012.00000000,2319.99000000,1860.00000000,2009.99000000,3876.27725954
2017-05-27T00:00:00Z,2004.00000000,2059.99000000,1650.00000000,1797.17000000,3541.62699776
2017-05-28T00:00:00Z,1810.26000000,2049.00000000,1808.61000000,1925.98000000,1939.59255179
2017-05-29T00:00:00Z,1930.47000000,2099.00000000,1870.70000000,2045.30000000,2432.53182860
2017-05-30T00:00:00Z,2043.73000000,2087.92000000,1950.00000000,1984.98000000,2314.36229639
2017-05-31T00:00:00Z,1983.00000000,2083.99000000,1955.90000000,2066.45000000,2126.05511646
2017-06-01T00:00:00Z,2064.00000000,2185.00000000,2057.70000000,2155.15000000,3036.47028966
2017-06-02T00:00:00Z,2158.12000000,2231.75000000,2124.59000000,2231.75000000,2147.00927823
2017-06-03T00:00:00Z,2231.75000000,2309.00000000,2178.07000000,2277.91000000,1170.07301853
2017-06-04T00:00:00Z,2271.91000000,2295.00000000,2220.00000000,2262.00000000,1271.86061975
2017-06-05T00:00:00Z,2254.37000000,2398.00000000,2250.00000000,2398.00000000,1917.77852105
2017-06-06T00:00:00Z,2398.00000000,2609.89000000,2385.82000000,2569.42000000,5528.37682643
2017-06-07T00:00:00Z,2556.83000000,2569.99000000,2380.01000000,2424.43000000,2373.32824172
2017-06-08T00:00:00Z,2420.12000000,2522.38000000,2380.00000000,2517.80000000,2296.96584107
2017-06-09T00:00:00Z,2519.00000000,2573.00000000,2500.00000000,2562.66000000,1607.20916177
2017-06-10T00:00:00Z,2548.72000000,2622.38000000,2534.46000000,2594.00000000,1449.81571795
2017-06-11T00:00:00Z,2595.00000000,2635.00000000,2555.74000000,2619.96000000,1420.97745273
2017-06-12T00:00:00Z,2619.95000000,2624.98000000,2199.98000000,2372.22000000,4801.49544645
2017-06-13T00:00:00Z,2375.74000000,2489.90000000,2350.09000000,2429.79000000,2456.42980022
2017-06-14T00:00:00Z,2429.79000000,2489.29000000,2111.00000000,2203.04000000,2917.54421979
2017-06-15T00:00:00Z,2200.00000000,2249.99000000,1916.19000000,2156.57000000,5388.23852711
2017-06-16T00:00:00Z,2156.60000000,2268.99000000,2060.00000000,2220.69000000,2438.09013318
2017-06-17T00:00:00Z,2212.43000000,2386.69000000,2168.00000000,2353.00000000,1148.88751876
2017-06-18T00:00:00Z,2356.78000000,2369.99000000,2190.09000000,2238.32000000,1420.11772809
2017-06-19T00:00:00Z,2239.93000000,2458.44000000,2205.00000000,2307.99000000,2705.67385865
2017-06-20T00:00:00Z,2307.95000000,2483.99000000,2292.14000000,2439.00000000,2232.78215371
2017-06-21T00:00:00Z,2439.00000000,2478.68000000,2337.80000000,2379.95000000,2109.27626135
2017-06-22T00:00:00Z,2372.00000000,2450.00000000,2324.35000000,2417.60000000,1575.42600097
2017-06-23T00:00:00Z,2417.60000000,2437.21000000,2384.99000000,2404.59000000,945.13653765
2017-06-24T00:00:00Z,2407.56000000,2430.00000000,2236.13000000,2293.47000000,1541.34914228
2017-06-25T00:00:00Z,2290.00000000,2349.00000000,2177.00000000,2235.07000000,1103.53301875
2017-06-26T00:00:00Z,2235.05000000,2277.92000000,2047.51000000,2157.01000000,3107.23987899
2017-06-27T00:00:00Z,2155.01000000,2231.01000000,2006.09000000,2231.01000000,3463.34611420
2017-06-28T00:00:00Z,2231.01000000,2270.00000000,2151.11000000,2247.51000000,1635.97655877
2017-06-29T00:00:00Z,2242.68000000,2267.27000000,2200.00000000,2220.00000000,809.40021108
2017-06-30T00:00:00Z,2220.00000000,2249.00000000,2151.00000000,2156.00000000,861.45745562
2017-07-01T00:00:00Z,2156.01000000,2200.00000000,2091.14000000,2107.20000000,914.76025273
2017-07-02T00:00:00Z,2109.40000000,2212.02000000,2076.00000000,2194.41000000,689.96606571
2017-07-03T00:00:00Z,2196.42000000,2271.00000000,2134.41000000,2232.01000000,1557.10695440
2017-07-04T00:00:00Z,2233.96000000,2319.76000000,2232.27000000,2289.41000000,1304.39007895
2017-07-05T00:00:00Z,2294.98000000,2308.96000000,2230.02000000,2305.79000000,868.96233276
2017-07-06T00:00:00Z,2290.23000000,2306.97000000,2252.30000000,2292.90000000,876.06664155
2017-07-07T00:00:00Z,2294.56000000,2294.57000000,2184.59000000,2210.00000000,1150.90068999
2017-07-08T00:00:00Z,2211.03000000,2241.99000000,2180.00000000,2239.99000000,690.30279167
2017-07-09T00:00:00Z,2239.99000000,2255.00000000,2197.73000000,2197.73000000,390.14356464
2017-07-10T00:00:00Z,2203.28000000,2216.44000000,2003.21000000,2063.67000000,2477.11063904
2017-07-11T00:00:00Z,2063.37000000,2108.58000000,1975.00000000,2021.49000000,2469.87083117
2017-07-12T00:00:00Z,2023.20000000,2119.83000000,1966.00000000,2089.71000000,2186.83308954
2017-07-13T00:00:00Z,2097.41000000,2114.99000000,2034.78000000,2048.87000000,1053.51632863
2017-07-14T00:00:00Z,2061.84000000,2065.00000000,1881.00000000,1940.19000000,1715.67847635
2017-07-15T00:00:00Z,1933.33000000,1935.00000000,1728.00000000,1731.52000000,2814.80773045
2017-07-16T00:00:00Z,1731.52000000,1789.79000000,1599.00000000,1679.12000000,2934.71206428
2017-07-17T00:00:00Z,1675.00000000,1939.09000000,1670.56000000,1939.09000000,3702.42167493
2017-07-18T00:00:00Z,1932.36000000,2081.02000000,1868.08000000,2007.25000000,2816.63323044
2017-07-19T00:00:00Z,1996.00000000,2087.62000000,1923.00000000,1968.66000000,2214.87932632
2017-07-20T00:00:00Z,1975.62000000,2497.79000000,1967.21000000,2448.80000000,4686.68126049
2017-07-21T00:00:00Z,2448.80000000,2466.87000000,2250.00000000,2289.80000000,2812.71525555
2017-07-22T00:00:00Z,2294.89000000,2465.80000000,2280.00000000,2424.90000000,1796.28669667
2017-07-23T00:00:00Z,2425.09000000,2443.45000000,2277.20000000,2353.27000000,1589.93811826
2017-07-24T00:00:00Z,2346.65000000,2400.77000000,2317.50000000,2375.80000000,1262.48544554
2017-07-25T00:00:00Z,2375.80000000,2396.70000000,2120.70000000,2208.99000000,3337.61714024
2017-07-26T00:00:00Z,2206.60000000,2245.94000000,2101.00000000,2179.30000000,1760.16673522
2017-07-27T00:00:00Z,2184.47000000,2315.00000000,2170.10000000,2289.29000000,1185.49043236
2017-07-28T00:00:00Z,2295.00000000,2413.10000000,2282.53000000,2366.60000000,2073.86099544
2017-07-29T00:00:00Z,2366.71000000,2378.51000000,2285.00000000,2313.15000000,1331.23688891
2017-07-30T00:00:00Z,2315.60000000,2369.90000000,2225.00000000,2354.00000000,1056.66682081
2017-07-31T00:00:00Z,2354.00000000,2471.38000000,2321.22000000,2471.38000000,1460.70927183
2017-08-01T00:00:00Z,2457.00000000,2489.64000000,2259.80000000,2325.79000000,1219.29312557
2017-08-02T00:00:00Z,2325.79000000,2362.98000000,2250.00000000,2300.00000000,981.03740765
2017-08-03T00:00:00Z,2300.00000000,2378.90000000,2294.77000000,2371.80000000,989.30576945
2017-08-04T00:00:00Z,2373.30000000,2447.99000000,2351.31000000,2432.99000000,1140.35522595
2017-08-05T00:00:00Z,2426.70000000,2806.17000000,2425.50000000,2759.52000000,3335.55717163
2017-08-06T00:00:00Z,2751.60000000,2796.99000000,2666.00000000,2737.69000000,980.21041599
2017-08-07T00:00:00Z,2741.57000000,2910.00000000,2710.01000000,2868.98000000,1790.94233338
2017-08-08T00:00:00Z,2873.82000000,2977.97000000,2832.73000000,2915.00000000,2270.26311069
2017-08-09T00:00:00Z,2915.00000000,2929.99000000,2764.06000000,2863.48000000,2389.07515364
2017-08-10T00:00:00Z,2863.39000000,2960.00000000,2830.93000000,2920.38000000,1456.91112723
2017-08-11T00:00:00Z,2920.49000000,3150.00000000,2900.74000000,3111.96000000,2340.29016955
2017-08-12T00:00:00Z,3112.00000000,3349.00000000,3058.97000000,3287.12000000,2689.32845727
2017-08-13T00:00:00Z,3292.94000000,3550.88000000,3225.27000000,3432.58000000,2863.10460535
2017-08-14T00:00:00Z,3432.58000000,3681.56000000,3351.02000000,3674.29000000,2204.68363993
2017-08-15T00:00:00Z,3674.27000000,3749.00000000,3250.11000000,3537.89000000,3386.25740207
2017-08-16T00:00:00Z,3534.62000000,3732.00000000,3344.10000000,3700.00000000,2151.75259480
2017-08-17T00:00:00Z,3700.11000000,3827.00000000,3581.92000000,3656.66000000,2087.07208174
2017-08-18T00:00:00Z,3670.32000000,3744.00000000,3405.99000000,3519.99000000,2262.44690551
2017-08-19T00:00:00Z,3519.93000000,3592.43000000,3383.67000000,3553.44000000,1519.34835467
2017-08-20T00:00:00Z,3553.27000000,3553.43000000,3453.01000000,3488.45000000,978.27381881
2017-08-21T00:00:00Z,3488.45000000,3509.88000000,3385.00000000,3405.98000000,1981.72733931
2017-08-22T00:00:00Z,3405.99000000,3550.00000000,3104.90000000,3492.78000000,2789.11272038
2017-08-23T00:00:00Z,3492.34000000,3636.01000000,3460.08000000,3529.96000000,1830.15560478
2017-08-24T00:00:00Z,3528.96000000,3720.25000000,3504.21000000,3674.61000000,1394.37060654
2017-08-25T00:00:00Z,3668.61000000,3778.97000000,3619.00000000,3679.48000000,1404.44063267
2017-08-26T00:00:00Z,3679.48000000,3699.52000000,3610.00000000,3673.96000000,778.24602762
2017-08-27T00:00:00Z,3679.01000000,3719.83000000,3632.66000000,3642.59000000,758.21263505
2017-08-28T00:00:00Z,3656.80000000,3670.00000000,3534.00000000,3661.00000000,1872.34355240
2017-08-29T00:00:00Z,3661.00000000,3840.00000000,3500.00000000,3818.18000000,2494.80881880
2017-08-30T00:00:00Z,3818.06000000,3850.00000000,3740.65000000,3839.96000000,1147.03947127
2017-08-31T00:00:00Z,3839.96000000,3998.00000000,3830.80000000,3973.00000000,1678.38372823
2017-09-01T00:00:00Z,3973.00000000,4175.00000000,3925.00000000,4149.99000000,2132.39532517
2017-09-02T00:00:00Z,4147.79000000,4199.00000000,3791.15000000,3889.89000000,2749.77834782
2017-09-03T00:00:00Z,3889.99000000,3998.00000000,3750.00000000,3912.99000000,1382.97770682
2017-09-04T00:00:00Z,3912.99000000,3912.99000000,3450.00000000,3646.37000000,4902.27750715
2017-09-05T00:00:00Z,3621.14000000,3878.47000000,3440.00000000,3815.92000000,3313.63878480
2017-09-06T00:00:00Z,3815.91000000,3981.00000000,3770.63000000,3929.05000000,2517.11088905
2017-09-07T00:00:00Z,3910.02000000,3980.01000000,3805.00000000,3908.72000000,1587.55292711
2017-09-08T00:00:00Z,3885.93000000,3931.82000000,3517.00000000,3660.00000000,3529.55416093
2017-09-09T00:00:00Z,3660.00000000,3733.56000000,3540.00000000,3655.79000000,1406.21384651
2017-09-10T00:00:00Z,3655.79000000,3655.79000000,3451.00000000,3585.20000000,1822.69189263
2017-09-11T00:00:00Z,3559.87000000,3669.77000000,3465.13000000,3545.42000000,2284.55997883
2017-09-12T00:00:00Z,3531.11000000,3686.02000000,3445.90000000,3489.13000000,2675.46094027
2017-09-13T00:00:00Z,3505.06000000,3505.06000000,3098.68000000,3255.29000000,5875.55341502
2017-09-14T00:00:00Z,3245.61000000,3302.18000000,2695.75000000,2717.64000000,6655.76773151
2017-09-15T00:00:00Z,2718.01000000,3239.30000000,2502.00000000,3162.06000000,11704.48579421
2017-09-16T00:00:00Z,3166.50000000,3294.83000000,3000.00000000,3156.22000000,2108.49209056
2017-09-17T00:00:00Z,3140.57000000,3223.84000000,2950.00000000,3124.36000000,1647.35808190
2017-09-18T00:00:00Z,3120.61000000,3470.41000000,3120.61000000,3449.00000000,3197.30486361
2017-09-19T00:00:00Z,3448.99000000,3465.00000000,3236.60000000,3266.82000000,1897.84523109
2017-09-20T00:00:00Z,3265.11000000,3380.10000000,3212.00000000,3274.39000000,2386.90203575
2017-09-21T00:00:00Z,3274.33000000,3305.59000000,3012.00000000,3051.89000000,2410.68059328
2017-09-22T00:00:00Z,3051.69000000,3152.71000000,2956.92000000,3061.30000000,2161.23015732
2017-09-23T00:00:00Z,3061.91000000,3217.17000000,3021.01000000,3163.60000000,1253.57711832
2017-09-24T00:00:00Z,3174.97000000,3174.97000000,3050.50000000,3100.76000000,822.79794884
2017-09-25T00:00:00Z,3099.16000000,3350.00000000,3090.00000000,3316.85000000,2073.58864410
2017-09-26T00:00:00Z,3316.38000000,3401.10000000,3257.20000000,3275.75000000,3180.11972679
2017-09-27T00:00:00Z,3270.00000000,3577.09000000,3268.00000000,3559.50000000,2809.55736721
2017-09-28T00:00:00Z,3551.01000000,3620.00000000,3461.00000000,3536.00000000,2660.68810622
2017-09-29T00:00:00Z,3536.00000000,3573.57000000,3404.00000000,3526.67000000,1899.10558868
2017-09-30T00:00:00Z,3503.71000000,3674.80000000,3503.71000000,3665.79000000,1148.76507522
2017-10-01T00:00:00Z,3665.50000000,3691.99000000,3580.00000000,3690.79000000,1193.11892190
2017-10-02T00:00:00Z,3682.20000000,3785.80000000,3682.20000000,3730.10000000,1546.13046872
2017-10-03T00:00:00Z,3739.80000000,3762.04000000,3600.00000000,3670.00000000,1770.24789096
2017-10-04T00:00:00Z,3670.00000000,3689.80000000,3556.73000000,3590.83000000,1275.04046449
2017-10-05T00:00:00Z,3601.68000000,3709.20000000,3525.10000000,3671.99000000,2108.90816059
2017-10-06T00:00:00Z,3671.99000000,3750.00000000,3639.90000000,3688.00000000,1362.05996868
2017-10-07T00:00:00Z,3688.01000000,3778.00000000,3661.19000000,3752.40000000,649.65075636
2017-10-08T00:00:00Z,3756.53000000,3890.00000000,3746.40000000,3871.11000000,1587.62343685
2017-10-09T00:00:00Z,3883.45000000,4118.87000000,3850.00000000,4030.01000000,2525.42847114
2017-10-10T00:00:00Z,4030.00000000,4150.00000000,3880.00000000,4027.54000000,2024.51307883
2017-10-11T00:00:00Z,4025.62000000,4107.89000000,3961.35000000,4059.99000000,1065.20952874
2017-10-12T00:00:00Z,4059.99000000,4549.00000000,4047.69000000,4549.00000000,3346.65277791
2017-10-13T00:00:00Z,4548.20000000,4923.30000000,4430.46000000,4740.50000000,3847.84939881
2017-10-14T00:00:00Z,4745.00000000,4879.99000000,4670.13000000,4879.99000000,1250.74223123
2017-10-15T00:00:00Z,4879.99000000,4898.00000000,4562.00000000,4792.99000000,1686.91688158
2017-10-16T00:00:00Z,4789.96000000,4900.22000000,4676.74000000,4864.00000000,2130.13628755
2017-10-17T00:00:00Z,4875.00000000,4883.20000000,4690.00000000,4759.20000000,1935.81497508
2017-10-18T00:00:00Z,4759.59000000,4759.99000000,4342.50000000,4746.19000000,3797.84795623
2017-10-19T00:00:00Z,4732.12000000,4837.00000000,4670.10000000,4790.71000000,1460.83185248
2017-10-20T00:00:00Z,4790.04000000,5145.00000000,4740.69000000,5034.74000000,2782.05669385
2017-10-21T00:00:00Z,5059.52000000,5250.00000000,4984.32000000,5115.69000000,2137.97362934
2017-10-22T00:00:00Z,5106.01000000,5168.70000000,4877.00000000,5103.80000000,1464.55887512
2017-10-23T00:00:00Z,5085.03000000,5150.00000000,4808.20000000,4991.20000000,2813.74499551
2017-10-24T00:00:00Z,5014.99000000,5024.80000000,4680.00000000,4740.90000000,2591.36637736
2017-10-25T00:00:00Z,4737.79000000,4895.00000000,4602.01000000,4894.94000000,2563.91880098
2017-10-26T00:00:00Z,4894.94000000,5130.00000000,4840.00000000,5074.07000000,2503.52822041
2017-10-27T00:00:00Z,5069.55000000,5148.01000000,4952.00000000,4992.81000000,1603.26104949
2017-10-28T00:00:00Z,5004.79000000,5070.00000000,4916.00000000,4973.01000000,828.78552489
2017-10-29T00:00:00Z,4972.56000000,5397.89000000,4917.06000000,5276.10000000,2210.29005274
2017-10-30T00:00:00Z,5293.03000000,5341.42000000,5180.01000000,5276.50000000,1722.52567056
2017-10-31T00:00:00Z,5261.99000000,5522.09000000,5232.00000000,5515.40000000,2181.93825453
2017-11-01T00:00:00Z,5515.40000000,5825.00000000,5456.38000000,5823.09000000,2260.32967393
2017-11-02T00:00:00Z,5823.09000000,6420.00000000,5781.00000000,6045.00000000,6132.26399818
2017-11-03T00:00:00Z,6045.00000000,6417.08000000,5964.10000000,6213.63000000,3338.26547981
2017-11-04T00:00:00Z,6215.82000000,6490.00000000,6033.30000000,6388.19000000,1819.87252245
2017-11-05T00:00:00Z,6354.07000000,6550.70000000,6270.76000000,6374.46000000,1716.72526923
2017-11-06T00:00:00Z,6355.91000000,6475.00000000,5980.11000000,6040.10000000,4050.41786912
2017-11-07T00:00:00Z,6038.60000000,6291.67000000,6036.79000000,6153.00000000,2541.96859935
2017-11-08T00:00:00Z,6153.00000000,6858.99000000,6111.00000000,6470.00000000,5090.34857219
2017-11-09T00:00:00Z,6460.00000000,6470.01000000,6155.00000000,6180.00000000,2918.50203144
2017-11-10T00:00:00Z,6180.00000000,6346.81000000,5511.98000000,5720.00000000,5998.30762233
2017-11-11T00:00:00Z,5720.00000000,5895.99000000,5320.00000000,5473.90000000,3360.40034046
2017-11-12T00:00:00Z,5445.81000000,5600.00000000,4736.46000000,5084.97000000,7005.86592818
2017-11-13T00:00:00Z,5075.00000000,5900.00000000,5013.00000000,5642.98000000,6307.41078960
2017-11-14T00:00:00Z,5636.46000000,5793.99000000,5565.14000000,5669.99000000,2532.45944776
2017-11-15T00:00:00Z,5671.49000000,6276.99000000,5654.12000000,6229.46000000,3401.73082506
2017-11-16T00:00:00Z,6249.99000000,6764.00000000,6100.01000000,6666.66000000,4285.26356723
2017-11-17T00:00:00Z,6665.27000000,6780.00000000,6390.00000000,6545.00000000,3451.15477284
2017-11-18T00:00:00Z,6545.00000000,6690.00000000,6320.56000000,6619.99000000,1724.93987030
2017-11-19T00:00:00Z,6619.99000000,6829.28000000,6531.00000000,6801.00000000,1760.70181537
2017-11-20T00:00:00Z,6801.00000000,7050.00000000,6704.22000000,7008.98000000,2534.77703037
2017-11-21T00:00:00Z,7021.19000000,7150.00000000,6670.00000000,6940.00000000,3408.69320827
2017-11-22T00:00:00Z,6939.97000000,7099.00000000,6908.00000000,6981.01000000,2414.66083029
2017-11-23T00:00:00Z,6991.99000000,7032.58000000,6760.00000000,6772.09000000,2438.79595305
2017-11-24T00:00:00Z,6760.01000000,7029.99000000,6671.00000000,6880.23000000,2588.45755804
2017-11-25T00:00:00Z,6894.85000000,7256.99000000,6845.00000000,7238.97000000,2192.31906931
2017-11-26T00:00:00Z,7238.99000000,7793.00000000,7210.00000000,7709.98000000,2880.74230139
2017-11-27T00:00:00Z,7709.99000000,8150.00000000,7580.00000000,8055.00000000,3910.62420122
2017-11-28T00:00:00Z,8055.00000000,8376.36000000,7934.01000000,8250.00000000,3331.66131264
2017-11-29T00:00:00Z,8250.00000000,9500.00000000,7104.88000000,8350.57000000,9712.16476960
2017-11-30T00:00:00Z,8325.50000000,9000.00000000,7530.00000000,8450.00000000,6109.72900981
2017-12-01T00:00:00Z,8447.24000000,9200.00000000,7930.02000000,9150.00000000,4778.67757320
2017-12-02T00:00:00Z,9130.10000000,9425.61000000,8991.10000000,9179.01000000,2450.06302330
2017-12-03T00:00:00Z,9179.01000000,9800.00000000,8848.69000000,9457.00000000,4076.54066325
2017-12-04T00:00:00Z,9457.00000000,9740.00000000,9151.41000000,9740.00000000,3063.11393298
2017-12-05T00:00:00Z,9739.99000000,9979.79000000,9562.00000000,9931.30000000,3378.16652717
2017-12-06T00:00:00Z,9924.80000000,11800.00000000,9911.40000000,11605.49000000,6466.49553099
2017-12-07T00:00:00Z,11605.51000000,13850.00000000,10690.00000000,13835.00000000,9883.09775784
2017-12-08T00:00:00Z,13835.00000000,14095.06000000,11401.01000000,13240.81000000,6346.98496197
2017-12-09T00:00:00Z,13289.99000000,13350.00000000,10360.00000000,12122.01000000,4828.53756206
2017-12-10T00:00:00Z,12149.98000000,12850.00000000,10446.00000000,12323.98000000,4707.90583441
2017-12-11T00:00:00Z,12320.00000000,14444.00000000,12200.74000000,13571.22000000,4528.94570165
2017-12-12T00:00:00Z,13594.98000000,14488.20000000,13244.97000000,14003.97000000,4253.19209809
2017-12-13T00:00:00Z,14005.00000000,14399.98000000,13000.00000000,13687.62000000,4569.11560733
2017-12-14T00:00:00Z,13686.53000000,14170.00000000,13402.25000000,13735.00000000,3654.27663401
2017-12-15T00:00:00Z,13688.01000000,14950.00000000,13671.00000000,14571.54000000,4594.89693116
2017-12-16T00:00:00Z,14614.88000000,16239.63000000,14455.00000000,16105.00000000,3103.27246010
2017-12-17T00:00:00Z,16106.00000000,16457.00000000,15509.99000000,15884.81000000,2341.53817789
2017-12-18T00:00:00Z,15884.82000000,16159.00000000,15100.00000000,15950.04000000,3513.00917549
2017-12-19T00:00:00Z,15950.02000000,16050.00000000,14207.00000000,14909.91000000,5297.69146058
2017-12-20T00:00:00Z,14909.89000000,15199.99000000,13172.11000000,13820.00000000,8536.39037307
2017-12-21T00:00:00Z,13773.12000000,14615.00000000,12590.90000000,13097.23000000,6551.12362526
2017-12-22T00:00:00Z,13115.81000000,13293.53000000,9201.00000000,11630.01000000,16338.36846832
2017-12-23T00:00:00Z,11668.20000000,13188.41000000,11000.00000000,12193.12000000,5064.89345147
2017-12-24T00:00:00Z,12299.97000000,12342.16000000,10450.00000000,11843.63000000,4295.97557421
2017-12-25T00:00:00Z,11808.00000000,12200.00000000,11073.29000000,11600.33000000,2199.56411852
2017-12-26T00:00:00Z,11667.08000000,13482.00000000,11508.51000000,13137.18000000,3448.24496350
2017-12-27T00:00:00Z,13066.41000000,13670.00000000,12210.00000000,12950.00000000,4397.45525842
2017-12-28T00:00:00Z,12969.57000000,12999.99000000,11374.33000000,12179.92000000,5302.99517240
2017-12-29T00:00:00Z,12218.00000000,12700.20000000,11755.00000000,12119.80000000,4080.52150037
2017-12-30T00:00:00Z,12119.78000000,12149.99000000,10200.00000000,10642.89000000,5684.59115257
2017-12-31T00:00:00Z,10642.88000000,11977.00000000,10469.35000000,11583.17000000,2941.45291056
2018-01-01T00:00:00Z,11612.94000000,11647.06000000,10709.62000000,11205.01000000,1925.03373800
2018-01-02T00:00:00Z,11224.80000000,12722.02000000,10785.69000000,12197.24000000,3726.04836100
2018-01-03T00:00:00Z,12197.18000000,12800.00000000,12100.00000000,12660.30000000,4159.70110569
2018-01-04T00:00:00Z,12699.99000000,12900.00000000,11825.10000000,12679.96000000,5405.00337657
2018-01-05T00:00:00Z,12679.96000000,14178.20000000,12291.27000000,14077.17000000,6109.40874240
2018-01-06T00:00:00Z,14007.30000000,14200.00000000,13370.00000000,14134.77000000,2043.47852424
2018-01-07T00:00:00Z,14135.02000000,14175.00000000,13034.12000000,13393.38000000,2185.81889930
2018-01-08T00:00:00Z,13404.75000000,13482.00000000,11427.63000000,12487.19000000,4879.84177822
2018-01-09T00:00:00Z,12465.42000000,12742.41000000,11820.00000000,11997.84000000,3652.44952859
2018-01-10T00:00:00Z,11997.81000000,12436.26000000,11155.01000000,12401.29000000,5278.79056930
2018-01-11T00:00:00Z,12435.96000000,12450.00000000,10708.92000000,10998.61000000,6178.49329204
2018-01-12T00:00:00Z,10998.58000000,11580.01000000,10606.01000000,11406.70000000,3606.42459476
2018-01-13T00:00:00Z,11335.91000000,11929.24000000,11335.91000000,11652.75000000,1733.17165373
2018-01-14T00:00:00Z,11697.80000000,11811.24000000,10801.00000000,11232.43000000,2291.11990586
2018-01-15T00:00:00Z,11229.98000000,11750.00000000,11010.11000000,11148.46000000,3097.26181491
2018-01-16T00:00:00Z,11147.30000000,11233.10000000,8205.38000000,9331.62000000,11498.05666801
2018-01-17T00:00:00Z,9337.85000000,9741.85000000,7534.00000000,9228.39000000,11958.42912226
2018-01-18T00:00:00Z,9258.72000000,10147.99000000,8838.98000000,9341.54000000,6767.04548398
2018-01-19T00:00:00Z,9382.42000000,9949.05000000,9152.00000000,9550.23000000,3481.11160139
2018-01-20T00:00:00Z,9550.23000000,10750.00000000,9508.52000000,10546.67000000,2281.50922424
2018-01-21T00:00:00Z,10546.42000000,10555.47000000,9149.00000000,9565.96000000,2601.88313853
2018-01-22T00:00:00Z,9565.96000000,9820.54000000,8246.00000000,8850.00000000,5810.92573090
2018-01-23T00:00:00Z,8874.24000000,9322.30000000,8101.00000000,8863.78000000,4498.87046364
2018-01-24T00:00:00Z,8860.11000000,9345.45000000,8550.31000000,9234.20000000,2973.89996516
2018-01-25T00:00:00Z,9234.11000000,9464.53000000,8400.00000000,8982.06000000,2701.92644198
2018-01-26T00:00:00Z,9019.30000000,9369.19000000,8293.03000000,8975.90000000,5449.24249325
2018-01-27T00:00:00Z,8973.90000000,9343.00000000,8760.00000000,9185.00000000,2097.52059371
2018-01-28T00:00:00Z,9193.00000000,9589.00000000,9124.47000000,9431.80000000,2459.12864497
2018-01-29T00:00:00Z,9421.20000000,9510.00000000,8865.82000000,9028.78000000,3066.17139369
2018-01-30T00:00:00Z,9028.60000000,9071.78000000,7900.10000000,8063.88000000,5478.83285431
2018-01-31T00:00:00Z,8063.86000000,8286.00000000,7670.60000000,8136.32000000,3889.51332568
2018-02-01T00:00:00Z,8133.11000000,8186.86000000,6700.00000000,7134.32000000,10253.81623452
2018-02-02T00:00:00Z,7167.30000000,7301.64000000,6000.00000000,7073.03000000,13226.06420806
2018-02-03T00:00:00Z,7075.23000000,7629.99000000,6528.00000000,7415.80000000,3950.85598457
2018-02-04T00:00:00Z,7415.79000000,7499.99000000,6232.43000000,6512.81000000,4137.17107420
2018-02-05T00:00:00Z,6526.65000000,6680.37000000,5250.00000000,5541.79000000,12392.09678518
2018-02-06T00:00:00Z,5541.39000000,6452.78000000,4712.00000000,6208.80000000,17922.36299820
2018-02-07T00:00:00Z,6219.89000000,6990.00000000,5815.10000000,6178.57000000,9214.28202176
2018-02-08T00:00:00Z,6178.59000000,7071.86000000,6150.48000000,6723.98000000,4608.66939643
2018-02-09T00:00:00Z,6723.70000000,7171.06000000,6330.69000000,7092.02000000,4629.25557824
2018-02-10T00:00:00Z,7109.77000000,7445.00000000,6667.11000000,7009.62000000,3910.83075460
2018-02-11T00:00:00Z,7009.57000000,7009.57000000,6400.01000000,6596.99000000,2171.25901593
2018-02-12T00:00:00Z,6596.90000000,7299.00000000,6596.67000000,7235.99000000,3583.34489336
2018-02-13T00:00:00Z,7235.99000000,7300.79000000,6810.00000000,6908.70000000,3126.78552063
2018-02-14T00:00:00Z,6914.50000000,7655.49000000,6900.85000000,7620.00000000,3973.11257830
2018-02-15T00:00:00Z,7619.24000000,8219.11000000,7501.00000000,8055.25000000,5023.64188284
2018-02-16T00:00:00Z,8055.25000000,8268.27000000,7811.00000000,8220.00000000,2450.70333720
2018-02-17T00:00:00Z,8206.00000000,8999.58000000,8096.40000000,8960.22000000,3049.97722148
2018-02-18T00:00:00Z,8984.96000000,9131.00000000,8224.73000000,8417.19000000,3114.60382527
2018-02-19T00:00:00Z,8432.20000000,9089.57000000,8349.52000000,9035.62000000,3135.81488289
2018-02-20T00:00:00Z,9027.74000000,9567.98000000,9000.00000000,9118.46000000,4120.11986295
2018-02-21T00:00:00Z,9133.48000000,9165.74000000,8322.66000000,8523.08000000,5611.26038068
2018-02-22T00:00:00Z,8517.47000000,8912.42000000,7826.11000000,8000.00000000,4571.01851526
2018-02-23T00:00:00Z,7995.99000000,8471.29000000,7770.17000000,8272.80000000,2897.96273583
2018-02-24T00:00:00Z,8257.80000000,8544.93000000,7620.86000000,7902.80000000,2607.94624530
2018-02-25T00:00:00Z,7912.00000000,8060.00000000,7600.00000000,7825.58000000,1327.32656367
2018-02-26T00:00:00Z,7826.55000000,8499.24000000,7620.03000000,8374.50000000,3015.26618995
2018-02-27T00:00:00Z,8395.00000000,8843.28000000,8212.57000000,8623.44000000,3348.74764778
2018-02-28T00:00:00Z,8623.59000000,9048.55000000,8410.01000000,8463.00000000,2789.09506376
2018-03-01T00:00:00Z,8462.80000000,9000.00000000,8364.89000000,8864.30000000,2812.93995951
2018-03-02T00:00:00Z,8894.48000000,9099.00000000,8748.42000000,8948.49000000,2612.88508592
2018-03-03T00:00:00Z,8951.89000000,9299.00000000,8935.99000000,9243.53000000,1452.78057384
2018-03-04T00:00:00Z,9259.90000000,9330.00000000,8948.68000000,9300.03000000,1302.63885596
2018-03-05T00:00:00Z,9300.42000000,9458.72000000,9210.54000000,9210.54000000,1684.53569505
2018-03-06T00:00:00Z,9210.32000000,9238.90000000,8528.00000000,8640.28000000,2818.32869199
2018-03-07T00:00:00Z,8656.70000000,8787.90000000,7630.00000000,8009.57000000,4910.07672673
2018-03-08T00:00:00Z,8011.00000000,8196.15000000,7355.00000000,7546.37000000,4330.02918563
2018-03-09T00:00:00Z,7569.69000000,7658.48000000,6799.12000000,7530.00000000,5610.74394562
2018-03-10T00:00:00Z,7529.40000000,7745.99000000,7091.01000000,7154.49000000,2117.02668996
2018-03-11T00:00:00Z,7154.49000000,7933.85000000,6860.00000000,7743.84000000,2937.51644829
2018-03-12T00:00:00Z,7771.38000000,8054.69000000,7110.00000000,7410.22000000,3653.88629017
2018-03-13T00:00:00Z,7408.07000000,7711.11000000,7173.32000000,7392.95000000,2668.72482575
2018-03-14T00:00:00Z,7407.65000000,7603.02000000,6430.10000000,6647.74000000,4411.07173248
2018-03-15T00:00:00Z,6647.99000000,6854.59000000,6223.75000000,6740.80000000,5099.31827089
2018-03-16T00:00:00Z,6740.80000000,7032.03000000,6450.00000000,6721.26000000,3276.22193639
2018-03-17T00:00:00Z,6717.20000000,6810.92000000,6300.00000000,6415.00000000,2731.83591255
2018-03-18T00:00:00Z,6414.98000000,6779.90000000,5935.81000000,6664.80000000,4675.67191253
2018-03-19T00:00:00Z,6675.34000000,7098.69000000,6606.35000000,6988.21000000,4257.67617489
2018-03-20T00:00:00Z,6988.21000000,7398.00000000,6754.99000000,7271.80000000,2916.88967248
2018-03-21T00:00:00Z,7274.13000000,7458.00000000,7149.90000000,7221.59000000,2287.70610386
2018-03-22T00:00:00Z,7223.78000000,7366.00000000,6903.34000000,7061.51000000,2271.09356422
2018-03-23T00:00:00Z,7076.28000000,7208.00000000,6701.12000000,7208.00000000,2155.12279308
2018-03-24T00:00:00Z,7208.00000000,7300.00000000,6891.91000000,6910.00000000,1453.16341356
2018-03-25T00:00:00Z,6932.83000000,7045.70000000,6797.00000000,6856.79000000,1175.03454946
2018-03-26T00:00:00Z,6870.77000000,6897.67000000,6312.87000000,6543.10000000,2983.34026679
2018-03-27T00:00:00Z,6551.00000000,6601.61000000,6235.00000000,6285.91000000,2245.91738500
2018-03-28T00:00:00Z,6285.41000000,6549.00000000,6240.07000000,6451.29000000,1303.69067081
2018-03-29T00:00:00Z,6456.50000000,6462.95000000,5510.00000000,5725.90000000,6031.80767462
2018-03-30T00:00:00Z,5725.00000000,5904.00000000,5324.00000000,5534.10000000,5493.73485459
2018-03-31T00:00:00Z,5524.18000000,5830.00000000,5489.84000000,5600.00000000,2540.35153840
2018-04-01T00:00:00Z,5599.70000000,5711.45000000,5212.56000000,5517.18000000,2700.77991513
2018-04-02T00:00:00Z,5541.76000000,5765.82000000,5479.00000000,5739.99000000,1544.83839262
2018-04-03T00:00:00Z,5738.75000000,6148.90000000,5699.55000000,6049.50000000,3001.45212460
2018-04-04T00:00:00Z,6051.11000000,6060.53000000,5460.00000000,5520.90000000,2894.81290393
2018-04-05T00:00:00Z,5536.67000000,5667.78000000,5359.19000000,5527.69000000,2573.13794438
2018-04-06T00:00:00Z,5535.82000000,5600.00000000,5316.20000000,5401.00000000,1279.11666091
2018-04-07T00:00:00Z,5401.01000000,5738.89000000,5381.90000000,5615.11000000,1144.37642513
2018-04-08T00:00:00Z,5616.70000000,5788.04000000,5600.02000000,5733.00000000,640.15121397
2018-04-09T00:00:00Z,5728.50000000,5842.00000000,5373.56000000,5497.77000000,2248.97431065
2018-04-10T00:00:00Z,5505.99000000,5581.48000000,5407.06000000,5528.82000000,1027.06722635
2018-04-11T00:00:00Z,5533.45000000,5640.00000000,5510.78000000,5617.62000000,1218.69275223
2018-04-12T00:00:00Z,5617.62000000,6540.66000000,5466.47000000,6419.90000000,4468.89370457
2018-04-13T00:00:00Z,6420.00000000,6694.91000000,6283.37000000,6385.50000000,2983.45297878
2018-04-14T00:00:00Z,6389.99000000,6635.54000000,6329.76000000,6491.57000000,991.13906066
2018-04-15T00:00:00Z,6499.90000000,6819.99000000,6495.28000000,6767.30000000,1387.52579499
2018-04-16T00:00:00Z,6786.34000000,6824.97000000,6375.00000000,6505.80000000,1842.93695986
2018-04-17T00:00:00Z,6517.58000000,6604.90000000,6312.88000000,6384.50000000,2166.66793850
2018-04-18T00:00:00Z,6383.70000000,6655.00000000,6363.60000000,6603.96000000,1531.90696621
2018-04-19T00:00:00Z,6606.46000000,6730.00000000,6528.62000000,6706.00000000,1438.05601307
2018-04-20T00:00:00Z,6718.12000000,7260.00000000,6665.00000000,7199.21000000,2953.97485738
2018-04-21T00:00:00Z,7219.83000000,7387.95000000,7003.93000000,7250.00000000,2741.74106215
2018-04-22T00:00:00Z,7250.00000000,7348.90000000,7119.80000000,7166.82000000,1673.12898271
2018-04-23T00:00:00Z,7174.10000000,7348.00000000,7143.73000000,7321.45000000,1385.20956800
2018-04-24T00:00:00Z,7321.39000000,7969.00000000,7306.43000000,7896.60000000,3108.38756934
2018-04-25T00:00:00Z,7901.29000000,7976.65000000,7181.90000000,7277.98000000,6210.56616049
2018-04-26T00:00:00Z,7277.98000000,7685.35000000,7082.16000000,7642.13000000,2558.47471103
2018-04-27T00:00:00Z,7655.20000000,7755.88000000,7338.00000000,7357.89000000,1608.51865711
2018-04-28T00:00:00Z,7366.29000000,7769.00000000,7301.30000000,7698.93000000,1323.32529340
2018-04-29T00:00:00Z,7700.88000000,7847.80000000,7578.90000000,7741.89000000,1018.80806202
2018-04-30T00:00:00Z,7746.64000000,7788.70000000,7526.00000000,7642.61000000,1213.45735876
2018-05-01T00:00:00Z,7659.29000000,7659.29000000,7313.44000000,7551.46000000,1686.89395617
2018-05-02T00:00:00Z,7554.30000000,7733.84000000,7480.48000000,7713.17000000,957.95212384
2018-05-03T00:00:00Z,7709.16000000,8150.77000000,7631.02000000,8103.20000000,2288.19777955
2018-05-04T00:00:00Z,8105.38000000,8159.90000000,7878.64000000,8090.88000000,1503.93980176
2018-05-05T00:00:00Z,8084.65000000,8301.00000000,8064.00000000,8197.82000000,1408.14230749
2018-05-06T00:00:00Z,8197.89000000,8270.00000000,7850.00000000,8037.80000000,1110.37467537
2018-05-07T00:00:00Z,8037.69000000,8044.90000000,7679.73000000,7859.89000000,1699.23548145
2018-05-08T00:00:00Z,7849.19000000,7929.99000000,7612.00000000,7733.50000000,1159.20048365
2018-05-09T00:00:00Z,7739.87000000,7895.50000000,7550.88000000,7843.51000000,1153.44789344
2018-05-10T00:00:00Z,7843.51000000,7913.50000000,7552.11000000,7568.85000000,1105.94073788
2018-05-11T00:00:00Z,7579.18000000,7579.18000000,6980.00000000,7013.10000000,2589.61486955
2018-05-12T00:00:00Z,7042.50000000,7254.44000000,6828.00000000,7107.01000000,1755.37366163
2018-05-13T00:00:00Z,7115.79000000,7334.44000000,6976.31000000,7273.20000000,1121.33408781
2018-05-14T00:00:00Z,7285.14000000,7449.01000000,6936.70000000,7273.99000000,2433.47567070
2018-05-15T00:00:00Z,7278.30000000,7427.72000000,7122.00000000,7173.10000000,1560.98062294
2018-05-16T00:00:00Z,7178.38000000,7210.00000000,6865.21000000,7056.14000000,2282.43233576
2018-05-17T00:00:00Z,7077.95000000,7170.62000000,6783.02000000,6845.29000000,1326.77280120
2018-05-18T00:00:00Z,6848.60000000,7038.56000000,6707.02000000,6999.01000000,1241.40922613
2018-05-19T00:00:00Z,7008.10000000,7136.80000000,6904.64000000,7001.30000000,786.67742084
2018-05-20T00:00:00Z,7002.60000000,7285.00000000,6940.64000000,7228.90000000,721.56873476
2018-05-21T00:00:00Z,7240.91000000,7316.49000000,7065.00000000,7114.28000000,803.00013052
2018-05-22T00:00:00Z,7117.54000000,7133.20000000,6751.00000000,6787.46000000,1392.55747118
2018-05-23T00:00:00Z,6783.19000000,6819.88000000,6371.94000000,6422.36000000,2686.78202173
2018-05-24T00:00:00Z,6422.38000000,6608.80000000,6164.98000000,6475.29000000,2212.98025165
2018-05-25T00:00:00Z,6475.78000000,6543.93000000,6252.49000000,6417.42000000,1224.30446538
2018-05-26T00:00:00Z,6412.34000000,6547.38000000,6256.82000000,6289.16000000,568.57217733
2018-05-27T00:00:00Z,6299.20000000,6354.96000000,6200.00000000,6291.00000000,658.11668358
2018-05-28T00:00:00Z,6291.59000000,6350.00000000,6091.10000000,6113.63000000,1349.17428097
2018-05-29T00:00:00Z,6117.80000000,6532.47000000,6075.00000000,6470.43000000,1454.30973084
2018-05-30T00:00:00Z,6480.59000000,6549.98000000,6249.00000000,6337.68000000,1149.06633190
2018-05-31T00:00:00Z,6337.65000000,6506.18000000,6291.30000000,6406.12000000,1178.07349176
2018-06-01T00:00:00Z,6405.28000000,6520.00000000,6288.17000000,6446.96000000,769.74819842
2018-06-02T00:00:00Z,6446.96000000,6600.00000000,6381.50000000,6551.16000000,634.61547131
2018-06-03T00:00:00Z,6547.22000000,6664.80000000,6520.01000000,6607.84000000,655.79076297
2018-06-04T00:00:00Z,6610.12000000,6647.20000000,6356.28000000,6408.80000000,919.98291466
2018-06-05T00:00:00Z,6405.40000000,6537.90000000,6310.00000000,6499.15000000,1173.44276009
2018-06-06T00:00:00Z,6500.00000000,6543.18000000,6360.85000000,6501.99000000,746.78399972
2018-06-07T00:00:00Z,6501.99000000,6570.00000000,6468.00000000,6509.84000000,594.16324070
2018-06-08T00:00:00Z,6520.24000000,6523.48000000,6415.57000000,6478.94000000,531.52973126
2018-06-09T00:00:00Z,6478.94000000,6529.44000000,6359.42000000,6393.59000000,340.41055624
2018-06-10T00:00:00Z,6388.65000000,6388.65000000,5660.53000000,5763.07000000,2855.57201565
2018-06-11T00:00:00Z,5763.08000000,5888.77000000,5635.49000000,5847.62000000,1981.13228323
2018-06-12T00:00:00Z,5855.12000000,5855.12000000,5500.00000000,5582.10000000,1684.44715073
2018-06-13T00:00:00Z,5590.10000000,5638.64000000,5215.01000000,5347.29000000,2767.71396059
2018-06-14T00:00:00Z,5348.24000000,5795.27000000,5325.33000000,5745.21000000,1926.96143285
2018-06-15T00:00:00Z,5743.10000000,5763.77000000,5493.10000000,5517.11000000,1045.87670436
2018-06-16T00:00:00Z,5520.38000000,5643.46000000,5461.85000000,5597.82000000,649.57125399
2018-06-17T00:00:00Z,5597.80000000,5667.37000000,5540.00000000,5559.00000000,444.99253912
2018-06-18T00:00:00Z,5563.80000000,5855.42000000,5505.76000000,5764.50000000,1210.99717979
2018-06-19T00:00:00Z,5772.00000000,5916.32000000,5740.00000000,5824.69000000,995.38247881
2018-06-20T00:00:00Z,5822.54000000,5881.51000000,5669.07000000,5832.80000000,948.89490085
2018-06-21T00:00:00Z,5833.00000000,5880.53000000,5765.10000000,5795.87000000,887.65432452
2018-06-22T00:00:00Z,5796.08000000,5798.00000000,5101.00000000,5208.80000000,2684.08461259
2018-06-23T00:00:00Z,5202.17000000,5392.87000000,5176.53000000,5294.39000000,666.70221435
2018-06-24T00:00:00Z,5305.63000000,5370.19000000,4899.13000000,5272.24000000,2447.75861514
2018-06-25T00:00:00Z,5280.13000000,5440.57000000,5206.57000000,5337.10000000,1430.00848478
2018-06-26T00:00:00Z,5346.61000000,5366.30000000,5199.49000000,5223.44000000,1110.95921884
2018-06-27T00:00:00Z,5218.61000000,5345.00000000,5163.30000000,5299.50000000,1096.91289196
2018-06-28T00:00:00Z,5305.06000000,5325.51000000,5043.00000000,5066.60000000,937.86782240
2018-06-29T00:00:00Z,5064.90000000,5379.99000000,4970.50000000,5305.00000000,1608.01995260
2018-06-30T00:00:00Z,5305.00000000,5560.00000000,5299.19000000,5460.00000000,988.36305799
2018-07-01T00:00:00Z,5460.00000000,5505.75000000,5335.58000000,5438.92000000,1012.98184812
2018-07-02T00:00:00Z,5436.63000000,5750.65000000,5379.40000000,5682.00000000,1656.77005423
2018-07-03T00:00:00Z,5682.00000000,5730.00000000,5539.77000000,5565.00000000,1637.18924545
2018-07-04T00:00:00Z,5581.45000000,5824.00000000,5483.08000000,5635.00000000,1027.23808490
2018-07-05T00:00:00Z,5650.90000000,5748.43000000,5511.00000000,5594.93000000,917.69808147
2018-07-06T00:00:00Z,5590.44000000,5664.88000000,5505.00000000,5619.86000000,741.86362707
2018-07-07T00:00:00Z,5626.58000000,5799.93000000,5544.03000000,5758.63000000,436.41805522
2018-07-08T00:00:00Z,5758.63000000,5773.58000000,5684.14000000,5706.01000000,664.25245602
2018-07-09T00:00:00Z,5711.60000000,5788.00000000,5634.39000000,5672.84000000,868.70629966
2018-07-10T00:00:00Z,5672.83000000,5676.88000000,5349.00000000,5382.61000000,1320.91342091
2018-07-11T00:00:00Z,5384.91000000,5470.81000000,5355.01000000,5464.99000000,839.55527030
2018-07-12T00:00:00Z,5471.82000000,5471.82000000,5215.00000000,5357.18000000,1028.66442805
2018-07-13T00:00:00Z,5364.01000000,5443.69000000,5251.79000000,5325.84000000,948.25943029
2018-07-14T00:00:00Z,5322.94000000,5414.20000000,5295.09000000,5358.00000000,296.64306984
2018-07-15T00:00:00Z,5356.18000000,5469.40000000,5331.94000000,5438.19000000,321.58100574
2018-07-16T00:00:00Z,5438.30000000,5764.90000000,5408.00000000,5745.64000000,2575.38645145
2018-07-17T00:00:00Z,5728.13000000,6400.00000000,5671.47000000,6270.44000000,2160.49248552
2018-07-18T00:00:00Z,6269.98000000,6504.84000000,6211.00000000,6324.01000000,1624.51194562
2018-07-19T00:00:00Z,6338.05000000,6500.00000000,6250.00000000,6413.70000000,1121.65340426
2018-07-20T00:00:00Z,6413.28000000,6576.29000000,6200.00000000,6248.34000000,1146.60818471
2018-07-21T00:00:00Z,6258.10000000,6366.96000000,6145.98000000,6324.70000000,411.93034193
2018-07-22T00:00:00Z,6324.00000000,6455.76000000,6250.00000000,6308.19000000,594.99484419
2018-07-23T00:00:00Z,6307.49000000,6686.00000000,6282.06000000,6611.97000000,1800.50152335
2018-07-24T00:00:00Z,6607.70000000,7250.11000000,6584.87000000,7190.31000000,3025.71785732
2018-07-25T00:00:00Z,7195.34000000,7254.88000000,6886.00000000,6964.20000000,1505.81748075
2018-07-26T00:00:00Z,6964.20000000,7119.00000000,6745.00000000,6809.10000000,1288.97930850
2018-07-27T00:00:00Z,6809.10000000,7099.34000000,6699.00000000,7007.34000000,1307.01955196
2018-07-28T00:00:00Z,7010.11000000,7080.00000000,6902.01000000,7066.34000000,390.11591454
2018-07-29T00:00:00Z,7067.58000000,7107.38000000,6965.05000000,7040.66000000,373.46048983
2018-07-30T00:00:00Z,7039.81000000,7098.81000000,6710.10000000,6973.46000000,1447.36136549
2018-07-31T00:00:00Z,6975.00000000,6975.00000000,6530.88000000,6612.77000000,1758.91195768
2018-08-01T00:00:00Z,6615.59000000,6625.37000000,6380.00000000,6521.76000000,1492.15214059
2018-08-02T00:00:00Z,6521.64000000,6599.99000000,6416.90000000,6504.57000000,749.46630343
2018-08-03T00:00:00Z,6504.62000000,6507.00000000,6277.00000000,6407.70000000,2072.81272986
2018-08-04T00:00:00Z,6409.35000000,6471.15000000,5988.88000000,6059.55000000,986.65473576
2018-08-05T00:00:00Z,6058.13000000,6126.19000000,5942.68000000,6079.47000000,730.88497067
2018-08-06T00:00:00Z,6076.01000000,6182.00000000,5917.88000000,6006.44000000,1082.85342680
2018-08-07T00:00:00Z,6000.47000000,6166.00000000,5750.22000000,5789.70000000,1719.89971587
2018-08-08T00:00:00Z,5800.91000000,5800.91000000,5280.02000000,5414.39000000,2646.28241172
2018-08-09T00:00:00Z,5415.00000000,5766.75000000,5350.00000000,5689.96000000,2050.17321606
2018-08-10T00:00:00Z,5688.74000000,5715.10000000,5284.92000000,5394.90000000,2324.89414456
2018-08-11T00:00:00Z,5398.81000000,5715.00000000,5280.00000000,5479.36000000,1461.09992164
2018-08-12T00:00:00Z,5482.04000000,5709.62000000,5423.55000000,5550.52000000,1562.05601288
2018-08-13T00:00:00Z,5543.54000000,5750.00000000,5401.00000000,5494.70000000,1877.93416049
2018-08-14T00:00:00Z,5494.66000000,5499.99000000,5150.00000000,5473.77000000,3321.42195150
2018-08-15T00:00:00Z,5473.77000000,5850.00000000,5450.78000000,5535.05000000,2652.67993475
2018-08-16T00:00:00Z,5537.47000000,5717.32000000,5482.00000000,5565.49000000,1796.27016714
2018-08-17T00:00:00Z,5565.52000000,5775.00000000,5534.58000000,5760.88000000,1569.42921401
2018-08-18T00:00:00Z,5763.53000000,5796.00000000,5508.13000000,5604.78000000,1073.31330571
2018-08-19T00:00:00Z,5602.69000000,5725.00000000,5530.01000000,5675.04000000,957.38096848
2018-08-20T00:00:00Z,5676.63000000,5709.00000000,5406.73000000,5458.68000000,1764.43088196
2018-08-21T00:00:00Z,5458.57000000,5630.00000000,5437.01000000,5598.51000000,1305.87522699
2018-08-22T00:00:00Z,5602.38000000,5936.03000000,5377.70000000,5498.38000000,2796.28086095
2018-08-23T00:00:00Z,5497.12000000,5689.00000000,5483.46000000,5667.62000000,1410.75230896
2018-08-24T00:00:00Z,5661.95000000,5782.57000000,5550.32000000,5748.94000000,1021.89555676
2018-08-25T00:00:00Z,5755.79000000,5845.00000000,5721.35000000,5790.34000000,655.04502899
2018-08-26T00:00:00Z,5792.51000000,5823.00000000,5657.94000000,5761.14000000,746.17934459
2018-08-27T00:00:00Z,5752.43000000,5935.00000000,5717.21000000,5918.20000000,1372.84383068
2018-08-28T00:00:00Z,5912.87000000,6100.00000000,5868.64000000,6054.61000000,1691.41254771
2018-08-29T00:00:00Z,6058.11000000,6109.61000000,5912.59000000,6004.92000000,1262.96904402
2018-08-30T00:00:00Z,6008.09000000,6036.60000000,5820.64000000,5989.22000000,1525.66153985
2018-08-31T00:00:00Z,5989.24000000,6100.00000000,5914.42000000,6038.59000000,1075.10904795
2018-09-01T00:00:00Z,6031.98000000,6248.00000000,6031.98000000,6191.30000000,858.02491884
2018-09-02T00:00:00Z,6191.30000000,6313.35000000,6121.05000000,6289.40000000,1001.70218859
2018-09-03T00:00:00Z,6290.59000000,6312.49000000,6195.44000000,6242.51000000,937.80382576
2018-09-04T00:00:00Z,6242.51000000,6400.00000000,6230.00000000,6349.15000000,1417.43745678
2018-09-05T00:00:00Z,6349.15000000,6385.00000000,5720.30000000,5764.95000000,2799.50518035
2018-09-06T00:00:00Z,5759.83000000,5770.63000000,5385.00000000,5587.54000000,3226.33509451
2018-09-07T00:00:00Z,5608.51000000,5628.15000000,5436.67000000,5549.80000000,1373.82301143
2018-09-08T00:00:00Z,5546.21000000,5614.99000000,5317.01000000,5373.00000000,1352.41065574
2018-09-09T00:00:00Z,5373.99000000,5587.88000000,5348.83000000,5399.08000000,951.81236285
2018-09-10T00:00:00Z,5399.07000000,5508.66000000,5378.00000000,5440.43000000,1260.16945066
2018-09-11T00:00:00Z,5443.97000000,5534.79000000,5327.50000000,5411.54000000,1506.94363497
2018-09-12T00:00:00Z,5418.00000000,5467.49000000,5341.91000000,5449.98000000,1385.24658978
2018-09-13T00:00:00Z,5450.49000000,5600.27000000,5439.07000000,5559.27000000,1562.33306605
2018-09-14T00:00:00Z,5559.99000000,5634.99000000,5460.00000000,5589.31000000,1069.82509314
2018-09-15T00:00:00Z,5586.80000000,5649.00000000,5564.06000000,5621.08000000,389.74342478
2018-09-16T00:00:00Z,5618.10000000,5619.30000000,5496.00000000,5595.40000000,342.72875647
2018-09-17T00:00:00Z,5595.40000000,5614.16000000,5310.00000000,5355.54000000,1555.91437571
2018-09-18T00:00:00Z,5367.55000000,5459.19000000,5332.55000000,5435.67000000,1273.87010646
2018-09-19T00:00:00Z,5432.77000000,5595.11000000,5237.25000000,5477.64000000,1996.61949352
2018-09-20T00:00:00Z,5476.41000000,5553.86000000,5382.79000000,5521.99000000,1333.21802336
2018-09-21T00:00:00Z,5524.10000000,5783.66000000,5505.08000000,5748.16000000,3037.57674296
2018-09-22T00:00:00Z,5748.15000000,5813.00000000,5626.00000000,5718.36000000,1081.81011235
2018-09-23T00:00:00Z,5717.85000000,5774.20000000,5665.00000000,5714.98000000,695.04125947
2018-09-24T00:00:00Z,5700.86000000,5728.00000000,5569.96000000,5607.17000000,1399.06560517
2018-09-25T00:00:00Z,5607.22000000,5607.22000000,5390.23000000,5477.00000000,2423.71729018
2018-09-26T00:00:00Z,5477.00000000,5600.00000000,5421.40000000,5503.00000000,1803.63945168
2018-09-27T00:00:00Z,5503.00000000,5780.00000000,5493.23000000,5754.10000000,1355.37825786
2018-09-28T00:00:00Z,5752.00000000,5841.98000000,5630.66000000,5714.47000000,1269.91505104
2018-09-29T00:00:00Z,5714.47000000,5714.47000000,5563.27000000,5676.98000000,727.23132018
2018-09-30T00:00:00Z,5697.94000000,5723.93000000,5610.00000000,5699.11000000,905.79062274
2018-10-01T00:00:00Z,5697.58000000,5730.00000000,5581.61000000,5688.05000000,1200.55221361
2018-10-02T00:00:00Z,5689.66000000,5714.99000000,5600.00000000,5632.38000000,1135.74079542
2018-10-03T00:00:00Z,5631.50000000,5649.50000000,5499.38000000,5640.17000000,1508.91337870
2018-10-04T00:00:00Z,5640.17000000,5750.00000000,5622.57000000,5681.20000000,1058.23200504
2018-10-05T00:00:00Z,5692.19000000,5767.00000000,5656.70000000,5730.87000000,1017.95867828
2018-10-06T00:00:00Z,5723.84000000,5731.09000000,5573.00000000,5711.35000000,2677.66139714
2018-10-07T00:00:00Z,5707.99000000,6650.00000000,4941.39000000,5708.96000000,3988.34452841
2018-10-08T00:00:00Z,5708.96000000,5811.38000000,5687.38000000,5751.90000000,1409.17061196
2018-10-09T00:00:00Z,5763.45000000,5776.05000000,5720.41000000,5740.00000000,816.33874754
2018-10-10T00:00:00Z,5739.98000000,5739.98000000,5615.98000000,5679.09000000,1345.96216593
2018-10-11T00:00:00Z,5678.58000000,5678.58000000,5284.00000000,5330.55000000,3027.79928161
2018-10-12T00:00:00Z,5330.54000000,5407.86000000,5281.48000000,5371.00000000,1176.75554394
2018-10-13T00:00:00Z,5371.00000000,5409.28000000,5362.00000000,5395.85000000,326.08374155
2018-10-14T00:00:00Z,5395.85000000,5454.10000000,5325.29000000,5353.53000000,532.75268421
2018-10-15T00:00:00Z,5367.08000000,5850.00000000,5326.60000000,5558.19000000,4771.14508870
2018-10-16T00:00:00Z,5560.99000000,5624.70000000,5531.50000000,5582.58000000,1171.55876533
2018-10-17T00:00:00Z,5592.65000000,5622.62000000,5547.19000000,5620.24000000,891.77969457
2018-10-18T00:00:00Z,5618.69000000,5639.99000000,5550.09000000,5592.65000000,1158.60598280
2018-10-19T00:00:00Z,5597.67000000,5605.08000000,5548.00000000,5551.00000000,929.08855395
2018-10-20T00:00:00Z,5559.51000000,5598.99000000,5530.01000000,5577.90000000,279.64450501
2018-10-21T00:00:00Z,5577.89000000,5623.12000000,5564.78000000,5580.11000000,360.15892588
2018-10-22T00:00:00Z,5580.10000000,5613.60000000,5551.89000000,5592.40000000,1268.46661111
2018-10-23T00:00:00Z,5601.39000000,5608.05000000,5553.89000000,5574.58000000,922.51137966
2018-10-24T00:00:00Z,5574.60000000,5663.00000000,5574.60000000,5636.68000000,947.34131824
2018-10-25T00:00:00Z,5636.67000000,5649.99000000,5583.30000000,5622.50000000,967.23869321
2018-10-26T00:00:00Z,5630.32000000,5669.99000000,5607.19000000,5630.50000000,760.50302460
2018-10-27T00:00:00Z,5630.37000000,5649.45000000,5610.01000000,5634.35000000,251.37101259
2018-10-28T00:00:00Z,5643.00000000,5644.42000000,5610.00000000,5632.30000000,408.80561776
2018-10-29T00:00:00Z,5632.24000000,5643.51000000,5450.00000000,5509.99000000,1556.38952737
2018-10-30T00:00:00Z,5509.99000000,5549.18000000,5498.51000000,5533.00000000,919.89819004
2018-10-31T00:00:00Z,5533.00000000,5614.59000000,5480.95000000,5575.30000000,722.40512394
2018-11-01T00:00:00Z,5575.30000000,5583.75000000,5524.00000000,5566.98000000,354.43608952
2018-11-02T00:00:00Z,5566.99000000,5595.00000000,5534.03000000,5580.00000000,1098.43846949
2018-11-03T00:00:00Z,5580.00000000,5582.43000000,5525.79000000,5572.03000000,277.79794099
2018-11-04T00:00:00Z,5572.03000000,5674.00000000,5538.08000000,5634.82000000,606.71283916
2018-11-05T00:00:00Z,5634.82000000,5649.00000000,5578.42000000,5626.20000000,619.72105255
2018-11-06T00:00:00Z,5621.12000000,5655.00000000,5593.52000000,5644.97000000,1157.83725147
2018-11-07T00:00:00Z,5649.66000000,5738.98000000,5634.03000000,5685.17000000,1241.64183647
2018-11-08T00:00:00Z,5695.86000000,5699.99000000,5600.00000000,5640.55000000,672.87184565
2018-11-09T00:00:00Z,5640.26000000,5663.61000000,5559.01000000,5591.99000000,913.72998856
2018-11-10T00:00:00Z,5591.99000000,5630.00000000,5581.51000000,5601.88000000,314.41101562
2018-11-11T00:00:00Z,5601.88000000,5621.21000000,5547.02000000,5621.21000000,422.17331302
2018-11-12T00:00:00Z,5620.76000000,5664.64000000,5608.81000000,5632.50000000,755.21663752
2018-11-13T00:00:00Z,5639.98000000,5639.99000000,5546.91000000,5546.91000000,873.82949287
2018-11-14T00:00:00Z,5556.04000000,5586.55000000,4679.00000000,4977.00000000,5143.11225116
2018-11-15T00:00:00Z,4970.31000000,5009.55000000,4613.80000000,4926.40000000,3270.83586041
2018-11-16T00:00:00Z,4926.40000000,4953.93000000,4740.34000000,4825.00000000,1613.79863057
2018-11-17T00:00:00Z,4832.84000000,4863.32000000,4779.01000000,4823.00000000,637.55094211
2018-11-18T00:00:00Z,4832.00000000,4953.08000000,4819.44000000,4867.59000000,419.86453170
2018-11-19T00:00:00Z,4875.00000000,4880.31000000,4101.00000000,4134.31000000,5122.33486616
2018-11-20T00:00:00Z,4144.92000000,4282.16000000,3557.02000000,3830.96000000,7806.31111708
2018-11-21T00:00:00Z,3843.95000000,4074.91000000,3732.94000000,3987.11000000,4216.96052237
2018-11-22T00:00:00Z,3989.97000000,4030.00000000,3708.04000000,3739.70000000,2403.54637313
2018-11-23T00:00:00Z,3739.70000000,3835.69000000,3600.00000000,3793.14000000,2203.93654031
2018-11-24T00:00:00Z,3790.86000000,3859.99000000,3204.81000000,3352.66000000,3173.96962541
2018-11-25T00:00:00Z,3351.95000000,3630.00000000,3033.17000000,3482.76000000,5384.86305633
2018-11-26T00:00:00Z,3482.73000000,3590.00000000,3113.22000000,3281.33000000,5884.57103435
2018-11-27T00:00:00Z,3296.02000000,3400.00000000,3154.64000000,3349.43000000,3375.13781655
2018-11-28T00:00:00Z,3337.22000000,3853.13000000,3337.18000000,3720.16000000,3747.66999361
2018-11-29T00:00:00Z,3725.45000000,3889.11000000,3590.95000000,3736.05000000,2432.31097934
2018-11-30T00:00:00Z,3735.92000000,3779.95000000,3399.37000000,3512.88000000,2251.64351151
2018-12-01T00:00:00Z,3522.65000000,3770.00000000,3454.93000000,3672.74000000,1229.51968733
2018-12-02T00:00:00Z,3672.73000000,3769.99000000,3565.00000000,3618.10000000,784.87644368
2018-12-03T00:00:00Z,3622.87000000,3634.58000000,3300.00000000,3386.72000000,2853.59596247
2018-12-04T00:00:00Z,3386.41000000,3642.00000000,3270.00000000,3449.97000000,2962.03888040
2018-12-05T00:00:00Z,3449.97000000,3459.41000000,3239.39000000,3259.87000000,1792.27640146
2018-12-06T00:00:00Z,3256.73000000,3399.39000000,3030.00000000,3030.00000000,3857.70810913
2018-12-07T00:00:00Z,3034.17000000,3199.99000000,2822.35000000,2977.11000000,4493.93009328
2018-12-08T00:00:00Z,2972.69000000,3110.08000000,2860.48000000,2991.36000000,1743.34383791
2018-12-09T00:00:00Z,2995.00000000,3200.00000000,2976.00000000,3105.60000000,1179.79033402
2018-12-10T00:00:00Z,3105.49000000,3151.81000000,2961.25000000,3011.00000000,2008.16466457
2018-12-11T00:00:00Z,3014.50000000,3020.00000000,2917.76000000,2966.69000000,1751.40858511
2018-12-12T00:00:00Z,2965.11000000,3095.00000000,2938.07000000,3023.77000000,2280.66540591
2018-12-13T00:00:00Z,3023.54000000,3029.99000000,2834.84000000,2879.73000000,2687.60112341
2018-12-14T00:00:00Z,2878.98000000,2907.00000000,2780.00000000,2832.92000000,2304.02881349
2018-12-15T00:00:00Z,2832.61000000,2861.00000000,2773.36000000,2819.00000000,700.04576226
2018-12-16T00:00:00Z,2824.50000000,2889.49000000,2817.30000000,2835.00000000,549.69356843
2018-12-17T00:00:00Z,2834.19000000,3172.02000000,2822.58000000,3095.61000000,3004.94002903
2018-12-18T00:00:00Z,3094.49000000,3244.62000000,3016.51000000,3233.39000000,2738.21449807
2018-12-19T00:00:00Z,3235.85000000,3463.42000000,3201.00000000,3231.01000000,3993.87941640
2018-12-20T00:00:00Z,3242.16000000,3654.94000000,3220.00000000,3566.56000000,3839.81125781
2018-12-21T00:00:00Z,3553.88000000,3638.00000000,3319.70000000,3386.65000000,2730.30342092
2018-12-22T00:00:00Z,3386.62000000,3530.00000000,3338.39000000,3510.70000000,783.85726963
2018-12-23T00:00:00Z,3512.00000000,3584.00000000,3449.35000000,3475.98000000,643.55035049
2018-12-24T00:00:00Z,3486.67000000,3726.09000000,3476.20000000,3550.00000000,2730.10494144
2018-12-25T00:00:00Z,3554.04000000,3560.38000000,3257.00000000,3321.00000000,1645.00355954
2018-12-26T00:00:00Z,3334.72000000,3398.79000000,3252.00000000,3368.53000000,843.74147039
2018-12-27T00:00:00Z,3370.28000000,3389.53000000,3130.00000000,3154.93000000,2727.18392303
2018-12-28T00:00:00Z,3156.97000000,3466.66000000,3140.00000000,3416.39000000,2860.06222629
2018-12-29T00:00:00Z,3416.37000000,3464.30000000,3245.74000000,3262.73000000,2102.03617016
2018-12-30T00:00:00Z,3278.34000000,3400.00000000,3238.62000000,3373.80000000,731.08640058
2018-12-31T00:00:00Z,3373.80000000,3373.80000000,3195.91000000,3233.87000000,2074.48528756
2019-01-01T00:00:00Z,3233.87000000,3347.55000000,3195.00000000,3342.30000000,715.11531146
2019-01-02T00:00:00Z,3343.81000000,3454.40000000,3296.74000000,3433.28000000,1119.02516755
2019-01-03T00:00:00Z,3445.36000000,3445.36000000,3307.05000000,3325.58000000,2205.69894119
2019-01-04T00:00:00Z,3333.83000000,3385.00000000,3286.61000000,3358.75000000,1649.71410764
2019-01-05T00:00:00Z,3366.70000000,3412.00000000,3333.00000000,3343.00000000,430.07214292
2019-01-06T00:00:00Z,3349.99000000,3580.26000000,3312.81000000,3550.00000000,817.53972625
2019-01-07T00:00:00Z,3549.70000000,3576.13000000,3467.57000000,3497.11000000,1679.62120952
2019-01-08T00:00:00Z,3498.68000000,3612.08000000,3450.00000000,3495.52000000,2099.35870521
2019-01-09T00:00:00Z,3497.83000000,3541.80000000,3450.00000000,3468.34000000,1711.69087024
2019-01-10T00:00:00Z,3460.60000000,3499.99000000,3122.22000000,3164.33000000,6263.35482870
2019-01-11T00:00:00Z,3164.73000000,3261.35000000,3121.45000000,3184.45000000,2176.33557694
2019-01-12T00:00:00Z,3184.30000000,3193.33000000,3130.00000000,3174.28000000,651.90477941
2019-01-13T00:00:00Z,3174.00000000,3187.00000000,3045.79000000,3074.84000000,935.38202074
2019-01-14T00:00:00Z,3072.40000000,3239.18000000,3066.04000000,3193.00000000,1774.78495706
2019-01-15T00:00:00Z,3202.08000000,3217.42000000,3119.00000000,3146.99000000,2119.71750467
2019-01-16T00:00:00Z,3146.95000000,3228.70000000,3138.50000000,3167.00000000,2248.91603088
2019-01-17T00:00:00Z,3168.00000000,3211.44000000,3119.00000000,3195.36000000,1941.13374663
2019-01-18T00:00:00Z,3203.00000000,3203.01000000,3149.48000000,3188.10000000,1712.28065543
2019-01-19T00:00:00Z,3188.02000000,3304.87000000,3173.42000000,3249.89000000,683.11624520
2019-01-20T00:00:00Z,3248.67000000,3260.84000000,3054.90000000,3116.61000000,1193.86767511
2019-01-21T00:00:00Z,3117.61000000,3145.77000000,3080.50000000,3114.22000000,1792.35379524
2019-01-22T00:00:00Z,3119.72000000,3179.73000000,3031.00000000,3154.05000000,1813.67323776
2019-01-23T00:00:00Z,3147.27000000,3189.76000000,3100.54000000,3120.81000000,1841.42318751
2019-01-24T00:00:00Z,3128.10000000,3184.40000000,3105.00000000,3163.77000000,1766.34634128
2019-01-25T00:00:00Z,3163.16000000,3168.35000000,3108.10000000,3134.66000000,1713.65564257
2019-01-26T00:00:00Z,3134.39000000,3207.29000000,3112.00000000,3122.47000000,713.55469760
2019-01-27T00:00:00Z,3122.63000000,3132.46000000,3055.00000000,3105.98000000,516.83118230
2019-01-28T00:00:00Z,3105.89000000,3105.89000000,2959.00000000,3005.00000000,1803.70940992
2019-01-29T00:00:00Z,3005.00000000,3009.99000000,2926.22000000,2973.70000000,2345.39186780
2019-01-30T00:00:00Z,2977.39000000,3051.29000000,2955.16000000,2999.60000000,1998.93053413
2019-01-31T00:00:00Z,2999.62000000,3025.00000000,2963.63000000,2980.74000000,2312.75560900
2019-02-01T00:00:00Z,2983.91000000,3017.52000000,2953.00000000,3002.52000000,1327.52525302
2019-02-02T00:00:00Z,3003.18000000,3037.96000000,2979.97000000,3028.84000000,622.52438163
2019-02-03T00:00:00Z,3029.68000000,3032.61000000,2961.70000000,2987.32000000,499.33110012
2019-02-04T00:00:00Z,2985.55000000,3007.10000000,2969.00000000,2990.31000000,993.53957004
2019-02-05T00:00:00Z,2987.14000000,3012.44000000,2975.00000000,3009.96000000,1287.13084100
2019-02-06T00:00:00Z,3009.99000000,3022.97000000,2933.33000000,2967.86000000,1619.51553187
2019-02-07T00:00:00Z,2967.16000000,2986.90000000,2955.99000000,2962.08000000,1145.69363257
2019-02-08T00:00:00Z,2967.25000000,3282.94000000,2951.15000000,3197.40000000,2527.88638875
2019-02-09T00:00:00Z,3199.99000000,3216.19000000,3172.06000000,3201.39000000,641.98842787
2019-02-10T00:00:00Z,3201.40000000,3230.97000000,3160.03000000,3224.50000000,478.51197243
2019-02-11T00:00:00Z,3228.12000000,3228.12000000,3168.00000000,3192.98000000,1425.70033494
2019-02-12T00:00:00Z,3192.98000000,3195.00000000,3142.28000000,3173.57000000,1520.12033664
2019-02-13T00:00:00Z,3173.56000000,3199.52000000,3152.22000000,3181.00000000,1352.47688262
2019-02-14T00:00:00Z,3180.66000000,3189.99000000,3141.40000000,3157.64000000,1051.41809893
2019-02-15T00:00:00Z,3159.95000000,3211.58000000,3152.00000000,3169.70000000,1090.00860678
2019-02-16T00:00:00Z,3167.32000000,3200.71000000,3161.46000000,3182.00000000,506.12619003
2019-02-17T00:00:00Z,3177.96000000,3258.00000000,3158.05000000,3216.62000000,545.98257641
2019-02-18T00:00:00Z,3216.63000000,3469.00000000,3206.16000000,3426.93000000,2269.40181043
2019-02-19T00:00:00Z,3427.56000000,3523.47000000,3403.23000000,3438.21000000,1837.82389108
2019-02-20T00:00:00Z,3431.02000000,3497.09000000,3410.21000000,3480.48000000,1204.18779617
2019-02-21T00:00:00Z,3479.33000000,3522.25000000,3410.72000000,3442.83000000,1149.31218868
2019-02-22T00:00:00Z,3442.83000000,3492.07000000,3430.36000000,3483.18000000,952.11301235
2019-02-23T00:00:00Z,3483.18000000,3673.00000000,3452.51000000,3633.50000000,1345.38604433
2019-02-24T00:00:00Z,3633.51000000,3694.70000000,3276.36000000,3301.30000000,1980.71375115
2019-02-25T00:00:00Z,3302.32000000,3406.99000000,3299.48000000,3366.83000000,1430.73549551
2019-02-26T00:00:00Z,3367.63000000,3376.73000000,3315.00000000,3332.54000000,1281.02919798
2019-02-27T00:00:00Z,3339.12000000,3363.11000000,3226.29000000,3339.99000000,1696.06968755
2019-02-28T00:00:00Z,3339.99000000,3420.83000000,3307.39000000,3336.27000000,1417.83692422
2019-03-01T00:00:00Z,3340.11000000,3386.04000000,3336.27000000,3357.06000000,959.97370098
2019-03-02T00:00:00Z,3356.97000000,3367.20000000,3303.48000000,3359.00000000,438.96215877
2019-03-03T00:00:00Z,3364.78000000,3369.96000000,3311.00000000,3336.50000000,273.72853943
2019-03-04T00:00:00Z,3336.49000000,3350.79000000,3239.00000000,3272.14000000,1253.05165732
2019-03-05T00:00:00Z,3272.14000000,3426.25000000,3261.13000000,3403.82000000,1380.43032834
2019-03-06T00:00:00Z,3403.82000000,3444.64000000,3370.25000000,3407.56000000,1324.99684175
2019-03-07T00:00:00Z,3408.90000000,3472.15000000,3385.00000000,3450.12000000,1593.42469720
2019-03-08T00:00:00Z,3450.13000000,3487.98000000,3350.00000000,3426.17000000,1746.16994547
2019-03-09T00:00:00Z,3426.16000000,3510.00000000,3415.53000000,3485.87000000,856.36435666
2019-03-10T00:00:00Z,3485.87000000,3488.26000000,3441.79000000,3473.73000000,339.58089042
2019-03-11T00:00:00Z,3473.78000000,3483.91000000,3398.01000000,3421.05000000,811.51968992
2019-03-12T00:00:00Z,3427.14000000,3444.00000000,3373.38000000,3426.72000000,1988.79687460
2019-03-13T00:00:00Z,3426.69000000,3434.74000000,3387.67000000,3405.16000000,1364.32766013
2019-03-14T00:00:00Z,3404.98000000,3450.00000000,3351.00000000,3406.70000000,1149.68522433
2019-03-15T00:00:00Z,3410.97000000,3455.69000000,3401.02000000,3445.00000000,1026.41973101
2019-03-16T00:00:00Z,3449.64000000,3563.48000000,3445.00000000,3524.30000000,1256.80555073
2019-03-17T00:00:00Z,3524.26000000,3527.94000000,3475.00000000,3506.43000000,642.78609110
2019-03-18T00:00:00Z,3506.20000000,3547.02000000,3469.29000000,3509.62000000,854.72634809
2019-03-19T00:00:00Z,3509.62000000,3538.19000000,3481.40000000,3524.32000000,1262.41010073
2019-03-20T00:00:00Z,3524.82000000,3542.67000000,3498.00000000,3531.65000000,1011.19290143
2019-03-21T00:00:00Z,3529.70000000,3566.00000000,3450.01000000,3502.43000000,1009.33374952
2019-03-22T00:00:00Z,3501.35000000,3548.22000000,3481.02000000,3525.19000000,1083.85300341
2019-03-23T00:00:00Z,3531.43000000,3544.67000000,3504.60000000,3525.00000000,492.61242270
2019-03-24T00:00:00Z,3525.00000000,3525.00000000,3488.63000000,3518.99000000,269.56573274
2019-03-25T00:00:00Z,3518.67000000,3523.99000000,3420.00000000,3462.28000000,1411.56549253
2019-03-26T00:00:00Z,3463.02000000,3485.05000000,3442.21000000,3478.43000000,870.85233282
2019-03-27T00:00:00Z,3478.43000000,3593.53000000,3472.04000000,3581.70000000,1842.91511790
2019-03-28T00:00:00Z,3575.01000000,3582.73000000,3548.00000000,3573.00000000,1050.29596394
2019-03-29T00:00:00Z,3573.00000000,3654.48000000,3569.00000000,3649.94000000,1322.30598115
2019-03-30T00:00:00Z,3649.95000000,3682.00000000,3600.61000000,3648.80000000,572.33938248
2019-03-31T00:00:00Z,3654.49000000,3661.17000000,3634.60000000,3651.30000000,414.25623880
2019-04-01T00:00:00Z,3651.30000000,3704.86000000,3608.03000000,3693.18000000,1479.42010179
2019-04-02T00:00:00Z,3699.51000000,4528.06000000,3691.67000000,4380.73000000,5410.19207875
2019-04-03T00:00:00Z,4380.58000000,4767.00000000,4280.00000000,4426.00000000,4759.45740531
2019-04-04T00:00:00Z,4435.74000000,4517.15000000,4250.73000000,4372.00000000,2139.44482381
2019-04-05T00:00:00Z,4380.18000000,4534.03000000,4353.32000000,4488.11000000,1533.57402089
2019-04-06T00:00:00Z,4498.91000000,4670.95000000,4327.75000000,4488.97000000,1410.75616906
2019-04-07T00:00:00Z,4505.55000000,4693.83000000,4481.91000000,4638.75000000,1103.48552057
2019-04-08T00:00:00Z,4639.13000000,4770.00000000,4567.23000000,4708.60000000,2636.53597513
2019-04-09T00:00:00Z,4704.75000000,4705.65000000,4576.06000000,4615.35000000,1612.03246792
2019-04-10T00:00:00Z,4615.70000000,4854.68000000,4596.00000000,4724.99000000,2312.11664772
2019-04-11T00:00:00Z,4723.64000000,4744.18000000,4416.91000000,4484.96000000,2893.28641248
2019-04-12T00:00:00Z,4485.40000000,4533.78000000,4355.00000000,4494.90000000,1405.50888501
2019-04-13T00:00:00Z,4502.75000000,4536.77000000,4469.01000000,4501.51000000,647.06044489
2019-04-14T00:00:00Z,4503.35000000,4585.80000000,4457.84000000,4564.43000000,367.73496151
2019-04-15T00:00:00Z,4573.38000000,4597.37000000,4384.56000000,4460.58000000,1365.28757602
2019-04-16T00:00:00Z,4457.51000000,4637.30000000,4443.38000000,4616.04000000,1494.37175833
2019-04-17T00:00:00Z,4616.04000000,4666.90000000,4583.06000000,4630.00000000,1176.93156827
2019-04-18T00:00:00Z,4630.43000000,4741.69000000,4624.59000000,4698.01000000,1304.92639124
2019-04-19T00:00:00Z,4705.22000000,4771.06000000,4625.00000000,4717.06000000,807.28814540
2019-04-20T00:00:00Z,4717.06000000,4778.59000000,4681.37000000,4741.59000000,353.16013383
2019-04-21T00:00:00Z,4743.25000000,4761.63000000,4650.00000000,4725.65000000,507.12966458
2019-04-22T00:00:00Z,4727.65000000,4840.57000000,4676.07000000,4783.83000000,990.49869228
2019-04-23T00:00:00Z,4789.01000000,5022.39000000,4772.61000000,4941.94000000,1820.56137376
2019-04-24T00:00:00Z,4946.99000000,5019.96000000,4825.00000000,4885.84000000,1519.08822686
2019-04-25T00:00:00Z,4887.99000000,4960.82000000,4486.50000000,4619.73000000,2661.94174636
2019-04-26T00:00:00Z,4621.62000000,4779.93000000,4524.50000000,4623.42000000,2384.45820634
2019-04-27T00:00:00Z,4628.95000000,4691.81000000,4590.05000000,4652.02000000,629.18864148
2019-04-28T00:00:00Z,4653.09000000,4690.00000000,4585.00000000,4629.44000000,611.06682287
2019-04-29T00:00:00Z,4629.43000000,4653.61000000,4551.00000000,4601.51000000,1359.86366555
2019-04-30T00:00:00Z,4609.32000000,4717.62000000,4583.94000000,4699.87000000,1344.21419865
2019-05-01T00:00:00Z,4699.87000000,4766.36000000,4694.36000000,4757.96000000,897.46118201
2019-05-02T00:00:00Z,4757.71000000,4850.00000000,4737.37000000,4825.50000000,1111.29901580
2019-05-03T00:00:00Z,4829.07000000,5189.22000000,4806.07000000,5055.00000000,3052.75695649
2019-05-04T00:00:00Z,5055.00000000,5198.00000000,4926.45000000,5143.61000000,1359.93013744
2019-05-05T00:00:00Z,5150.28000000,5170.00000000,5026.03000000,5115.93000000,623.08695456
2019-05-06T00:00:00Z,5114.18000000,5136.96000000,4975.00000000,5082.00000000,1625.06671896
2019-05-07T00:00:00Z,5080.36000000,5336.27000000,5080.36000000,5143.95000000,2423.55066486
2019-05-08T00:00:00Z,5147.28000000,5349.00000000,5063.63000000,5297.89000000,1620.63612530
2019-05-09T00:00:00Z,5311.08000000,5500.00000000,5292.56000000,5471.88000000,1717.59644985
2019-05-10T00:00:00Z,5487.32000000,5715.00000000,5439.49000000,5661.65000000,2085.88690966
2019-05-11T00:00:00Z,5653.97000000,6587.73000000,5650.83000000,6355.45000000,3890.11023073
2019-05-12T00:00:00Z,6355.07000000,6749.94000000,6000.00000000,6200.79000000,4856.65829443
2019-05-13T00:00:00Z,6197.25000000,7284.82000000,6114.24000000,6967.95000000,5381.09793166
2019-05-14T00:00:00Z,6972.36000000,7438.70000000,6755.61000000,7137.92000000,4827.00393926
2019-05-15T00:00:00Z,7127.44000000,7400.00000000,6991.00000000,7326.34000000,2961.72740877
2019-05-16T00:00:00Z,7325.59000000,7490.00000000,6847.68000000,7059.81000000,3081.42857494
2019-05-17T00:00:00Z,7058.73000000,7102.77000000,6000.00000000,6600.00000000,4113.40809257
2019-05-18T00:00:00Z,6600.00000000,6728.49000000,6481.17000000,6551.95000000,1000.85711712
2019-05-19T00:00:00Z,6521.48000000,7436.28000000,6521.47000000,7349.76000000,1859.38962196
2019-05-20T00:00:00Z,7349.54000000,7349.54000000,6800.00000000,7177.33000000,1970.19235569
2019-05-21T00:00:00Z,7165.29000000,7271.62000000,7007.77000000,7135.70000000,1691.63631570
2019-05-22T00:00:00Z,7135.62000000,7209.00000000,6671.90000000,6855.24000000,1586.56768502
2019-05-23T00:00:00Z,6846.56000000,7133.96000000,6711.11000000,7045.20000000,1612.58772265
2019-05-24T00:00:00Z,7057.71000000,7302.00000000,6983.42000000,7159.88000000,1348.41865068
2019-05-25T00:00:00Z,7155.73000000,7282.56000000,7099.00000000,7219.00000000,370.47918999
2019-05-26T00:00:00Z,7204.40000000,7830.90000000,7050.30000000,7794.44000000,1837.28404212
2019-05-27T00:00:00Z,7788.75000000,7974.00000000,7706.63000000,7842.98000000,2372.68595810
2019-05-28T00:00:00Z,7845.90000000,7887.17000000,7630.65000000,7799.66000000,1421.24794316
2019-05-29T00:00:00Z,7815.06000000,7874.53000000,7550.00000000,7776.28000000,1435.18766024
2019-05-30T00:00:00Z,7776.84000000,8168.97000000,7200.00000000,7450.00000000,2864.87470669
2019-05-31T00:00:00Z,7457.81000000,7700.00000000,7300.00000000,7685.73000000,1641.78799478
2019-06-01T00:00:00Z,7669.93000000,7730.25000000,7574.27000000,7666.55000000,437.26242456
2019-06-02T00:00:00Z,7661.84000000,7900.13000000,7640.31000000,7825.00000000,826.08430130
2019-06-03T00:00:00Z,7825.00000000,7830.21000000,7150.00000000,7221.15000000,1799.55047249
2019-06-04T00:00:00Z,7226.45000000,7226.45000000,6611.19000000,6819.00000000,2867.65472596
2019-06-05T00:00:00Z,6810.25000000,7059.96000000,6744.19000000,6935.98000000,1223.81250825
2019-06-06T00:00:00Z,6930.90000000,7012.68000000,6610.00000000,6914.42000000,1007.87309281
2019-06-07T00:00:00Z,6927.55000000,7182.57000000,6880.60000000,7070.02000000,1257.19293735
2019-06-08T00:00:00Z,7071.17000000,7117.88000000,6876.00000000,7022.80000000,349.91940014
2019-06-09T00:00:00Z,7008.16000000,7037.79000000,6670.78000000,6756.07000000,537.77208724
2019-06-10T00:00:00Z,6761.13000000,7150.00000000,6668.00000000,7091.33000000,1122.99478262
2019-06-11T00:00:00Z,7091.33000000,7120.00000000,6816.80000000,6992.70000000,1041.35143575
2019-06-12T00:00:00Z,6992.70000000,7321.00000000,6905.00000000,7234.82000000,1434.34258928
2019-06-13T00:00:00Z,7232.71000000,7400.00000000,7129.42000000,7301.41000000,1128.29247820
2019-06-14T00:00:00Z,7300.72000000,7797.99000000,7265.90000000,7773.09000000,1197.17992728
2019-06-15T00:00:00Z,7772.60000000,7937.19000000,7692.79000000,7891.43000000,747.93543457
2019-06-16T00:00:00Z,7885.29000000,8379.98000000,7831.69000000,8004.47000000,2404.81805672
2019-06-17T00:00:00Z,8008.32000000,8447.00000000,8008.32000000,8323.92000000,1792.95390619
2019-06-18T00:00:00Z,8324.09000000,8338.17000000,7980.01000000,8105.20000000,1624.33206014
2019-06-19T00:00:00Z,8121.01000000,8295.00000000,8067.35000000,8269.89000000,927.34091381
2019-06-20T00:00:00Z,8267.65000000,8518.61000000,8160.00000000,8433.95000000,1676.98019604
2019-06-21T00:00:00Z,8452.11000000,9000.00000000,8434.26000000,8999.99000000,1873.87207171
2019-06-22T00:00:00Z,8999.99000000,9870.00000000,8867.43000000,9378.39000000,3715.41355188
2019-06-23T00:00:00Z,9397.65000000,9897.00000000,9209.04000000,9525.19000000,1869.84200916
2019-06-24T00:00:00Z,9531.43000000,9749.10000000,9254.12000000,9675.27000000,1953.36623377
2019-06-25T00:00:00Z,9692.73000000,10370.00000000,9651.66000000,10357.18000000,3600.05417076
2019-06-26T00:00:00Z,10328.84000000,12195.00000000,9850.00000000,11376.18000000,7879.81763720
2019-06-27T00:00:00Z,11342.31000000,11715.61000000,9001.01000000,9790.00000000,7147.00743914
2019-06-28T00:00:00Z,9789.99000000,10920.00000000,9432.09000000,10870.27000000,3231.00400518
2019-06-29T00:00:00Z,10863.49000000,10864.10000000,9950.07000000,10432.80000000,1781.68027933
2019-06-30T00:00:00Z,10449.24000000,10698.00000000,9320.00000000,9462.07000000,1702.94331625
2019-07-01T00:00:00Z,9461.83000000,9843.94000000,8806.17000000,9308.08000000,2974.52768574
2019-07-02T00:00:00Z,9350.04000000,9685.95000000,8504.18000000,9585.84000000,3793.33890993
2019-07-03T00:00:00Z,9599.59000000,10651.48000000,9590.69000000,10604.46000000,3401.97478104
2019-07-04T00:00:00Z,10622.99000000,10679.21000000,9794.36000000,9896.55000000,2222.72578508
2019-07-05T00:00:00Z,9890.52000000,10233.53000000,9561.01000000,9798.88000000,2104.77121257
2019-07-06T00:00:00Z,9816.28000000,10444.46000000,9785.23000000,10024.36000000,1160.05446370
2019-07-07T00:00:00Z,10010.00000000,10365.00000000,9867.61000000,10206.65000000,1082.22336185
2019-07-08T00:00:00Z,10226.36000000,11061.38000000,10100.50000000,10974.07000000,2103.13487306
2019-07-09T00:00:00Z,10985.40000000,11465.56000000,10830.00000000,11227.67000000,2934.04830356
2019-07-10T00:00:00Z,11232.41000000,11747.49000000,10226.41000000,10779.98000000,4650.20577500
2019-07-11T00:00:00Z,10764.17000000,10764.18000000,9710.67000000,10089.99000000,3202.54157890
2019-07-12T00:00:00Z,10090.01000000,10595.00000000,9824.22000000,10492.41000000,1247.45867958
2019-07-13T00:00:00Z,10492.57000000,10519.97000000,9623.00000000,10121.29000000,1342.55899049
2019-07-14T00:00:00Z,10119.20000000,10180.00000000,8969.99000000,9044.46000000,1731.00496854
2019-07-15T00:00:00Z,9062.76000000,9854.87000000,8764.00000000,9635.14000000,2343.66821002
2019-07-16T00:00:00Z,9658.34000000,9817.69000000,8355.00000000,8399.53000000,3367.47470564
2019-07-17T00:00:00Z,8421.05000000,8913.61000000,8090.00000000,8648.16000000,2880.28831260
2019-07-18T00:00:00Z,8658.17000000,9599.10000000,8275.00000000,9469.19000000,2583.36668914
2019-07-19T00:00:00Z,9469.20000000,9589.00000000,8996.77000000,9405.59000000,1928.07040351
2019-07-20T00:00:00Z,9405.57000000,9929.70000000,9230.00000000,9590.37000000,1237.89788429
2019-07-21T00:00:00Z,9610.89000000,9666.75000000,9202.17000000,9449.01000000,861.13482861
2019-07-22T00:00:00Z,9459.04000000,9532.66000000,8989.19000000,9203.18000000,1435.23574607
2019-07-23T00:00:00Z,9228.90000000,9228.90000000,8800.00000000,8800.02000000,1373.22506712
2019-07-24T00:00:00Z,8852.69000000,8924.60000000,8540.00000000,8766.97000000,1770.99264351
2019-07-25T00:00:00Z,8779.92000000,9149.90000000,8740.04000000,8880.57000000,1192.07107953
2019-07-26T00:00:00Z,8882.42000000,8909.99000000,8652.68000000,8853.45000000,1029.87874607
2019-07-27T00:00:00Z,8837.15000000,9183.00000000,8355.00000000,8529.85000000,1557.62803242
2019-07-28T00:00:00Z,8529.83000000,8675.37000000,8200.00000000,8563.17000000,649.47252795
2019-07-29T00:00:00Z,8579.21000000,8740.70000000,8400.10000000,8529.57000000,981.30332694
2019-07-30T00:00:00Z,8529.80000000,8770.60000000,8403.69000000,8591.30000000,915.80074857
2019-07-31T00:00:00Z,8604.43000000,9120.00000000,8590.50000000,9113.98000000,1354.60615310
2019-08-01T00:00:00Z,9113.96000000,9470.41000000,8952.45000000,9390.14000000,1215.76177488
2019-08-02T00:00:00Z,9400.00000000,9612.85000000,9310.29000000,9486.44000000,1275.87927464
2019-08-03T00:00:00Z,9486.15000000,9830.52000000,9457.59000000,9740.00000000,679.11780469
2019-08-04T00:00:00Z,9731.93000000,9969.88000000,9501.21000000,9886.47000000,873.47520480
2019-08-05T00:00:00Z,9886.42000000,10662.01000000,9886.42000000,10475.00000000,2143.22612486
2019-08-06T00:00:00Z,10515.28000000,11000.00000000,10009.66000000,10232.75000000,2850.48384057
2019-08-07T00:00:00Z,10220.91000000,10843.35000000,10150.02000000,10698.34000000,1939.84782876
2019-08-08T00:00:00Z,10701.12000000,10778.93000000,10243.25000000,10714.91000000,1187.62439203
2019-08-09T00:00:00Z,10712.69000000,10757.77000000,10372.76000000,10580.40000000,1285.97609947
2019-08-10T00:00:00Z,10596.28000000,10680.62000000,10030.00000000,10089.74000000,1189.30697889
2019-08-11T00:00:00Z,10071.67000000,10341.00000000,9902.55000000,10317.33000000,752.22256733
2019-08-12T00:00:00Z,10280.13000000,10304.16000000,10030.05000000,10157.36000000,786.89658606
2019-08-13T00:00:00Z,10157.37000000,10211.93000000,9600.00000000,9713.82000000,1369.60654923
2019-08-14T00:00:00Z,9720.08000000,9720.08000000,8868.70000000,8985.93000000,2285.19919125
2019-08-15T00:00:00Z,8985.10000000,9414.32000000,8500.00000000,9281.09000000,3195.62873964
2019-08-16T00:00:00Z,9260.32000000,9504.00000000,8763.37000000,9348.44000000,1771.88586854
2019-08-17T00:00:00Z,9330.65000000,9455.25000000,9004.00000000,9215.49000000,563.19432752
2019-08-18T00:00:00Z,9220.82000000,9490.00000000,9095.00000000,9320.98000000,473.77763155
2019-08-19T00:00:00Z,9308.63000000,9866.00000000,9254.05000000,9854.03000000,1145.76862899
2019-08-20T00:00:00Z,9854.03000000,9890.00000000,9534.16000000,9695.00000000,913.37116351
2019-08-21T00:00:00Z,9712.88000000,9730.84000000,8872.25000000,9148.86000000,2324.24854883
2019-08-22T00:00:00Z,9150.75000000,9239.45000000,8800.00000000,9134.42000000,1504.78917724
2019-08-23T00:00:00Z,9123.65000000,9446.00000000,9050.00000000,9349.31000000,1171.00476180
2019-08-24T00:00:00Z,9355.18000000,9365.68000000,8877.61000000,9118.00000000,686.23347788
2019-08-25T00:00:00Z,9127.97000000,9300.00000000,8900.00000000,9102.55000000,630.92399089
2019-08-26T00:00:00Z,9102.55000000,9575.28000000,9102.55000000,9339.17000000,1275.22547369
2019-08-27T00:00:00Z,9346.10000000,9358.64000000,9038.11000000,9179.51000000,1064.94782705
2019-08-28T00:00:00Z,9186.74000000,9322.42000000,8558.74000000,8786.58000000,1876.31759448
2019-08-29T00:00:00Z,8775.76000000,8775.76000000,8421.00000000,8575.10000000,1453.56171931
2019-08-30T00:00:00Z,8600.40000000,8847.59000000,8459.42000000,8738.96000000,1259.23597928
2019-08-31T00:00:00Z,8729.85000000,8835.18000000,8602.12000000,8765.54000000,566.77463011
2019-09-01T00:00:00Z,8755.71000000,8958.48000000,8685.00000000,8893.97000000,558.26770367
2019-09-02T00:00:00Z,8893.95000000,9584.97000000,8878.92000000,9479.61000000,1859.28196048
2019-09-03T00:00:00Z,9478.49000000,9836.78000000,9391.41000000,9691.64000000,1931.98695467
2019-09-04T00:00:00Z,9677.38000000,9825.65000000,9412.97000000,9581.73000000,1553.61188895
2019-09-05T00:00:00Z,9598.31000000,9652.00000000,9463.54000000,9597.34000000,833.48469769
2019-09-06T00:00:00Z,9597.32000000,9928.65000000,9234.00000000,9349.79000000,2384.15062181
2019-09-07T00:00:00Z,9349.80000000,9596.83000000,9349.80000000,9510.07000000,454.33307891
2019-09-08T00:00:00Z,9503.00000000,9604.99000000,9280.00000000,9457.83000000,613.92750141
2019-09-09T00:00:00Z,9450.21000000,9550.00000000,9113.71000000,9353.57000000,1034.67673269
2019-09-10T00:00:00Z,9351.12000000,9410.62000000,8974.33000000,9160.14000000,1035.15205312
2019-09-11T00:00:00Z,9144.21000000,9324.05000000,8932.73000000,9240.44000000,989.35708359
2019-09-12T00:00:00Z,9238.65000000,9462.50000000,9125.04000000,9427.30000000,1177.15815993
2019-09-13T00:00:00Z,9444.36000000,9450.00000000,9163.65000000,9360.00000000,794.82886976
2019-09-14T00:00:00Z,9357.27000000,9432.40000000,9233.87000000,9367.51000000,351.24704742
2019-09-15T00:00:00Z,9360.46000000,9392.78000000,9273.97000000,9318.75000000,343.02233424
2019-09-16T00:00:00Z,9318.75000000,9415.29000000,9165.00000000,9338.78000000,836.82965976
2019-09-17T00:00:00Z,9327.75000000,9342.08000000,9183.15000000,9202.53000000,946.03042601
2019-09-18T00:00:00Z,9198.08000000,9271.36000000,9138.56000000,9217.28000000,776.51626189
2019-09-19T00:00:00Z,9218.07000000,9401.00000000,8722.01000000,9300.20000000,2049.70334969
2019-09-20T00:00:00Z,9320.00000000,9334.82000000,9152.00000000,9241.08000000,775.82303746
2019-09-21T00:00:00Z,9242.30000000,9242.30000000,9015.00000000,9072.07000000,608.56275456
2019-09-22T00:00:00Z,9074.28000000,9169.85000000,8951.00000000,9109.00000000,433.15028743
2019-09-23T00:00:00Z,9118.93000000,9134.65000000,8753.01000000,8820.56000000,1097.07939611
2019-09-24T00:00:00Z,8817.00000000,8912.98000000,7251.78000000,7759.08000000,5368.96444048
2019-09-25T00:00:00Z,7757.78000000,7971.46000000,7473.29000000,7704.92000000,2662.42398652
2019-09-26T00:00:00Z,7709.43000000,7767.11000000,7050.89000000,7381.66000000,3287.96848352
2019-09-27T00:00:00Z,7390.00000000,7575.00000000,7177.61000000,7501.42000000,1904.87559700
2019-09-28T00:00:00Z,7502.06000000,7640.00000000,7345.07000000,7519.19000000,899.19670541
2019-09-29T00:00:00Z,7524.73000000,7540.61000000,7215.90000000,7373.73000000,769.64940112
2019-09-30T00:00:00Z,7373.41000000,7674.22000000,7053.43000000,7629.67000000,2381.07509807
2019-10-01T00:00:00Z,7630.52000000,7830.51000000,7525.78000000,7622.89000000,1687.32889660
2019-10-02T00:00:00Z,7620.62000000,7674.46000000,7476.79000000,7648.06000000,1044.20760517
2019-10-03T00:00:00Z,7667.00000000,7684.79000000,7360.68000000,7513.00000000,996.18119645
2019-10-04T00:00:00Z,7522.85000000,7522.85000000,7307.78000000,7431.00000000,895.40483970
2019-10-05T00:00:00Z,7431.00000000,7479.69000000,7319.87000000,7437.71000000,557.12674498
2019-10-06T00:00:00Z,7437.71000000,7456.51000000,7103.50000000,7176.25000000,1141.97491307
2019-10-07T00:00:00Z,7175.94000000,7575.46000000,7088.36000000,7490.45000000,1816.72045258
2019-10-08T00:00:00Z,7491.24000000,7597.50000000,7389.49000000,7470.25000000,883.87428704
2019-10-09T00:00:00Z,7463.13000000,7922.64000000,7410.00000000,7831.00000000,1680.91894841
2019-10-10T00:00:00Z,7819.63000000,7873.25000000,7680.05000000,7799.83000000,1166.92602722
2019-10-11T00:00:00Z,7799.83000000,8024.96000000,7468.07000000,7503.59000000,1502.16845123
2019-10-12T00:00:00Z,7488.28000000,7629.47000000,7488.28000000,7539.54000000,384.95831657
2019-10-13T00:00:00Z,7533.07000000,7689.70000000,7400.00000000,7515.58000000,663.60447275
2019-10-14T00:00:00Z,7519.35000000,7628.10000000,7460.00000000,7580.00000000,876.26500349
2019-10-15T00:00:00Z,7580.00000000,7638.65000000,7307.93000000,7394.46000000,1322.43672410
2019-10-16T00:00:00Z,7394.46000000,7421.48000000,7157.77000000,7221.01000000,1382.19327614
2019-10-17T00:00:00Z,7224.90000000,7311.41000000,7169.68000000,7266.23000000,1485.26435816
2019-10-18T00:00:00Z,7270.82000000,7306.11000000,7024.13000000,7120.50000000,1444.33206467
2019-10-19T00:00:00Z,7124.30000000,7260.00000000,7056.87000000,7132.96000000,665.98058013
2019-10-20T00:00:00Z,7140.55000000,7450.03000000,7068.59000000,7383.31000000,784.83447375
2019-10-21T00:00:00Z,7376.70000000,7495.81000000,7313.72000000,7371.00000000,1017.27769233
2019-10-22T00:00:00Z,7377.09000000,7458.44000000,7191.32000000,7219.29000000,1003.86692101
2019-10-23T00:00:00Z,7215.80000000,7242.88000000,6599.11000000,6721.74000000,3102.44012470
2019-10-24T00:00:00Z,6721.09000000,6775.12000000,6610.00000000,6702.17000000,1234.05193570
2019-10-25T00:00:00Z,6697.28000000,7947.96000000,6667.48000000,7814.67000000,3320.73912204
2019-10-26T00:00:00Z,7827.40000000,9450.00000000,7801.38000000,8337.05000000,5447.46622474
2019-10-27T00:00:00Z,8338.90000000,8823.41000000,8185.01000000,8609.42000000,2314.45344168
2019-10-28T00:00:00Z,8585.94000000,8962.16000000,8277.00000000,8315.73000000,2823.30389874
2019-10-29T00:00:00Z,8287.43000000,8614.04000000,8176.85000000,8488.90000000,1692.01061297
2019-10-30T00:00:00Z,8492.55000000,8492.88000000,8087.12000000,8218.38000000,1874.45965982
2019-10-31T00:00:00Z,8225.27000000,8455.96000000,8025.00000000,8212.10000000,1442.67588160
2019-11-01T00:00:00Z,8199.91000000,8344.89000000,8115.00000000,8282.98000000,1313.50375798
2019-11-02T00:00:00Z,8284.41000000,8425.93000000,8243.10000000,8334.01000000,498.56727228
2019-11-03T00:00:00Z,8328.95000000,8392.41000000,8129.16000000,8255.40000000,624.50368664
2019-11-04T00:00:00Z,8251.89000000,8649.55000000,8169.57000000,8466.00000000,1384.93522538
2019-11-05T00:00:00Z,8465.00000000,8521.00000000,8245.19000000,8421.69000000,1272.19384987
2019-11-06T00:00:00Z,8417.73000000,8539.07000000,8362.46000000,8432.91000000,1089.61354525
2019-11-07T00:00:00Z,8447.59000000,8465.81000000,8215.00000000,8334.15000000,1153.34340392
2019-11-08T00:00:00Z,8334.62000000,8372.90000000,7860.70000000,7962.00000000,2162.56481362
2019-11-09T00:00:00Z,7963.78000000,8064.61000000,7922.17000000,8000.14000000,418.05979721
2019-11-10T00:00:00Z,7983.10000000,8271.98000000,7944.29000000,8204.74000000,742.80709938
2019-11-11T00:00:00Z,8211.00000000,8236.30000000,7770.00000000,7915.68000000,1519.51532655
2019-11-12T00:00:00Z,7907.31000000,8065.19000000,7781.83000000,7997.86000000,1167.57001264
2019-11-13T00:00:00Z,8016.75000000,8025.00000000,7903.32000000,7969.16000000,825.26993870
2019-11-14T00:00:00Z,7967.01000000,7987.38000000,7781.56000000,7843.57000000,1060.43194550
2019-11-15T00:00:00Z,7841.94000000,7969.33000000,7585.00000000,7667.73000000,1558.72571052
2019-11-16T00:00:00Z,7667.73000000,7734.62000000,7631.54000000,7676.14000000,361.77005248
2019-11-17T00:00:00Z,7683.43000000,7815.14000000,7585.57000000,7691.93000000,567.95857015
2019-11-18T00:00:00Z,7697.04000000,7698.91000000,7258.07000000,7387.25000000,1555.76031931
2019-11-19T00:00:00Z,7386.35000000,7413.57000000,7228.71000000,7339.56000000,1377.29989957
2019-11-20T00:00:00Z,7336.63000000,7439.68000000,7263.60000000,7305.79000000,1006.63427643
2019-11-21T00:00:00Z,7304.85000000,7335.99000000,6688.00000000,6892.67000000,2707.29165143
2019-11-22T00:00:00Z,6885.52000000,7020.00000000,6145.01000000,6629.35000000,5130.15581448
2019-11-23T00:00:00Z,6626.07000000,6694.87000000,6462.90000000,6657.19000000,1002.21287865
2019-11-24T00:00:00Z,6664.16000000,6670.25000000,6227.54000000,6282.17000000,1151.98454789
2019-11-25T00:00:00Z,6264.60000000,6712.70000000,5921.03000000,6483.05000000,4195.34152261
2019-11-26T00:00:00Z,6487.07000000,6670.00000000,6371.46000000,6513.24000000,1969.74174404
2019-11-27T00:00:00Z,6500.48000000,6975.93000000,6233.45000000,6837.91000000,2919.55991484
2019-11-28T00:00:00Z,6859.82000000,6965.86000000,6710.91000000,6755.38000000,2039.38016847
2019-11-29T00:00:00Z,6764.64000000,7144.00000000,6743.08000000,7040.24000000,1839.34002569
2019-11-30T00:00:00Z,7042.15000000,7104.20000000,6779.27000000,6875.79000000,847.14790310
2019-12-01T00:00:00Z,6861.81000000,6870.61000000,6576.26000000,6729.13000000,906.95215079
2019-12-02T00:00:00Z,6728.82000000,6752.18000000,6500.00000000,6609.04000000,1605.94062231
2019-12-03T00:00:00Z,6600.35000000,6699.10000000,6538.15000000,6593.67000000,1287.41478414
2019-12-04T00:00:00Z,6598.77000000,7050.00000000,6400.00000000,6498.65000000,2479.47332836
2019-12-05T00:00:00Z,6503.32000000,6757.79000000,6461.27000000,6662.14000000,1196.08570453
2019-12-06T00:00:00Z,6666.48000000,6869.99000000,6589.46000000,6828.37000000,1370.41731426
2019-12-07T00:00:00Z,6833.98000000,6895.57000000,6764.18000000,6777.93000000,428.50723103
2019-12-08T00:00:00Z,6777.93000000,6850.00000000,6683.44000000,6801.44000000,511.13653462
2019-12-09T00:00:00Z,6810.46000000,6925.00000000,6590.32000000,6636.65000000,1736.54727640
2019-12-10T00:00:00Z,6636.53000000,6697.85000000,6460.00000000,6520.19000000,1568.71663977
2019-12-11T00:00:00Z,6520.17000000,6570.56000000,6434.10000000,6479.84000000,1246.49553600
2019-12-12T00:00:00Z,6481.26000000,6551.39000000,6355.02000000,6424.38000000,1351.79690576
2019-12-13T00:00:00Z,6432.11000000,6560.58000000,6429.44000000,6525.00000000,1078.93554800
2019-12-14T00:00:00Z,6525.00000000,6543.65000000,6310.05000000,6361.32000000,639.03575717
2019-12-15T00:00:00Z,6361.26000000,6484.99000000,6310.00000000,6399.82000000,494.04431347
2019-12-16T00:00:00Z,6401.11000000,6408.14000000,6115.00000000,6182.00000000,1562.03517204
2019-12-17T00:00:00Z,6182.00000000,6225.96000000,5888.85000000,5942.88000000,2235.23120602
2019-12-18T00:00:00Z,5942.78000000,6710.00000000,5800.01000000,6560.75000000,3281.42129252
2019-12-19T00:00:00Z,6563.77000000,6639.04000000,6327.89000000,6439.13000000,1581.68961760
2019-12-20T00:00:00Z,6438.59000000,6519.50000000,6370.00000000,6501.49000000,1089.62342417
2019-12-21T00:00:00Z,6490.51000000,6499.82000000,6432.49000000,6463.00000000,286.19627823
2019-12-22T00:00:00Z,6456.34000000,6792.02000000,6442.53000000,6784.98000000,897.11708934
2019-12-23T00:00:00Z,6785.00000000,6942.73000000,6555.00000000,6601.84000000,1836.06781112
2019-12-24T00:00:00Z,6593.42000000,6705.82000000,6464.02000000,6555.32000000,1316.04248064
2019-12-25T00:00:00Z,6559.08000000,6562.68000000,6420.00000000,6493.91000000,780.82818277
2019-12-26T00:00:00Z,6493.94000000,6691.94000000,6443.43000000,6489.36000000,1106.33525662
2019-12-27T00:00:00Z,6485.86000000,6512.75000000,6330.00000000,6481.23000000,1228.70408260
2019-12-28T00:00:00Z,6485.50000000,6579.73000000,6476.51000000,6529.09000000,455.79659569
2019-12-29T00:00:00Z,6531.27000000,6731.83000000,6513.15000000,6601.59000000,535.08073169
2019-12-30T00:00:00Z,6600.49000000,6603.52000000,6430.11000000,6461.40000000,1140.95247821
2019-12-31T00:00:00Z,6450.00000000,6518.51000000,6339.03000000,6411.82000000,967.79923986
2020-01-01T00:00:00Z,6402.02000000,6469.99000000,6380.00000000,6399.09000000,615.37688802
2020-01-02T00:00:00Z,6397.11000000,6411.13000000,6179.00000000,6227.24000000,1005.80112285
2020-01-03T00:00:00Z,6225.00000000,6635.90000000,6145.36000000,6570.27000000,1787.59177563
2020-01-04T00:00:00Z,6579.01000000,6629.67000000,6508.34000000,6593.00000000,492.53534496
2020-01-05T00:00:00Z,6596.02000000,6709.62000000,6556.56000000,6588.45000000,680.02583059
2020-01-06T00:00:00Z,6585.29000000,6990.17000000,6584.82000000,6940.75000000,1632.65398373
2020-01-07T00:00:00Z,6931.11000000,7371.23000000,6910.60000000,7315.53000000,2471.35499533
2020-01-08T00:00:00Z,7313.83000000,7589.00000000,7081.00000000,7248.39000000,2901.60246480
2020-01-09T00:00:00Z,7248.39000000,7248.93000000,6971.94000000,7042.88000000,1688.81828303
2020-01-10T00:00:00Z,7043.34000000,7377.14000000,6915.14000000,7376.57000000,1703.04560459
2020-01-11T00:00:00Z,7376.58000000,7450.00000000,7200.00000000,7218.65000000,706.98994561
2020-01-12T00:00:00Z,7216.40000000,7367.98000000,7161.18000000,7362.10000000,413.93937541
2020-01-13T00:00:00Z,7362.10000000,7374.95000000,7231.45000000,7285.00000000,1020.56721694
2020-01-14T00:00:00Z,7288.92000000,7990.00000000,7280.15000000,7932.89000000,2681.68143646
2020-01-15T00:00:00Z,7925.20000000,7999.99000000,7673.37000000,7913.90000000,2114.74335470
2020-01-16T00:00:00Z,7913.90000000,7940.00000000,7700.00000000,7826.99000000,1480.73536291
2020-01-17T00:00:00Z,7826.89000000,8108.88000000,7782.33000000,8029.98000000,1790.70690402
2020-01-18T00:00:00Z,8023.81000000,8099.90000000,7941.29000000,8041.57000000,586.18914256
2020-01-19T00:00:00Z,8041.07000000,8278.61000000,7620.00000000,7849.89000000,1733.16685874
2020-01-20T00:00:00Z,7849.00000000,7885.00000000,7679.85000000,7794.74000000,1294.90524435
2020-01-21T00:00:00Z,7794.75000000,7920.34000000,7630.00000000,7877.41000000,1289.44609855
2020-01-22T00:00:00Z,7861.85000000,7947.30000000,7733.78000000,7807.68000000,976.53927824
2020-01-23T00:00:00Z,7812.58000000,7827.48000000,7475.95000000,7608.74000000,1586.11542296
2020-01-24T00:00:00Z,7601.68000000,7728.45000000,7450.12000000,7641.68000000,1266.03915831
2020-01-25T00:00:00Z,7652.36000000,7656.72000000,7484.71000000,7559.99000000,482.53970026
2020-01-26T00:00:00Z,7548.91000000,7800.00000000,7520.02000000,7790.16000000,559.60839480
2020-01-27T00:00:00Z,7798.00000000,8160.00000000,7760.17000000,8079.52000000,1854.90940852
2020-01-28T00:00:00Z,8080.81000000,8537.69000000,8071.27000000,8500.21000000,2137.02700955
2020-01-29T00:00:00Z,8535.36000000,8569.99000000,8375.01000000,8438.36000000,1621.39641335
2020-01-30T00:00:00Z,8429.39000000,8671.09000000,8327.18000000,8610.07000000,1728.38515551
2020-01-31T00:00:00Z,8616.95000000,8633.08000000,8320.00000000,8420.25000000,1764.04862812
2020-02-01T00:00:00Z,8420.25000000,8525.85000000,8380.00000000,8459.05000000,634.69377169
2020-02-02T00:00:00Z,8449.07000000,8546.10000000,8234.10000000,8425.90000000,597.74186916
2020-02-03T00:00:00Z,8425.91000000,8670.00000000,8341.00000000,8406.53000000,1160.30579865
2020-02-04T00:00:00Z,8409.42000000,8459.97000000,8220.00000000,8312.62000000,976.88794299
2020-02-05T00:00:00Z,8303.60000000,8888.00000000,8294.02000000,8748.18000000,2341.48831147
2020-02-06T00:00:00Z,8748.18000000,8980.00000000,8650.75000000,8899.92000000,1436.28308459
2020-02-07T00:00:00Z,8899.92000000,9041.30000000,8867.00000000,8968.49000000,1370.35954753
2020-02-08T00:00:00Z,8968.36000000,9100.00000000,8800.00000000,9072.40000000,800.03143732
2020-02-09T00:00:00Z,9054.65000000,9323.98000000,9046.14000000,9280.00000000,1284.21134730
2020-02-10T00:00:00Z,9290.00000000,9318.16000000,8800.00000000,9050.72000000,1975.87619746
2020-02-11T00:00:00Z,9038.20000000,9500.00000000,8904.99000000,9412.97000000,1838.24065258
2020-02-12T00:00:00Z,9428.39000000,9631.18000000,9383.58000000,9547.89000000,2011.50687636
2020-02-13T00:00:00Z,9548.00000000,9710.00000000,9269.05000000,9437.28000000,2373.41442588
2020-02-14T00:00:00Z,9445.00000000,9600.00000000,9337.33000000,9577.49000000,1545.97184607
2020-02-15T00:00:00Z,9589.08000000,9600.00000000,9061.89000000,9147.87000000,1585.38539157
2020-02-16T00:00:00Z,9162.74000000,9315.54000000,8843.00000000,9154.41000000,1653.00748018
2020-02-17T00:00:00Z,9150.46000000,9202.48000000,8738.00000000,8970.29000000,1684.49232450
2020-02-18T00:00:00Z,8970.32000000,9531.54000000,8891.00000000,9449.09000000,1551.86569923
2020-02-19T00:00:00Z,9437.95000000,9563.83000000,8605.09000000,8897.43000000,1784.77828405
2020-02-20T00:00:00Z,8879.07000000,8999.83000000,8724.69000000,8896.39000000,1338.47835612
2020-02-21T00:00:00Z,8920.48000000,9059.99000000,8820.00000000,8957.02000000,988.39911644
2020-02-22T00:00:00Z,8955.77000000,8978.57000000,8830.23000000,8910.37000000,292.22217759
2020-02-23T00:00:00Z,8925.74000000,9240.00000000,8907.48000000,9210.00000000,589.72770562
2020-02-24T00:00:00Z,9210.13000000,9255.10000000,8730.00000000,8917.26000000,1242.35529652
2020-02-25T00:00:00Z,8916.18000000,8952.47000000,8483.59000000,8574.33000000,1448.98202885
2020-02-26T00:00:00Z,8570.63000000,8638.67000000,7909.14000000,8077.78000000,3065.33913944
2020-02-27T00:00:00Z,8063.21000000,8199.16000000,7823.89000000,8036.52000000,3001.82514979
2020-02-28T00:00:00Z,8036.80000000,8124.99000000,7680.98000000,7887.23000000,1935.23467123
2020-02-29T00:00:00Z,7906.52000000,7989.77000000,7741.00000000,7741.00000000,610.36723236
2020-03-01T00:00:00Z,7741.00000000,7941.53000000,7565.35000000,7720.00000000,926.79283158
2020-03-02T00:00:00Z,7724.78000000,8078.64000000,7684.21000000,8014.38000000,2419.98299420
2020-03-03T00:00:00Z,8014.50000000,8037.90000000,7760.00000000,7854.91000000,1755.64481442
2020-03-04T00:00:00Z,7867.56000000,7936.27000000,7808.68000000,7864.37000000,1696.09126110
2020-03-05T00:00:00Z,7863.95000000,8200.00000000,7863.95000000,8083.95000000,1757.89046740
2020-03-06T00:00:00Z,8094.92000000,8150.00000000,7984.76000000,8126.58000000,1547.45857961
2020-03-07T00:00:00Z,8126.38000000,8174.32000000,7855.00000000,7900.46000000,742.85253028
2020-03-08T00:00:00Z,7900.38000000,7900.39000000,7029.72000000,7071.30000000,2308.75490033
2020-03-09T00:00:00Z,7069.54000000,7195.87000000,6600.00000000,6969.01000000,4278.43294465
2020-03-10T00:00:00Z,6968.56000000,7175.00000000,6809.73000000,6974.42000000,3048.92244548
2020-03-11T00:00:00Z,6954.15000000,7098.25000000,6726.14000000,7050.81000000,2114.78196444
2020-03-12T00:00:00Z,7060.86000000,7075.51000000,4102.16000000,4354.98000000,12353.11442104
2020-03-13T00:00:00Z,4354.98000000,5450.00000000,3316.90000000,5116.28000000,13016.55604772
2020-03-14T00:00:00Z,5081.07000000,5134.48000000,4571.06000000,4677.00000000,2730.21495223
2020-03-15T00:00:00Z,4682.07000000,5380.68000000,4615.41000000,4818.57000000,2649.88119068
2020-03-16T00:00:00Z,4820.86000000,4838.79000000,4003.95000000,4523.43000000,7884.52677766
2020-03-17T00:00:00Z,4535.40000000,5080.00000000,4433.25000000,4874.88000000,5315.17102498
2020-03-18T00:00:00Z,4862.09000000,4990.00000000,4590.00000000,4953.13000000,4323.59964291
2020-03-19T00:00:00Z,4958.94000000,6065.52000000,4848.17000000,5828.84000000,8638.51456172
2020-03-20T00:00:00Z,5828.85000000,6500.00000000,5307.78000000,5812.78000000,8143.55725810
2020-03-21T00:00:00Z,5826.00000000,6068.66000000,5503.08000000,5817.85000000,3595.38508182
2020-03-22T00:00:00Z,5828.94000000,6024.15000000,5391.12000000,5466.29000000,2798.27868192
2020-03-23T00:00:00Z,5454.24000000,6199.98000000,5345.78000000,6043.76000000,4380.77083181
2020-03-24T00:00:00Z,6054.13000000,6369.73000000,5940.68000000,6283.62000000,4150.94752983
2020-03-25T00:00:00Z,6286.69000000,6470.00000000,6000.95000000,6162.17000000,3708.16076675
2020-03-26T00:00:00Z,6175.70000000,6250.00000000,5971.60000000,6135.59000000,2632.04599908
2020-03-27T00:00:00Z,6125.54000000,6230.00000000,5666.97000000,5745.31000000,2846.99380915
2020-03-28T00:00:00Z,5740.58000000,5800.00000000,5432.73000000,5621.79000000,4161.87913647
2020-03-29T00:00:00Z,5630.00000000,5649.95000000,5279.63000000,5287.30000000,2187.48617845
2020-03-30T00:00:00Z,5287.28000000,6000.00000000,5267.61000000,5816.39000000,4384.51861983
2020-03-31T00:00:00Z,5822.54000000,5949.92000000,5800.42000000,5841.57000000,2654.74190476
2020-04-01T00:00:00Z,5843.06000000,6119.89000000,5649.42000000,6081.27000000,2838.07461559
2020-04-02T00:00:00Z,6102.37000000,6645.00000000,6011.96000000,6274.94000000,5904.23526401
2020-04-03T00:00:00Z,6260.43000000,6538.79000000,6143.34000000,6249.54000000,3385.61232466
2020-04-04T00:00:00Z,6245.61000000,6483.02000000,6190.90000000,6362.29000000,1289.57140208
2020-04-05T00:00:00Z,6368.75000000,6399.00000000,6202.00000000,6282.57000000,917.83964111
2020-04-06T00:00:00Z,6282.03000000,6821.57000000,6269.90000000,6813.26000000,3888.50957205
2020-04-07T00:00:00Z,6813.26000000,6913.38000000,6477.39000000,6616.66000000,3519.11501590
2020-04-08T00:00:00Z,6613.09000000,6839.47000000,6575.03000000,6791.16000000,2151.48987413
2020-04-09T00:00:00Z,6781.32000000,6793.17000000,6553.14000000,6689.64000000,1931.59155677
2020-04-10T00:00:00Z,6691.63000000,6695.75000000,6168.21000000,6300.82000000,3045.33905925
2020-04-11T00:00:00Z,6300.36000000,6369.25000000,6203.33000000,6314.50000000,935.93724416
2020-04-12T00:00:00Z,6313.29000000,6609.17000000,6221.74000000,6329.95000000,1550.41544222
2020-04-13T00:00:00Z,6318.86000000,6340.00000000,6037.29000000,6291.12000000,2324.44585446
2020-04-14T00:00:00Z,6294.62000000,6383.52000000,6205.52000000,6270.53000000,2525.58944517
2020-04-15T00:00:00Z,6274.12000000,6331.02000000,6065.76000000,6081.57000000,2824.41199037
2020-04-16T00:00:00Z,6073.25000000,6640.93000000,5947.38000000,6559.08000000,3847.27500864
2020-04-17T00:00:00Z,6552.22000000,6604.42000000,6445.92000000,6474.13000000,1941.38350588
2020-04-18T00:00:00Z,6473.86000000,6725.00000000,6463.31000000,6682.04000000,1053.54469214
2020-04-19T00:00:00Z,6682.08000000,6699.97000000,6500.00000000,6562.41000000,1067.52858323
2020-04-20T00:00:00Z,6572.85000000,6654.41000000,6238.00000000,6311.04000000,3228.22865740
2020-04-21T00:00:00Z,6309.31000000,6429.30000000,6270.00000000,6324.83000000,2725.49898513
2020-04-22T00:00:00Z,6324.83000000,6630.00000000,6295.31000000,6601.47000000,2505.79862850
2020-04-23T00:00:00Z,6604.58000000,7174.52000000,6507.64000000,6950.00000000,3988.52608620
2020-04-24T00:00:00Z,6950.00000000,7160.84000000,6850.98000000,6948.50000000,2569.39107178
2020-04-25T00:00:00Z,6943.65000000,7138.00000000,6880.01000000,6990.47000000,1274.68027335
2020-04-26T00:00:00Z,6992.17000000,7138.00000000,6953.61000000,7129.95000000,1963.69389826
2020-04-27T00:00:00Z,7130.00000000,7218.22000000,7050.00000000,7198.67000000,2957.83842878
2020-04-28T00:00:00Z,7203.87000000,7203.89000000,7088.41000000,7173.09000000,2823.02230063
2020-04-29T00:00:00Z,7170.00000000,8273.45000000,7130.07000000,8087.82000000,9488.82410717
2020-04-30T00:00:00Z,8080.21000000,8740.07000000,7688.01000000,7890.55000000,8816.83510627
2020-05-01T00:00:00Z,7887.41000000,8292.32000000,7887.41000000,8053.19000000,3451.69134881
2020-05-02T00:00:00Z,8043.98000000,8216.20000000,7993.15000000,8179.88000000,2032.67867352
2020-05-03T00:00:00Z,8178.23000000,8380.46000000,7969.63000000,8137.69000000,3509.23550376
2020-05-04T00:00:00Z,8123.80000000,8238.39000000,7806.79000000,8168.68000000,3814.10390326
2020-05-05T00:00:00Z,8166.55000000,8395.00000000,8101.55000000,8341.48000000,3701.27096126
2020-05-06T00:00:00Z,8341.23000000,8740.00000000,8236.03000000,8483.31000000,5655.79546133
2020-05-07T00:00:00Z,8483.93000000,9299.00000000,8369.00000000,9228.06000000,8232.10730671
2020-05-08T00:00:00Z,9227.39000000,9274.44000000,8987.81000000,9071.44000000,4952.64560534
2020-05-09T00:00:00Z,9053.77000000,9167.56000000,8797.90000000,8821.35000000,2879.71952900
2020-05-10T00:00:00Z,8804.19000000,8841.92000000,7606.86000000,8072.06000000,12388.27694370
2020-05-11T00:00:00Z,8053.44000000,8526.34000000,7518.10000000,7936.60000000,12191.65020701
2020-05-12T00:00:00Z,7942.56000000,8288.73000000,7905.89000000,8148.46000000,4537.37355422
2020-05-13T00:00:00Z,8147.83000000,8714.93000000,8126.80000000,8608.33000000,3907.17349359
2020-05-14T00:00:00Z,8615.89000000,9211.05000000,8300.48000000,9070.00000000,7168.73986516
2020-05-15T00:00:00Z,9071.15000000,9114.77000000,8453.28000000,8598.13000000,4873.45855646
2020-05-16T00:00:00Z,8601.25000000,8867.87000000,8514.08000000,8679.06000000,1945.44545045
2020-05-17T00:00:00Z,8687.32000000,9133.29000000,8626.57000000,8947.67000000,2701.60220846
2020-05-18T00:00:00Z,8953.82000000,9199.35000000,8708.11000000,8910.42000000,3933.75563954
2020-05-19T00:00:00Z,8914.39000000,9043.65000000,8671.18000000,8960.25000000,3710.97676181
2020-05-20T00:00:00Z,8950.54000000,9000.00000000,8501.00000000,8664.51000000,3670.33593364
2020-05-21T00:00:00Z,8664.76000000,8731.42000000,8034.35000000,8288.60000000,5996.76900231
2020-05-22T00:00:00Z,8278.08000000,8520.00000000,8172.16000000,8424.95000000,3073.44172408
2020-05-23T00:00:00Z,8417.46000000,8556.05000000,8350.00000000,8432.20000000,1058.08774677
2020-05-24T00:00:00Z,8413.38000000,8543.21000000,7979.54000000,7990.88000000,2173.07854502
2020-05-25T00:00:00Z,7998.33000000,8254.66000000,7930.00000000,8174.11000000,2477.16903531
2020-05-26T00:00:00Z,8174.15000000,8255.32000000,7929.79000000,8064.03000000,2726.32283155
2020-05-27T00:00:00Z,8055.52000000,8411.68000000,8043.43000000,8365.75000000,2674.55864111
2020-05-28T00:00:00Z,8360.53000000,8692.92000000,8290.00000000,8648.71000000,2404.77005098
2020-05-29T00:00:00Z,8641.61000000,8675.44000000,8391.96000000,8499.71000000,2035.09072348
2020-05-30T00:00:00Z,8499.39000000,8752.81000000,8409.07000000,8716.46000000,1618.57684724
2020-05-31T00:00:00Z,8725.00000000,8725.00000000,8448.09000000,8505.86000000,988.76075124
2020-06-01T00:00:00Z,8495.82000000,9321.63000000,8476.75000000,9167.05000000,3060.88776871
2020-06-02T00:00:00Z,9174.98000000,9191.68000000,8310.93000000,8522.70000000,5893.21994254
2020-06-03T00:00:00Z,8516.13000000,8635.19000000,8381.98000000,8617.38000000,2418.13646563
2020-06-04T00:00:00Z,8611.82000000,8720.00000000,8450.00000000,8645.12000000,2612.42486436
2020-06-05T00:00:00Z,8643.53000000,8711.48000000,8491.46000000,8533.86000000,1941.57866261
2020-06-06T00:00:00Z,8530.00000000,8641.92000000,8462.00000000,8575.10000000,680.49427212
2020-06-07T00:00:00Z,8574.08000000,8694.00000000,8334.40000000,8621.13000000,1686.11226016
2020-06-08T00:00:00Z,8623.47000000,8692.10000000,8541.17000000,8657.54000000,1279.92718428
2020-06-09T00:00:00Z,8657.54000000,8738.00000000,8473.53000000,8639.06000000,1683.89334196
2020-06-10T00:00:00Z,8634.54000000,8774.94000000,8547.11000000,8713.71000000,2156.14416608
2020-06-11T00:00:00Z,8707.61000000,8765.28000000,8010.01000000,8218.45000000,4348.52471255
2020-06-12T00:00:00Z,8216.87000000,8464.78000000,8190.00000000,8423.62000000,1572.00276509
2020-06-13T00:00:00Z,8423.08000000,8437.00000000,8318.30000000,8426.22000000,582.09649502
2020-06-14T00:00:00Z,8419.16000000,8422.00000000,8236.00000000,8292.35000000,667.44974508
2020-06-15T00:00:00Z,8300.43000000,8395.00000000,7921.81000000,8324.90000000,3178.71771002
2020-06-16T00:00:00Z,8319.69000000,8498.99000000,8283.00000000,8465.50000000,1715.35270455
2020-06-17T00:00:00Z,8458.48000000,8518.00000000,8225.67000000,8421.94000000,1304.42161794
2020-06-18T00:00:00Z,8414.27000000,8440.00000000,8280.34000000,8370.91000000,1198.11900585
2020-06-19T00:00:00Z,8370.78000000,8413.36000000,8239.61000000,8325.69000000,1434.07012411
2020-06-20T00:00:00Z,8325.39000000,8400.00000000,8223.43000000,8372.79000000,559.16041122
2020-06-21T00:00:00Z,8373.24000000,8421.08000000,8298.00000000,8311.38000000,624.22696880
2020-06-22T00:00:00Z,8305.85000000,8680.00000000,8295.40000000,8589.26000000,1949.95463493
2020-06-23T00:00:00Z,8585.81000000,8619.66000000,8430.49000000,8513.60000000,1777.09668136
2020-06-24T00:00:00Z,8511.86000000,8546.39000000,8175.00000000,8267.29000000,3347.36162785
2020-06-25T00:00:00Z,8254.17000000,8328.00000000,8010.00000000,8248.10000000,2471.58517891
2020-06-26T00:00:00Z,8236.95000000,8289.12000000,8060.40000000,8179.38000000,2301.62711891
2020-06-27T00:00:00Z,8181.99000000,8206.05000000,7920.00000000,8044.83000000,1960.62521509
2020-06-28T00:00:00Z,8044.75000000,8199.00000000,7973.68000000,8126.84000000,1232.13597156
2020-06-29T00:00:00Z,8120.94000000,8220.05000000,8003.57000000,8171.13000000,1772.31570023
2020-06-30T00:00:00Z,8176.12000000,8195.00000000,8085.22000000,8145.97000000,1416.29718129
2020-07-01T00:00:00Z,8146.44000000,8272.13000000,8101.00000000,8209.36000000,1452.27839852
2020-07-02T00:00:00Z,8212.68000000,8242.89000000,7975.00000000,8103.43000000,1768.87969633
2020-07-03T00:00:00Z,8098.78000000,8141.88000000,8053.10000000,8083.93000000,1177.90288227
2020-07-04T00:00:00Z,8064.32000000,8179.00000000,8055.15000000,8135.00000000,661.26596884
2020-07-05T00:00:00Z,8127.84000000,8143.96000000,7933.36000000,8071.17000000,846.04209780
2020-07-06T00:00:00Z,8070.17000000,8282.47000000,8047.54000000,8264.08000000,1771.97101476
2020-07-07T00:00:00Z,8260.53000000,8292.49000000,8181.10000000,8217.78000000,1142.78456862
2020-07-08T00:00:00Z,8213.36000000,8360.00000000,8191.96000000,8340.36000000,1653.37982963
2020-07-09T00:00:00Z,8334.88000000,8342.67000000,8125.00000000,8197.38000000,1655.62196747
2020-07-10T00:00:00Z,8196.88000000,8250.31000000,8104.00000000,8235.44000000,1435.38687155
2020-07-11T00:00:00Z,8232.00000000,8243.77000000,8143.00000000,8188.55000000,467.92599194
2020-07-12T00:00:00Z,8188.55000000,8276.51000000,8116.12000000,8234.38000000,722.93263801
2020-07-13T00:00:00Z,8235.49000000,8257.53000000,8114.10000000,8152.44000000,1696.01531751
2020-07-14T00:00:00Z,8147.88000000,8156.88000000,8030.00000000,8123.48000000,1649.28545268
2020-07-15T00:00:00Z,8118.01000000,8133.28000000,8039.98000000,8061.72000000,1272.45416717
2020-07-16T00:00:00Z,8056.53000000,8083.39000000,7945.59000000,8024.92000000,1812.35960847
2020-07-17T00:00:00Z,8020.21000000,8053.75000000,7978.65000000,8021.21000000,1172.59286015
2020-07-18T00:00:00Z,8015.64000000,8069.23000000,7998.24000000,8037.86000000,433.13816355
2020-07-19T00:00:00Z,8033.19000000,8087.99000000,7982.00000000,8065.20000000,466.98942464
2020-07-20T00:00:00Z,8062.95000000,8076.21000000,7988.18000000,8009.74000000,1068.83931265
2020-07-21T00:00:00Z,8006.11000000,8259.60000000,8002.77000000,8157.53000000,2024.23562278
2020-07-22T00:00:00Z,8155.45000000,8255.97000000,8054.44000000,8255.97000000,1633.81710754
2020-07-23T00:00:00Z,8250.57000000,8330.00000000,8165.00000000,8294.13000000,2226.82851177
2020-07-24T00:00:00Z,8293.59000000,8299.21000000,8167.14000000,8208.73000000,1432.35976557
2020-07-25T00:00:00Z,8204.32000000,8360.00000000,8191.92000000,8338.26000000,1071.72760687
2020-07-26T00:00:00Z,8335.39000000,8684.96000000,8293.59000000,8533.66000000,2706.80688011
2020-07-27T00:00:00Z,8528.61000000,9650.00000000,8516.53000000,9386.50000000,7954.20714967
2020-07-28T00:00:00Z,9392.46000000,9573.46000000,8999.16000000,9330.07000000,5629.65873519
2020-07-29T00:00:00Z,9322.69000000,9628.25000000,9254.83000000,9435.93000000,3656.70524549
2020-07-30T00:00:00Z,9432.13000000,9457.10000000,9219.95000000,9374.87000000,2041.26063702
2020-07-31T00:00:00Z,9369.76000000,9721.19000000,9248.00000000,9647.14000000,2944.08099089
2020-08-01T00:00:00Z,9639.10000000,10092.92000000,9550.00000000,10041.36000000,2772.35962025
2020-08-02T00:00:00Z,10034.17000000,10296.46000000,9050.00000000,9387.19000000,4671.73209826
2020-08-03T00:00:00Z,9399.58000000,9785.80000000,9284.60000000,9565.04000000,2159.41264987
2020-08-04T00:00:00Z,9563.71000000,9726.14000000,9416.00000000,9489.47000000,2070.58947113
2020-08-05T00:00:00Z,9483.26000000,9940.60000000,9410.00000000,9909.89000000,2923.55510674
2020-08-06T00:00:00Z,9910.00000000,10053.75000000,9756.48000000,9925.85000000,2536.93555551
2020-08-07T00:00:00Z,9917.17000000,10061.36000000,9626.66000000,9856.89000000,2398.41407799
2020-08-08T00:00:00Z,9850.44000000,10025.67000000,9797.68000000,9988.61000000,635.29124140
2020-08-09T00:00:00Z,9981.35000000,10017.97000000,9800.00000000,9928.98000000,575.49572092
2020-08-10T00:00:00Z,9925.41000000,10237.43000000,9810.12000000,10137.21000000,2917.22302434
2020-08-11T00:00:00Z,10137.35000000,10177.59000000,9475.00000000,9732.50000000,3320.41635874
2020-08-12T00:00:00Z,9721.09000000,9872.44000000,9515.46000000,9818.20000000,1986.11229356
2020-08-13T00:00:00Z,9818.84000000,9987.67000000,9550.01000000,9984.12000000,2173.32909120
2020-08-14T00:00:00Z,9986.78000000,10040.00000000,9875.00000000,9959.51000000,1331.38185517
2020-08-15T00:00:00Z,9956.55000000,10120.00000000,9900.00000000,10024.07000000,985.35181901
2020-08-16T00:00:00Z,10016.70000000,10086.47000000,9891.98000000,10053.33000000,699.39818566
2020-08-17T00:00:00Z,10062.74000000,10504.59000000,9925.00000000,10346.09000000,3871.62329610
2020-08-18T00:00:00Z,10364.05000000,10428.14000000,9934.88000000,10016.38000000,3104.15806700
2020-08-19T00:00:00Z,10015.00000000,10073.10000000,9734.10000000,9940.71000000,3690.59072595
2020-08-20T00:00:00Z,9935.88000000,10046.45000000,9872.42000000,10008.96000000,1839.24071321
2020-08-21T00:00:00Z,10010.41000000,10050.71000000,9451.44000000,9789.80000000,2256.21544048
2020-08-22T00:00:00Z,9793.71000000,9930.86000000,9674.38000000,9919.12000000,790.67960748
2020-08-23T00:00:00Z,9918.63000000,9946.06000000,9789.25000000,9888.91000000,588.03851441
2020-08-24T00:00:00Z,9890.89000000,10009.99000000,9836.32000000,9982.42000000,1525.00357112
2020-08-25T00:00:00Z,9970.91000000,9990.58000000,9417.14000000,9588.03000000,2253.04126328
2020-08-26T00:00:00Z,9583.00000000,9765.20000000,9532.40000000,9693.32000000,1742.92639679
2020-08-27T00:00:00Z,9698.45000000,9778.47000000,9430.02000000,9591.93000000,1977.41585961
2020-08-28T00:00:00Z,9598.07000000,9717.55000000,9564.17000000,9710.84000000,1423.83050567
2020-08-29T00:00:00Z,9700.36000000,9749.00000000,9622.07000000,9663.17000000,528.55523314
2020-08-30T00:00:00Z,9654.72000000,9840.00000000,9651.68000000,9829.17000000,675.37856310
2020-08-31T00:00:00Z,9837.17000000,9878.99000000,9735.68000000,9780.33000000,1595.70957095
2020-09-01T00:00:00Z,9771.58000000,10119.59000000,9681.05000000,10001.72000000,2226.71228020
2020-09-02T00:00:00Z,9997.36000000,10034.76000000,9457.00000000,9637.53000000,3114.03581988
2020-09-03T00:00:00Z,9633.69000000,9727.25000000,8458.78000000,8616.19000000,5524.88495197
2020-09-04T00:00:00Z,8595.41000000,8993.29000000,8401.90000000,8851.00000000,3644.72288130
2020-09-05T00:00:00Z,8854.72000000,8944.57000000,8308.51000000,8600.81000000,2406.40314626
2020-09-06T00:00:00Z,8590.52000000,8749.58000000,8465.00000000,8661.09000000,1535.32441977
2020-09-07T00:00:00Z,8665.03000000,8820.00000000,8370.00000000,8785.74000000,2583.61267996
2020-09-08T00:00:00Z,8789.65000000,8838.03000000,8383.71000000,8608.75000000,2773.58685079
2020-09-09T00:00:00Z,8610.12000000,8776.52000000,8482.69000000,8676.47000000,1704.70412106
2020-09-10T00:00:00Z,8665.92000000,8829.36000000,8665.84000000,8770.18000000,2169.64442876
2020-09-11T00:00:00Z,8761.50000000,8798.00000000,8631.00000000,8792.15000000,1432.64494467
2020-09-12T00:00:00Z,8787.52000000,8865.00000000,8699.85000000,8833.65000000,499.35471324
2020-09-13T00:00:00Z,8828.34000000,8945.34000000,8646.16000000,8737.58000000,757.88507707
2020-09-14T00:00:00Z,8739.59000000,9073.08000000,8669.99000000,9010.40000000,2113.97264776
2020-09-15T00:00:00Z,9007.35000000,9217.33000000,8943.33000000,9118.52000000,1906.99539900
2020-09-16T00:00:00Z,9115.83000000,9390.34000000,9023.37000000,9288.38000000,2106.25239392
2020-09-17T00:00:00Z,9288.38000000,9386.27000000,9116.66000000,9243.73000000,1706.60066563
2020-09-18T00:00:00Z,9240.17000000,9327.28000000,9137.22000000,9248.57000000,1138.55184570
2020-09-19T00:00:00Z,9246.11000000,9444.00000000,9216.47000000,9373.96000000,538.74346334
2020-09-20T00:00:00Z,9375.75000000,9375.76000000,9105.75000000,9230.61000000,583.66121198
2020-09-21T00:00:00Z,9230.61000000,9269.99000000,8779.13000000,8862.84000000,2213.92991354
2020-09-22T00:00:00Z,8866.59000000,9044.10000000,8816.75000000,9001.71000000,1547.61576736
2020-09-23T00:00:00Z,9006.24000000,9022.49000000,8704.55000000,8790.51000000,1360.47561686
2020-09-24T00:00:00Z,8790.17000000,9251.09000000,8763.11000000,9198.97000000,1751.25573122
2020-09-25T00:00:00Z,9198.28000000,9259.92000000,9076.16000000,9197.89000000,1524.28181053
2020-09-26T00:00:00Z,9193.33000000,9310.00000000,9162.96000000,9222.69000000,605.03791559
2020-09-27T00:00:00Z,9229.38000000,9285.80000000,9107.57000000,9266.44000000,422.39480068
2020-09-28T00:00:00Z,9270.15000000,9411.51000000,9120.00000000,9161.44000000,1844.64155831
2020-09-29T00:00:00Z,9152.53000000,9258.43000000,9080.20000000,9244.30000000,1630.89771232
2020-09-30T00:00:00Z,9240.84000000,9249.00000000,9108.88000000,9201.12000000,1473.36502048
2020-10-01T00:00:00Z,9204.92000000,9319.22000000,8907.00000000,9054.11000000,1911.82430865
2020-10-02T00:00:00Z,9046.18000000,9113.03000000,8867.77000000,9023.20000000,2243.59408738
2020-10-03T00:00:00Z,9017.54000000,9057.99000000,8950.71000000,9016.70000000,436.83292195
2020-10-04T00:00:00Z,9011.94000000,9134.54000000,8992.27000000,9103.73000000,323.43214306
2020-10-05T00:00:00Z,9101.58000000,9165.10000000,9054.45000000,9155.72000000,1482.92525604
2020-10-06T00:00:00Z,9156.29000000,9164.98000000,8978.35000000,9043.50000000,1539.08326140
2020-10-07T00:00:00Z,9042.64000000,9080.90000000,9000.36000000,9075.94000000,1479.72221439
2020-10-08T00:00:00Z,9073.60000000,9325.25000000,8964.70000000,9282.15000000,1716.72452450
2020-10-09T00:00:00Z,9285.10000000,9409.00000000,9199.08000000,9360.52000000,1740.80367007
2020-10-10T00:00:00Z,9353.90000000,9700.00000000,9353.90000000,9533.65000000,1150.80430284
2020-10-11T00:00:00Z,9532.17000000,9649.98000000,9514.83000000,9620.29000000,575.11863365
2020-10-12T00:00:00Z,9620.29000000,9918.16000000,9433.00000000,9757.41000000,2035.85558895
2020-10-13T00:00:00Z,9752.72000000,9805.98000000,9617.60000000,9734.23000000,1577.84717060
2020-10-14T00:00:00Z,9737.47000000,9832.89000000,9617.80000000,9740.20000000,1348.09920323
2020-10-15T00:00:00Z,9734.63000000,9919.27000000,9628.12000000,9829.02000000,1190.56270385
2020-10-16T00:00:00Z,9826.27000000,9859.85000000,9560.01000000,9677.44000000,1527.61098515
2020-10-17T00:00:00Z,9670.03000000,9743.45000000,9627.76000000,9708.13000000,509.20213717
2020-10-18T00:00:00Z,9701.60000000,9833.79000000,9689.54000000,9828.20000000,449.19769371
2020-10-19T00:00:00Z,9827.27000000,10027.00000000,9750.03000000,9993.59000000,2043.02211466
2020-10-20T00:00:00Z,9987.88000000,10190.00000000,9929.51000000,10086.45000000,2023.92160151
2020-10-21T00:00:00Z,10081.81000000,11085.00000000,10067.90000000,10763.91000000,5031.03438188
2020-10-22T00:00:00Z,10754.70000000,11160.00000000,10674.40000000,10994.80000000,2657.28311885
2020-10-23T00:00:00Z,10972.15000000,11030.14000000,10742.38000000,10909.18000000,2037.40889433
2020-10-24T00:00:00Z,10894.72000000,11099.75000000,10851.26000000,11060.59000000,650.40396019
2020-10-25T00:00:00Z,11054.57000000,11247.64000000,10878.08000000,11012.39000000,823.04378038
2020-10-26T00:00:00Z,10998.94000000,11207.35000000,10811.79000000,11080.91000000,1837.51086565
2020-10-27T00:00:00Z,11077.80000000,11714.37000000,11054.14000000,11583.11000000,2773.89164045
2020-10-28T00:00:00Z,11583.11000000,11769.44000000,10983.00000000,11316.29000000,3379.88097897
2020-10-29T00:00:00Z,11313.52000000,11721.65000000,11087.48000000,11535.20000000,2176.73525329
2020-10-30T00:00:00Z,11521.72000000,11745.00000000,11191.38000000,11651.51000000,2520.67439507
2020-10-31T00:00:00Z,11654.32000000,12081.43000000,11479.94000000,11850.07000000,1715.03949093
2020-11-01T00:00:00Z,11827.57000000,11930.00000000,11700.00000000,11821.48000000,661.65281185
2020-11-02T00:00:00Z,11833.75000000,11890.00000000,11356.02000000,11664.86000000,2295.22531839
2020-11-03T00:00:00Z,11662.02000000,11978.45000000,11420.92000000,11930.00000000,2216.00283303
2020-11-04T00:00:00Z,11934.00000000,12171.00000000,11628.57000000,12065.73000000,2694.81010000
2020-11-05T00:00:00Z,12067.86000000,13328.56000000,12024.21000000,13189.04000000,4018.88690604
2020-11-06T00:00:00Z,13193.67000000,13527.88000000,12801.00000000,13144.42000000,3652.18161754
2020-11-07T00:00:00Z,13142.39000000,13278.28000000,12001.99000000,12456.02000000,2916.45608311
2020-11-08T00:00:00Z,12442.16000000,13184.38000000,12362.52000000,13002.47000000,1370.05104764
2020-11-09T00:00:00Z,12996.94000000,13321.00000000,12560.00000000,12970.99000000,2814.23734085
2020-11-10T00:00:00Z,12966.65000000,13103.28000000,12762.71000000,12974.04000000,1780.93312863
2020-11-11T00:00:00Z,12965.38000000,13566.20000000,12946.79000000,13330.99000000,3494.27438150
2020-11-12T00:00:00Z,13318.74000000,13860.00000000,13133.65000000,13834.35000000,2691.28774212
2020-11-13T00:00:00Z,13827.75000000,13976.47000000,13512.46000000,13814.14000000,2017.48372679
2020-11-14T00:00:00Z,13804.84000000,13812.11000000,13295.01000000,13591.73000000,1744.07458338
2020-11-15T00:00:00Z,13589.87000000,13677.00000000,13337.97000000,13491.33000000,880.75279385
2020-11-16T00:00:00Z,13492.76000000,14256.00000000,13424.30000000,14092.79000000,2108.75716663
2020-11-17T00:00:00Z,14093.43000000,15069.90000000,13967.47000000,14887.09000000,3459.99982605
2020-11-18T00:00:00Z,14877.69000000,15522.56000000,14473.61000000,15013.49000000,5292.59208994
2020-11-19T00:00:00Z,15015.26000000,15377.29000000,14672.79000000,15032.78000000,2813.64093359
2020-11-20T00:00:00Z,15034.09000000,15873.96000000,14940.57000000,15749.98000000,2871.92443054
2020-11-21T00:00:00Z,15735.51000000,15973.37000000,15502.57000000,15745.80000000,1599.56957882
2020-11-22T00:00:00Z,15740.00000000,15950.00000000,13101.01000000,15539.44000000,4086.56264625
2020-11-23T00:00:00Z,15515.17000000,15811.40000000,15153.32000000,15535.87000000,1883.24750470
2020-11-24T00:00:00Z,15515.04000000,16385.68000000,15250.00000000,16109.09000000,5269.88067994
2020-11-25T00:00:00Z,16111.63000000,16394.03000000,15517.14000000,15725.86000000,2466.06530680
2020-11-26T00:00:00Z,15709.62000000,15861.01000000,13559.50000000,14415.00000000,9789.91479760
2020-11-27T00:00:00Z,14408.56000000,14660.00000000,13767.20000000,14332.52000000,3242.72336971
2020-11-28T00:00:00Z,14336.77000000,14975.00000000,14119.55000000,14835.73000000,2018.34110705
2020-11-29T00:00:00Z,14830.64000000,15344.04000000,14673.44000000,15202.59000000,1742.63413090
2020-11-30T00:00:00Z,15209.47000000,16569.00000000,15204.49000000,16430.87000000,4808.14841558
2020-12-01T00:00:00Z,16433.81000000,16646.80000000,15115.08000000,15580.28000000,4247.68756479
2020-12-02T00:00:00Z,15582.63000000,16077.58000000,15200.00000000,15879.71000000,1864.52533694
2020-12-03T00:00:00Z,15856.24000000,16149.00000000,15600.00000000,16017.53000000,1840.13228344
2020-12-04T00:00:00Z,16008.52000000,16091.81000000,15320.00000000,15413.88000000,2220.39627967
2020-12-05T00:00:00Z,15407.46000000,15949.50000000,15146.70000000,15814.84000000,947.54462907
2020-12-06T00:00:00Z,15817.75000000,16016.00000000,15592.86000000,15990.27000000,831.79240462
2020-12-07T00:00:00Z,15992.20000000,16027.57000000,15615.01000000,15838.28000000,1332.65485067
2020-12-08T00:00:00Z,15831.52000000,15935.98000000,15015.00000000,15134.28000000,2026.39692629
2020-12-09T00:00:00Z,15131.82000000,15450.00000000,14539.36000000,15364.83000000,2629.01452329
2020-12-10T00:00:00Z,15361.65000000,15376.25000000,14746.75000000,15027.05000000,1488.11274309
2020-12-11T00:00:00Z,15033.96000000,15064.85000000,14500.00000000,14899.56000000,2412.20990820
2020-12-12T00:00:00Z,14910.29000000,15655.00000000,14881.75000000,15534.46000000,1364.10096301
2020-12-13T00:00:00Z,15541.24000000,16016.16000000,15474.60000000,15792.31000000,1383.11801606
2020-12-14T00:00:00Z,15779.34000000,15938.00000000,15662.65000000,15865.66000000,1390.63153899
2020-12-15T00:00:00Z,15856.08000000,16092.72000000,15676.54000000,15977.45000000,1932.68993193
2020-12-16T00:00:00Z,15988.00000000,17683.21000000,15869.69000000,17523.09000000,4519.32717703
2020-12-17T00:00:00Z,17512.21000000,19441.05000000,17402.72000000,18577.26000000,6744.56442874
2020-12-18T00:00:00Z,18563.62000000,18977.43000000,18250.14000000,18880.65000000,2901.59825529
2020-12-19T00:00:00Z,18862.78000000,19700.00000000,18596.21000000,19409.75000000,2702.15312304
2020-12-20T00:00:00Z,19409.75000000,19800.00000000,18800.68000000,19219.72000000,2125.07851807
2020-12-21T00:00:00Z,19208.69000000,19760.57000000,18052.66000000,18606.57000000,4188.26873463
2020-12-22T00:00:00Z,18594.23000000,19550.00000000,18340.00000000,19528.43000000,2515.73840514
2020-12-23T00:00:00Z,19525.67000000,19800.00000000,18527.13000000,19054.03000000,3516.79168449
2020-12-24T00:00:00Z,19046.39000000,19710.00000000,18610.00000000,19462.66000000,2468.99819308
2020-12-25T00:00:00Z,19467.14000000,20310.00000000,19241.73000000,20233.92000000,2665.63345636
2020-12-26T00:00:00Z,20242.64000000,22000.00000000,20066.55000000,21671.45000000,4031.66679755
2020-12-27T00:00:00Z,21683.48000000,23223.80000000,20937.70000000,21368.41000000,6680.55508754
2020-12-28T00:00:00Z,21351.71000000,22480.00000000,21201.32000000,22137.76000000,3126.04619552
2020-12-29T00:00:00Z,22121.38000000,22322.00000000,21000.00000000,22300.06000000,3049.23984901
2020-12-30T00:00:00Z,22311.53000000,23567.00000000,22304.12000000,23489.64000000,3480.54821462
2020-12-31T00:00:00Z,23491.71000000,23882.00000000,22750.00000000,23687.84000000,2459.91003811
2021-01-01T00:00:00Z,23671.62000000,24197.78000000,23511.40000000,24033.14000000,1601.19959034
2021-01-02T00:00:00Z,24033.69000000,26950.00000000,23600.00000000,25980.18000000,5533.29489706
2021-01-03T00:00:00Z,25981.53000000,27643.50000000,25645.40000000,26501.73000000,7408.14768028
2021-01-04T00:00:00Z,26500.70000000,27391.00000000,22252.00000000,26159.99000000,8254.99972217
2021-01-05T00:00:00Z,26140.58000000,28028.00000000,24390.00000000,27664.44000000,4822.78379327
2021-01-06T00:00:00Z,27675.67000000,29972.00000000,27053.86000000,29838.02000000,5147.29878367
2021-01-07T00:00:00Z,29853.94000000,32880.90000000,29200.00000000,32019.95000000,8432.53598579
2021-01-08T00:00:00Z,32044.12000000,34221.00000000,29771.73000000,33155.47000000,5794.31131674
2021-01-09T00:00:00Z,33138.74000000,33798.00000000,31715.18000000,32706.29000000,1948.78881434
2021-01-10T00:00:00Z,32669.98000000,33539.75000000,27770.00000000,31287.24000000,6633.47547952
2021-01-11T00:00:00Z,31287.24000000,31358.16000000,24700.00000000,29160.43000000,16214.81438250
2021-01-12T00:00:00Z,29113.23000000,30158.80000000,26693.85000000,27898.34000000,5641.67964238
2021-01-13T00:00:00Z,27889.23000000,31097.00000000,26516.20000000,30716.37000000,5735.84729120
2021-01-14T00:00:00Z,30739.48000000,33095.98000000,30223.39000000,32163.97000000,4286.32310405
2021-01-15T00:00:00Z,32171.63000000,32590.00000000,28385.61000000,30453.02000000,4590.21585715
2021-01-16T00:00:00Z,30404.34000000,31398.44000000,29133.14000000,29821.10000000,2493.15300275
2021-01-17T00:00:00Z,29821.07000000,30450.00000000,28023.88000000,29635.14000000,2367.56629465
2021-01-18T00:00:00Z,29624.01000000,31043.24000000,28834.62000000,30260.80000000,2455.87143528
2021-01-19T00:00:00Z,30300.19000000,31180.00000000,29487.14000000,29601.99000000,2512.25300306
2021-01-20T00:00:00Z,29563.67000000,29988.63000000,27621.97000000,29263.73000000,3347.53399604
2021-01-21T00:00:00Z,29282.94000000,29403.92000000,24700.00000000,25364.83000000,5937.83441024
2021-01-22T00:00:00Z,25375.70000000,27887.56000000,23670.85000000,27154.42000000,4240.56197527
2021-01-23T00:00:00Z,27120.80000000,27550.00000000,25841.10000000,26373.62000000,1588.66014357
2021-01-24T00:00:00Z,26363.79000000,27156.13000000,25440.00000000,26525.19000000,1430.03424215
2021-01-25T00:00:00Z,26552.69000000,28713.15000000,26320.00000000,26600.19000000,2817.57335365
2021-01-26T00:00:00Z,26579.58000000,27083.24000000,25397.67000000,26752.71000000,2616.79879568
2021-01-27T00:00:00Z,26715.32000000,26785.16000000,24207.77000000,25121.00000000,3443.31371087
2021-01-28T00:00:00Z,25104.88000000,27879.10000000,24721.12000000,27583.46000000,2789.76347358
2021-01-29T00:00:00Z,27564.62000000,31588.64000000,26429.43000000,28200.00000000,8393.46978252
2021-01-30T00:00:00Z,28220.48000000,28773.57000000,27084.14000000,28252.88000000,2025.61044955
2021-01-31T00:00:00Z,28237.88000000,28305.44000000,26561.65000000,27312.77000000,1956.12190827
2021-02-01T00:00:00Z,27334.25000000,28693.78000000,26666.00000000,27799.78000000,2480.84561755
2021-02-02T00:00:00Z,27758.47000000,29950.00000000,27712.94000000,29487.88000000,2523.75633898
2021-02-03T00:00:00Z,29482.64000000,31287.04000000,29396.47000000,31230.94000000,2609.06496501
2021-02-04T00:00:00Z,31241.26000000,32281.48000000,30209.33000000,30904.01000000,3119.28574244
2021-02-05T00:00:00Z,30874.26000000,31940.13000000,30614.41000000,31779.58000000,1653.63891815
2021-02-06T00:00:00Z,31806.01000000,34000.00000000,31734.05000000,32621.21000000,2423.93066857
2021-02-07T00:00:00Z,32630.49000000,32999.00000000,31042.00000000,32252.19000000,2169.56838282
2021-02-08T00:00:00Z,32259.20000000,38791.00000000,31580.61000000,38485.29000000,5987.86712654
2021-02-09T00:00:00Z,38496.78000000,39923.32000000,37221.00000000,38400.00000000,4076.12001124
2021-02-10T00:00:00Z,38399.31000000,39158.60000000,36028.41000000,37025.37000000,3019.13900721
2021-02-11T00:00:00Z,37068.49000000,40000.00000000,36383.79000000,39539.59000000,3367.85585002
2021-02-12T00:00:00Z,39572.43000000,40284.38000000,38230.48000000,39124.46000000,2803.11870726
2021-02-13T00:00:00Z,39126.96000000,39714.85000000,38300.47000000,39035.84000000,1477.30655767
2021-02-14T00:00:00Z,39035.83000000,41074.06000000,38907.40000000,40187.08000000,2145.55126734
2021-02-15T00:00:00Z,40177.28000000,40524.02000000,38058.74000000,39543.30000000,2845.79004073
2021-02-16T00:00:00Z,39537.04000000,41500.00000000,38843.35000000,40669.37000000,3347.98152423
2021-02-17T00:00:00Z,40681.52000000,43715.61000000,40483.50000000,43248.05000000,3382.20495361
2021-02-18T00:00:00Z,43270.00000000,43571.70000000,42204.24000000,42661.52000000,2113.76400446
2021-02-19T00:00:00Z,42692.64000000,46368.24000000,42065.66000000,46059.20000000,3367.98381626
2021-02-20T00:00:00Z,46109.31000000,47432.13000000,44769.42000000,46252.36000000,2462.17348214
2021-02-21T00:00:00Z,46206.63000000,48115.20000000,45968.92000000,47419.31000000,1539.48195169
2021-02-22T00:00:00Z,47400.00000000,47491.99000000,39000.00000000,44529.92000000,8682.95297320
2021-02-23T00:00:00Z,44524.94000000,44586.34000000,36900.00000000,40231.97000000,10704.04724111
2021-02-24T00:00:00Z,40240.02000000,42387.86000000,38695.24000000,40869.40000000,4931.79442310
2021-02-25T00:00:00Z,40863.22000000,42538.60000000,38511.00000000,38843.16000000,3083.84955260
2021-02-26T00:00:00Z,38832.61000000,40058.12000000,36443.11000000,38431.58000000,4187.78115088
2021-02-27T00:00:00Z,38409.55000000,40064.70000000,37469.96000000,38300.00000000,1801.84227890
2021-02-28T00:00:00Z,38311.60000000,38701.93000000,35750.00000000,37377.25000000,2941.12796111
2021-03-01T00:00:00Z,37402.76000000,41333.75000000,37225.99000000,41164.68000000,2879.70281091
2021-03-02T00:00:00Z,41164.68000000,41680.42000000,38974.68000000,40159.40000000,2260.41488530
2021-03-03T00:00:00Z,40165.01000000,43570.98000000,39872.61000000,41819.69000000,2662.15508041
2021-03-04T00:00:00Z,41841.31000000,42924.40000000,39704.24000000,40413.35000000,2799.01265278
2021-03-05T00:00:00Z,40432.40000000,41500.41000000,38800.00000000,40916.78000000,2580.34261165
2021-03-06T00:00:00Z,40898.01000000,41284.11000000,39631.59000000,40993.53000000,1076.47709166
2021-03-07T00:00:00Z,41045.47000000,43099.12000000,41045.47000000,42660.36000000,1820.05113576
2021-03-08T00:00:00Z,42656.41000000,44100.00000000,41483.32000000,44094.10000000,2147.07040788
2021-03-09T00:00:00Z,44094.10000000,46124.00000000,43691.09000000,46124.00000000,2179.17459584
2021-03-10T00:00:00Z,46124.00000000,48076.16000000,44687.20000000,46865.90000000,2656.51024707
2021-03-11T00:00:00Z,46889.55000000,48475.35000000,45508.21000000,48233.19000000,2409.91493722
2021-03-12T00:00:00Z,48271.47000000,48420.00000000,46069.03000000,47792.61000000,2626.83200744
2021-03-13T00:00:00Z,47804.66000000,50498.00000000,46904.51000000,50162.95000000,2389.48783449
2021-03-14T00:00:00Z,50179.87000000,50700.00000000,49243.23000000,49350.16000000,1194.33235501
2021-03-15T00:00:00Z,49350.16000000,50564.58000000,46012.00000000,46725.79000000,3712.11730012
2021-03-16T00:00:00Z,46705.53000000,47788.74000000,44760.00000000,47776.60000000,2387.91753766
2021-03-17T00:00:00Z,47788.72000000,49195.47000000,45564.02000000,49153.80000000,2169.83310581
2021-03-18T00:00:00Z,49175.10000000,50378.19000000,47871.25000000,48403.51000000,2047.42547942
2021-03-19T00:00:00Z,48403.50000000,49911.53000000,47300.00000000,48829.53000000,1626.41041939
2021-03-20T00:00:00Z,48827.26000000,50200.80000000,48652.97000000,48876.41000000,1373.29684425
2021-03-21T00:00:00Z,48821.40000000,49257.61000000,46900.00000000,48264.16000000,1650.08099742
2021-03-22T00:00:00Z,48284.85000000,49085.82000000,45169.58000000,45402.30000000,2105.70672768
2021-03-23T00:00:00Z,45402.30000000,47126.88000000,44500.39000000,45972.73000000,2433.71874800
2021-03-24T00:00:00Z,45914.85000000,48411.45000000,43300.00000000,44269.28000000,3149.49343859
2021-03-25T00:00:00Z,44313.67000000,45098.34000000,42745.20000000,43693.72000000,3314.40296628
2021-03-26T00:00:00Z,43630.38000000,46729.78000000,43580.58000000,46709.25000000,1435.52727576
2021-03-27T00:00:00Z,46671.50000000,47937.90000000,45747.91000000,47375.77000000,1249.33948298
2021-03-28T00:00:00Z,47302.74000000,47906.82000000,46345.35000000,47343.08000000,1002.59730342
2021-03-29T00:00:00Z,47344.27000000,49490.00000000,46638.72000000,48880.44000000,2244.02826498
2021-03-30T00:00:00Z,48866.43000000,50499.17000000,48435.32000000,50124.03000000,1579.81241003
2021-03-31T00:00:00Z,50085.26000000,50975.00000000,48500.00000000,50028.89000000,2102.32534138
2021-04-01T00:00:00Z,50014.16000000,50669.10000000,49219.00000000,49895.83000000,1084.18841164
2021-04-02T00:00:00Z,49900.87000000,51047.18000000,49687.42000000,50136.05000000,1352.04998671
2021-04-03T00:00:00Z,50106.52000000,50660.33000000,48624.80000000,48763.00000000,1159.26454922
2021-04-04T00:00:00Z,48718.92000000,49876.60000000,48250.00000000,49456.77000000,1032.66493062
2021-04-05T00:00:00Z,49465.27000000,50197.26000000,48338.63000000,49950.00000000,1277.86693677
2021-04-06T00:00:00Z,49950.00000000,50190.00000000,48450.00000000,48876.04000000,1323.99400483
2021-04-07T00:00:00Z,48860.26000000,49420.72000000,46810.50000000,47228.84000000,2468.49528653
2021-04-08T00:00:00Z,47213.41000000,48830.72000000,47011.20000000,48776.48000000,1092.82731317
2021-04-09T00:00:00Z,48755.65000000,49539.40000000,48553.60000000,48907.45000000,767.65024863
2021-04-10T00:00:00Z,48894.33000000,50755.40000000,48722.68000000,50146.06000000,1968.97450631
2021-04-11T00:00:00Z,50131.21000000,50600.00000000,49541.60000000,50342.94000000,1064.91727639
2021-04-12T00:00:00Z,50391.21000000,51446.04000000,49965.00000000,50189.68000000,1665.50337817
2021-04-13T00:00:00Z,50189.68000000,53333.00000000,50143.92000000,53154.03000000,2349.00928757
2021-04-14T00:00:00Z,53189.76000000,54203.35000000,51300.00000000,52597.64000000,2378.78872429
2021-04-15T00:00:00Z,52625.14000000,53354.35000000,51911.50000000,52890.74000000,1287.96663158
2021-04-16T00:00:00Z,52851.44000000,53178.22000000,50080.23000000,51271.98000000,2337.81533726
2021-04-17T00:00:00Z,51293.15000000,52267.54000000,50179.53000000,50503.86000000,1330.67342218
2021-04-18T00:00:00Z,50537.44000000,50818.19000000,44099.05000000,47053.79000000,5854.42722750
2021-04-19T00:00:00Z,47039.18000000,48143.35000000,45223.78000000,46281.66000000,2352.75548362
2021-04-20T00:00:00Z,46284.52000000,47500.00000000,44311.10000000,47035.83000000,2672.01247349
2021-04-21T00:00:00Z,46998.59000000,47240.25000000,44620.00000000,44734.03000000,1843.96560359
2021-04-22T00:00:00Z,44728.80000000,46070.89000000,41983.12000000,43070.98000000,4161.63130300
2021-04-23T00:00:00Z,43052.12000000,43364.81000000,39370.00000000,42404.06000000,5928.82378121
2021-04-24T00:00:00Z,42404.06000000,42421.70000000,40499.48000000,41534.18000000,2128.37110895
2021-04-25T00:00:00Z,41550.45000000,41883.74000000,38974.68000000,40650.69000000,1996.08837351
2021-04-26T00:00:00Z,40650.69000000,45045.68000000,40436.56000000,44787.52000000,3123.44110088
2021-04-27T00:00:00Z,44757.76000000,45920.00000000,44217.66000000,45562.78000000,1460.13458802
2021-04-28T00:00:00Z,45575.20000000,46527.98000000,44626.87000000,45257.39000000,1880.81742094
2021-04-29T00:00:00Z,45251.62000000,45524.12000000,43209.07000000,44202.49000000,1610.48613841
2021-04-30T00:00:00Z,44198.93000000,48179.68000000,43793.92000000,47991.24000000,2336.21377840
2021-05-01T00:00:00Z,47975.30000000,48682.70000000,47389.23000000,47998.17000000,1474.03907378
2021-05-02T00:00:00Z,48026.89000000,48090.64000000,46711.04000000,47090.62000000,1092.81432007
2021-05-03T00:00:00Z,47090.61000000,48996.82000000,46826.40000000,47404.06000000,1910.00885025
2021-05-04T00:00:00Z,47445.49000000,47474.42000000,44257.99000000,44352.95000000,3587.60663072
2021-05-05T00:00:00Z,44343.85000000,48300.00000000,44099.05000000,47810.75000000,2723.48280504
2021-05-06T00:00:00Z,47781.31000000,48423.35000000,45850.31000000,46778.47000000,2319.67399158
2021-05-07T00:00:00Z,46778.47000000,48292.28000000,45861.52000000,47278.79000000,1978.15418005
2021-05-08T00:00:00Z,47272.70000000,49000.00000000,46945.92000000,48470.77000000,1726.07131224
2021-05-09T00:00:00Z,48470.77000000,48769.77000000,46510.00000000,47907.70000000,1749.24352225
2021-05-10T00:00:00Z,47941.60000000,48976.04000000,44346.42000000,46067.89000000,3632.09451408
2021-05-11T00:00:00Z,46067.89000000,46898.15000000,44932.33000000,46740.90000000,1781.03332946
2021-05-12T00:00:00Z,46721.47000000,47872.64000000,40300.28000000,41027.63000000,3332.70892519
2021-05-13T00:00:00Z,41068.70000000,42540.64000000,37977.63000000,41149.99000000,6540.92763587
2021-05-14T00:00:00Z,41132.48000000,42539.34000000,40402.46000000,41083.47000000,2667.78202213
2021-05-15T00:00:00Z,41124.45000000,41723.91000000,38390.02000000,38577.90000000,2647.29613327
2021-05-16T00:00:00Z,38593.56000000,41042.54000000,36008.67000000,38194.32000000,3812.24829626
2021-05-17T00:00:00Z,38190.93000000,38338.18000000,34600.00000000,35844.09000000,5576.89309482
2021-05-18T00:00:00Z,35833.88000000,37657.59000000,34658.72000000,35148.55000000,3095.04062885
2021-05-19T00:00:00Z,35121.45000000,35680.05000000,24150.00000000,30233.82000000,16665.79431839
2021-05-20T00:00:00Z,30196.29000000,34997.76000000,28843.74000000,33235.50000000,8176.66932237
2021-05-21T00:00:00Z,33254.71000000,34528.49000000,27525.72000000,30682.85000000,7508.53290817
2021-05-22T00:00:00Z,30668.22000000,31912.04000000,28953.11000000,30816.45000000,3986.61085006
2021-05-23T00:00:00Z,30809.58000000,31434.32000000,25553.28000000,28503.62000000,7110.42428740
2021-05-24T00:00:00Z,28517.79000000,32790.13000000,28261.63000000,31805.78000000,4775.24920032
2021-05-25T00:00:00Z,31835.75000000,32628.30000000,29619.48000000,31343.53000000,3230.93152347
2021-05-26T00:00:00Z,31338.21000000,33450.10000000,30885.34000000,32249.70000000,2748.21580676
2021-05-27T00:00:00Z,32254.55000000,33188.67000000,30583.27000000,31585.12000000,2153.25427116
2021-05-28T00:00:00Z,31670.54000000,31943.19000000,28499.88000000,29321.99000000,3539.66871159
2021-05-29T00:00:00Z,29311.41000000,30620.05000000,27724.50000000,28487.42000000,3058.33389778
2021-05-30T00:00:00Z,28501.56000000,30018.41000000,27525.72000000,29298.12000000,2355.80797848
2021-05-31T00:00:00Z,29224.34000000,30675.96000000,28076.59000000,30514.17000000,2256.26668679
2021-06-01T00:00:00Z,30474.98000000,31000.02000000,29226.77000000,30028.05000000,2046.09967790
2021-06-02T00:00:00Z,30023.56000000,31332.10000000,29434.85000000,30798.03000000,1976.61198149
2021-06-03T00:00:00Z,30779.43000000,32395.02000000,30480.41000000,32339.24000000,1921.32685099
2021-06-04T00:00:00Z,32356.53000000,32395.00000000,29402.55000000,30301.55000000,2559.11762518
2021-06-05T00:00:00Z,30335.60000000,31278.52000000,28739.10000000,29293.79000000,2774.34928375
2021-06-06T00:00:00Z,29293.79000000,30066.04000000,29015.41000000,29463.22000000,1591.48959186
2021-06-07T00:00:00Z,29461.54000000,30272.25000000,27381.83000000,27608.37000000,2242.52051488
2021-06-08T00:00:00Z,27565.36000000,27975.28000000,25461.50000000,27461.98000000,4525.43083614
2021-06-09T00:00:00Z,27415.47000000,30834.82000000,26648.70000000,30706.72000000,3894.62676921
2021-06-10T00:00:00Z,30727.13000000,31622.32000000,29427.40000000,30142.73000000,3331.74690131
2021-06-11T00:00:00Z,30153.77000000,31014.18000000,29543.93000000,30833.96000000,2471.88166978
2021-06-12T00:00:00Z,30849.99000000,30932.93000000,28705.70000000,29393.69000000,2524.69492902
2021-06-13T00:00:00Z,29422.62000000,32492.75000000,28824.58000000,32204.72000000,2836.88364101
2021-06-14T00:00:00Z,32192.01000000,33854.55000000,32021.82000000,33430.85000000,3146.81517626
2021-06-15T00:00:00Z,33433.46000000,34099.98000000,32636.09000000,33126.81000000,1932.79522475
2021-06-16T00:00:00Z,33135.25000000,33390.22000000,31748.18000000,31963.63000000,1966.65386708
2021-06-17T00:00:00Z,31992.59000000,33109.16000000,31435.70000000,31961.15000000,2081.63089841
2021-06-18T00:00:00Z,31944.60000000,32069.81000000,29622.20000000,30211.85000000,1994.31066602
2021-06-19T00:00:00Z,30226.82000000,30748.35000000,29407.54000000,29994.96000000,1678.35363584
2021-06-20T00:00:00Z,29987.23000000,30443.13000000,28193.92000000,29982.08000000,2419.97257418
2021-06-21T00:00:00Z,29986.68000000,30096.53000000,26236.45000000,26548.81000000,4851.35673376
2021-06-22T00:00:00Z,26521.54000000,27912.00000000,24213.32000000,27227.09000000,5962.84321817
2021-06-23T00:00:00Z,27242.83000000,29184.23000000,26584.86000000,28238.94000000,2711.61044319
2021-06-24T00:00:00Z,28230.84000000,29547.64000000,27132.43000000,29049.95000000,2129.69902979
2021-06-25T00:00:00Z,29045.98000000,29721.64000000,26238.32000000,26483.71000000,3027.29953202
2021-06-26T00:00:00Z,26496.71000000,27426.87000000,25341.99000000,27061.50000000,3115.05268219
2021-06-27T00:00:00Z,27067.66000000,29066.88000000,26801.69000000,29010.14000000,2056.80737439
2021-06-28T00:00:00Z,29055.14000000,29564.99000000,28439.77000000,28882.59000000,2086.58358373
2021-06-29T00:00:00Z,28895.93000000,30773.50000000,28740.15000000,30120.86000000,2257.98801988
2021-06-30T00:00:00Z,30185.18000000,30332.43000000,28740.15000000,29569.32000000,1625.41885113
2021-07-01T00:00:00Z,29575.83000000,29575.83000000,27630.89000000,28277.33000000,1785.73160801
2021-07-02T00:00:00Z,28278.84000000,28671.41000000,27626.87000000,28479.65000000,1408.65285097
2021-07-03T00:00:00Z,28519.33000000,29437.83000000,28126.38000000,29198.07000000,730.26820860
2021-07-04T00:00:00Z,29185.39000000,30270.79000000,28969.93000000,29731.26000000,644.03943376
2021-07-05T00:00:00Z,29696.32000000,29715.97000000,27931.13000000,28425.11000000,1318.09658636
2021-07-06T00:00:00Z,28413.76000000,29614.88000000,28371.99000000,28937.46000000,1309.03181382
2021-07-07T00:00:00Z,28944.85000000,29677.15000000,28668.11000000,28742.15000000,1071.94324704
2021-07-08T00:00:00Z,28737.88000000,28782.97000000,27146.05000000,27757.37000000,2021.96711289
2021-07-09T00:00:00Z,27762.42000000,28714.46000000,27268.38000000,28501.43000000,1332.10014713
2021-07-10T00:00:00Z,28497.14000000,28838.57000000,27857.82000000,28219.00000000,695.10478700
2021-07-11T00:00:00Z,28222.61000000,29121.79000000,28059.00000000,28832.74000000,669.63500033
2021-07-12T00:00:00Z,28866.59000000,29191.74000000,27558.75000000,27909.73000000,962.93529127
2021-07-13T00:00:00Z,27919.51000000,28159.59000000,27350.00000000,27814.18000000,1067.23692580
2021-07-14T00:00:00Z,27785.35000000,27972.00000000,26841.15000000,27728.78000000,1222.96167451
2021-07-15T00:00:00Z,27734.79000000,28042.50000000,26389.02000000,26972.02000000,1324.06330569
2021-07-16T00:00:00Z,26974.95000000,27302.66000000,26288.39000000,26587.50000000,1078.16164674
2021-07-17T00:00:00Z,26582.68000000,27072.80000000,26419.43000000,26731.36000000,921.57570655
2021-07-18T00:00:00Z,26700.77000000,27459.78000000,26406.11000000,26893.75000000,672.30343170
2021-07-19T00:00:00Z,26913.54000000,27025.00000000,25752.00000000,26143.04000000,1070.13688491
2021-07-20T00:00:00Z,26137.53000000,26323.13000000,24828.27000000,25293.43000000,1526.78307731
2021-07-21T00:00:00Z,25286.42000000,27802.75000000,25059.37000000,27240.36000000,1917.42022590
2021-07-22T00:00:00Z,27200.08000000,27700.00000000,26905.60000000,27433.92000000,983.82941181
2021-07-23T00:00:00Z,27439.68000000,28562.45000000,27210.00000000,28557.73000000,1161.60553934
2021-07-24T00:00:00Z,28544.54000000,29332.11000000,28363.70000000,29116.86000000,754.21854133
2021-07-25T00:00:00Z,29114.89000000,30044.16000000,28757.34000000,30038.12000000,685.88509808
2021-07-26T00:00:00Z,30044.16000000,34362.40000000,29909.12000000,31550.68000000,4471.99724402
2021-07-27T00:00:00Z,31550.92000000,33433.83000000,30848.95000000,33433.83000000,1885.45402137
2021-07-28T00:00:00Z,33390.89000000,34659.00000000,32883.28000000,33799.73000000,2815.63449510
2021-07-29T00:00:00Z,33817.09000000,34239.48000000,33148.90000000,33686.31000000,1156.38279766
2021-07-30T00:00:00Z,33688.99000000,35624.90000000,32219.25000000,35555.82000000,1718.25471493
2021-07-31T00:00:00Z,35570.49000000,35690.00000000,34619.52000000,34894.34000000,883.85926252
2021-08-01T00:00:00Z,34901.79000000,35859.00000000,33268.37000000,33583.13000000,1123.90394155
2021-08-02T00:00:00Z,33609.03000000,34075.97000000,32596.97000000,32966.56000000,1252.47834112
2021-08-03T00:00:00Z,32976.51000000,33516.51000000,31748.18000000,32188.49000000,1352.04401832
2021-08-04T00:00:00Z,32167.80000000,33766.89000000,31658.49000000,33551.36000000,1208.34385654
2021-08-05T00:00:00Z,33568.47000000,34967.34000000,31573.49000000,34532.14000000,1981.37024873
2021-08-06T00:00:00Z,34518.83000000,36848.59000000,33741.14000000,36365.90000000,1820.62334425
2021-08-07T00:00:00Z,36359.01000000,37945.00000000,36051.72000000,37797.64000000,1408.09747512
2021-08-08T00:00:00Z,37836.65000000,38474.77000000,36684.22000000,37281.17000000,1086.70860121
2021-08-09T00:00:00Z,37333.85000000,39596.63000000,36442.24000000,39426.46000000,1805.09448234
2021-08-10T00:00:00Z,39425.28000000,39806.84000000,38111.58000000,38929.53000000,1385.77970837
2021-08-11T00:00:00Z,38924.45000000,39833.02000000,38695.24000000,38800.00000000,858.77753943
2021-08-12T00:00:00Z,38792.32000000,39374.03000000,37325.00000000,37836.99000000,918.21427971
2021-08-13T00:00:00Z,37867.96000000,40596.71000000,37750.18000000,40481.07000000,1117.90979680
2021-08-14T00:00:00Z,40503.27000000,40780.00000000,39075.05000000,39930.10000000,885.26619390
2021-08-15T00:00:00Z,39932.73000000,40155.45000000,38648.86000000,39863.35000000,834.99918774
2021-08-16T00:00:00Z,39859.26000000,40707.41000000,38788.16000000,38978.92000000,1372.93339160
2021-08-17T00:00:00Z,38983.75000000,40091.07000000,38000.00000000,38186.49000000,1114.25253774
2021-08-18T00:00:00Z,38139.79000000,39299.99000000,37798.90000000,38257.01000000,1318.66748370
2021-08-19T00:00:00Z,38234.24000000,40289.35000000,37654.10000000,40047.49000000,1321.02207625
2021-08-20T00:00:00Z,40032.89000000,42249.00000000,39919.80000000,42236.96000000,3145.28171548
2021-08-21T00:00:00Z,42236.86000000,42731.16000000,41400.00000000,41811.72000000,2025.75052997
2021-08-22T00:00:00Z,41806.52000000,42394.77000000,41200.00000000,42171.97000000,710.89806416
2021-08-23T00:00:00Z,42145.34000000,43112.12000000,41751.58000000,42192.53000000,1171.02328479
2021-08-24T00:00:00Z,42122.31000000,42500.00000000,40530.77000000,40638.19000000,1189.00780284
2021-08-25T00:00:00Z,40618.71000000,41843.68000000,40137.00000000,41618.04000000,806.74695594
2021-08-26T00:00:00Z,41606.15000000,41945.82000000,39420.00000000,39881.00000000,1961.81299702
2021-08-27T00:00:00Z,39865.09000000,41700.00000000,39463.70000000,41610.40000000,997.22214555
2021-08-28T00:00:00Z,41579.02000000,41795.59000000,41007.18000000,41454.56000000,386.96652022
2021-08-29T00:00:00Z,41468.99000000,42064.80000000,40548.08000000,41374.53000000,519.82363868
2021-08-30T00:00:00Z,41368.78000000,41462.20000000,39754.10000000,39864.13000000,902.91969849
2021-08-31T00:00:00Z,39829.30000000,40800.00000000,39592.56000000,39913.00000000,954.54419021
2021-09-01T00:00:00Z,39900.91000000,41460.00000000,39413.66000000,41243.36000000,850.05069496
2021-09-02T00:00:00Z,41235.70000000,42510.29000000,41056.49000000,41525.77000000,1284.31590461
2021-09-03T00:00:00Z,41482.63000000,42949.99000000,40716.80000000,42093.85000000,1171.32155120
2021-09-04T00:00:00Z,42093.90000000,42590.55000000,41615.44000000,42051.68000000,452.36363336
2021-09-05T00:00:00Z,42054.93000000,43648.97000000,41682.11000000,43523.18000000,469.81871101
2021-09-06T00:00:00Z,43496.96000000,44470.81000000,43004.71000000,44388.93000000,710.00321974
2021-09-07T00:00:00Z,44422.86000000,44562.83000000,36443.11000000,39520.40000000,3775.94365469
2021-09-08T00:00:00Z,39612.52000000,39974.85000000,37614.72000000,38991.57000000,1754.48851281
2021-09-09T00:00:00Z,38976.00000000,40064.70000000,38526.08000000,39249.21000000,846.63103398
2021-09-10T00:00:00Z,39249.21000000,39786.82000000,37420.30000000,38001.41000000,1740.22521435
2021-09-11T00:00:00Z,38011.17000000,38968.85000000,37926.91000000,38252.34000000,384.44672254
2021-09-12T00:00:00Z,38263.95000000,39313.68000000,37948.33000000,38997.32000000,506.68240578
2021-09-13T00:00:00Z,38958.86000000,39738.10000000,36838.59000000,38068.67000000,1674.71185357
2021-09-14T00:00:00Z,38086.09000000,40048.00000000,37823.49000000,39924.00000000,848.56101188
2021-09-15T00:00:00Z,39911.11000000,41028.00000000,39581.10000000,40725.65000000,864.70654911
2021-09-16T00:00:00Z,40728.96000000,41131.19000000,39968.72000000,40604.64000000,870.23746321
2021-09-17T00:00:00Z,40569.67000000,40927.63000000,39872.97000000,40340.20000000,770.78369856
2021-09-18T00:00:00Z,40343.40000000,41670.00000000,40138.90000000,41226.41000000,505.35179051
2021-09-19T00:00:00Z,41203.87000000,41275.90000000,39982.11000000,40287.75000000,417.57748332
2021-09-20T00:00:00Z,40314.61000000,40380.99000000,36301.00000000,36694.55000000,2300.66295909
2021-09-21T00:00:00Z,36705.40000000,37219.98000000,33752.96000000,34744.70000000,3082.80482997
2021-09-22T00:00:00Z,34777.85000000,37494.30000000,34625.29000000,37308.93000000,1191.15173016
2021-09-23T00:00:00Z,37300.00000000,38325.76000000,36882.80000000,38255.78000000,910.09703473
2021-09-24T00:00:00Z,38238.61000000,38461.72000000,34736.16000000,36560.48000000,1871.03655636
2021-09-25T00:00:00Z,36554.97000000,36730.23000000,35602.05000000,36459.34000000,550.22522447
2021-09-26T00:00:00Z,36455.26000000,37488.39000000,34879.09000000,36867.78000000,1019.70868293
2021-09-27T00:00:00Z,36798.20000000,37839.40000000,36033.81000000,36091.33000000,862.03325475
2021-09-28T00:00:00Z,36058.24000000,36584.55000000,35006.39000000,35128.31000000,1121.21370432
2021-09-29T00:00:00Z,35107.44000000,36544.87000000,34888.07000000,35793.90000000,846.63689319
2021-09-30T00:00:00Z,35820.72000000,38088.07000000,35708.63000000,37834.25000000,1066.44795759
2021-10-01T00:00:00Z,37828.58000000,41799.23000000,37400.00000000,41504.89000000,1728.03226110
2021-10-02T00:00:00Z,41483.31000000,41672.59000000,40913.08000000,41027.02000000,579.36689369
2021-10-03T00:00:00Z,41066.87000000,42308.36000000,40574.83000000,41513.17000000,616.82171874
2021-10-04T00:00:00Z,41513.17000000,42574.10000000,40359.04000000,42381.27000000,1146.41859082
2021-10-05T00:00:00Z,42356.86000000,44707.54000000,42217.60000000,44367.68000000,1290.46549315
2021-10-06T00:00:00Z,44376.38000000,48151.00000000,43602.18000000,47695.19000000,2017.85737998
2021-10-07T00:00:00Z,47749.00000000,47766.52000000,46149.76000000,46532.57000000,962.15195742
2021-10-08T00:00:00Z,46504.48000000,48529.69000000,46443.85000000,46576.02000000,769.82047252
2021-10-09T00:00:00Z,46622.38000000,47927.82000000,46423.00000000,47407.24000000,415.15640012
2021-10-10T00:00:00Z,47425.00000000,48799.72000000,46768.17000000,47347.31000000,486.63746772
2021-10-11T00:00:00Z,47269.04000000,49996.00000000,47071.36000000,49777.61000000,1064.03057246
2021-10-12T00:00:00Z,49678.55000000,49899.98000000,46806.18000000,48551.85000000,1178.03782185
2021-10-13T00:00:00Z,48523.50000000,49789.00000000,46936.74000000,49472.12000000,1062.78979242
2021-10-14T00:00:00Z,49477.95000000,50488.49000000,49000.00000000,49492.63000000,913.40279399
2021-10-15T00:00:00Z,49483.16000000,54027.05000000,49035.96000000,53051.00000000,1875.56416016
2021-10-16T00:00:00Z,53054.74000000,53657.15000000,51686.69000000,52321.44000000,461.18713323
2021-10-17T00:00:00Z,52313.49000000,53101.21000000,50779.29000000,52950.80000000,534.40095365
2021-10-18T00:00:00Z,53016.25000000,53942.43000000,51632.19000000,53392.27000000,901.86519883
2021-10-19T00:00:00Z,53409.29000000,55384.59000000,52654.99000000,55205.07000000,1035.84188613
2021-10-20T00:00:00Z,55209.28000000,57482.42000000,54527.81000000,56570.00000000,1060.82984429
2021-10-21T00:00:00Z,56595.29000000,57099.95000000,53317.40000000,53508.93000000,1523.22958504
2021-10-22T00:00:00Z,53448.40000000,54724.34000000,51550.00000000,52133.01000000,1079.44229089
2021-10-23T00:00:00Z,52098.02000000,53044.30000000,51303.47000000,52748.13000000,433.89347785
2021-10-24T00:00:00Z,52731.91000000,52866.85000000,51203.00000000,52299.33000000,614.50704343
2021-10-25T00:00:00Z,52292.90000000,54899.89000000,52066.74000000,54344.88000000,732.08040158
2021-10-26T00:00:00Z,54340.62000000,54527.79000000,51601.15000000,52004.74000000,635.63659457
2021-10-27T00:00:00Z,52049.83000000,52975.35000000,50109.00000000,50445.34000000,1321.73766425
2021-10-28T00:00:00Z,50400.11000000,53419.96000000,48452.01000000,51898.09000000,1785.47830185
2021-10-29T00:00:00Z,51897.87000000,54527.81000000,51533.00000000,53812.99000000,1079.40135183
2021-10-30T00:00:00Z,53795.92000000,53923.45000000,52600.86000000,53587.44000000,534.95185815
2021-10-31T00:00:00Z,53536.53000000,53975.03000000,51939.93000000,53109.20000000,506.89815183
2021-11-01T00:00:00Z,53094.14000000,53987.37000000,51539.30000000,52576.35000000,905.68681886
2021-11-02T00:00:00Z,52520.49000000,55490.00000000,52303.31000000,54631.13000000,880.81046775
2021-11-03T00:00:00Z,54637.40000000,54896.66000000,52079.27000000,54208.92000000,915.06372809
2021-11-04T00:00:00Z,54186.84000000,54353.78000000,52540.17000000,53225.20000000,699.38019297
2021-11-05T00:00:00Z,53181.32000000,54214.16000000,52550.00000000,52779.63000000,593.02915173
2021-11-06T00:00:00Z,52773.59000000,53326.58000000,52110.33000000,53326.58000000,498.39963498
2021-11-07T00:00:00Z,53292.17000000,54761.92000000,53172.62000000,54726.88000000,421.48140060
2021-11-08T00:00:00Z,54766.16000000,58455.69000000,54747.35000000,58247.90000000,1774.09212766
2021-11-09T00:00:00Z,58220.40000000,59049.75000000,57187.21000000,57724.95000000,1002.90442165
2021-11-10T00:00:00Z,57784.21000000,59666.00000000,54888.00000000,56616.20000000,1935.03651929
2021-11-11T00:00:00Z,56485.70000000,57262.23000000,55897.00000000,56642.65000000,829.49160062
2021-11-12T00:00:00Z,56622.67000000,57263.74000000,54462.45000000,56054.71000000,872.15324631
2021-11-13T00:00:00Z,56037.15000000,56824.52000000,55415.96000000,56312.86000000,345.85529586
2021-11-14T00:00:00Z,56301.41000000,57268.69000000,55674.12000000,57262.46000000,739.80369122
2021-11-15T00:00:00Z,57256.04000000,57967.01000000,55818.52000000,55976.85000000,705.45427548
2021-11-16T00:00:00Z,55982.85000000,56004.93000000,51640.39000000,53107.95000000,1985.54503773
2021-11-17T00:00:00Z,53159.50000000,53791.57000000,51679.58000000,53384.51000000,976.27262567
2021-11-18T00:00:00Z,53360.05000000,53855.80000000,49727.29000000,50118.15000000,1406.64661841
2021-11-19T00:00:00Z,50072.63000000,51689.14000000,49049.00000000,51605.68000000,1145.71825836
2021-11-20T00:00:00Z,51593.19000000,53130.00000000,50986.00000000,53002.66000000,567.93152127
2021-11-21T00:00:00Z,53027.17000000,53286.43000000,51997.52000000,52100.96000000,348.47531231
2021-11-22T00:00:00Z,52113.36000000,52727.17000000,49576.69000000,50091.23000000,1283.67390835
2021-11-23T00:00:00Z,50091.23000000,51458.37000000,49257.78000000,51205.24000000,908.17193699
2021-11-24T00:00:00Z,51193.65000000,51359.75000000,49916.02000000,51060.40000000,612.88871088
2021-11-25T00:00:00Z,51024.22000000,53032.87000000,50905.00000000,52615.66000000,616.51221635
2021-11-26T00:00:00Z,52657.60000000,52833.87000000,47412.42000000,47434.74000000,1603.62129364
2021-11-27T00:00:00Z,47539.69000000,48948.84000000,47475.59000000,48502.15000000,652.69632690
2021-11-28T00:00:00Z,48452.99000000,50924.89000000,47121.76000000,50816.49000000,884.20137102
2021-11-29T00:00:00Z,50766.60000000,52286.34000000,50300.00000000,51204.30000000,745.54749730
2021-11-30T00:00:00Z,51206.52000000,52090.38000000,49443.47000000,50275.13000000,1045.82958799
2021-12-01T00:00:00Z,50269.56000000,52150.00000000,49930.98000000,50581.52000000,823.89712094
2021-12-02T00:00:00Z,50544.19000000,50694.82000000,49283.08000000,50013.96000000,673.46002652
2021-12-03T00:00:00Z,49994.66000000,50953.35000000,45830.00000000,47461.66000000,1268.62917972
2021-12-04T00:00:00Z,47483.64000000,47674.24000000,37398.21000000,43611.08000000,4484.47563260
2021-12-05T00:00:00Z,43598.11000000,44046.19000000,42286.31000000,43741.92000000,925.29890304
2021-12-06T00:00:00Z,43729.79000000,45169.58000000,41433.98000000,44841.12000000,1316.41185326
2021-12-07T00:00:00Z,44756.22000000,46227.09000000,44424.31000000,44906.91000000,839.77115092
2021-12-08T00:00:00Z,44901.16000000,45278.05000000,43157.28000000,44549.91000000,734.03466092
2021-12-09T00:00:00Z,44523.30000000,44841.85000000,41906.34000000,42143.59000000,966.30058920
2021-12-10T00:00:00Z,42134.30000000,44300.00000000,41482.63000000,41745.00000000,1201.22006030
2021-12-11T00:00:00Z,41747.50000000,43823.39000000,41383.30000000,43655.27000000,650.24362391
2021-12-12T00:00:00Z,43738.87000000,44899.53000000,43053.89000000,44315.33000000,523.39161549
2021-12-13T00:00:00Z,44301.47000000,44396.50000000,40539.59000000,41403.49000000,1296.28432006
2021-12-14T00:00:00Z,41414.65000000,43235.00000000,41037.30000000,42986.22000000,734.64255008
2021-12-15T00:00:00Z,42950.90000000,43835.40000000,41383.25000000,43296.53000000,1073.65981268
2021-12-16T00:00:00Z,43296.52000000,43782.86000000,41958.16000000,42037.36000000,571.12082588
2021-12-17T00:00:00Z,42044.98000000,42387.86000000,40257.36000000,41078.11000000,952.79292083
2021-12-18T00:00:00Z,41098.48000000,42142.15000000,40521.74000000,41698.50000000,424.25129868
2021-12-19T00:00:00Z,41666.44000000,42972.00000000,41341.13000000,41562.11000000,602.33932319
2021-12-20T00:00:00Z,41508.96000000,42156.65000000,40354.04000000,41564.05000000,726.40358541
2021-12-21T00:00:00Z,41587.70000000,43729.39000000,41374.28000000,43351.09000000,801.83306384
2021-12-22T00:00:00Z,43298.41000000,43950.00000000,42830.41000000,42935.71000000,437.37331106
2021-12-23T00:00:00Z,42932.37000000,45359.82000000,42400.00000000,44882.70000000,701.92347570
2021-12-24T00:00:00Z,44923.96000000,45824.31000000,44545.03000000,44906.65000000,639.93046987
2021-12-25T00:00:00Z,44919.68000000,45278.05000000,44400.00000000,44618.56000000,276.67710275
2021-12-26T00:00:00Z,44622.00000000,45332.38000000,43730.39000000,44899.58000000,575.95887974
2021-12-27T00:00:00Z,44866.47000000,45989.49000000,44600.00000000,44762.97000000,457.93109807
2021-12-28T00:00:00Z,44786.10000000,44786.10000000,41870.64000000,42050.86000000,889.16331308
2021-12-29T00:00:00Z,42066.65000000,42630.07000000,40624.00000000,40930.74000000,764.95413995
2021-12-30T00:00:00Z,40928.29000000,42379.62000000,40499.48000000,41659.96000000,676.72053296
2021-12-31T00:00:00Z,41640.30000000,42899.27000000,40138.30000000,40635.00000000,892.70549095
2022-01-01T00:00:00Z,40671.33000000,42208.89000000,40665.83000000,42022.45000000,333.37898145
2022-01-02T00:00:00Z,42021.11000000,42235.61000000,41086.54000000,41641.91000000,374.20135530
2022-01-03T00:00:00Z,41603.84000000,41906.88000000,40477.98000000,41097.03000000,477.51528577
2022-01-04T00:00:00Z,41122.50000000,42099.00000000,40402.46000000,40620.00000000,732.27588645
2022-01-05T00:00:00Z,40600.50000000,41429.00000000,37560.31000000,38447.06000000,1284.52092338
2022-01-06T00:00:00Z,38470.67000000,38741.66000000,37552.30000000,38177.96000000,1276.85961849
2022-01-07T00:00:00Z,38171.00000000,38224.28000000,35879.35000000,36594.36000000,1520.71732361
2022-01-08T00:00:00Z,36602.53000000,37276.64000000,35707.64000000,36691.15000000,982.09312219
2022-01-09T00:00:00Z,36701.68000000,37732.87000000,36312.23000000,36886.03000000,595.30593825
2022-01-10T00:00:00Z,36906.05000000,37282.99000000,35117.58000000,36943.34000000,1137.05520089
2022-01-11T00:00:00Z,36905.17000000,37959.81000000,36465.66000000,37638.04000000,771.42249544
2022-01-12T00:00:00Z,37611.51000000,38751.60000000,37372.59000000,38465.87000000,692.81726513
2022-01-13T00:00:00Z,38426.13000000,38715.90000000,36971.37000000,37164.89000000,578.44755486
2022-01-14T00:00:00Z,37160.74000000,38080.72000000,36486.85000000,37770.32000000,551.79602629
2022-01-15T00:00:00Z,37767.42000000,38417.80000000,37405.24000000,37817.23000000,348.46018367
2022-01-16T00:00:00Z,37802.75000000,38122.72000000,37376.89000000,37797.45000000,315.95293262
2022-01-17T00:00:00Z,37761.09000000,37893.00000000,36465.10000000,37026.86000000,532.47223750
2022-01-18T00:00:00Z,37026.29000000,37687.65000000,36355.81000000,37382.60000000,527.22189468
2022-01-19T00:00:00Z,37382.61000000,37576.39000000,36305.64000000,36750.05000000,653.64788917
2022-01-20T00:00:00Z,36751.42000000,38354.63000000,35879.35000000,36012.48000000,922.34183692
2022-01-21T00:00:00Z,35996.00000000,36384.19000000,31294.55000000,32199.37000000,2754.81930236
2022-01-22T00:00:00Z,32178.62000000,32475.03000000,30000.00000000,30939.90000000,2564.55456697
2022-01-23T00:00:00Z,30962.62000000,32175.04000000,30555.09000000,31966.39000000,1728.73713634
2022-01-24T00:00:00Z,31995.52000000,33165.09000000,29176.43000000,32439.64000000,2654.39274148
2022-01-25T00:00:00Z,32395.97000000,33308.30000000,31579.30000000,32737.78000000,1272.49821007
2022-01-26T00:00:00Z,32713.59000000,34528.49000000,32264.40000000,32773.52000000,1630.67120892
2022-01-27T00:00:00Z,32795.21000000,33430.00000000,31672.12000000,33380.85000000,1186.01201305
2022-01-28T00:00:00Z,33367.32000000,34112.78000000,32479.92000000,33877.82000000,967.94211671
2022-01-29T00:00:00Z,33830.53000000,34786.49000000,33543.45000000,34286.80000000,597.68317950
2022-01-30T00:00:00Z,34315.48000000,34487.11000000,33553.83000000,34021.47000000,449.79946613
2022-01-31T00:00:00Z,33997.68000000,34523.93000000,32887.43000000,34272.20000000,1091.19480281
2022-02-01T00:00:00Z,34268.26000000,34968.24000000,33791.16000000,34376.27000000,967.63000305
2022-02-02T00:00:00Z,34367.81000000,34509.09000000,32405.95000000,32688.94000000,893.50170203
2022-02-03T00:00:00Z,32691.77000000,32905.61000000,31752.34000000,32638.61000000,968.52420650
2022-02-04T00:00:00Z,32629.99000000,36449.69000000,32375.46000000,36318.17000000,1303.30325865
2022-02-05T00:00:00Z,36317.45000000,36655.01000000,35761.34000000,36180.00000000,568.95882679
2022-02-06T00:00:00Z,36206.08000000,37275.68000000,35987.48000000,37033.26000000,523.29853690
2022-02-07T00:00:00Z,37033.82000000,39021.45000000,36399.44000000,38351.97000000,1249.96128719
2022-02-08T00:00:00Z,38331.07000000,39874.55000000,37395.30000000,38602.52000000,1299.02946384
2022-02-09T00:00:00Z,38619.19000000,39289.25000000,37800.00000000,38902.06000000,783.17477379
2022-02-10T00:00:00Z,38883.29000000,39924.00000000,37959.81000000,38167.44000000,1293.27152166
2022-02-11T00:00:00Z,38135.87000000,38568.12000000,36971.37000000,37355.58000000,884.93147280
2022-02-12T00:00:00Z,37333.71000000,37949.31000000,36821.71000000,37246.86000000,347.28119685
2022-02-13T00:00:00Z,37238.94000000,37695.60000000,36927.06000000,37025.60000000,301.16181213
2022-02-14T00:00:00Z,37018.24000000,37897.77000000,36618.36000000,37642.26000000,716.48847941
2022-02-15T00:00:00Z,37624.30000000,39430.00000000,37525.97000000,39263.40000000,776.97677915
2022-02-16T00:00:00Z,39248.98000000,39274.46000000,38142.35000000,38593.55000000,432.96896875
2022-02-17T00:00:00Z,38583.34000000,38836.32000000,35300.00000000,35690.40000000,1036.48212822
2022-02-18T00:00:00Z,35690.40000000,36051.88000000,34857.36000000,35314.53000000,1091.03181233
2022-02-19T00:00:00Z,35311.79000000,35771.62000000,35029.00000000,35457.10000000,348.31169968
2022-02-20T00:00:00Z,35398.27000000,35458.74000000,33525.00000000,33930.81000000,768.60730488
2022-02-21T00:00:00Z,33960.67000000,34777.85000000,32550.03000000,32741.31000000,1425.17691013
2022-02-22T00:00:00Z,32718.70000000,33941.30000000,32200.00000000,33779.77000000,846.12120234
2022-02-23T00:00:00Z,33787.57000000,34625.72000000,32808.96000000,32981.85000000,775.22031878
2022-02-24T00:00:00Z,32951.59000000,35500.00000000,30566.89000000,34292.39000000,2670.10423700
2022-02-25T00:00:00Z,34254.48000000,35376.16000000,34035.14000000,34804.88000000,1014.82520380
2022-02-26T00:00:00Z,34784.00000000,35711.19000000,34301.14000000,34732.42000000,496.31135064
2022-02-27T00:00:00Z,34732.52000000,35369.60000000,33186.92000000,33744.49000000,1403.48800766
2022-02-28T00:00:00Z,33749.39000000,39300.00000000,33475.12000000,38522.09000000,1825.13432046
2022-03-01T00:00:00Z,38476.88000000,40274.00000000,38317.16000000,39939.75000000,1449.46722921
2022-03-02T00:00:00Z,39949.03000000,40840.91000000,39066.21000000,39543.70000000,1205.92057729
2022-03-03T00:00:00Z,39464.61000000,39777.44000000,37778.15000000,38363.36000000,942.64326413
2022-03-04T00:00:00Z,38332.43000000,38415.35000000,35282.01000000,35825.00000000,1175.56711621
2022-03-05T00:00:00Z,35796.93000000,36277.73000000,35324.30000000,36050.92000000,408.30467120
2022-03-06T00:00:00Z,36050.77000000,36323.42000000,34888.98000000,35355.68000000,671.53258824
2022-03-07T00:00:00Z,35330.56000000,36393.05000000,34249.25000000,35008.57000000,1507.47500905
2022-03-08T00:00:00Z,34960.95000000,36000.00000000,34916.97000000,35561.53000000,1024.08825448
2022-03-09T00:00:00Z,35532.63000000,38741.67000000,35481.16000000,37904.40000000,1538.46938301
2022-03-10T00:00:00Z,37872.60000000,38043.59000000,34883.16000000,35822.74000000,1529.39293018
2022-03-11T00:00:00Z,35808.61000000,36530.63000000,34799.63000000,35500.00000000,1065.26851540
2022-03-12T00:00:00Z,35498.42000000,36181.82000000,35447.67000000,35595.96000000,335.83562574
2022-03-13T00:00:00Z,35581.23000000,36051.88000000,34416.36000000,34568.34000000,547.63936077
2022-03-14T00:00:00Z,34583.12000000,36470.45000000,34404.49000000,36268.42000000,858.70466229
2022-03-15T00:00:00Z,36236.65000000,36413.70000000,34744.50000000,35833.49000000,936.62309771
2022-03-16T00:00:00Z,35815.41000000,38044.15000000,35441.61000000,37288.76000000,1133.07349015
2022-03-17T00:00:00Z,37305.47000000,37578.39000000,36423.98000000,36898.48000000,486.85293503
2022-03-18T00:00:00Z,36899.70000000,38305.24000000,36289.12000000,37748.19000000,536.19916430
2022-03-19T00:00:00Z,37748.19000000,38364.36000000,37573.00000000,38184.17000000,273.85086832
2022-03-20T00:00:00Z,38159.29000000,38231.73000000,36952.88000000,37352.01000000,256.00277067
2022-03-21T00:00:00Z,37362.79000000,37654.19000000,36677.50000000,37230.12000000,513.01609016
2022-03-22T00:00:00Z,37205.87000000,39400.00000000,37134.77000000,38428.49000000,690.30393650
2022-03-23T00:00:00Z,38428.31000000,39093.60000000,37875.62000000,38954.02000000,527.44394437
2022-03-24T00:00:00Z,38944.37000000,40247.41000000,38839.40000000,39953.72000000,902.23771794
2022-03-25T00:00:00Z,39955.70000000,40963.41000000,39585.44000000,40355.71000000,725.02533587
2022-03-26T00:00:00Z,40355.71000000,40805.74000000,40183.00000000,40563.23000000,141.40406559
2022-03-27T00:00:00Z,40539.62000000,42750.00000000,40480.24000000,42654.46000000,393.90361551
2022-03-28T00:00:00Z,42653.18000000,43900.85000000,42487.47000000,42857.68000000,1023.01177380
2022-03-29T00:00:00Z,42863.27000000,43459.90000000,42265.32000000,42770.83000000,1131.84529901
2022-03-30T00:00:00Z,42763.13000000,42854.57000000,41907.80000000,42158.15000000,709.31716440
2022-03-31T00:00:00Z,42160.30000000,42900.00000000,40841.86000000,41099.34000000,593.07523789
2022-04-01T00:00:00Z,41099.34000000,42349.79000000,39966.00000000,41911.57000000,873.36120517
2022-04-02T00:00:00Z,41887.59000000,42724.71000000,41315.53000000,41506.20000000,344.11721674
2022-04-03T00:00:00Z,41503.14000000,42981.00000000,41271.05000000,42022.30000000,343.17665322
2022-04-04T00:00:00Z,42022.30000000,42738.99000000,41130.10000000,42472.79000000,564.11568132
2022-04-05T00:00:00Z,42430.00000000,43059.50000000,41603.58000000,41745.71000000,542.41104442
2022-04-06T00:00:00Z,41711.17000000,41840.40000000,39569.43000000,39638.27000000,786.24238665
2022-04-07T00:00:00Z,39633.34000000,40276.80000000,39212.46000000,39983.35000000,586.22795366
2022-04-08T00:00:00Z,39989.62000000,40470.89000000,38738.00000000,38855.05000000,435.75033036
2022-04-09T00:00:00Z,38840.24000000,39394.04000000,38752.85000000,39364.14000000,203.40712283
2022-04-10T00:00:00Z,39335.46000000,39869.17000000,38461.33000000,38721.44000000,387.39396047
2022-04-11T00:00:00Z,38729.51000000,38971.28000000,36035.99000000,36357.35000000,741.59311811
2022-04-12T00:00:00Z,36333.99000000,37513.00000000,36150.00000000,37043.06000000,766.97830462
2022-04-13T00:00:00Z,37019.70000000,38221.99000000,36561.08000000,37781.26000000,619.74553896
2022-04-14T00:00:00Z,37760.14000000,38182.25000000,36527.41000000,36903.56000000,688.09920322
2022-04-15T00:00:00Z,36933.75000000,37781.97000000,36777.46000000,37522.02000000,527.57057646
2022-04-16T00:00:00Z,37505.17000000,37671.53000000,37016.81000000,37396.57000000,161.33698103
2022-04-17T00:00:00Z,37374.49000000,37585.57000000,36573.30000000,36711.51000000,231.51452365
2022-04-18T00:00:00Z,36708.41000000,38125.50000000,35706.09000000,37849.58000000,761.44707597
2022-04-19T00:00:00Z,37862.16000000,38717.83000000,37568.64000000,38438.65000000,627.81907325
2022-04-20T00:00:00Z,38437.91000000,38965.63000000,37700.00000000,38151.04000000,891.70278778
2022-04-21T00:00:00Z,38120.01000000,39466.88000000,36737.44000000,37368.79000000,789.82140764
2022-04-22T00:00:00Z,37364.34000000,37747.11000000,36308.64000000,36800.43000000,711.42640594
2022-04-23T00:00:00Z,36784.84000000,37083.63000000,36424.18000000,36564.14000000,207.13381660
2022-04-24T00:00:00Z,36559.25000000,37037.16000000,36142.00000000,36508.11000000,514.96731498
2022-04-25T00:00:00Z,36519.79000000,37918.71000000,35572.25000000,37732.85000000,915.57887220
2022-04-26T00:00:00Z,37726.10000000,38153.11000000,35426.00000000,35837.81000000,936.24269574
2022-04-27T00:00:00Z,35808.06000000,37405.00000000,35630.55000000,37161.57000000,611.90325311
2022-04-28T00:00:00Z,37161.57000000,38461.72000000,36995.05000000,37842.39000000,976.76531800
2022-04-29T00:00:00Z,37822.62000000,37915.09000000,36200.00000000,36614.20000000,685.56034499
2022-04-30T00:00:00Z,36606.33000000,36831.96000000,35694.70000000,35748.00000000,360.78497505
2022-05-01T00:00:00Z,35748.26000000,36702.98000000,35512.00000000,36530.32000000,338.44688646
2022-05-02T00:00:00Z,36491.67000000,37229.08000000,36248.42000000,36652.97000000,633.58612261
2022-05-03T00:00:00Z,36634.63000000,36766.28000000,35653.16000000,35855.34000000,596.84326351
2022-05-04T00:00:00Z,35858.92000000,37703.51000000,35784.45000000,37371.36000000,1189.73521723
2022-05-05T00:00:00Z,37338.55000000,37525.64000000,33831.66000000,34674.42000000,1140.51040790
2022-05-06T00:00:00Z,34670.85000000,34776.54000000,33350.37000000,34151.21000000,890.63282559
2022-05-07T00:00:00Z,34151.21000000,34266.28000000,33000.00000000,33627.61000000,288.74851193
2022-05-08T00:00:00Z,33627.61000000,33656.03000000,32000.00000000,32310.88000000,780.02307831
2022-05-09T00:00:00Z,32287.71000000,32530.65000000,28430.00000000,28456.27000000,2162.02320629
2022-05-10T00:00:00Z,28472.69000000,30939.11000000,28188.03000000,29438.22000000,1425.27469833
2022-05-11T00:00:00Z,29460.89000000,30450.68000000,26394.25000000,27611.20000000,2355.50207562
2022-05-12T00:00:00Z,27631.03000000,28712.23000000,24213.51000000,27867.05000000,3297.40296193
2022-05-13T00:00:00Z,27834.93000000,29817.72000000,27609.36000000,28072.85000000,1155.35187149
2022-05-14T00:00:00Z,28094.82000000,29072.46000000,27472.62000000,28874.46000000,713.95434328
2022-05-15T00:00:00Z,28881.06000000,30180.28000000,28277.16000000,30073.94000000,637.89826562
2022-05-16T00:00:00Z,30056.71000000,30083.93000000,27870.02000000,28581.16000000,1046.14922526
2022-05-17T00:00:00Z,28567.65000000,29300.47000000,27950.00000000,28849.03000000,881.02314508
2022-05-18T00:00:00Z,28827.95000000,29055.75000000,27316.07000000,27403.01000000,809.48881993
2022-05-19T00:00:00Z,27344.47000000,28810.04000000,27320.97000000,28633.62000000,1015.46815916
2022-05-20T00:00:00Z,28629.80000000,29034.86000000,27181.58000000,27634.30000000,671.84868204
2022-05-21T00:00:00Z,27603.07000000,28041.89000000,27390.27000000,27850.54000000,158.71520871
2022-05-22T00:00:00Z,27814.24000000,28795.00000000,27651.23000000,28632.60000000,307.66981313
2022-05-23T00:00:00Z,28618.04000000,28889.99000000,27009.20000000,27231.54000000,683.82147907
2022-05-24T00:00:00Z,27207.81000000,27761.95000000,26700.00000000,27586.22000000,524.41444389
2022-05-25T00:00:00Z,27586.21000000,28189.27000000,27487.50000000,27601.45000000,554.04573367
2022-05-26T00:00:00Z,27601.38000000,27906.28000000,26156.68000000,27182.92000000,686.99471285
2022-05-27T00:00:00Z,27161.26000000,27346.01000000,26350.00000000,26636.10000000,734.20507011
2022-05-28T00:00:00Z,26632.04000000,27248.63000000,26532.36000000,27030.19000000,370.07676212
2022-05-29T00:00:00Z,27009.84000000,27527.40000000,26844.66000000,27448.58000000,314.65971468
2022-05-30T00:00:00Z,27427.13000000,29853.48000000,27272.82000000,29422.62000000,1390.31340717
2022-05-31T00:00:00Z,29442.49000000,30184.64000000,29153.58000000,29611.33000000,816.54956084
2022-06-01T00:00:00Z,29598.44000000,29787.75000000,27518.23000000,27971.36000000,1127.28527212
2022-06-02T00:00:00Z,27955.77000000,28598.19000000,27616.65000000,28326.16000000,778.45989204
2022-06-03T00:00:00Z,28308.59000000,28532.38000000,27280.82000000,27722.40000000,672.69317700
2022-06-04T00:00:00Z,27695.86000000,27975.11000000,27506.89000000,27870.19000000,134.97031255
2022-06-05T00:00:00Z,27844.11000000,28159.76000000,27565.16000000,27896.12000000,247.65732912
2022-06-06T00:00:00Z,27886.53000000,29666.57000000,27847.63000000,29328.48000000,1018.76970617
2022-06-07T00:00:00Z,29309.46000000,29475.17000000,27365.52000000,29053.44000000,1036.85771823
2022-06-08T00:00:00Z,29052.46000000,29249.93000000,27892.00000000,28148.43000000,834.96494935
2022-06-09T00:00:00Z,28152.11000000,28620.12000000,27857.44000000,28330.78000000,750.29441741
2022-06-10T00:00:00Z,28333.39000000,28537.47000000,27436.19000000,27652.82000000,905.73857609
2022-06-11T00:00:00Z,27661.20000000,27977.47000000,26746.88000000,26996.79000000,654.72085391
2022-06-12T00:00:00Z,27005.16000000,27129.16000000,25180.30000000,25300.60000000,1124.54408584
2022-06-13T00:00:00Z,25309.19000000,25578.20000000,21055.00000000,21580.07000000,2683.17869677
2022-06-14T00:00:00Z,21556.79000000,22371.14000000,20031.14000000,21188.00000000,1718.86687209
2022-06-15T00:00:00Z,21169.28000000,21778.20000000,19150.00000000,21571.07000000,3244.94825367
2022-06-16T00:00:00Z,21571.11000000,21947.23000000,19170.00000000,19314.40000000,1091.39074327
2022-06-17T00:00:00Z,19327.83000000,20315.45000000,19199.67000000,19486.93000000,1027.70814055
2022-06-18T00:00:00Z,19473.69000000,19773.17000000,16753.91000000,18066.06000000,1982.84775687
2022-06-19T00:00:00Z,18031.03000000,19821.30000000,17078.03000000,19599.19000000,1528.28072219
2022-06-20T00:00:00Z,19589.18000000,19990.00000000,18669.20000000,19559.09000000,1094.28693055
2022-06-21T00:00:00Z,19524.66000000,20566.61000000,19295.36000000,19651.71000000,1471.75373320
2022-06-22T00:00:00Z,19651.71000000,19756.36000000,18700.00000000,18899.81000000,1157.39421863
2022-06-23T00:00:00Z,18907.09000000,20152.96000000,18817.91000000,20059.74000000,1182.08213451
2022-06-24T00:00:00Z,20042.56000000,20400.00000000,19650.00000000,20097.51000000,948.84685876
2022-06-25T00:00:00Z,20098.36000000,20463.15000000,19817.60000000,20375.83000000,346.58821824
2022-06-26T00:00:00Z,20355.22000000,20746.86000000,19842.56000000,19909.14000000,503.51285055
2022-06-27T00:00:00Z,19908.28000000,20323.68000000,19354.17000000,19587.50000000,856.69294246
2022-06-28T00:00:00Z,19574.03000000,20035.49000000,19173.80000000,19236.03000000,737.28910185
2022-06-29T00:00:00Z,19238.14000000,19544.85000000,18839.00000000,19226.86000000,825.29448357
2022-06-30T00:00:00Z,19223.18000000,19276.74000000,17730.80000000,19023.58000000,1029.81158359
2022-07-01T00:00:00Z,19046.84000000,19923.39000000,18127.26000000,18480.39000000,1110.75168287
2022-07-02T00:00:00Z,18463.75000000,18649.10000000,18196.46000000,18447.39000000,286.52162125
2022-07-03T00:00:00Z,18447.70000000,18834.32000000,18009.38000000,18492.30000000,429.50867364
2022-07-04T00:00:00Z,18492.30000000,19476.88000000,18228.45000000,19360.82000000,691.83763402
2022-07-05T00:00:00Z,19375.06000000,20179.99000000,18749.66000000,19671.82000000,795.68323357
2022-07-06T00:00:00Z,19630.45000000,20270.00000000,19241.52000000,20168.48000000,770.89802313
2022-07-07T00:00:00Z,20150.34000000,21482.57000000,19825.65000000,21276.89000000,714.81088372
2022-07-08T00:00:00Z,21246.10000000,21999.00000000,20889.13000000,21195.95000000,1031.73035418
2022-07-09T00:00:00Z,21180.00000000,21566.53000000,20941.13000000,21206.32000000,205.71374458
2022-07-10T00:00:00Z,21192.18000000,21205.53000000,20264.24000000,20495.27000000,312.82267034
2022-07-11T00:00:00Z,20495.97000000,20602.39000000,19786.52000000,19859.19000000,653.33331002
2022-07-12T00:00:00Z,19855.02000000,20012.18000000,19167.92000000,19260.11000000,615.43817359
2022-07-13T00:00:00Z,19244.59000000,20219.01000000,18874.82000000,20173.44000000,961.01671804
2022-07-14T00:00:00Z,20144.82000000,20825.33000000,19600.00000000,20510.89000000,779.16044867
2022-07-15T00:00:00Z,20498.16000000,20999.99000000,20315.35000000,20649.29000000,556.76917268
2022-07-16T00:00:00Z,20640.00000000,21400.00000000,20302.93000000,21025.85000000,309.64873292
2022-07-17T00:00:00Z,21007.10000000,21480.00000000,20555.73000000,20590.33000000,228.28686877
2022-07-18T00:00:00Z,20599.62000000,22406.51000000,20568.48000000,22139.45000000,898.34998198
2022-07-19T00:00:00Z,22086.59000000,23297.13000000,21168.17000000,22873.04000000,1108.57857835
2022-07-20T00:00:00Z,22857.12000000,23807.35000000,22380.96000000,22805.08000000,1288.96274516
2022-07-21T00:00:00Z,22792.57000000,23000.45000000,21944.76000000,22657.93000000,960.60488810
2022-07-22T00:00:00Z,22639.19000000,23276.48000000,22047.38000000,22234.47000000,629.20224823
2022-07-23T00:00:00Z,22232.42000000,22535.73000000,21509.00000000,22011.02000000,268.55822452
2022-07-24T00:00:00Z,22000.00000000,22544.57000000,21819.97000000,22157.68000000,271.51157253
2022-07-25T00:00:00Z,22157.46000000,22233.32000000,20815.40000000,20817.31000000,731.59091038
2022-07-26T00:00:00Z,20817.29000000,21020.37000000,20374.52000000,21006.98000000,663.06919850
2022-07-27T00:00:00Z,20980.24000000,22652.24000000,20744.09000000,22505.70000000,668.24080238
2022-07-28T00:00:00Z,22488.58000000,23737.95000000,22274.25000000,23409.66000000,874.59269204
2022-07-29T00:00:00Z,23390.22000000,23854.61000000,23024.92000000,23240.60000000,631.75923729
2022-07-30T00:00:00Z,23240.58000000,24154.17000000,23017.51000000,23149.46000000,311.75581170
2022-07-31T00:00:00Z,23149.46000000,23659.71000000,22755.00000000,22847.45000000,491.49844152
2022-08-01T00:00:00Z,22835.50000000,22947.07000000,22305.49000000,22696.00000000,451.12109400
2022-08-02T00:00:00Z,22667.18000000,23015.89000000,22148.51000000,22636.54000000,379.27997300
2022-08-03T00:00:00Z,22624.23000000,23224.44000000,22352.40000000,22469.59000000,416.53241031
2022-08-04T00:00:00Z,22469.63000000,22831.05000000,21854.19000000,22091.16000000,465.94128280
2022-08-05T00:00:00Z,22072.00000000,22939.36000000,22066.42000000,22891.24000000,553.00775519
2022-08-06T00:00:00Z,22888.69000000,22923.74000000,22522.66000000,22562.86000000,129.55609079
2022-08-07T00:00:00Z,22542.72000000,22994.79000000,22445.00000000,22799.27000000,185.44207969
2022-08-08T00:00:00Z,22782.05000000,23764.58000000,22778.22000000,23370.58000000,415.86101090
2022-08-09T00:00:00Z,23345.71000000,23465.05000000,22364.99000000,22673.82000000,440.40666544
2022-08-10T00:00:00Z,22690.68000000,23520.00000000,22222.00000000,23262.00000000,715.48774231
2022-08-11T00:00:00Z,23269.00000000,24077.74000000,23137.00000000,23211.00000000,570.40836545
2022-08-12T00:00:00Z,23209.00000000,23823.00000000,22945.00000000,23788.00000000,367.61407272
2022-08-13T00:00:00Z,23774.00000000,24241.00000000,23693.00000000,23861.00000000,603.09241949
2022-08-14T00:00:00Z,23837.00000000,24400.00000000,23561.00000000,23717.00000000,334.11571620
2022-08-15T00:00:00Z,23720.00000000,24600.00000000,23337.00000000,23734.00000000,464.50207502
2022-08-16T00:00:00Z,23710.00000000,23893.00000000,23251.00000000,23466.00000000,562.77571450
2022-08-17T00:00:00Z,23462.00000000,24041.00000000,22769.00000000,22932.00000000,814.23397469
2022-08-18T00:00:00Z,22930.00000000,23244.00000000,22865.00000000,22994.00000000,339.63744999
2022-08-19T00:00:00Z,22972.00000000,23000.00000000,20700.00000000,20750.00000000,1050.48140413
2022-08-20T00:00:00Z,20749.00000000,21296.00000000,20672.00000000,21069.00000000,387.44522480
2022-08-21T00:00:00Z,21070.00000000,21705.00000000,20995.00000000,21442.00000000,457.99196255
2022-08-22T00:00:00Z,21448.00000000,21673.00000000,20900.00000000,21539.00000000,435.21386409
2022-08-23T00:00:00Z,21518.00000000,21711.00000000,21071.00000000,21591.00000000,483.83102999
2022-08-24T00:00:00Z,21591.00000000,21973.00000000,21259.00000000,21441.00000000,424.04043170
2022-08-25T00:00:00Z,21430.00000000,21816.00000000,21362.00000000,21636.00000000,355.20905553
2022-08-26T00:00:00Z,21622.00000000,21785.00000000,20200.00000000,20336.00000000,884.09490340
2022-08-27T00:00:00Z,20333.00000000,20456.00000000,19864.00000000,20133.00000000,503.48384150
2022-08-28T00:00:00Z,20117.00000000,20244.00000000,19645.00000000,19683.00000000,397.78887973
2022-08-29T00:00:00Z,19687.00000000,20434.00000000,19670.00000000,20281.00000000,452.40819659
2022-08-30T00:00:00Z,20270.00000000,20576.00000000,19504.00000000,19763.00000000,471.96184150
2022-08-31T00:00:00Z,19772.00000000,20446.00000000,19772.00000000,19975.00000000,426.28698194
2022-09-01T00:00:00Z,19976.00000000,20272.00000000,19685.00000000,20224.00000000,504.83371547
2022-09-02T00:00:00Z,20214.00000000,20410.00000000,19852.00000000,20044.00000000,429.23568539
2022-09-03T00:00:00Z,20036.00000000,20141.00000000,19765.00000000,19929.00000000,188.90060804
2022-09-04T00:00:00Z,19920.00000000,20187.00000000,19681.00000000,20187.00000000,320.36184412
2022-09-05T00:00:00Z,20187.00000000,20209.00000000,19780.00000000,19887.00000000,365.16248972
2022-09-06T00:00:00Z,19886.00000000,20235.00000000,18848.00000000,18977.00000000,940.93209037
2022-09-07T00:00:00Z,18988.00000000,19450.00000000,18754.00000000,19295.00000000,719.10364312
2022-09-08T00:00:00Z,19298.00000000,19462.00000000,19078.00000000,19307.00000000,969.73754619
2022-09-09T00:00:00Z,19299.00000000,21500.00000000,19227.00000000,21273.00000000,1655.18088038
2022-09-10T00:00:00Z,21250.00000000,21690.00000000,21021.00000000,21545.00000000,557.22495056
2022-09-11T00:00:00Z,21524.00000000,21749.00000000,21236.00000000,21697.00000000,538.34749250
2022-09-12T00:00:00Z,21683.00000000,22221.00000000,21390.00000000,22116.00000000,749.74468858
2022-09-13T00:00:00Z,22108.00000000,22450.00000000,19912.00000000,20222.00000000,1066.68155528
2022-09-14T00:00:00Z,20215.00000000,20545.00000000,19656.00000000,20264.00000000,975.91861381
2022-09-15T00:00:00Z,20256.00000000,20411.00000000,19505.00000000,19730.00000000,1013.00763677
2022-09-16T00:00:00Z,19728.00000000,19943.00000000,19328.00000000,19768.00000000,935.69126175
2022-09-17T00:00:00Z,19777.00000000,20166.00000000,19740.00000000,20092.00000000,317.35290235
2022-09-18T00:00:00Z,20090.00000000,20090.00000000,19341.00000000,19377.00000000,390.59690849
2022-09-19T00:00:00Z,19383.00000000,19631.00000000,18300.00000000,19494.00000000,1114.12243824
2022-09-20T00:00:00Z,19476.00000000,19545.00000000,18811.00000000,18931.00000000,748.98015987
2022-09-21T00:00:00Z,18935.00000000,20199.00000000,18432.00000000,18782.00000000,1588.01446944
2022-09-22T00:00:00Z,18835.00000000,19849.00000000,18704.00000000,19728.00000000,743.08897147
2022-09-23T00:00:00Z,19712.00000000,20003.00000000,19057.00000000,19897.00000000,812.07250813
2022-09-24T00:00:00Z,19886.00000000,19914.00000000,19394.00000000,19513.00000000,399.02469593
2022-09-25T00:00:00Z,19508.00000000,19768.00000000,19260.00000000,19415.00000000,473.14709881
2022-09-26T00:00:00Z,19423.00000000,20010.00000000,19362.00000000,19977.00000000,926.26733092
2022-09-27T00:00:00Z,19975.00000000,21125.00000000,19648.00000000,19890.00000000,896.53465401
2022-09-28T00:00:00Z,19884.00000000,20308.00000000,19347.00000000,19996.00000000,937.95948802
2022-09-29T00:00:00Z,20002.00000000,20239.00000000,19367.00000000,19936.00000000,420.94192099
2022-09-30T00:00:00Z,19944.00000000,20583.00000000,19571.00000000,19818.00000000,570.31157835
2022-10-01T00:00:00Z,19818.00000000,19873.00000000,19566.00000000,19709.00000000,159.87318637
2022-10-02T00:00:00Z,19707.00000000,19788.00000000,19327.00000000,19460.00000000,215.19946618
2022-10-03T00:00:00Z,19460.00000000,20037.00000000,19383.00000000,19959.00000000,462.29397641
2022-10-04T00:00:00Z,19960.00000000,20495.00000000,19878.00000000,20370.00000000,611.88774267
2022-10-05T00:00:00Z,20377.00000000,20571.00000000,20060.00000000,20346.00000000,475.72782967
2022-10-06T00:00:00Z,20334.00000000,20631.00000000,20197.00000000,20382.00000000,610.90812462
2022-10-07T00:00:00Z,20375.00000000,20465.00000000,19797.00000000,20053.00000000,448.54314884
2022-10-08T00:00:00Z,20053.00000000,20149.00000000,19742.00000000,19940.00000000,97.90604639
2022-10-09T00:00:00Z,19938.00000000,20071.00000000,19848.00000000,19976.00000000,115.45662609
2022-10-10T00:00:00Z,19976.00000000,20042.00000000,19613.00000000,19700.00000000,443.59632298
2022-10-11T00:00:00Z,19700.00000000,19797.00000000,19417.00000000,19641.00000000,451.22603227
2022-10-12T00:00:00Z,19634.00000000,19778.00000000,19571.00000000,19727.00000000,465.25011259
2022-10-13T00:00:00Z,19721.00000000,19932.00000000,18835.00000000,19837.00000000,693.54611018
2022-10-14T00:00:00Z,19824.00000000,20346.00000000,19634.00000000,19723.00000000,609.04688981
2022-10-15T00:00:00Z,19718.00000000,19766.00000000,19543.00000000,19624.00000000,85.97295699
2022-10-16T00:00:00Z,19624.00000000,19958.00000000,19620.00000000,19777.00000000,133.16520654
2022-10-17T00:00:00Z,19777.00000000,20076.00000000,19660.00000000,19856.00000000,382.20944543
2022-10-18T00:00:00Z,19853.00000000,19978.00000000,19394.00000000,19597.00000000,475.77483787
2022-10-19T00:00:00Z,19590.00000000,19712.00000000,19478.00000000,19579.00000000,433.34448553
2022-10-20T00:00:00Z,19572.00000000,19672.00000000,19356.00000000,19475.00000000,367.03886667
2022-10-21T00:00:00Z,19468.00000000,19555.00000000,19158.00000000,19437.00000000,634.64294989
2022-10-22T00:00:00Z,19436.00000000,19527.00000000,19389.00000000,19484.00000000,108.39590447
2022-10-23T00:00:00Z,19482.00000000,19959.00000000,19351.00000000,19843.00000000,310.60326318
2022-10-24T00:00:00Z,19842.00000000,19880.00000000,19437.00000000,19556.00000000,440.64825725
2022-10-25T00:00:00Z,19550.00000000,20479.00000000,19465.00000000,20170.00000000,826.76499802
2022-10-26T00:00:00Z,20156.00000000,20955.00000000,20142.00000000,20585.00000000,1105.44315468
2022-10-27T00:00:00Z,20582.00000000,20747.00000000,20238.00000000,20351.00000000,861.51863576
2022-10-28T00:00:00Z,20353.00000000,20880.00000000,20100.00000000,20668.00000000,516.79462066
2022-10-29T00:00:00Z,20664.00000000,21135.00000000,20633.00000000,20878.00000000,338.13479868
2022-10-30T00:00:00Z,20873.00000000,21000.00000000,20616.00000000,20719.00000000,194.23025474
2022-10-31T00:00:00Z,20713.00000000,20950.00000000,20468.00000000,20734.00000000,507.19985082
2022-11-01T00:00:00Z,20728.00000000,20834.00000000,20478.00000000,20740.00000000,404.45463834
2022-11-02T00:00:00Z,20734.00000000,20903.00000000,20442.00000000,20536.00000000,712.29829475
2022-11-03T00:00:00Z,20529.00000000,20833.00000000,20503.00000000,20719.00000000,450.38085161
2022-11-04T00:00:00Z,20719.00000000,21426.00000000,20678.00000000,21237.00000000,907.45254610
2022-11-05T00:00:00Z,21235.00000000,21557.00000000,21170.00000000,21388.00000000,262.93887618
2022-11-06T00:00:00Z,21383.00000000,21448.00000000,21040.00000000,21063.00000000,508.56464494
2022-11-07T00:00:00Z,21056.00000000,21213.00000000,20354.00000000,20549.00000000,510.57974025
2022-11-08T00:00:00Z,20551.00000000,20635.00000000,17143.00000000,18430.00000000,4872.56121153
2022-11-09T00:00:00Z,18429.00000000,18464.00000000,15652.00000000,15911.00000000,3162.58824916
2022-11-10T00:00:00Z,15926.00000000,17819.00000000,15748.00000000,17241.00000000,1765.07075482
2022-11-11T00:00:00Z,17219.00000000,17341.00000000,15901.00000000,16429.00000000,1105.55105160
2022-11-12T00:00:00Z,16455.00000000,16484.00000000,16047.00000000,16184.00000000,253.50108007
2022-11-13T00:00:00Z,16182.00000000,16322.00000000,15700.00000000,15787.00000000,691.00331450
2022-11-14T00:00:00Z,15790.00000000,16625.00000000,15312.00000000,16079.00000000,894.16287484
2022-11-15T00:00:00Z,16075.00000000,16452.00000000,16000.00000000,16309.00000000,740.99717684
2022-11-16T00:00:00Z,16300.00000000,16399.00000000,15747.00000000,16038.00000000,684.66399954
2022-11-17T00:00:00Z,16024.00000000,16160.00000000,15841.00000000,16102.00000000,431.48873936
2022-11-18T00:00:00Z,16101.00000000,16358.00000000,15988.00000000,16161.00000000,461.92287711
2022-11-19T00:00:00Z,16150.00000000,16265.00000000,16028.00000000,16156.00000000,147.42140948
2022-11-20T00:00:00Z,16152.00000000,16202.00000000,15664.00000000,15736.00000000,338.12992823
2022-11-21T00:00:00Z,15730.00000000,15827.00000000,15115.00000000,15380.00000000,958.68803569
2022-11-22T00:00:00Z,15380.00000000,15817.00000000,15214.00000000,15715.00000000,743.80342615
2022-11-23T00:00:00Z,15715.00000000,16103.00000000,15662.00000000,15947.00000000,821.29778383
2022-11-24T00:00:00Z,15938.00000000,16103.00000000,15769.00000000,15941.00000000,399.66994598
2022-11-25T00:00:00Z,15938.00000000,15946.00000000,15678.00000000,15859.00000000,491.85262247
2022-11-26T00:00:00Z,15863.00000000,16022.00000000,15750.00000000,15823.00000000,159.03816406
2022-11-27T00:00:00Z,15823.00000000,15981.00000000,15812.00000000,15846.00000000,184.08617595
2022-11-28T00:00:00Z,15848.00000000,15877.00000000,15395.00000000,15667.00000000,662.84084965
2022-11-29T00:00:00Z,15665.00000000,15975.00000000,15552.00000000,15915.00000000,531.74626060
2022-11-30T00:00:00Z,15908.00000000,16560.00000000,15897.00000000,16462.00000000,618.00795932
2022-12-01T00:00:00Z,16462.00000000,16521.00000000,16029.00000000,16125.00000000,684.38797530
2022-12-02T00:00:00Z,16128.00000000,16241.00000000,16045.00000000,16228.00000000,500.44311008
2022-12-03T00:00:00Z,16226.00000000,16277.00000000,16020.00000000,16044.00000000,147.97704520
2022-12-04T00:00:00Z,16042.00000000,16317.00000000,16042.00000000,16231.00000000,286.25266027
2022-12-05T00:00:00Z,16226.00000000,16480.00000000,16095.00000000,16160.00000000,596.17029106
2022-12-06T00:00:00Z,16155.00000000,16326.00000000,16085.00000000,16314.00000000,352.66781518
2022-12-07T00:00:00Z,16308.00000000,16366.00000000,15932.00000000,16007.00000000,314.08858260
2022-12-08T00:00:00Z,16011.00000000,16366.00000000,15933.00000000,16312.00000000,373.06036223
2022-12-09T00:00:00Z,16306.00000000,16420.00000000,16207.00000000,16251.00000000,319.00733828
2022-12-10T00:00:00Z,16249.00000000,16339.00000000,16229.00000000,16245.00000000,91.24387453
2022-12-11T00:00:00Z,16248.00000000,16382.00000000,16214.00000000,16243.00000000,134.08713075
2022-12-12T00:00:00Z,16230.00000000,16342.00000000,15996.00000000,16311.00000000,403.44165275
2022-12-13T00:00:00Z,16311.00000000,16940.00000000,16188.00000000,16728.00000000,624.85976846
2022-12-14T00:00:00Z,16721.00000000,17193.00000000,16557.00000000,16667.00000000,917.63201098
2022-12-15T00:00:00Z,16671.00000000,16722.00000000,16248.00000000,16299.00000000,495.48571879
2022-12-16T00:00:00Z,16297.00000000,16458.00000000,15630.00000000,15706.00000000,745.68655811
2022-12-17T00:00:00Z,15709.00000000,15858.00000000,15665.00000000,15843.00000000,213.06330482
2022-12-18T00:00:00Z,15844.00000000,15899.00000000,15739.00000000,15821.00000000,180.82473990
2022-12-19T00:00:00Z,15824.00000000,15869.00000000,15353.00000000,15486.00000000,543.56800679
2022-12-20T00:00:00Z,15477.00000000,15999.00000000,15457.00000000,15907.00000000,441.71402698
2022-12-21T00:00:00Z,15897.00000000,15926.00000000,15759.00000000,15857.00000000,328.32384321
2022-12-22T00:00:00Z,15857.00000000,15884.00000000,15651.00000000,15860.00000000,438.76397652
2022-12-23T00:00:00Z,15856.00000000,15912.00000000,15780.00000000,15787.00000000,334.26918814
2022-12-24T00:00:00Z,15787.00000000,15858.00000000,15784.00000000,15835.00000000,83.77250001
2022-12-25T00:00:00Z,15836.00000000,15850.00000000,15752.00000000,15844.00000000,93.38558983
2022-12-26T00:00:00Z,15839.00000000,15914.00000000,15791.00000000,15884.00000000,207.93608058
2022-12-27T00:00:00Z,15884.00000000,15932.00000000,15586.00000000,15695.00000000,254.37774267
2022-12-28T00:00:00Z,15692.00000000,15735.00000000,15518.00000000,15557.00000000,324.17760099
2022-12-29T00:00:00Z,15556.00000000,15634.00000000,15511.00000000,15601.00000000,378.33921158
2022-12-30T00:00:00Z,15601.00000000,15605.00000000,15305.00000000,15505.00000000,495.05067128
2022-12-31T00:00:00Z,15505.00000000,15535.00000000,15367.00000000,15428.00000000,160.94070470
2023-01-01T00:00:00Z,15433.00000000,15533.00000000,15394.00000000,15520.00000000,202.69246919
2023-01-02T00:00:00Z,15517.00000000,15711.00000000,15456.00000000,15594.00000000,324.83314790
2023-01-03T00:00:00Z,15589.00000000,15884.00000000,15579.00000000,15801.00000000,320.28304561
2023-01-04T00:00:00Z,15798.00000000,16024.00000000,15769.00000000,15884.00000000,419.07308582
2023-01-05T00:00:00Z,15882.00000000,16028.00000000,15798.00000000,15991.00000000,408.32133063
2023-01-06T00:00:00Z,15991.00000000,16010.00000000,15807.00000000,15915.00000000,361.01857256
2023-01-07T00:00:00Z,15913.00000000,15937.00000000,15882.00000000,15917.00000000,91.35875257
2023-01-08T00:00:00Z,15915.00000000,16100.00000000,15883.00000000,16058.00000000,161.07977710
2023-01-09T00:00:00Z,16058.00000000,16196.00000000,15959.00000000,16004.00000000,343.57656688
2023-01-10T00:00:00Z,16002.00000000,16289.00000000,15988.00000000,16246.00000000,292.91091225
2023-01-11T00:00:00Z,16245.00000000,16709.00000000,16093.00000000,16663.00000000,324.32023682
2023-01-12T00:00:00Z,16663.00000000,17604.00000000,16575.00000000,17359.00000000,985.43065167
2023-01-13T00:00:00Z,17355.00000000,18456.00000000,17244.00000000,18399.00000000,712.65320398
2023-01-14T00:00:00Z,18398.00000000,19639.00000000,18374.00000000,19332.00000000,812.85972071
2023-01-15T00:00:00Z,19328.00000000,19389.00000000,18946.00000000,19285.00000000,328.05566479
2023-01-16T00:00:00Z,19285.00000000,19825.00000000,19055.00000000,19559.00000000,681.32096056
2023-01-17T00:00:00Z,19559.00000000,19893.00000000,19264.00000000,19610.00000000,698.85078167
2023-01-18T00:00:00Z,19589.00000000,19888.00000000,18837.00000000,19142.00000000,905.50874833
2023-01-19T00:00:00Z,19131.00000000,19551.00000000,19104.00000000,19450.00000000,445.90452578
2023-01-20T00:00:00Z,19450.00000000,20940.00000000,19250.00000000,20880.00000000,672.64768713
2023-01-21T00:00:00Z,20870.00000000,21542.00000000,20668.00000000,20988.00000000,588.30165456
2023-01-22T00:00:00Z,20984.00000000,21243.00000000,20555.00000000,20911.00000000,442.93373432
2023-01-23T00:00:00Z,20906.00000000,21383.00000000,20716.00000000,21087.00000000,601.35102871
2023-01-24T00:00:00Z,21084.00000000,21279.00000000,20650.00000000,20780.00000000,643.86783743
2023-01-25T00:00:00Z,20781.00000000,21819.00000000,20510.00000000,21098.00000000,811.78340912
2023-01-26T00:00:00Z,21111.00000000,21332.00000000,20975.00000000,21113.00000000,416.50288430
2023-01-27T00:00:00Z,21108.00000000,21615.00000000,20708.00000000,21241.00000000,430.34060882
2023-01-28T00:00:00Z,21235.00000000,21334.00000000,21068.00000000,21202.00000000,148.17384773
2023-01-29T00:00:00Z,21194.00000000,22038.00000000,21152.00000000,21851.00000000,469.52508898
2023-01-30T00:00:00Z,21838.00000000,21892.00000000,20739.00000000,21044.00000000,518.83399773
2023-01-31T00:00:00Z,21033.00000000,21443.00000000,20933.00000000,21295.00000000,445.93628984
2023-02-01T00:00:00Z,21296.00000000,21675.00000000,20900.00000000,21553.00000000,691.37364345
2023-02-02T00:00:00Z,21552.00000000,22110.00000000,21418.00000000,21531.00000000,620.90854793
2023-02-03T00:00:00Z,21535.00000000,21868.00000000,21377.00000000,21702.00000000,347.76015151
2023-02-04T00:00:00Z,21695.00000000,21833.00000000,21537.00000000,21610.00000000,118.60013262
2023-02-05T00:00:00Z,21602.00000000,21699.00000000,21106.00000000,21260.00000000,243.28374333
2023-02-06T00:00:00Z,21261.00000000,21561.00000000,20966.00000000,21210.00000000,623.32436220
2023-02-07T00:00:00Z,21210.00000000,21700.00000000,21197.00000000,21651.00000000,299.09981100
2023-02-08T00:00:00Z,21640.00000000,21818.00000000,21135.00000000,21421.00000000,265.44999978
2023-02-09T00:00:00Z,21416.00000000,21455.00000000,20210.00000000,20298.00000000,521.79221123
2023-02-10T00:00:00Z,20290.00000000,20460.00000000,20101.00000000,20258.00000000,305.78007404
2023-02-11T00:00:00Z,20250.00000000,20519.00000000,20238.00000000,20489.00000000,116.82861272
2023-02-12T00:00:00Z,20485.00000000,20692.00000000,20275.00000000,20414.00000000,185.93312567
2023-02-13T00:00:00Z,20403.00000000,20508.00000000,19929.00000000,20300.00000000,364.94511881
2023-02-14T00:00:00Z,20300.00000000,20745.00000000,20080.00000000,20681.00000000,429.70160536
2023-02-15T00:00:00Z,20675.00000000,22788.00000000,20563.00000000,22741.00000000,603.23338540
2023-02-16T00:00:00Z,22731.00000000,23645.00000000,22031.00000000,22042.00000000,614.86470791
2023-02-17T00:00:00Z,22041.00000000,23380.00000000,21905.00000000,22956.00000000,574.91847880
2023-02-18T00:00:00Z,22959.00000000,23231.00000000,22848.00000000,23020.00000000,203.21048769
2023-02-19T00:00:00Z,23021.00000000,23520.00000000,22650.00000000,22725.00000000,299.46274425
2023-02-20T00:00:00Z,22713.00000000,23488.00000000,22349.00000000,23240.00000000,492.58775572
2023-02-21T00:00:00Z,23233.00000000,23632.00000000,22696.00000000,22949.00000000,450.86647761
2023-02-22T00:00:00Z,22947.00000000,22969.00000000,22200.00000000,22800.00000000,421.85547465
2023-02-23T00:00:00Z,22800.00000000,23141.00000000,22277.00000000,22583.00000000,375.31759111
2023-02-24T00:00:00Z,22585.00000000,22743.00000000,21680.00000000,21991.00000000,406.14123734
2023-02-25T00:00:00Z,21991.00000000,22008.00000000,21605.00000000,21999.00000000,134.35030337
2023-02-26T00:00:00Z,21993.00000000,22460.00000000,21894.00000000,22328.00000000,172.79004174
2023-02-27T00:00:00Z,22320.00000000,22541.00000000,21805.00000000,22146.00000000,389.89560805
2023-02-28T00:00:00Z,22141.00000000,22239.00000000,21780.00000000,21870.00000000,317.34379742
2023-03-01T00:00:00Z,21878.00000000,22534.00000000,21793.00000000,22159.00000000,474.06701962
2023-03-02T00:00:00Z,22146.00000000,22299.00000000,21900.00000000,22137.00000000,324.33776299
2023-03-03T00:00:00Z,22137.00000000,22146.00000000,20727.00000000,21019.00000000,536.89505729
2023-03-04T00:00:00Z,21015.00000000,21073.00000000,20842.00000000,21022.00000000,115.67618093
2023-03-05T00:00:00Z,21019.00000000,21291.00000000,20898.00000000,21107.00000000,186.71712513
2023-03-06T00:00:00Z,21105.00000000,21176.00000000,20909.00000000,20959.00000000,304.17896748
2023-03-07T00:00:00Z,20966.00000000,21165.00000000,20710.00000000,21031.00000000,381.34081715
2023-03-08T00:00:00Z,21032.00000000,21100.00000000,20450.00000000,20575.00000000,322.45990614
2023-03-09T00:00:00Z,20566.00000000,20659.00000000,18961.00000000,19239.00000000,602.79149877
2023-03-10T00:00:00Z,19240.00000000,19240.00000000,18465.00000000,18973.00000000,842.29309521
2023-03-11T00:00:00Z,18965.00000000,19574.00000000,18646.00000000,19271.00000000,980.88556699
2023-03-12T00:00:00Z,19262.00000000,20825.00000000,19117.00000000,20742.00000000,948.47403890
2023-03-13T00:00:00Z,20744.00000000,22733.00000000,20144.00000000,22384.00000000,2306.56888362
2023-03-14T00:00:00Z,22384.00000000,24499.00000000,22261.00000000,22965.00000000,1476.31960192
2023-03-15T00:00:00Z,22962.00000000,23847.00000000,22599.00000000,23003.00000000,783.17078877
2023-03-16T00:00:00Z,23000.00000000,23732.00000000,22826.00000000,23585.00000000,589.38727726
2023-03-17T00:00:00Z,23587.00000000,26045.00000000,23497.00000000,25695.00000000,1076.54806096
2023-03-18T00:00:00Z,25685.00000000,25974.00000000,24947.00000000,25238.00000000,345.40146867
2023-03-19T00:00:00Z,25245.00000000,26649.00000000,25169.00000000,26259.00000000,397.94728203
2023-03-20T00:00:00Z,26258.00000000,26798.00000000,25503.00000000,25923.00000000,732.49530591
2023-03-21T00:00:00Z,25918.00000000,26464.00000000,25599.00000000,26154.00000000,460.98563349
2023-03-22T00:00:00Z,26150.00000000,26710.00000000,24525.00000000,25136.00000000,1221.43536124
2023-03-23T00:00:00Z,25129.00000000,26442.00000000,24973.00000000,26148.00000000,729.23203202
2023-03-24T00:00:00Z,26146.00000000,26274.00000000,25136.00000000,25566.00000000,620.05227020
2023-03-25T00:00:00Z,25571.00000000,25865.00000000,25300.00000000,25572.00000000,215.38003159
2023-03-26T00:00:00Z,25565.00000000,26213.00000000,25533.00000000,25983.00000000,217.93538346
2023-03-27T00:00:00Z,25976.00000000,26056.00000000,24626.00000000,25120.00000000,502.60644060
2023-03-28T00:00:00Z,25109.00000000,25363.00000000,24633.00000000,25165.00000000,433.74863242
2023-03-29T00:00:00Z,25160.00000000,26427.00000000,25143.00000000,26137.00000000,602.39172988
2023-03-30T00:00:00Z,26134.00000000,26916.00000000,25427.00000000,25727.00000000,626.32772472
2023-03-31T00:00:00Z,25715.00000000,26412.00000000,25285.00000000,26267.00000000,550.59646024
2023-04-01T00:00:00Z,26254.00000000,26570.00000000,26071.00000000,26257.00000000,148.24784075
2023-04-02T00:00:00Z,26254.00000000,26316.00000000,25737.00000000,26084.00000000,160.36388634
2023-04-03T00:00:00Z,26092.00000000,26251.00000000,25000.00000000,25501.00000000,755.89119034
2023-04-04T00:00:00Z,25497.00000000,26069.00000000,25384.00000000,25712.00000000,467.69461117
2023-04-05T00:00:00Z,25713.00000000,26255.00000000,25500.00000000,25844.00000000,470.39587990
2023-04-06T00:00:00Z,25840.00000000,25847.00000000,25432.00000000,25697.00000000,275.57709512
2023-04-07T00:00:00Z,25697.00000000,25769.00000000,25469.00000000,25609.00000000,203.10900111
2023-04-08T00:00:00Z,25609.00000000,25849.00000000,25567.00000000,25681.00000000,124.24507416
2023-04-09T00:00:00Z,25678.00000000,26187.00000000,25543.00000000,25975.00000000,275.64395603
2023-04-10T00:00:00Z,25972.00000000,27398.00000000,25899.00000000,27273.00000000,431.34561400
2023-04-11T00:00:00Z,27267.00000000,27985.00000000,27219.00000000,27679.00000000,567.46054651
2023-04-12T00:00:00Z,27675.00000000,27806.00000000,27027.00000000,27191.00000000,472.08714745
2023-04-13T00:00:00Z,27188.00000000,27710.00000000,27177.00000000,27520.00000000,448.12580421
2023-04-14T00:00:00Z,27518.00000000,28041.00000000,27336.00000000,27717.00000000,593.14918508
2023-04-15T00:00:00Z,27714.00000000,27831.00000000,27518.00000000,27586.00000000,153.34707057
2023-04-16T00:00:00Z,27585.00000000,27792.00000000,27434.00000000,27614.00000000,235.06750817
2023-04-17T00:00:00Z,27604.00000000,27621.00000000,26754.00000000,26951.00000000,485.30048032
2023-04-18T00:00:00Z,26948.00000000,27783.00000000,26657.00000000,27689.00000000,494.89034530
2023-04-19T00:00:00Z,27687.00000000,27707.00000000,26129.00000000,26320.00000000,1333.78940350
2023-04-20T00:00:00Z,26310.00000000,26526.00000000,25547.00000000,25745.00000000,613.72264214
2023-04-21T00:00:00Z,25746.00000000,25858.00000000,24690.00000000,24797.00000000,659.38713863
2023-04-22T00:00:00Z,24797.00000000,25431.00000000,24702.00000000,25378.00000000,356.74847697
2023-04-23T00:00:00Z,25378.00000000,25378.00000000,24930.00000000,25108.00000000,358.69681560
2023-04-24T00:00:00Z,25113.00000000,25464.00000000,24450.00000000,24883.00000000,460.32437448
2023-04-25T00:00:00Z,24883.00000000,25871.00000000,24634.00000000,25789.00000000,480.37645060
2023-04-26T00:00:00Z,25784.00000000,27160.00000000,24688.00000000,25749.00000000,995.07244655
2023-04-27T00:00:00Z,25739.00000000,27121.00000000,25710.00000000,26735.00000000,601.68833754
2023-04-28T00:00:00Z,26724.00000000,26854.00000000,26250.00000000,26607.00000000,323.79007892
2023-04-29T00:00:00Z,26604.00000000,26725.00000000,26361.00000000,26547.00000000,155.73308594
2023-04-30T00:00:00Z,26538.00000000,27176.00000000,26419.00000000,26546.00000000,339.76896255
2023-05-01T00:00:00Z,26555.00000000,26657.00000000,25207.00000000,25593.00000000,552.67796607
2023-05-02T00:00:00Z,25598.00000000,26264.00000000,25383.00000000,26047.00000000,481.66168937
2023-05-03T00:00:00Z,26046.00000000,26440.00000000,25441.00000000,26231.00000000,500.57423842
2023-05-04T00:00:00Z,26226.00000000,26564.00000000,26003.00000000,26179.00000000,510.24745264
2023-05-05T00:00:00Z,26178.00000000,26944.00000000,26173.00000000,26792.00000000,547.98359989
2023-05-06T00:00:00Z,26786.00000000,27062.00000000,25791.00000000,26242.00000000,298.34785380
2023-05-07T00:00:00Z,26238.00000000,26491.00000000,25829.00000000,25831.00000000,280.48579786
2023-05-08T00:00:00Z,25842.00000000,26008.00000000,24809.00000000,25180.00000000,731.30921495
2023-05-09T00:00:00Z,25174.00000000,25414.00000000,24953.00000000,25220.00000000,528.17336053
2023-05-10T00:00:00Z,25216.00000000,25817.00000000,24444.00000000,25152.00000000,784.88740814
2023-05-11T00:00:00Z,25145.00000000,25273.00000000,24484.00000000,24745.00000000,463.35767415
2023-05-12T00:00:00Z,24735.00000000,24813.00000000,23810.00000000,24699.00000000,613.33367846
2023-05-13T00:00:00Z,24694.00000000,24950.00000000,24605.00000000,24697.00000000,151.45790115
2023-05-14T00:00:00Z,24698.00000000,25070.00000000,24528.00000000,24820.00000000,196.53388324
2023-05-15T00:00:00Z,24811.00000000,25435.00000000,24650.00000000,24984.00000000,495.80872286
2023-05-16T00:00:00Z,24974.00000000,25102.00000000,24702.00000000,24883.00000000,333.03259047
2023-05-17T00:00:00Z,24885.00000000,25340.00000000,24516.00000000,25281.00000000,369.49024274
2023-05-18T00:00:00Z,25277.00000000,25408.00000000,24500.00000000,24890.00000000,419.66060172
2023-05-19T00:00:00Z,24882.00000000,25100.00000000,24648.00000000,24886.00000000,282.65106802
2023-05-20T00:00:00Z,24884.00000000,25122.00000000,24832.00000000,25088.00000000,107.52926218
2023-05-21T00:00:00Z,25083.00000000,25230.00000000,24693.00000000,24720.00000000,143.48656944
2023-05-22T00:00:00Z,24723.00000000,25041.00000000,24525.00000000,24832.00000000,357.52401687
2023-05-23T00:00:00Z,24838.00000000,25421.00000000,24791.00000000,25271.00000000,406.49534094
2023-05-24T00:00:00Z,25268.00000000,25275.00000000,24222.00000000,24472.00000000,522.45987298
2023-05-25T00:00:00Z,24466.00000000,24813.00000000,24083.00000000,24685.00000000,610.61260756
2023-05-26T00:00:00Z,24686.00000000,25127.00000000,24531.00000000,24905.00000000,414.35753406
2023-05-27T00:00:00Z,24899.00000000,25065.00000000,24770.00000000,25040.00000000,156.41962527
2023-05-28T00:00:00Z,25043.00000000,26338.00000000,24965.00000000,26175.00000000,447.62731796
2023-05-29T00:00:00Z,26172.00000000,26531.00000000,25700.00000000,25904.00000000,509.09026430
2023-05-30T00:00:00Z,25901.00000000,26113.00000000,25715.00000000,25814.00000000,410.73881745
2023-05-31T00:00:00Z,25810.00000000,25939.00000000,25185.00000000,25460.00000000,430.18627360
2023-06-01T00:00:00Z,25456.00000000,25580.00000000,24778.00000000,24938.00000000,371.81662361
2023-06-02T00:00:00Z,24935.00000000,25499.00000000,24652.00000000,25457.00000000,444.59811808
2023-06-03T00:00:00Z,25454.00000000,25530.00000000,25155.00000000,25290.00000000,186.04483721
2023-06-04T00:00:00Z,25288.00000000,25634.00000000,25182.00000000,25360.00000000,231.80678398
2023-06-05T00:00:00Z,25352.00000000,25378.00000000,23711.00000000,24031.00000000,1077.61226803
2023-06-06T00:00:00Z,24032.00000000,25572.00000000,23759.00000000,25451.00000000,1024.88972818
2023-06-07T00:00:00Z,25457.00000000,25587.00000000,24422.00000000,24604.00000000,643.14571397
2023-06-08T00:00:00Z,24589.00000000,24875.00000000,24459.00000000,24582.00000000,636.30572265
2023-06-09T00:00:00Z,24580.00000000,24868.00000000,24399.00000000,24633.00000000,361.31043034
2023-06-10T00:00:00Z,24629.00000000,24675.00000000,23693.00000000,24115.00000000,598.24238960
2023-06-11T00:00:00Z,24112.00000000,24399.00000000,23938.00000000,24125.00000000,165.67357150
2023-06-12T00:00:00Z,24127.00000000,24215.00000000,23870.00000000,24055.00000000,447.21990142
2023-06-13T00:00:00Z,24059.00000000,24427.00000000,23828.00000000,24025.00000000,555.58222039
2023-06-14T00:00:00Z,24021.00000000,24120.00000000,22932.00000000,23183.00000000,548.50956918
2023-06-15T00:00:00Z,23181.00000000,23520.00000000,22762.00000000,23372.00000000,725.38540402
2023-06-16T00:00:00Z,23366.00000000,24212.00000000,23022.00000000,24058.00000000,577.49867016
2023-06-17T00:00:00Z,24058.00000000,24480.00000000,23916.00000000,24235.00000000,134.87685820
2023-06-18T00:00:00Z,24235.00000000,24387.00000000,24000.00000000,24079.00000000,130.64186642
2023-06-19T00:00:00Z,24075.00000000,24749.00000000,24013.00000000,24565.00000000,463.43567307
2023-06-20T00:00:00Z,24562.00000000,25999.00000000,24409.00000000,25915.00000000,627.28884014
2023-06-21T00:00:00Z,25913.00000000,28021.00000000,25885.00000000,27251.00000000,903.94990648
2023-06-22T00:00:00Z,27230.00000000,27664.00000000,26942.00000000,27286.00000000,543.54275409
2023-06-23T00:00:00Z,27259.00000000,28923.00000000,27249.00000000,28173.00000000,531.01962793
2023-06-24T00:00:00Z,28174.00000000,28271.00000000,27754.00000000,28025.00000000,140.42381598
2023-06-25T00:00:00Z,28009.00000000,28475.00000000,27800.00000000,27939.00000000,161.18704285
2023-06-26T00:00:00Z,27933.00000000,28073.00000000,27443.00000000,27732.00000000,356.27339393
2023-06-27T00:00:00Z,27744.00000000,28300.00000000,27659.00000000,28017.00000000,431.70215647
2023-06-28T00:00:00Z,28019.00000000,28032.00000000,27354.00000000,27566.00000000,199.34613185
2023-06-29T00:00:00Z,27566.00000000,28341.00000000,27565.00000000,28016.00000000,283.43563094
2023-06-30T00:00:00Z,28010.00000000,28753.00000000,27019.00000000,27912.00000000,470.33293312
2023-07-01T00:00:00Z,27909.00000000,28086.00000000,27767.00000000,28031.00000000,125.02534394
2023-07-02T00:00:00Z,28023.00000000,28187.00000000,27643.00000000,28054.00000000,105.72246974
2023-07-03T00:00:00Z,28049.00000000,28747.00000000,28021.00000000,28540.00000000,329.37560747
2023-07-04T00:00:00Z,28535.00000000,28708.00000000,28143.00000000,28282.00000000,277.81015216
2023-07-05T00:00:00Z,28278.00000000,28407.00000000,27728.00000000,28107.00000000,253.45079931
2023-07-06T00:00:00Z,28106.00000000,28982.00000000,27425.00000000,27465.00000000,493.76672239
2023-07-07T00:00:00Z,27465.00000000,27920.00000000,27309.00000000,27697.00000000,338.78068076
2023-07-08T00:00:00Z,27693.00000000,27729.00000000,27426.00000000,27644.00000000,141.89884300
2023-07-09T00:00:00Z,27650.00000000,27780.00000000,27435.00000000,27514.00000000,99.80542997
2023-07-10T00:00:00Z,27514.00000000,28223.00000000,27344.00000000,27642.00000000,274.47307033
2023-07-11T00:00:00Z,27644.00000000,28041.00000000,27589.00000000,27820.00000000,260.32071201
2023-07-12T00:00:00Z,27817.00000000,28035.00000000,27139.00000000,27289.00000000,357.81839706
2023-07-13T00:00:00Z,27280.00000000,28350.00000000,27159.00000000,28029.00000000,663.54042428
2023-07-14T00:00:00Z,28026.00000000,28129.00000000,26652.00000000,27049.00000000,468.36176326
2023-07-15T00:00:00Z,27048.00000000,28300.00000000,26981.00000000,27031.00000000,269.09463802
2023-07-16T00:00:00Z,27028.00000000,27168.00000000,26831.00000000,26957.00000000,185.27887554
2023-07-17T00:00:00Z,26950.00000000,27055.00000000,26416.00000000,26833.00000000,376.62950457
2023-07-18T00:00:00Z,26831.00000000,26903.00000000,26350.00000000,26616.00000000,424.28432720
2023-07-19T00:00:00Z,26612.00000000,26909.00000000,26589.00000000,26712.00000000,265.48834241
2023-07-20T00:00:00Z,26708.00000000,27130.00000000,26578.00000000,26768.00000000,317.58563356
2023-07-21T00:00:00Z,26773.00000000,27016.00000000,26703.00000000,26887.00000000,190.76838482
2023-07-22T00:00:00Z,26887.00000000,26963.00000000,26666.00000000,26797.00000000,85.99953186
2023-07-23T00:00:00Z,26819.00000000,27288.00000000,26745.00000000,27048.00000000,146.92127932
2023-07-24T00:00:00Z,27045.00000000,27052.00000000,26070.00000000,26375.00000000,360.36472455
2023-07-25T00:00:00Z,26373.00000000,26602.00000000,26240.00000000,26451.00000000,244.91433487
2023-07-26T00:00:00Z,26445.00000000,26768.00000000,26307.00000000,26492.00000000,342.09849494
2023-07-27T00:00:00Z,26489.00000000,26790.00000000,26313.00000000,26602.00000000,297.02393042
2023-07-28T00:00:00Z,26598.00000000,26762.00000000,26480.00000000,26590.00000000,268.19676035
2023-07-29T00:00:00Z,26590.00000000,26668.00000000,26527.00000000,26636.00000000,53.88811184
2023-07-30T00:00:00Z,26636.00000000,26712.00000000,26336.00000000,26549.00000000,116.94120478
2023-07-31T00:00:00Z,26549.00000000,26770.00000000,26457.00000000,26558.00000000,345.41027104
2023-08-01T00:00:00Z,26557.00000000,26958.00000000,26046.00000000,26926.00000000,469.58259287
2023-08-02T00:00:00Z,26926.00000000,27250.00000000,26400.00000000,26640.00000000,375.17212230
2023-08-03T00:00:00Z,26633.00000000,26880.00000000,26469.00000000,26636.00000000,261.77039938
2023-08-04T00:00:00Z,26632.00000000,26690.00000000,26000.00000000,26399.00000000,384.80974018
2023-08-05T00:00:00Z,26396.00000000,26424.00000000,26296.00000000,26397.00000000,71.91061450
2023-08-06T00:00:00Z,26394.00000000,26481.00000000,26318.00000000,26395.00000000,74.79625677
2023-08-07T00:00:00Z,26389.00000000,27499.00000000,26070.00000000,26506.00000000,446.24476706
2023-08-08T00:00:00Z,26501.00000000,27562.00000000,26492.00000000,27141.00000000,321.90030335
2023-08-09T00:00:00Z,27132.00000000,27417.00000000,26737.00000000,26924.00000000,290.18811141
2023-08-10T00:00:00Z,26918.00000000,27008.00000000,26626.00000000,26795.00000000,274.64680345
2023-08-11T00:00:00Z,26797.00000000,26929.00000000,26667.00000000,26845.00000000,148.35181839
2023-08-12T00:00:00Z,26844.00000000,26929.00000000,26803.00000000,26889.00000000,65.13240090
2023-08-13T00:00:00Z,26883.00000000,26907.00000000,26711.00000000,26757.00000000,111.86918637
2023-08-14T00:00:00Z,26756.00000000,27114.00000000,26589.00000000,26946.00000000,307.04273837
2023-08-15T00:00:00Z,26940.00000000,26967.00000000,26630.00000000,26738.00000000,341.39443701
2023-08-16T00:00:00Z,26737.00000000,26788.00000000,26370.00000000,26376.00000000,255.93233041
2023-08-17T00:00:00Z,26374.00000000,26436.00000000,24091.00000000,24512.00000000,705.12403694
2023-08-18T00:00:00Z,24510.00000000,24701.00000000,23567.00000000,23982.00000000,620.94153214
2023-08-19T00:00:00Z,23982.00000000,24233.00000000,23756.00000000,24064.00000000,216.95921603
2023-08-20T00:00:00Z,24056.00000000,24209.00000000,23965.00000000,24121.00000000,190.55800916
2023-08-21T00:00:00Z,24114.00000000,24119.00000000,23709.00000000,23972.00000000,308.39658157
2023-08-22T00:00:00Z,23972.00000000,24014.00000000,23374.00000000,24005.00000000,362.88783262
2023-08-23T00:00:00Z,24005.00000000,24676.00000000,23852.00000000,24332.00000000,439.68518770
2023-08-24T00:00:00Z,24330.00000000,24458.00000000,23900.00000000,24229.00000000,320.73364427
2023-08-25T00:00:00Z,24222.00000000,24250.00000000,23916.00000000,24138.00000000,365.27410900
2023-08-26T00:00:00Z,24132.00000000,24187.00000000,24075.00000000,24104.00000000,72.25620441
2023-08-27T00:00:00Z,24104.00000000,24256.00000000,24057.00000000,24172.00000000,110.57762899
2023-08-28T00:00:00Z,24168.00000000,24251.00000000,23916.00000000,24097.00000000,279.08495628
2023-08-29T00:00:00Z,24084.00000000,25921.00000000,23950.00000000,25496.00000000,492.86912370
2023-08-30T00:00:00Z,25483.00000000,25521.00000000,24727.00000000,24979.00000000,383.67224828
2023-08-31T00:00:00Z,24979.00000000,25348.00000000,23690.00000000,23911.00000000,401.46023721
2023-09-01T00:00:00Z,23913.00000000,24126.00000000,23481.00000000,23944.00000000,396.07152101
2023-09-02T00:00:00Z,23943.00000000,24120.00000000,23891.00000000,24031.00000000,124.81606361
2023-09-03T00:00:00Z,24023.00000000,24233.00000000,23956.00000000,24107.00000000,131.77283650
2023-09-04T00:00:00Z,24105.00000000,24198.00000000,23750.00000000,23910.00000000,429.69448157
2023-09-05T00:00:00Z,23909.00000000,24147.00000000,23696.00000000,24038.00000000,232.95614994
2023-09-06T00:00:00Z,24043.00000000,24237.00000000,23670.00000000,24017.00000000,227.77586114
2023-09-07T00:00:00Z,24015.00000000,24700.00000000,23944.00000000,24540.00000000,291.38606632
2023-09-08T00:00:00Z,24544.00000000,24667.00000000,23999.00000000,24220.00000000,334.72241160
2023-09-09T00:00:00Z,24216.00000000,24257.00000000,24135.00000000,24225.00000000,90.72564139
2023-09-10T00:00:00Z,24220.00000000,24293.00000000,23932.00000000,24124.00000000,178.44024121
2023-09-11T00:00:00Z,24118.00000000,24165.00000000,23150.00000000,23418.00000000,422.32630395
2023-09-12T00:00:00Z,23425.00000000,24699.00000000,23403.00000000,24035.00000000,424.41100201
2023-09-13T00:00:00Z,24031.00000000,24583.00000000,23950.00000000,24442.00000000,333.58092379
2023-09-14T00:00:00Z,24442.00000000,25228.00000000,24344.00000000,24945.00000000,376.93013582
2023-09-15T00:00:00Z,24943.00000000,25200.00000000,24578.00000000,24950.00000000,243.13231270
2023-09-16T00:00:00Z,24950.00000000,25100.00000000,24808.00000000,24900.00000000,115.12184933
2023-09-17T00:00:00Z,24900.00000000,24945.00000000,24761.00000000,24865.00000000,100.36467755
2023-09-18T00:00:00Z,24865.00000000,25719.00000000,24724.00000000,25035.00000000,370.66997899
2023-09-19T00:00:00Z,25031.00000000,25733.00000000,24944.00000000,25477.00000000,328.69552035
2023-09-20T00:00:00Z,25477.00000000,25632.00000000,25119.00000000,25463.00000000,335.86324247
2023-09-21T00:00:00Z,25458.00000000,25534.00000000,24765.00000000,24921.00000000,230.84230333
2023-09-22T00:00:00Z,24920.00000000,25124.00000000,24878.00000000,24966.00000000,221.52612733
2023-09-23T00:00:00Z,24964.00000000,25030.00000000,24904.00000000,24982.00000000,71.34868346
2023-09-24T00:00:00Z,24982.00000000,25120.00000000,24549.00000000,24653.00000000,181.03321398
2023-09-25T00:00:00Z,24650.00000000,24937.00000000,24416.00000000,24809.00000000,344.34050764
2023-09-26T00:00:00Z,24809.00000000,24916.00000000,24643.00000000,24790.00000000,197.13715159
2023-09-27T00:00:00Z,24788.00000000,25436.00000000,24781.00000000,25085.00000000,364.93269266
2023-09-28T00:00:00Z,25080.00000000,25800.00000000,25032.00000000,25572.00000000,291.19903743
2023-09-29T00:00:00Z,25567.00000000,25679.00000000,25216.00000000,25451.00000000,236.09689629
2023-09-30T00:00:00Z,25445.00000000,25628.00000000,25427.00000000,25505.00000000,97.99166459
2023-10-01T00:00:00Z,25502.00000000,26550.00000000,25498.00000000,26491.00000000,265.69627261
2023-10-02T00:00:00Z,26494.00000000,27194.00000000,26055.00000000,26264.00000000,493.62981042
2023-10-03T00:00:00Z,26233.00000000,26408.00000000,25950.00000000,26200.00000000,250.39818530
2023-10-04T00:00:00Z,26192.00000000,26493.00000000,25989.00000000,26459.00000000,215.87128061
2023-10-05T00:00:00Z,26444.00000000,26721.00000000,25973.00000000,25997.00000000,233.07260241
2023-10-06T00:00:00Z,25995.00000000,26700.00000000,25906.00000000,26407.00000000,276.92003445
2023-10-07T00:00:00Z,26402.00000000,26498.00000000,26331.00000000,26433.00000000,61.19153718
2023-10-08T00:00:00Z,26429.00000000,26563.00000000,26216.00000000,26430.00000000,165.63521545
2023-10-09T00:00:00Z,26430.00000000,26510.00000000,25891.00000000,26081.00000000,295.41776610
2023-10-10T00:00:00Z,26086.00000000,26239.00000000,25760.00000000,25835.00000000,176.03875758
2023-10-11T00:00:00Z,25831.00000000,25902.00000000,25070.00000000,25299.00000000,391.61587338
2023-10-12T00:00:00Z,25289.00000000,25417.00000000,25121.00000000,25388.00000000,222.13666291
2023-10-13T00:00:00Z,25383.00000000,25799.00000000,25375.00000000,25569.00000000,229.65476789
2023-10-14T00:00:00Z,25567.00000000,25691.00000000,25520.00000000,25565.00000000,111.42714069
2023-10-15T00:00:00Z,25561.00000000,25940.00000000,25512.00000000,25828.00000000,291.26330253
2023-10-16T00:00:00Z,25817.00000000,28503.00000000,25779.00000000,27015.00000000,697.52535110
2023-10-17T00:00:00Z,27006.00000000,27111.00000000,26616.00000000,26868.00000000,325.30939429
2023-10-18T00:00:00Z,26856.00000000,27408.00000000,26725.00000000,26891.00000000,289.05919754
2023-10-19T00:00:00Z,26882.00000000,27321.00000000,26700.00000000,27153.00000000,307.96570268
2023-10-20T00:00:00Z,27146.00000000,28542.00000000,27048.00000000,28008.00000000,523.27537603
2023-10-21T00:00:00Z,28003.00000000,28640.00000000,27816.00000000,28236.00000000,141.22334055
2023-10-22T00:00:00Z,28231.00000000,28536.00000000,28000.00000000,28310.00000000,182.72214841
2023-10-23T00:00:00Z,28316.00000000,32367.00000000,28216.00000000,30969.00000000,742.84252223
2023-10-24T00:00:00Z,31008.00000000,32943.00000000,30804.00000000,32015.00000000,952.12163493
2023-10-25T00:00:00Z,32021.00000000,33225.00000000,31816.00000000,32675.00000000,586.90441681
2023-10-26T00:00:00Z,32663.00000000,33044.00000000,32038.00000000,32337.00000000,347.27674539
2023-10-27T00:00:00Z,32330.00000000,32437.00000000,31572.00000000,32085.00000000,448.80887659
2023-10-28T00:00:00Z,32082.00000000,32660.00000000,32063.00000000,32283.00000000,140.69695867
2023-10-29T00:00:00Z,32283.00000000,32929.00000000,32140.00000000,32706.00000000,136.48378883
2023-10-30T00:00:00Z,32710.00000000,32927.00000000,32160.00000000,32508.00000000,366.34244819
2023-10-31T00:00:00Z,32504.00000000,32857.00000000,32088.00000000,32767.00000000,293.33037593
2023-11-01T00:00:00Z,32761.00000000,33718.00000000,32316.00000000,33481.00000000,385.83807005
2023-11-02T00:00:00Z,33479.00000000,33964.00000000,32356.00000000,32942.00000000,406.94185721
2023-11-03T00:00:00Z,32943.00000000,32947.00000000,32035.00000000,32404.00000000,305.01580010
2023-11-04T00:00:00Z,32395.00000000,32918.00000000,32279.00000000,32745.00000000,120.18034529
2023-11-05T00:00:00Z,32739.00000000,33024.00000000,32162.00000000,32684.00000000,121.32238769
2023-11-06T00:00:00Z,32681.00000000,32857.00000000,32389.00000000,32729.00000000,215.20622909
2023-11-07T00:00:00Z,32729.00000000,33585.00000000,32368.00000000,33130.00000000,280.24596123
2023-11-08T00:00:00Z,33130.00000000,33724.00000000,32852.00000000,33287.00000000,246.03625536
2023-11-09T00:00:00Z,33279.00000000,35484.00000000,33216.00000000,34422.00000000,740.44784774
2023-11-10T00:00:00Z,34430.00000000,35148.00000000,34044.00000000,34938.00000000,389.03223587
2023-11-11T00:00:00Z,34949.00000000,35032.00000000,34433.00000000,34815.00000000,178.68598624
2023-11-12T00:00:00Z,34815.00000000,34894.00000000,34467.00000000,34721.00000000,96.32640534
2023-11-13T00:00:00Z,34712.00000000,35044.00000000,33992.00000000,34089.00000000,390.20313287
2023-11-14T00:00:00Z,34088.00000000,34375.00000000,32100.00000000,32705.00000000,539.56649449
2023-11-15T00:00:00Z,32696.00000000,35010.00000000,32526.00000000,34947.00000000,465.40608294
2023-11-16T00:00:00Z,34917.00000000,34986.00000000,32730.00000000,33341.00000000,395.32218630
2023-11-17T00:00:00Z,33339.00000000,33817.00000000,33037.00000000,33609.00000000,390.82698830
2023-11-18T00:00:00Z,33604.00000000,33835.00000000,33239.00000000,33586.00000000,117.08230785
2023-11-19T00:00:00Z,33595.00000000,34431.00000000,33416.00000000,34302.00000000,141.52218981
2023-11-20T00:00:00Z,34313.00000000,34543.00000000,33602.00000000,34256.00000000,310.47040853
2023-11-21T00:00:00Z,34254.00000000,34402.00000000,32768.00000000,32768.00000000,379.65233755
2023-11-22T00:00:00Z,32768.00000000,34780.00000000,32682.00000000,34376.00000000,378.14863677
2023-11-23T00:00:00Z,34372.00000000,34491.00000000,33841.00000000,34225.00000000,252.10441232
2023-11-24T00:00:00Z,34224.00000000,35156.00000000,34188.00000000,34497.00000000,274.05587058
2023-11-25T00:00:00Z,34493.00000000,34671.00000000,34400.00000000,34578.00000000,69.74352971
2023-11-26T00:00:00Z,34570.00000000,34612.00000000,34002.00000000,34252.00000000,165.99779360
2023-11-27T00:00:00Z,34254.00000000,34383.00000000,33600.00000000,34006.00000000,300.35236920
2023-11-28T00:00:00Z,34000.00000000,34950.00000000,33692.00000000,34391.00000000,372.45124464
2023-11-29T00:00:00Z,34383.00000000,35029.00000000,34278.00000000,34522.00000000,333.43952403
2023-11-30T00:00:00Z,34521.00000000,34771.00000000,34369.00000000,34644.00000000,277.67834031
2023-12-01T00:00:00Z,34655.00000000,35853.00000000,34527.00000000,35571.00000000,448.09671780
2023-12-02T00:00:00Z,35565.00000000,36495.00000000,35528.00000000,36259.00000000,167.28960983
2023-12-03T00:00:00Z,36244.00000000,36926.00000000,36073.00000000,36729.00000000,156.15209757
2023-12-04T00:00:00Z,36725.00000000,39120.00000000,36720.00000000,38741.00000000,585.54042871
2023-12-05T00:00:00Z,38742.00000000,41197.00000000,38278.00000000,40835.00000000,511.93080117
2023-12-06T00:00:00Z,40825.00000000,41033.00000000,40226.00000000,40662.00000000,406.29382422
2023-12-07T00:00:00Z,40650.00000000,40934.00000000,39731.00000000,40147.00000000,432.74210682
2023-12-08T00:00:00Z,40116.00000000,41575.00000000,39971.00000000,41080.00000000,414.77734623
2023-12-09T00:00:00Z,41074.00000000,41246.00000000,40537.00000000,40663.00000000,173.42122191
2023-12-10T00:00:00Z,40649.00000000,40989.00000000,40482.00000000,40697.00000000,113.50721735
2023-12-11T00:00:00Z,40698.00000000,40712.00000000,37318.00000000,38322.00000000,857.73846302
2023-12-12T00:00:00Z,38297.00000000,39029.00000000,37693.00000000,38388.00000000,371.70569097
2023-12-13T00:00:00Z,38418.00000000,39988.00000000,37637.00000000,39426.00000000,494.40375050
2023-12-14T00:00:00Z,39421.00000000,39671.00000000,37500.00000000,39153.00000000,419.05417493
2023-12-15T00:00:00Z,39151.00000000,39269.00000000,38231.00000000,38513.00000000,288.60957631
2023-12-16T00:00:00Z,38509.00000000,39218.00000000,38241.00000000,38829.00000000,134.54418106
2023-12-17T00:00:00Z,38817.00000000,38946.00000000,37885.00000000,37983.00000000,174.28914721
2023-12-18T00:00:00Z,37982.00000000,39140.00000000,37146.00000000,39055.00000000,516.52761380
2023-12-19T00:00:00Z,39050.00000000,39809.00000000,38083.00000000,38498.00000000,492.39332856
2023-12-20T00:00:00Z,38515.00000000,40404.00000000,38491.00000000,39888.00000000,527.53121645
2023-12-21T00:00:00Z,39891.00000000,40265.00000000,39475.00000000,39875.00000000,388.63918041
2023-12-22T00:00:00Z,39875.00000000,40386.00000000,39407.00000000,39984.00000000,304.35959359
2023-12-23T00:00:00Z,40000.00000000,40003.00000000,39396.00000000,39814.00000000,115.59406261
2023-12-24T00:00:00Z,39821.00000000,40000.00000000,38805.00000000,39208.00000000,257.95273103
2023-12-25T00:00:00Z,39178.00000000,39863.00000000,38950.00000000,39579.00000000,196.26317771
2023-12-26T00:00:00Z,39578.00000000,39597.00000000,37750.00000000,38522.00000000,306.29076304
2023-12-27T00:00:00Z,38520.00000000,39379.00000000,38205.00000000,39150.00000000,349.73307452
2023-12-28T00:00:00Z,39146.00000000,39434.00000000,38178.00000000,38524.00000000,342.83027198
2023-12-29T00:00:00Z,38511.00000000,39041.00000000,37555.00000000,38234.00000000,326.73750059
2023-12-30T00:00:00Z,38232.00000000,38691.00000000,37728.00000000,38295.00000000,153.28512584
2023-12-31T00:00:00Z,38293.00000000,38936.00000000,38137.00000000,38408.00000000,147.47016558
2024-01-01T00:00:00Z,38406.00000000,40079.00000000,38332.00000000,40079.00000000,302.49456325
2024-01-02T00:00:00Z,40074.00000000,41900.00000000,40052.00000000,41121.00000000,592.77763248
2024-01-03T00:00:00Z,41132.00000000,41606.00000000,38000.00000000,39323.00000000,749.17387911
2024-01-04T00:00:00Z,39335.00000000,40955.00000000,38982.00000000,40415.00000000,575.64628921
2024-01-05T00:00:00Z,40403.00000000,40665.00000000,38800.00000000,40429.00000000,1073.61405197
2024-01-06T00:00:00Z,40423.00000000,40478.00000000,39750.00000000,40262.00000000,200.28224019
2024-01-07T00:00:00Z,40249.00000000,40731.00000000,39932.00000000,40185.00000000,288.56644971
2024-01-08T00:00:00Z,40196.00000000,43154.00000000,39522.00000000,42919.00000000,733.69542295
2024-01-09T00:00:00Z,42908.00000000,43899.00000000,40852.00000000,42226.00000000,672.60923215
2024-01-10T00:00:00Z,42215.00000000,43518.00000000,40542.00000000,42565.00000000,995.71588812
2024-01-11T00:00:00Z,42565.00000000,44834.00000000,41602.00000000,42231.00000000,906.66577540
2024-01-12T00:00:00Z,42216.00000000,42396.00000000,37830.00000000,39143.00000000,771.97374626
2024-01-13T00:00:00Z,39148.00000000,39627.00000000,38812.00000000,39221.00000000,238.07698074
2024-01-14T00:00:00Z,39209.00000000,39380.00000000,38128.00000000,38138.00000000,167.61746768
2024-01-15T00:00:00Z,38128.00000000,39606.00000000,38118.00000000,38870.00000000,334.69485929
2024-01-16T00:00:00Z,38842.00000000,40091.00000000,38690.00000000,39678.00000000,394.78178006
2024-01-17T00:00:00Z,39671.00000000,39732.00000000,38868.00000000,39288.00000000,328.57967602
2024-01-18T00:00:00Z,39279.00000000,39399.00000000,37342.00000000,37986.00000000,437.19488239
2024-01-19T00:00:00Z,37992.00000000,38699.00000000,37035.00000000,38240.00000000,383.63046161
2024-01-20T00:00:00Z,38244.00000000,38430.00000000,38066.00000000,38287.00000000,101.74457641
2024-01-21T00:00:00Z,38283.00000000,38448.00000000,38118.00000000,38179.00000000,109.77741584
2024-01-22T00:00:00Z,38174.00000000,38234.00000000,36200.00000000,36352.00000000,623.92851811
2024-01-23T00:00:00Z,36350.00000000,36853.00000000,35464.00000000,36750.00000000,418.66360838
2024-01-24T00:00:00Z,36747.00000000,37236.00000000,36214.00000000,36836.00000000,533.06084286
2024-01-25T00:00:00Z,36836.00000000,36999.00000000,36459.00000000,36836.00000000,401.83375314
2024-01-26T00:00:00Z,36848.00000000,38913.00000000,36745.00000000,38547.00000000,574.53052332
2024-01-27T00:00:00Z,38553.00000000,38916.00000000,38167.00000000,38856.00000000,108.99994913
2024-01-28T00:00:00Z,38851.00000000,39462.00000000,38391.00000000,38770.00000000,195.23135033
2024-01-29T00:00:00Z,38761.00000000,40086.00000000,38629.00000000,39964.00000000,296.71300869
2024-01-30T00:00:00Z,39977.00000000,40514.00000000,39413.00000000,39636.00000000,325.90714729
2024-01-31T00:00:00Z,39633.00000000,40324.00000000,39100.00000000,39403.00000000,379.58864564
2024-02-01T00:00:00Z,39395.00000000,39808.00000000,38735.00000000,39617.00000000,288.21187146
2024-02-02T00:00:00Z,39645.00000000,40215.00000000,39318.00000000,39992.00000000,213.27987483
2024-02-03T00:00:00Z,39992.00000000,40155.00000000,39737.00000000,39841.00000000,75.61062168
2024-02-04T00:00:00Z,39843.00000000,39939.00000000,39151.00000000,39489.00000000,115.81321551
2024-02-05T00:00:00Z,39499.00000000,40475.00000000,39213.00000000,39730.00000000,264.17961376
2024-02-06T00:00:00Z,39729.00000000,40345.00000000,39587.00000000,40063.00000000,185.92827419
2024-02-07T00:00:00Z,40056.00000000,41191.00000000,39750.00000000,41136.00000000,340.86497645
2024-02-08T00:00:00Z,41131.00000000,42311.00000000,41119.00000000,42031.00000000,379.09507370
2024-02-09T00:00:00Z,42023.00000000,44671.00000000,41987.00000000,43669.00000000,575.02548054
2024-02-10T00:00:00Z,43664.00000000,44496.00000000,43354.00000000,44094.00000000,226.31014488
2024-02-11T00:00:00Z,44094.00000000,44836.00000000,43938.00000000,44701.00000000,133.17895860
2024-02-12T00:00:00Z,44688.00000000,46694.00000000,44138.00000000,46271.00000000,579.10883565
2024-02-13T00:00:00Z,46273.00000000,46699.00000000,45087.00000000,46429.00000000,493.67148253
2024-02-14T00:00:00Z,46428.00000000,48555.00000000,45987.00000000,48290.00000000,458.45709945
2024-02-15T00:00:00Z,48297.00000000,49040.00000000,47670.00000000,48219.00000000,378.14078710
2024-02-16T00:00:00Z,48199.00000000,48941.00000000,47922.00000000,48398.00000000,170.31255771
2024-02-17T00:00:00Z,48399.00000000,48430.00000000,46914.00000000,47951.00000000,154.43941270
2024-02-18T00:00:00Z,47943.00000000,48600.00000000,47518.00000000,48351.00000000,142.00799286
2024-02-19T00:00:00Z,48355.00000000,48705.00000000,47961.00000000,48057.00000000,208.03648417
2024-02-20T00:00:00Z,48058.00000000,49000.00000000,46989.00000000,48371.00000000,244.19961621
2024-02-21T00:00:00Z,48356.00000000,48465.00000000,46874.00000000,47921.00000000,236.10407674
2024-02-22T00:00:00Z,47945.00000000,48129.00000000,47014.00000000,47363.00000000,314.30368425
2024-02-23T00:00:00Z,47357.00000000,47591.00000000,46690.00000000,46876.00000000,289.09968502
2024-02-24T00:00:00Z,46887.00000000,47748.00000000,46732.00000000,47617.00000000,159.38554557
2024-02-25T00:00:00Z,47617.00000000,47950.00000000,47383.00000000,47789.00000000,167.02824930
2024-02-26T00:00:00Z,47780.00000000,50503.00000000,46938.00000000,50156.00000000,534.41832508
2024-02-27T00:00:00Z,50142.00000000,53100.00000000,50137.00000000,52606.00000000,722.96248205
2024-02-28T00:00:00Z,52597.00000000,59086.00000000,52320.00000000,57625.00000000,1184.50465423
2024-02-29T00:00:00Z,57628.00000000,58650.00000000,55764.00000000,56570.00000000,754.64012322
2024-03-01T00:00:00Z,56549.00000000,58335.00000000,56160.00000000,57563.00000000,652.91805728
2024-03-02T00:00:00Z,57548.00000000,57605.00000000,56890.00000000,57231.00000000,148.90308608
2024-03-03T00:00:00Z,57229.00000000,58312.00000000,56605.00000000,58228.00000000,212.14851748
2024-03-04T00:00:00Z,58207.00000000,63122.00000000,57530.00000000,62907.00000000,1010.24171223
2024-03-05T00:00:00Z,62912.00000000,63600.00000000,54206.00000000,58807.00000000,1716.02050263
2024-03-06T00:00:00Z,58804.00000000,62283.00000000,57909.00000000,60630.00000000,607.87272871
2024-03-07T00:00:00Z,60633.00000000,62365.00000000,60186.00000000,61121.00000000,531.79223880
2024-03-08T00:00:00Z,61118.00000000,64000.00000000,60420.00000000,62409.00000000,843.62261670
2024-03-09T00:00:00Z,62413.00000000,62791.00000000,62189.00000000,62615.00000000,142.03311674
2024-03-10T00:00:00Z,62594.00000000,63966.00000000,62353.00000000,63056.00000000,274.38543187
2024-03-11T00:00:00Z,63056.00000000,66659.00000000,61351.00000000,65888.00000000,849.47262259
2024-03-12T00:00:00Z,65876.00000000,66950.00000000,62879.00000000,65424.00000000,649.43529417
2024-03-13T00:00:00Z,65398.00000000,67426.00000000,65279.00000000,66762.00000000,664.51698178
2024-03-14T00:00:00Z,66767.00000000,67448.00000000,63000.00000000,65642.00000000,704.79881585
2024-03-15T00:00:00Z,65626.00000000,66595.00000000,54000.00000000,63864.00000000,1148.64209536
2024-03-16T00:00:00Z,63863.00000000,64357.00000000,59462.00000000,59915.00000000,423.51062111
2024-03-17T00:00:00Z,59900.00000000,63244.00000000,59138.00000000,62807.00000000,448.65048803
2024-03-18T00:00:00Z,62805.00000000,63291.00000000,61196.00000000,62163.00000000,478.64638543
2024-03-19T00:00:00Z,62133.00000000,62620.00000000,56636.00000000,57017.00000000,988.07910148
2024-03-20T00:00:00Z,56983.00000000,62435.00000000,55955.00000000,62120.00000000,527.78566299
2024-03-21T00:00:00Z,62085.00000000,62460.00000000,59462.00000000,60313.00000000,394.48989718
2024-03-22T00:00:00Z,60308.00000000,61493.00000000,57729.00000000,59110.00000000,335.36201925
2024-03-23T00:00:00Z,59073.00000000,61147.00000000,58385.00000000,59274.00000000,164.00747376
2024-03-24T00:00:00Z,59246.00000000,62573.00000000,59090.00000000,62216.00000000,177.42039452
2024-03-25T00:00:00Z,62193.00000000,65646.00000000,61410.00000000,64456.00000000,484.26842946
2024-03-26T00:00:00Z,64429.00000000,65947.00000000,63944.00000000,64606.00000000,313.66998308
2024-03-27T00:00:00Z,64585.00000000,66300.00000000,63180.00000000,64183.00000000,370.91613207
2024-03-28T00:00:00Z,64183.00000000,66275.00000000,63670.00000000,65591.00000000,185.49379207
2024-03-29T00:00:00Z,65597.00000000,65782.00000000,63949.00000000,64791.00000000,124.09256694
2024-03-30T00:00:00Z,64785.00000000,65185.00000000,64544.00000000,64569.00000000,87.30143417
2024-03-31T00:00:00Z,64562.00000000,66179.00000000,64539.00000000,66088.00000000,137.84215353
2024-04-01T00:00:00Z,66090.00000000,66090.00000000,63424.00000000,64903.00000000,192.24115500
2024-04-02T00:00:00Z,64887.00000000,64914.00000000,60041.00000000,60844.00000000,451.04852911
2024-04-03T00:00:00Z,60860.00000000,61980.00000000,60000.00000000,60947.00000000,316.02083073
2024-04-04T00:00:00Z,60933.00000000,63900.00000000,60076.00000000,63260.00000000,247.67185198
2024-04-05T00:00:00Z,63263.00000000,63451.00000000,61056.00000000,62631.00000000,214.31849357
2024-04-06T00:00:00Z,62627.00000000,64314.00000000,62283.00000000,63584.00000000,125.60890648
2024-04-07T00:00:00Z,63608.00000000,64845.00000000,63543.00000000,64047.00000000,131.66925151
2024-04-08T00:00:00Z,64028.00000000,67150.00000000,63795.00000000,65932.00000000,363.44285196
2024-04-09T00:00:00Z,65911.00000000,66040.00000000,62888.00000000,63690.00000000,271.34285789
2024-04-10T00:00:00Z,63674.00000000,66203.00000000,62659.00000000,65677.00000000,322.45908239
2024-04-11T00:00:00Z,65735.00000000,66329.00000000,64874.00000000,65271.00000000,244.74080273
2024-04-12T00:00:00Z,65266.00000000,66598.00000000,61300.00000000,63341.00000000,417.00552132
2024-04-13T00:00:00Z,63312.00000000,64051.00000000,57356.00000000,61202.00000000,574.12134455
2024-04-14T00:00:00Z,61151.00000000,62466.00000000,59146.00000000,61821.00000000,609.09476707
2024-04-15T00:00:00Z,61811.00000000,62892.00000000,58710.00000000,59738.00000000,293.87260383
2024-04-16T00:00:00Z,59701.00000000,60706.00000000,58027.00000000,60140.00000000,323.82026051
2024-04-17T00:00:00Z,60130.00000000,60802.00000000,56144.00000000,57517.00000000,400.78658880
2024-04-18T00:00:00Z,57503.00000000,60244.00000000,56896.00000000,59703.00000000,359.09225064
2024-04-19T00:00:00Z,59692.00000000,61482.00000000,56175.00000000,59982.00000000,480.87359089
2024-04-20T00:00:00Z,59995.00000000,61515.00000000,59318.00000000,61082.00000000,187.74652884
2024-04-21T00:00:00Z,61054.00000000,61712.00000000,60379.00000000,60955.00000000,122.33571838
2024-04-22T00:00:00Z,60978.00000000,63131.00000000,60531.00000000,62757.00000000,203.15972800
2024-04-23T00:00:00Z,62744.00000000,63038.00000000,61673.00000000,62081.00000000,153.32539956
2024-04-24T00:00:00Z,62078.00000000,62665.00000000,59456.00000000,60080.00000000,289.95320998
2024-04-25T00:00:00Z,60058.00000000,60852.00000000,58756.00000000,60147.00000000,180.17539203
2024-04-26T00:00:00Z,60137.00000000,60581.00000000,59277.00000000,59667.00000000,128.56863905
2024-04-27T00:00:00Z,59666.00000000,59806.00000000,58425.00000000,59383.00000000,114.04400263
2024-04-28T00:00:00Z,59376.00000000,60161.00000000,58677.00000000,58978.00000000,76.62206708
2024-04-29T00:00:00Z,58942.00000000,59886.00000000,57758.00000000,59569.00000000,149.65229566
2024-04-30T00:00:00Z,59569.00000000,60373.00000000,55353.00000000,56857.00000000,403.48812204
2024-05-01T00:00:00Z,56868.00000000,56983.00000000,52000.00000000,54366.00000000,492.01866368
2024-05-02T00:00:00Z,54362.00000000,55634.00000000,53167.00000000,55106.00000000,291.70326177
2024-05-03T00:00:00Z,55087.00000000,59999.00000000,54813.00000000,58492.00000000,296.14414769
2024-05-04T00:00:00Z,58485.00000000,59968.00000000,58165.00000000,59376.00000000,147.38968353
2024-05-05T00:00:00Z,59383.00000000,60025.00000000,58449.00000000,59491.00000000,101.76545999
2024-05-06T00:00:00Z,59546.00000000,60812.00000000,58241.00000000,58673.00000000,221.23240675
2024-05-07T00:00:00Z,58649.00000000,59842.00000000,57933.00000000,57982.00000000,167.84594276
2024-05-08T00:00:00Z,57963.00000000,58648.00000000,56650.00000000,56939.00000000,190.13524144
2024-05-09T00:00:00Z,56903.00000000,58829.00000000,56431.00000000,58508.00000000,153.88857848
2024-05-10T00:00:00Z,58501.00000000,58877.00000000,55300.00000000,56504.00000000,224.59618697
2024-05-11T00:00:00Z,56508.00000000,57181.00000000,56200.00000000,56502.00000000,74.86662259
2024-05-12T00:00:00Z,56502.00000000,57415.00000000,56304.00000000,57079.00000000,69.72508197
2024-05-13T00:00:00Z,57083.00000000,58767.00000000,56427.00000000,58298.00000000,197.34408701
2024-05-14T00:00:00Z,58286.00000000,58478.00000000,56500.00000000,56926.00000000,176.37783646
2024-05-15T00:00:00Z,56917.00000000,61060.00000000,56704.00000000,60825.00000000,315.46490964
2024-05-16T00:00:00Z,60793.00000000,62535.00000000,59441.00000000,60037.00000000,267.81062300
2024-05-17T00:00:00Z,60029.00000000,62100.00000000,60000.00000000,61719.00000000,178.93839601
2024-05-18T00:00:00Z,61684.00000000,61996.00000000,61320.00000000,61602.00000000,61.77859212
2024-05-19T00:00:00Z,61584.00000000,62250.00000000,60626.00000000,60945.00000000,84.18059551
2024-05-20T00:00:00Z,60927.00000000,65714.00000000,60776.00000000,65665.00000000,256.87819007
2024-05-21T00:00:00Z,65676.00000000,66129.00000000,63602.00000000,64544.00000000,313.44314195
2024-05-22T00:00:00Z,64552.00000000,65086.00000000,63686.00000000,63804.00000000,166.03973836
2024-05-23T00:00:00Z,63868.00000000,64550.00000000,61305.00000000,62865.00000000,300.85459423
2024-05-24T00:00:00Z,62838.00000000,63866.00000000,61544.00000000,63235.00000000,140.56280619
2024-05-25T00:00:00Z,63235.00000000,64189.00000000,63192.00000000,63913.00000000,60.31674647
2024-05-26T00:00:00Z,63951.00000000,64086.00000000,62809.00000000,63127.00000000,76.28542583
2024-05-27T00:00:00Z,63121.00000000,64973.00000000,62787.00000000,63897.00000000,176.87647409
2024-05-28T00:00:00Z,63858.00000000,63950.00000000,61864.00000000,62943.00000000,170.56526971
2024-05-29T00:00:00Z,62964.00000000,63474.00000000,62080.00000000,62570.00000000,153.51594853
2024-05-30T00:00:00Z,62567.00000000,64097.00000000,62063.00000000,63088.00000000,157.27051037
2024-05-31T00:00:00Z,63106.00000000,63500.00000000,61462.00000000,62226.00000000,149.19613937
2024-06-01T00:00:00Z,62223.00000000,62545.00000000,62159.00000000,62430.00000000,106.02439509
2024-06-02T00:00:00Z,62421.00000000,63022.00000000,62019.00000000,62449.00000000,106.49780924
2024-06-03T00:00:00Z,62422.00000000,64700.00000000,62286.00000000,63082.00000000,283.57257517
2024-06-04T00:00:00Z,63064.00000000,65253.00000000,62921.00000000,64781.00000000,239.04075736
2024-06-05T00:00:00Z,64776.00000000,66077.00000000,64690.00000000,65354.00000000,262.09548876
2024-06-06T00:00:00Z,65367.00000000,65796.00000000,64400.00000000,64992.00000000,186.37529412
2024-06-07T00:00:00Z,64997.00000000,66133.00000000,63373.00000000,64262.00000000,277.56495400
2024-06-08T00:00:00Z,64244.00000000,64482.00000000,64069.00000000,64267.00000000,78.88214311
2024-06-09T00:00:00Z,64258.00000000,64835.00000000,64080.00000000,64646.00000000,103.80509037
2024-06-10T00:00:00Z,64644.00000000,65304.00000000,64276.00000000,64544.00000000,161.76074188
2024-06-11T00:00:00Z,64531.00000000,64592.00000000,61215.00000000,62738.00000000,324.24861276
2024-06-12T00:00:00Z,62716.00000000,64999.00000000,62235.00000000,63131.00000000,297.29247517
2024-06-13T00:00:00Z,63125.00000000,63353.00000000,61610.00000000,62177.00000000,175.50861810
2024-06-14T00:00:00Z,62177.00000000,63072.00000000,60820.00000000,61751.00000000,175.27947139
2024-06-15T00:00:00Z,61769.00000000,62114.00000000,61488.00000000,61827.00000000,63.03544158
2024-06-16T00:00:00Z,61793.00000000,62510.00000000,61684.00000000,62264.00000000,53.77702501
2024-06-17T00:00:00Z,62258.00000000,62681.00000000,60714.00000000,61894.00000000,224.52178948
2024-06-18T00:00:00Z,61908.00000000,61966.00000000,59655.00000000,60679.00000000,251.02856172
2024-06-19T00:00:00Z,60676.00000000,61173.00000000,60204.00000000,60451.00000000,181.19503427
2024-06-20T00:00:00Z,60454.00000000,61918.00000000,60257.00000000,60546.00000000,251.81294596
2024-06-21T00:00:00Z,60563.00000000,60700.00000000,56111.00000000,59983.00000000,382.33465496
2024-06-22T00:00:00Z,59993.00000000,60317.00000000,59796.00000000,59979.00000000,70.38833372
2024-06-23T00:00:00Z,59992.00000000,60219.00000000,59101.00000000,59101.00000000,82.17605492
2024-06-24T00:00:00Z,59098.00000000,59245.00000000,54421.00000000,56168.00000000,691.02112310
2024-06-25T00:00:00Z,56166.00000000,58232.00000000,56116.00000000,57728.00000000,310.27311165
2024-06-26T00:00:00Z,57700.00000000,58279.00000000,56813.00000000,56918.00000000,192.96830024
2024-06-27T00:00:00Z,56924.00000000,58158.00000000,56609.00000000,57554.00000000,156.73934527
2024-06-28T00:00:00Z,57537.00000000,58156.00000000,55984.00000000,56336.00000000,205.50299427
2024-06-29T00:00:00Z,56326.00000000,57102.00000000,56309.00000000,56872.00000000,57.50790472
2024-06-30T00:00:00Z,56867.00000000,58614.00000000,56637.00000000,58389.00000000,180.67381062
2024-07-01T00:00:00Z,58394.00000000,59475.00000000,58078.00000000,58529.00000000,498.50882048
2024-07-02T00:00:00Z,58521.00000000,58895.00000000,57503.00000000,57727.00000000,186.52688139
2024-07-03T00:00:00Z,57727.00000000,57860.00000000,55054.00000000,55738.00000000,430.66060137
2024-07-04T00:00:00Z,55740.00000000,55984.00000000,52000.00000000,52774.00000000,752.13272430
2024-07-05T00:00:00Z,52759.00000000,53180.00000000,49502.00000000,52274.00000000,1065.13295261
2024-07-06T00:00:00Z,52254.00000000,53885.00000000,51733.00000000,53670.00000000,558.61899409
2024-07-07T00:00:00Z,53658.00000000,53829.00000000,51467.00000000,51588.00000000,197.46065776
2024-07-08T00:00:00Z,51589.00000000,53700.00000000,50149.00000000,52338.00000000,828.69743277
2024-07-09T00:00:00Z,52312.00000000,53865.00000000,51958.00000000,53657.00000000,302.01215851
2024-07-10T00:00:00Z,53652.00000000,54916.00000000,52786.00000000,53284.00000000,351.02070256
2024-07-11T00:00:00Z,53281.00000000,54687.00000000,52605.00000000,52736.00000000,958.41655606
2024-07-12T00:00:00Z,52730.00000000,53663.00000000,52033.00000000,53097.00000000,663.43245304
2024-07-13T00:00:00Z,53095.00000000,54836.00000000,52980.00000000,54271.00000000,172.46323424
2024-07-14T00:00:00Z,54255.00000000,56385.00000000,54255.00000000,55858.00000000,251.43782397
2024-07-15T00:00:00Z,55870.00000000,59580.00000000,55757.00000000,59426.00000000,400.43965632
2024-07-16T00:00:00Z,59416.00000000,59995.00000000,57269.00000000,59687.00000000,460.51144237
2024-07-17T00:00:00Z,59699.00000000,60677.00000000,58477.00000000,58602.00000000,208.76119118
2024-07-18T00:00:00Z,58601.00000000,59621.00000000,58044.00000000,58693.00000000,148.10774071
2024-07-19T00:00:00Z,58701.00000000,61992.00000000,58134.00000000,61283.00000000,230.22473541
2024-07-20T00:00:00Z,61277.00000000,62134.00000000,60895.00000000,61665.00000000,71.07949839
2024-07-21T00:00:00Z,61657.00000000,62700.00000000,60395.00000000,62507.00000000,166.10176290
2024-07-22T00:00:00Z,62532.00000000,62835.00000000,61173.00000000,62034.00000000,288.34312339
2024-07-23T00:00:00Z,62025.00000000,62208.00000000,60316.00000000,60758.00000000,212.62408369
2024-07-24T00:00:00Z,60747.00000000,61786.00000000,60083.00000000,60336.00000000,148.80157485
2024-07-25T00:00:00Z,60309.00000000,60962.00000000,58522.00000000,60637.00000000,201.67184941
2024-07-26T00:00:00Z,60637.00000000,62828.00000000,60578.00000000,62549.00000000,435.68135507
2024-07-27T00:00:00Z,62548.00000000,63856.00000000,61393.00000000,62492.00000000,216.41202298
2024-07-28T00:00:00Z,62477.00000000,62888.00000000,61789.00000000,62870.00000000,76.41764679
2024-07-29T00:00:00Z,62854.00000000,64730.00000000,61387.00000000,61736.00000000,343.99183607
2024-07-30T00:00:00Z,61700.00000000,61889.00000000,60435.00000000,61179.00000000,187.31006453
2024-07-31T00:00:00Z,61181.00000000,61798.00000000,59606.00000000,59708.00000000,210.21773185
2024-08-01T00:00:00Z,59698.00000000,60955.00000000,57700.00000000,60557.00000000,359.64101149
2024-08-02T00:00:00Z,60536.00000000,60748.00000000,56087.00000000,56325.00000000,430.97450729
2024-08-03T00:00:00Z,56325.00000000,57108.00000000,54748.00000000,55698.00000000,404.47887437
2024-08-04T00:00:00Z,55713.00000000,56432.00000000,52525.00000000,53312.00000000,558.86839058
2024-08-05T00:00:00Z,53376.00000000,53448.00000000,45112.00000000,49381.00000000,1639.18758100
2024-08-06T00:00:00Z,49381.00000000,52283.00000000,49349.00000000,51380.00000000,670.68898133
2024-08-07T00:00:00Z,51341.00000000,52916.00000000,50008.00000000,50481.00000000,419.80673913
2024-08-08T00:00:00Z,50490.00000000,57491.00000000,50122.00000000,56554.00000000,325.20554701
2024-08-09T00:00:00Z,56538.00000000,56565.00000000,54549.00000000,55785.00000000,320.12754718
2024-08-10T00:00:00Z,55795.00000000,56305.00000000,55245.00000000,55862.00000000,70.95618454
2024-08-11T00:00:00Z,55856.00000000,56700.00000000,53427.00000000,53835.00000000,165.57625109
2024-08-12T00:00:00Z,53778.00000000,55523.00000000,52796.00000000,54299.00000000,225.60280058
2024-08-13T00:00:00Z,54296.00000000,56112.00000000,53526.00000000,55118.00000000,240.51550719
2024-08-14T00:00:00Z,55128.00000000,56055.00000000,53100.00000000,53327.00000000,237.94327454
2024-08-15T00:00:00Z,53349.00000000,54500.00000000,51211.00000000,52491.00000000,356.52763965
2024-08-16T00:00:00Z,52491.00000000,54317.00000000,52100.00000000,53470.00000000,300.44674716
2024-08-17T00:00:00Z,53464.00000000,54198.00000000,53399.00000000,53987.00000000,68.83758989
2024-08-18T00:00:00Z,54004.00000000,54690.00000000,52971.00000000,53100.00000000,149.67890749
2024-08-19T00:00:00Z,53047.00000000,53775.00000000,52417.00000000,53661.00000000,219.06106848
2024-08-20T00:00:00Z,53639.00000000,55427.00000000,52735.00000000,53041.00000000,333.41502658
2024-08-21T00:00:00Z,53043.00000000,55465.00000000,52865.00000000,54829.00000000,311.55145267
2024-08-22T00:00:00Z,54855.00000000,55149.00000000,53655.00000000,54331.00000000,259.99407613
2024-08-23T00:00:00Z,54337.00000000,58019.00000000,54313.00000000,57317.00000000,395.49002390
2024-08-24T00:00:00Z,57310.00000000,57638.00000000,56766.00000000,57275.00000000,164.93307521
2024-08-25T00:00:00Z,57265.00000000,58110.00000000,56921.00000000,57409.00000000,156.73448117
2024-08-26T00:00:00Z,57409.00000000,57616.00000000,56267.00000000,56293.00000000,175.34329698
2024-08-27T00:00:00Z,56269.00000000,56601.00000000,51999.00000000,53233.00000000,343.72599381
2024-08-28T00:00:00Z,53186.00000000,54194.00000000,52100.00000000,53078.00000000,305.88287431
2024-08-29T00:00:00Z,53098.00000000,55232.00000000,52956.00000000,53588.00000000,379.90282710
2024-08-30T00:00:00Z,53567.00000000,54107.00000000,52283.00000000,53551.00000000,306.58874197
2024-08-31T00:00:00Z,53557.00000000,53851.00000000,53189.00000000,53396.00000000,59.80458960
2024-09-01T00:00:00Z,53387.00000000,53469.00000000,51826.00000000,51916.00000000,217.72889428
2024-09-02T00:00:00Z,51910.00000000,53690.00000000,51728.00000000,53440.00000000,259.47088365
2024-09-03T00:00:00Z,53438.00000000,54044.00000000,51981.00000000,52030.00000000,223.25309523
2024-09-04T00:00:00Z,52030.00000000,52811.00000000,50374.00000000,52329.00000000,364.90800281
2024-09-05T00:00:00Z,52325.00000000,52644.00000000,50058.00000000,50554.00000000,252.83383809
2024-09-06T00:00:00Z,50543.00000000,51375.00000000,47455.00000000,48761.00000000,574.06018144
2024-09-07T00:00:00Z,48757.00000000,49573.00000000,48546.00000000,48898.00000000,214.85054900
2024-09-08T00:00:00Z,48912.00000000,49880.00000000,48455.00000000,49518.00000000,160.45788680
2024-09-09T00:00:00Z,49524.00000000,52606.00000000,49323.00000000,51684.00000000,375.83668700
2024-09-10T00:00:00Z,51710.00000000,52643.00000000,51132.00000000,52325.00000000,173.70236404
2024-09-11T00:00:00Z,52314.00000000,52647.00000000,50493.00000000,52077.00000000,290.35643640
2024-09-12T00:00:00Z,52091.00000000,53099.00000000,51957.00000000,52487.00000000,389.75304896
2024-09-13T00:00:00Z,52481.00000000,54751.00000000,52000.00000000,54682.00000000,328.19589275
2024-09-14T00:00:00Z,54655.00000000,54751.00000000,53646.00000000,54154.00000000,90.41303114
2024-09-15T00:00:00Z,54151.00000000,54466.00000000,52949.00000000,53345.00000000,140.61703782
2024-09-16T00:00:00Z,53343.00000000,53392.00000000,51690.00000000,52299.00000000,242.59877470
2024-09-17T00:00:00Z,52299.00000000,55136.00000000,51811.00000000,54235.00000000,413.51507682
2024-09-18T00:00:00Z,54234.00000000,55588.00000000,53250.00000000,55560.00000000,430.64961584
2024-09-19T00:00:00Z,55581.00000000,57235.00000000,55438.00000000,56410.00000000,436.38727350
2024-09-20T00:00:00Z,56406.00000000,57407.00000000,55895.00000000,56634.00000000,208.20285138
2024-09-21T00:00:00Z,56631.00000000,56951.00000000,56248.00000000,56759.00000000,71.98589382
2024-09-22T00:00:00Z,56756.00000000,57329.00000000,55910.00000000,56953.00000000,163.27202093
2024-09-23T00:00:00Z,56968.00000000,57955.00000000,56097.00000000,56996.00000000,193.04514077
2024-09-24T00:00:00Z,56995.00000000,57800.00000000,56270.00000000,57417.00000000,284.44933317
2024-09-25T00:00:00Z,57433.00000000,57920.00000000,56509.00000000,56736.00000000,165.56645284
2024-09-26T00:00:00Z,56724.00000000,58915.00000000,56286.00000000,58330.00000000,292.76374219
2024-09-27T00:00:00Z,58312.00000000,59523.00000000,58051.00000000,58941.00000000,248.40261863
2024-09-28T00:00:00Z,58932.00000000,59348.00000000,58614.00000000,58982.00000000,101.70019286
2024-09-29T00:00:00Z,58981.00000000,59134.00000000,58602.00000000,58749.00000000,127.47654270
2024-09-30T00:00:00Z,58740.00000000,58741.00000000,56436.00000000,56854.00000000,318.99397171
2024-10-01T00:00:00Z,56842.00000000,57704.00000000,54368.00000000,54961.00000000,434.78884296
2024-10-02T00:00:00Z,54903.00000000,56419.00000000,54309.00000000,54902.00000000,278.68295666
2024-10-03T00:00:00Z,54893.00000000,55709.00000000,54240.00000000,55052.00000000,281.43225791
2024-10-04T00:00:00Z,55050.00000000,56928.00000000,54800.00000000,56518.00000000,426.20873293
2024-10-05T00:00:00Z,56553.00000000,56821.00000000,56177.00000000,56516.00000000,66.23191354
2024-10-06T00:00:00Z,56494.00000000,57328.00000000,56299.00000000,57242.00000000,83.62755264
2024-10-07T00:00:00Z,57236.00000000,58708.00000000,56603.00000000,56701.00000000,216.68803921
2024-10-08T00:00:00Z,56684.00000000,57567.00000000,56375.00000000,56605.00000000,165.08056890
2024-10-09T00:00:00Z,56599.00000000,56995.00000000,55100.00000000,55379.00000000,221.47203301
2024-10-10T00:00:00Z,55375.00000000,56038.00000000,53923.00000000,55139.00000000,186.25159367
2024-10-11T00:00:00Z,55133.00000000,57969.00000000,54933.00000000,57034.00000000,181.70390614
2024-10-12T00:00:00Z,57161.00000000,58000.00000000,57121.00000000,57732.00000000,99.05000378
2024-10-13T00:00:00Z,57731.00000000,57788.00000000,56650.00000000,57503.00000000,139.72553118
2024-10-14T00:00:00Z,57506.00000000,60833.00000000,57175.00000000,60501.00000000,401.55972812
2024-10-15T00:00:00Z,60508.00000000,62239.00000000,59438.00000000,61561.00000000,283.09292813
2024-10-16T00:00:00Z,61569.00000000,62779.00000000,61315.00000000,62248.00000000,265.24532018
2024-10-17T00:00:00Z,62246.00000000,62540.00000000,61460.00000000,62218.00000000,196.04817729
2024-10-18T00:00:00Z,62212.00000000,63500.00000000,61996.00000000,62983.00000000,221.16543448
2024-10-19T00:00:00Z,62977.00000000,63191.00000000,62562.00000000,62848.00000000,64.21897658
2024-10-20T00:00:00Z,62846.00000000,63782.00000000,62617.00000000,63467.00000000,143.28904092
2024-10-21T00:00:00Z,63445.00000000,63899.00000000,61700.00000000,62256.00000000,208.41051540
2024-10-22T00:00:00Z,62246.00000000,62766.00000000,61534.00000000,62409.00000000,127.63133152
2024-10-23T00:00:00Z,62392.00000000,62420.00000000,60500.00000000,61800.00000000,188.85323336
2024-10-24T00:00:00Z,61774.00000000,63537.00000000,61626.00000000,62972.00000000,211.50903823
2024-10-25T00:00:00Z,62962.00000000,63437.00000000,60771.00000000,61762.00000000,200.55995515
2024-10-26T00:00:00Z,61723.00000000,62447.00000000,61545.00000000,62124.00000000,127.45654427
2024-10-27T00:00:00Z,62118.00000000,63192.00000000,61985.00000000,62906.00000000,100.42021747
2024-10-28T00:00:00Z,62910.00000000,64913.00000000,62629.00000000,64616.00000000,278.79986607
2024-10-29T00:00:00Z,64618.00000000,68000.00000000,64447.00000000,67130.00000000,621.93059650
2024-10-30T00:00:00Z,67123.00000000,67165.00000000,65921.00000000,66592.00000000,288.44145587
2024-10-31T00:00:00Z,66589.00000000,66865.00000000,63951.00000000,64507.00000000,266.03143441
2024-11-01T00:00:00Z,64500.00000000,65948.00000000,63237.00000000,64170.00000000,274.08689589
2024-11-02T00:00:00Z,64160.00000000,64529.00000000,63769.00000000,64124.00000000,66.60865225
2024-11-03T00:00:00Z,64127.00000000,64127.00000000,62312.00000000,63333.00000000,606.37031466
2024-11-04T00:00:00Z,63332.00000000,63769.00000000,61412.00000000,62362.00000000,546.54422591
2024-11-05T00:00:00Z,62332.00000000,64626.00000000,62021.00000000,63476.00000000,425.98831145
2024-11-06T00:00:00Z,63487.00000000,71171.00000000,63464.00000000,70400.00000000,1370.48632496
2024-11-07T00:00:00Z,70389.00000000,71205.00000000,68929.00000000,70294.00000000,406.11152617
2024-11-08T00:00:00Z,70293.00000000,72134.00000000,70163.00000000,71424.00000000,456.61803876
2024-11-09T00:00:00Z,71419.00000000,71791.00000000,70670.00000000,71557.00000000,111.93374691
2024-11-10T00:00:00Z,71550.00000000,75950.00000000,71408.00000000,74947.00000000,500.76572895
2024-11-11T00:00:00Z,74913.00000000,82881.00000000,74772.00000000,82175.00000000,1078.73862892
2024-11-12T00:00:00Z,82192.00000000,84449.00000000,76555.00000000,82488.00000000,786.32289781
2024-11-13T00:00:00Z,82374.00000000,88000.00000000,80906.00000000,85410.00000000,960.94930068
2024-11-14T00:00:00Z,85419.00000000,87087.00000000,82325.00000000,82924.00000000,761.73016130
2024-11-15T00:00:00Z,82921.00000000,87139.00000000,82628.00000000,86284.00000000,629.48900923
2024-11-16T00:00:00Z,86268.00000000,86919.00000000,85215.00000000,85663.00000000,124.54260854
2024-11-17T00:00:00Z,85715.00000000,86455.00000000,84040.00000000,85161.00000000,345.42869012
2024-11-18T00:00:00Z,85164.00000000,87589.00000000,84598.00000000,85415.00000000,675.19683065
2024-11-19T00:00:00Z,85402.00000000,88736.00000000,85339.00000000,87087.00000000,555.62042280
2024-11-20T00:00:00Z,87134.00000000,90133.00000000,86444.00000000,89222.00000000,720.47760019
2024-11-21T00:00:00Z,89230.00000000,94260.00000000,89087.00000000,93639.00000000,1284.61190523
2024-11-22T00:00:00Z,93615.00000000,95612.00000000,93054.00000000,94829.00000000,616.56925081
2024-11-23T00:00:00Z,94814.00000000,94814.00000000,92797.00000000,93312.00000000,249.30337622
2024-11-24T00:00:00Z,93311.00000000,94180.00000000,91229.00000000,93329.00000000,474.97828566
2024-11-25T00:00:00Z,93332.00000000,94407.00000000,88010.00000000,88963.00000000,655.76758436
2024-11-26T00:00:00Z,88938.00000000,90757.00000000,86561.00000000,87595.00000000,782.81932373
2024-11-27T00:00:00Z,87603.00000000,92199.00000000,87464.00000000,90869.00000000,364.53891380
2024-11-28T00:00:00Z,90839.00000000,91585.00000000,89750.00000000,90597.00000000,370.16474920
2024-11-29T00:00:00Z,90599.00000000,93546.00000000,90298.00000000,92168.00000000,319.72341680
2024-11-30T00:00:00Z,92165.00000000,92165.00000000,90744.00000000,91164.00000000,120.00694459
2024-12-01T00:00:00Z,91160.00000000,92672.00000000,90488.00000000,92171.00000000,153.27268646
2024-12-02T00:00:00Z,92172.00000000,93150.00000000,90012.00000000,91267.00000000,250.73245250
2024-12-03T00:00:00Z,91262.00000000,91765.00000000,88946.00000000,91297.00000000,270.20701637
2024-12-04T00:00:00Z,91253.00000000,94300.00000000,89950.00000000,93793.00000000,487.92994684
2024-12-05T00:00:00Z,93790.00000000,98040.00000000,86700.00000000,91699.00000000,977.85883218
2024-12-06T00:00:00Z,91695.00000000,96569.00000000,91144.00000000,94452.00000000,340.79335912
2024-12-07T00:00:00Z,94416.00000000,95113.00000000,93692.00000000,94426.00000000,149.16774776
2024-12-08T00:00:00Z,94411.00000000,95889.00000000,93406.00000000,95686.00000000,168.22293023
2024-12-09T00:00:00Z,95685.00000000,95751.00000000,89270.00000000,92294.00000000,310.06257068
2024-12-10T00:00:00Z,92221.00000000,93411.00000000,89586.00000000,91811.00000000,368.26110248
2024-12-11T00:00:00Z,91809.00000000,97000.00000000,90885.00000000,96249.00000000,325.35249892
2024-12-12T00:00:00Z,96253.00000000,97700.00000000,94700.00000000,95440.00000000,223.90330774
2024-12-13T00:00:00Z,95434.00000000,97073.00000000,94747.00000000,96556.00000000,163.52921539
2024-12-14T00:00:00Z,96554.00000000,97665.00000000,95767.00000000,96510.00000000,95.40444069
2024-12-15T00:00:00Z,96504.00000000,99749.00000000,96380.00000000,99073.00000000,293.13432590
2024-12-16T00:00:00Z,99097.00000000,102420.00000000,98380.00000000,100750.00000000,640.69281126
2024-12-17T00:00:00Z,100748.00000000,103000.00000000,100365.00000000,101170.00000000,286.51961280
2024-12-18T00:00:00Z,101129.00000000,101424.00000000,96633.00000000,96805.00000000,354.60426509
2024-12-19T00:00:00Z,96788.00000000,98792.00000000,92181.00000000,94022.00000000,329.70285792
2024-12-20T00:00:00Z,94021.00000000,94529.00000000,88524.00000000,93911.00000000,689.49394363
2024-12-21T00:00:00Z,93902.00000000,95742.00000000,92600.00000000,93466.00000000,151.51018241
2024-12-22T00:00:00Z,93491.00000000,93636.00000000,90342.00000000,91177.00000000,124.45560618
2024-12-23T00:00:00Z,91178.00000000,92750.00000000,88849.00000000,91099.00000000,338.65287275
2024-12-24T00:00:00Z,91141.00000000,95709.00000000,89880.00000000,94874.00000000,224.09908341
2024-12-25T00:00:00Z,94840.00000000,95705.00000000,93927.00000000,95603.00000000,105.39084517
2024-12-26T00:00:00Z,95602.00000000,96103.00000000,91409.00000000,91842.00000000,122.40039672
2024-12-27T00:00:00Z,91819.00000000,93674.00000000,89656.00000000,90391.00000000,287.75508939
2024-12-28T00:00:00Z,90382.00000000,91585.00000000,90208.00000000,91231.00000000,114.12100322
2024-12-29T00:00:00Z,91226.00000000,91288.00000000,89012.00000000,89671.00000000,184.82255571
2024-12-30T00:00:00Z,89663.00000000,91294.00000000,87871.00000000,89019.00000000,297.06386748
2024-12-31T00:00:00Z,89019.00000000,92646.00000000,88285.00000000,90143.00000000,271.44894698
2025-01-01T00:00:00Z,90128.00000000,91718.00000000,89635.00000000,91196.00000000,131.60403035
2025-01-02T00:00:00Z,91178.00000000,95318.00000000,91019.00000000,94398.00000000,285.38057656
2025-01-03T00:00:00Z,94400.00000000,96120.00000000,93397.00000000,95243.00000000,194.00408047
2025-01-04T00:00:00Z,95241.00000000,100000.00000000,94650.00000000,95299.00000000,194.23035500
2025-01-05T00:00:00Z,95294.00000000,95917.00000000,94400.00000000,95456.00000000,101.31988875
2025-01-06T00:00:00Z,95463.00000000,98740.00000000,94865.00000000,98474.00000000,299.37521390
2025-01-07T00:00:00Z,98484.00000000,98939.00000000,92901.00000000,93752.00000000,313.50729597
2025-01-08T00:00:00Z,93790.00000000,94057.00000000,89858.00000000,92240.00000000,334.35216012
2025-01-09T00:00:00Z,92202.00000000,92450.00000000,88626.00000000,89950.00000000,385.58077202
2025-01-10T00:00:00Z,89997.00000000,93582.00000000,89883.00000000,92505.00000000,223.60763563
2025-01-11T00:00:00Z,92501.00000000,92693.00000000,91637.00000000,92258.00000000,56.69582952
2025-01-12T00:00:00Z,92249.00000000,93021.00000000,91466.00000000,92263.00000000,59.96062475
2025-01-13T00:00:00Z,92259.00000000,93600.00000000,87450.00000000,92107.00000000,373.83139000
2025-01-14T00:00:00Z,92106.00000000,94924.00000000,92035.00000000,93691.00000000,217.15047280
2025-01-15T00:00:00Z,93703.00000000,97811.00000000,93624.00000000,97583.00000000,257.22158700
2025-01-16T00:00:00Z,97580.00000000,97901.00000000,94701.00000000,97016.00000000,170.31059127
2025-01-17T00:00:00Z,97009.00000000,102919.00000000,96991.00000000,101120.00000000,411.91074577
2025-01-18T00:00:00Z,101127.00000000,101801.00000000,99193.00000000,101470.00000000,173.58090180
2025-01-19T00:00:00Z,101474.00000000,103600.00000000,97008.00000000,98511.00000000,322.26267659
2025-01-20T00:00:00Z,98511.00000000,105950.00000000,96733.00000000,98124.00000000,588.10029860
2025-01-21T00:00:00Z,98102.00000000,102899.00000000,96450.00000000,102022.00000000,256.39623072
2025-01-22T00:00:00Z,102013.00000000,102116.00000000,99218.00000000,99596.00000000,160.00595317
2025-01-23T00:00:00Z,99579.00000000,102700.00000000,97212.00000000,99806.00000000,266.71510769
2025-01-24T00:00:00Z,99802.00000000,102000.00000000,98490.00000000,99951.00000000,178.73483224
2025-01-25T00:00:00Z,99925.00000000,100400.00000000,99308.00000000,99882.00000000,66.50014515
2025-01-26T00:00:00Z,99877.00000000,100534.00000000,97949.00000000,98063.00000000,86.58326279
2025-01-27T00:00:00Z,97954.00000000,98695.00000000,93433.00000000,97822.00000000,485.32545124
2025-01-28T00:00:00Z,97791.00000000,99373.00000000,96060.00000000,97150.00000000,198.32010394
2025-01-29T00:00:00Z,97128.00000000,100581.00000000,97124.00000000,99509.00000000,165.71839826
2025-01-30T00:00:00Z,99491.00000000,101972.00000000,99100.00000000,100723.00000000,195.85658588
2025-01-31T00:00:00Z,100712.00000000,102021.00000000,97940.00000000,98887.00000000,163.02242714
2025-02-01T00:00:00Z,98851.00000000,99213.00000000,96965.00000000,97360.00000000,121.03929387
2025-02-02T00:00:00Z,97312.00000000,98147.00000000,93691.00000000,95394.00000000,405.42869850
2025-02-03T00:00:00Z,95358.00000000,99352.00000000,89558.00000000,98308.00000000,522.58730727
2025-02-04T00:00:00Z,98300.00000000,98700.00000000,92735.00000000,94404.00000000,438.20876837
2025-02-05T00:00:00Z,94341.00000000,95359.00000000,92510.00000000,92943.00000000,171.78991059
2025-02-06T00:00:00Z,92961.00000000,95728.00000000,92205.00000000,93055.00000000,186.73376520
2025-02-07T00:00:00Z,93030.00000000,96521.00000000,92658.00000000,93555.00000000,197.13581959
2025-02-08T00:00:00Z,93546.00000000,93907.00000000,92829.00000000,93539.00000000,51.84162551
2025-02-09T00:00:00Z,93539.00000000,94359.00000000,92031.00000000,93584.00000000,232.63571975
2025-02-10T00:00:00Z,93591.00000000,95292.00000000,92550.00000000,94623.00000000,131.98584546
2025-02-11T00:00:00Z,94614.00000000,95585.00000000,91520.00000000,92443.00000000,249.89797857
2025-02-12T00:00:00Z,92451.00000000,94480.00000000,91163.00000000,94216.00000000,135.87930064
2025-02-13T00:00:00Z,94191.00000000,94347.00000000,91095.00000000,92384.00000000,168.60903588
2025-02-14T00:00:00Z,92385.00000000,94139.00000000,91776.00000000,93004.00000000,135.34462864
2025-02-15T00:00:00Z,92995.00000000,93447.00000000,92744.00000000,93112.00000000,37.74740273
2025-02-16T00:00:00Z,93107.00000000,93251.00000000,91645.00000000,91699.00000000,57.74658317
2025-02-17T00:00:00Z,91682.00000000,92670.00000000,90887.00000000,91383.00000000,138.90599503
2025-02-18T00:00:00Z,91382.00000000,92552.00000000,89410.00000000,91498.00000000,187.99220955
2025-02-19T00:00:00Z,91498.00000000,92889.00000000,90915.00000000,92724.00000000,143.10986369
2025-02-20T00:00:00Z,92682.00000000,94086.00000000,92473.00000000,93658.00000000,131.06852092
2025-02-21T00:00:00Z,93663.00000000,94999.00000000,90668.00000000,91968.00000000,267.17415330
2025-02-22T00:00:00Z,91991.00000000,92756.00000000,91629.00000000,92350.00000000,32.85413888
2025-02-23T00:00:00Z,92346.00000000,92458.00000000,91098.00000000,91913.00000000,56.42431266
2025-02-24T00:00:00Z,91933.00000000,92100.00000000,87354.00000000,87559.00000000,206.93996158
2025-02-25T00:00:00Z,87480.00000000,88363.00000000,81706.00000000,84278.00000000,797.13218130
2025-02-26T00:00:00Z,84272.00000000,85064.00000000,78365.00000000,80155.00000000,432.29408804
2025-02-27T00:00:00Z,80198.00000000,83048.00000000,79439.00000000,81460.00000000,243.19931086
2025-02-28T00:00:00Z,81401.00000000,82033.00000000,75158.00000000,81347.00000000,582.27516126
2025-03-01T00:00:00Z,81289.00000000,83410.00000000,80781.00000000,83032.00000000,156.09859753
2025-03-02T00:00:00Z,83021.00000000,91906.00000000,82041.00000000,90596.00000000,482.00461252
2025-03-03T00:00:00Z,90596.00000000,90773.00000000,81173.00000000,82158.00000000,370.25603223
2025-03-04T00:00:00Z,82214.00000000,83793.00000000,77643.00000000,82163.00000000,354.77319455
2025-03-05T00:00:00Z,82163.00000000,84976.00000000,81376.00000000,83996.00000000,246.64336082
2025-03-06T00:00:00Z,83979.00000000,85911.00000000,81460.00000000,83410.00000000,285.72353527
2025-03-07T00:00:00Z,83409.00000000,84526.00000000,78588.00000000,80121.00000000,370.26595202
2025-03-08T00:00:00Z,80107.00000000,80209.00000000,78721.00000000,79587.00000000,105.47065718
2025-03-09T00:00:00Z,79602.00000000,79874.00000000,73700.00000000,74267.00000000,354.31747858
2025-03-10T00:00:00Z,74329.00000000,77527.00000000,71511.00000000,72459.00000000,631.25529008
2025-03-11T00:00:00Z,72534.00000000,76483.00000000,70666.00000000,75975.00000000,442.10463968
2025-03-12T00:00:00Z,75995.00000000,77422.00000000,73927.00000000,76888.00000000,233.99205962
2025-03-13T00:00:00Z,76883.00000000,78300.00000000,73594.00000000,74715.00000000,238.94499089
2025-03-14T00:00:00Z,74673.00000000,78468.00000000,74459.00000000,77208.00000000,214.64997461
2025-03-15T00:00:00Z,77228.00000000,77835.00000000,76900.00000000,77585.00000000,73.48760917
2025-03-16T00:00:00Z,77603.00000000,78224.00000000,75366.00000000,75910.00000000,122.61824251
2025-03-17T00:00:00Z,75910.00000000,77605.00000000,75668.00000000,76948.00000000,104.80018637
2025-03-18T00:00:00Z,76925.00000000,76933.00000000,74258.00000000,75632.00000000,128.97612932
2025-03-19T00:00:00Z,75596.00000000,79780.00000000,75504.00000000,79639.00000000,319.20832109
2025-03-20T00:00:00Z,79623.00000000,80124.00000000,77063.00000000,77566.00000000,146.15455444
2025-03-21T00:00:00Z,77563.00000000,78288.00000000,76782.00000000,77686.00000000,93.48357912
2025-03-22T00:00:00Z,77701.00000000,78158.00000000,77353.00000000,77498.00000000,32.74539488
2025-03-23T00:00:00Z,77492.00000000,79461.00000000,77463.00000000,79461.00000000,63.47378093
2025-03-24T00:00:00Z,79438.00000000,82050.00000000,79017.00000000,81009.00000000,213.04543108
2025-03-25T00:00:00Z,81008.00000000,82022.00000000,79927.00000000,81084.00000000,111.07123889
2025-03-26T00:00:00Z,81035.00000000,81857.00000000,79840.00000000,80902.00000000,132.52357775
2025-03-27T00:00:00Z,80915.00000000,81397.00000000,79551.00000000,80750.00000000,143.85471048
2025-03-28T00:00:00Z,80752.00000000,81015.00000000,77206.00000000,77951.00000000,138.63298667
2025-03-29T00:00:00Z,77951.00000000,78141.00000000,75413.00000000,76344.00000000,104.84888308
2025-03-30T00:00:00Z,76346.00000000,77200.00000000,75443.00000000,76089.00000000,110.41029888
2025-03-31T00:00:00Z,76118.00000000,77637.00000000,75043.00000000,76304.00000000,150.71957648
2025-04-01T00:00:00Z,76294.00000000,79221.00000000,76183.00000000,78885.00000000,177.59706869
2025-04-02T00:00:00Z,78883.00000000,81256.00000000,75620.00000000,75676.00000000,388.31613239
2025-04-03T00:00:00Z,75658.00000000,76879.00000000,73100.00000000,75259.00000000,339.78493449
2025-04-04T00:00:00Z,75300.00000000,77263.00000000,73914.00000000,76506.00000000,324.74997889
2025-04-05T00:00:00Z,76519.00000000,76826.00000000,75155.00000000,76218.00000000,38.84837522
2025-04-06T00:00:00Z,76177.00000000,76400.00000000,70048.00000000,71270.00000000,457.71484743
2025-04-07T00:00:00Z,71297.00000000,74117.00000000,67400.00000000,72495.00000000,755.09962571
2025-04-08T00:00:00Z,72516.00000000,73720.00000000,69389.00000000,69483.00000000,229.47314843
2025-04-09T00:00:00Z,69526.00000000,76300.00000000,67600.00000000,75435.00000000,524.73090033
2025-04-10T00:00:00Z,75438.00000000,75521.00000000,70059.00000000,70755.00000000,317.75297328
2025-04-11T00:00:00Z,70683.00000000,74515.00000000,69800.00000000,73403.00000000,451.75487239
2025-04-12T00:00:00Z,73414.00000000,75682.00000000,72889.00000000,75148.00000000,96.81546739
2025-04-13T00:00:00Z,75121.00000000,75795.00000000,73279.00000000,73817.00000000,156.65638474
2025-04-14T00:00:00Z,73839.00000000,75574.00000000,73636.00000000,74613.00000000,202.74901305
2025-04-15T00:00:00Z,74645.00000000,76410.00000000,74048.00000000,74072.00000000,186.36071709
2025-04-16T00:00:00Z,74083.00000000,75199.00000000,73067.00000000,73702.00000000,152.82227059
2025-04-17T00:00:00Z,73713.00000000,75249.00000000,73627.00000000,74663.00000000,93.70020573
2025-04-18T00:00:00Z,74701.00000000,74775.00000000,74042.00000000,74144.00000000,44.14541820
2025-04-19T00:00:00Z,74162.00000000,75146.00000000,74086.00000000,74671.00000000,43.32907608
2025-04-20T00:00:00Z,74666.00000000,74888.00000000,73726.00000000,74434.00000000,73.57481528
2025-04-21T00:00:00Z,74445.00000000,76909.00000000,74353.00000000,75991.00000000,113.34041740
2025-04-22T00:00:00Z,75985.00000000,82679.00000000,75847.00000000,82316.00000000,432.70387942
2025-04-23T00:00:00Z,82330.00000000,83213.00000000,80840.00000000,82618.00000000,267.99400944
2025-04-24T00:00:00Z,82719.00000000,82787.00000000,80613.00000000,82578.00000000,140.34886266
2025-04-25T00:00:00Z,82679.00000000,84309.00000000,81855.00000000,83375.00000000,154.47150442
2025-04-26T00:00:00Z,83344.00000000,83801.00000000,82669.00000000,83342.00000000,44.51550905
2025-04-27T00:00:00Z,83330.00000000,83928.00000000,82480.00000000,82634.00000000,56.12489271
2025-04-28T00:00:00Z,82655.00000000,84245.00000000,81787.00000000,83295.00000000,139.94331534
2025-04-29T00:00:00Z,83318.00000000,83906.00000000,82365.00000000,82801.00000000,95.56327304
2025-04-30T00:00:00Z,82776.00000000,83757.00000000,81765.00000000,83216.00000000,151.16563633
2025-05-01T00:00:00Z,83195.00000000,86342.00000000,83155.00000000,85433.00000000,120.54258031
2025-05-02T00:00:00Z,85431.00000000,86390.00000000,85045.00000000,85780.00000000,102.26670351
2025-05-03T00:00:00Z,85760.00000000,85782.00000000,84816.00000000,84939.00000000,44.36618722
2025-05-04T00:00:00Z,84890.00000000,85255.00000000,83183.00000000,83322.00000000,41.01674179
2025-05-05T00:00:00Z,83285.00000000,84138.00000000,82477.00000000,83782.00000000,118.81897212
2025-05-06T00:00:00Z,83757.00000000,85430.00000000,82099.00000000,85394.00000000,99.66904858
2025-05-07T00:00:00Z,85414.00000000,86214.00000000,84472.00000000,85805.00000000,118.58680825
2025-05-08T00:00:00Z,85837.00000000,92660.00000000,85640.00000000,91916.00000000,315.23321785
2025-05-09T00:00:00Z,91879.00000000,92674.00000000,90766.00000000,91469.00000000,138.09005470
2025-05-10T00:00:00Z,91470.00000000,93177.00000000,91335.00000000,93048.00000000,98.95532448
2025-05-11T00:00:00Z,93047.00000000,93173.00000000,91824.00000000,92673.00000000,96.69539307
2025-05-12T00:00:00Z,92705.00000000,94867.00000000,90885.00000000,92654.00000000,173.26154948
2025-05-13T00:00:00Z,92604.00000000,93834.00000000,91368.00000000,93070.00000000,125.68509700
2025-05-14T00:00:00Z,93078.00000000,93078.00000000,91558.00000000,92565.00000000,110.30069846
2025-05-15T00:00:00Z,92559.00000000,93245.00000000,90626.00000000,92701.00000000,152.03034690
2025-05-16T00:00:00Z,92726.00000000,93837.00000000,92068.00000000,92642.00000000,111.28763773
2025-05-17T00:00:00Z,92654.00000000,92900.00000000,91922.00000000,92441.00000000,44.18134143
2025-05-18T00:00:00Z,92381.00000000,95265.00000000,92365.00000000,95112.00000000,129.74105784
2025-05-19T00:00:00Z,95107.00000000,95658.00000000,90700.00000000,94074.00000000,185.08900848
2025-05-20T00:00:00Z,93990.00000000,95105.00000000,92690.00000000,94658.00000000,158.85756350
2025-05-21T00:00:00Z,94652.00000000,97741.00000000,93524.00000000,96746.00000000,300.23148466
2025-05-22T00:00:00Z,96744.00000000,99380.00000000,96390.00000000,98935.00000000,344.82952112
2025-05-23T00:00:00Z,98952.00000000,98986.00000000,94017.00000000,94428.00000000,219.14364933
2025-05-24T00:00:00Z,94440.00000000,96360.00000000,94194.00000000,94910.00000000,69.49196091
2025-05-25T00:00:00Z,94883.00000000,96132.00000000,93500.00000000,95890.00000000,87.31423521
2025-05-26T00:00:00Z,95873.00000000,97045.00000000,95558.00000000,96069.00000000,105.86106778
2025-05-27T00:00:00Z,96106.00000000,97500.00000000,94310.00000000,96133.00000000,165.61408108
2025-05-28T00:00:00Z,96090.00000000,96561.00000000,94590.00000000,95955.00000000,129.83392196
2025-05-29T00:00:00Z,95961.00000000,96561.00000000,92604.00000000,92829.00000000,199.73787791
2025-05-30T00:00:00Z,92815.00000000,93735.00000000,91389.00000000,91692.00000000,255.40853014
2025-05-31T00:00:00Z,91701.00000000,92576.00000000,90926.00000000,92302.00000000,70.45855346
2025-06-01T00:00:00Z,92297.00000000,93264.00000000,91579.00000000,93089.00000000,106.16155251
2025-06-02T00:00:00Z,93135.00000000,93135.00000000,90728.00000000,92474.00000000,248.55373221
2025-06-03T00:00:00Z,92494.00000000,93928.00000000,91939.00000000,92621.00000000,83.73568247
2025-06-04T00:00:00Z,92637.00000000,93164.00000000,91269.00000000,91725.00000000,141.47128167
2025-06-05T00:00:00Z,91713.00000000,92713.00000000,87742.00000000,88696.00000000,338.08728569
2025-06-06T00:00:00Z,88710.00000000,92570.00000000,88340.00000000,91609.00000000,178.39312681
2025-06-07T00:00:00Z,91619.00000000,92970.00000000,91282.00000000,92680.00000000,80.61252220
2025-06-08T00:00:00Z,92678.00000000,93450.00000000,92224.00000000,92744.00000000,64.01362369
2025-06-09T00:00:00Z,92738.00000000,96798.00000000,92290.00000000,96492.00000000,151.20529355
2025-06-10T00:00:00Z,96516.00000000,96563.00000000,94905.00000000,96423.00000000,137.46828701
2025-06-11T00:00:00Z,96414.00000000,96430.00000000,94023.00000000,94431.00000000,130.84932617
2025-06-12T00:00:00Z,94427.00000000,94601.00000000,91085.00000000,91113.00000000,163.66059686
2025-06-13T00:00:00Z,91084.00000000,91997.00000000,89059.00000000,91907.00000000,292.97581439
2025-06-14T00:00:00Z,91901.00000000,92030.00000000,90401.00000000,91356.00000000,42.60577509
2025-06-15T00:00:00Z,91350.00000000,91956.00000000,90614.00000000,91485.00000000,98.93895179
2025-06-16T00:00:00Z,91525.00000000,94261.00000000,90988.00000000,92437.00000000,179.81211075
2025-06-17T00:00:00Z,92467.00000000,93215.00000000,89891.00000000,91033.00000000,130.02246706
2025-06-18T00:00:00Z,91051.00000000,91769.00000000,90155.00000000,91385.00000000,142.46605092
2025-06-19T00:00:00Z,91424.00000000,91762.00000000,90579.00000000,90925.00000000,61.23744631
2025-06-20T00:00:00Z,90898.00000000,92470.00000000,88702.00000000,89664.00000000,153.12643234
2025-06-21T00:00:00Z,89659.00000000,90318.00000000,87666.00000000,88706.00000000,72.38079265
2025-06-22T00:00:00Z,88778.00000000,89785.00000000,85437.00000000,87839.00000000,259.42314652
2025-06-23T00:00:00Z,87803.00000000,91462.00000000,86522.00000000,90892.00000000,215.13537105
2025-06-24T00:00:00Z,90906.00000000,91506.00000000,90325.00000000,91331.00000000,222.15295562
2025-06-25T00:00:00Z,91399.00000000,93240.00000000,91109.00000000,91884.00000000,114.19679308
2025-06-26T00:00:00Z,91931.00000000,92599.00000000,91150.00000000,91498.00000000,136.53884135
2025-06-27T00:00:00Z,91490.00000000,92068.00000000,90765.00000000,91436.00000000,106.76490693
2025-06-28T00:00:00Z,91442.00000000,91846.00000000,91273.00000000,91635.00000000,30.91831765
2025-06-29T00:00:00Z,91634.00000000,92611.00000000,91525.00000000,92426.00000000,96.77637315
2025-06-30T00:00:00Z,92437.00000000,92836.00000000,90800.00000000,90889.00000000,154.33602667
2025-07-01T00:00:00Z,90926.00000000,91196.00000000,89312.00000000,89554.00000000,131.16374099
2025-07-02T00:00:00Z,89524.00000000,93070.00000000,89074.00000000,92274.00000000,119.92095530
2025-07-03T00:00:00Z,92274.00000000,93934.00000000,92025.00000000,93173.00000000,112.82039483
2025-07-04T00:00:00Z,93171.00000000,93300.00000000,91140.00000000,91794.00000000,91.53159155
2025-07-05T00:00:00Z,91778.00000000,92081.00000000,91625.00000000,91972.00000000,33.61853342
2025-07-06T00:00:00Z,91971.00000000,93136.00000000,91616.00000000,92720.00000000,36.42453013
2025-07-07T00:00:00Z,92729.00000000,93189.00000000,91891.00000000,92277.00000000,53.67127115
2025-07-08T00:00:00Z,92244.00000000,93300.00000000,91530.00000000,92946.00000000,131.26678445
2025-07-09T00:00:00Z,92946.00000000,95535.00000000,92577.00000000,94929.00000000,187.75711250
2025-07-10T00:00:00Z,94810.00000000,99730.00000000,94463.00000000,98878.00000000,226.68606913
2025-07-11T00:00:00Z,98914.00000000,101200.00000000,98419.00000000,100090.00000000,394.94904701
2025-07-12T00:00:00Z,100131.00000000,100647.00000000,99477.00000000,99908.00000000,113.67429696
2025-07-13T00:00:00Z,99945.00000000,101725.00000000,99000.00000000,101613.00000000,139.23875787
2025-07-14T00:00:00Z,101634.00000000,104589.00000000,101378.00000000,102633.00000000,355.43296208
2025-07-15T00:00:00Z,102581.00000000,102632.00000000,99444.00000000,101408.00000000,249.24135736
2025-07-16T00:00:00Z,101406.00000000,103186.00000000,100800.00000000,101996.00000000,182.58172423
2025-07-17T00:00:00Z,101965.00000000,104206.00000000,101270.00000000,102562.00000000,167.61530943
2025-07-18T00:00:00Z,102566.00000000,103919.00000000,100480.00000000,101421.00000000,143.51957564
2025-07-19T00:00:00Z,101432.00000000,101923.00000000,100892.00000000,101369.00000000,36.22508539
2025-07-20T00:00:00Z,101369.00000000,102123.00000000,100079.00000000,100834.00000000,53.15396170
2025-07-21T00:00:00Z,100829.00000000,102721.00000000,99800.00000000,100430.00000000,134.96180650
2025-07-22T00:00:00Z,100392.00000000,102334.00000000,99430.00000000,102171.00000000,114.83395428
2025-07-23T00:00:00Z,102176.00000000,102321.00000000,99720.00000000,100912.00000000,99.53656547
2025-07-24T00:00:00Z,100881.00000000,101574.00000000,99607.00000000,100655.00000000,130.88091001
2025-07-25T00:00:00Z,100668.00000000,100714.00000000,97658.00000000,100131.00000000,337.77062826
2025-07-26T00:00:00Z,100144.00000000,100731.00000000,99759.00000000,100381.00000000,62.08905523
2025-07-27T00:00:00Z,100400.00000000,101879.00000000,100326.00000000,101588.00000000,87.21757332
2025-07-28T00:00:00Z,101595.00000000,102333.00000000,101209.00000000,101587.00000000,105.80156937
2025-07-29T00:00:00Z,101808.00000000,103325.00000000,101296.00000000,102105.00000000,113.73232547
2025-07-30T00:00:00Z,102055.00000000,103414.00000000,101324.00000000,103081.00000000,110.85955825
2025-07-31T00:00:00Z,103077.00000000,103999.00000000,101186.00000000,101390.00000000,127.38037476
2025-08-01T00:00:00Z,101361.00000000,101696.00000000,97257.00000000,97889.00000000,458.03406219
2025-08-02T00:00:00Z,97800.00000000,98569.00000000,96786.00000000,97217.00000000,79.94450045
2025-08-03T00:00:00Z,97222.00000000,99266.00000000,96671.00000000,98668.00000000,54.32845021
2025-08-04T00:00:00Z,98654.00000000,100049.00000000,98500.00000000,99414.00000000,232.74020427
2025-08-05T00:00:00Z,99351.00000000,99742.00000000,97380.00000000,98572.00000000,265.86170785
2025-08-06T00:00:00Z,98566.00000000,99295.00000000,97739.00000000,98632.00000000,211.62272581
2025-08-07T00:00:00Z,98624.00000000,100939.00000000,97930.00000000,100630.00000000,127.67790153
2025-08-08T00:00:00Z,100569.00000000,100817.00000000,99395.00000000,100148.00000000,73.43838766
2025-08-09T00:00:00Z,100148.00000000,101053.00000000,99551.00000000,99660.00000000,57.34457883
2025-08-10T00:00:00Z,99657.00000000,102341.00000000,99657.00000000,102341.00000000,62.03189486
2025-08-11T00:00:00Z,102319.00000000,104714.00000000,101650.00000000,102169.00000000,259.44610144
2025-08-12T00:00:00Z,102180.00000000,102974.00000000,101789.00000000,102848.00000000,136.36031552
2025-08-13T00:00:00Z,102723.00000000,105353.00000000,101762.00000000,105135.00000000,175.56551976
2025-08-14T00:00:00Z,105150.00000000,105950.00000000,100750.00000000,101621.00000000,336.56209020
2025-08-15T00:00:00Z,101621.00000000,102351.00000000,99881.00000000,100406.00000000,173.45290110
2025-08-16T00:00:00Z,100422.00000000,100887.00000000,100305.00000000,100506.00000000,68.49545704
2025-08-17T00:00:00Z,100422.00000000,101442.00000000,100305.00000000,100353.00000000,79.55131078
2025-08-18T00:00:00Z,100340.00000000,100500.00000000,98201.00000000,99673.00000000,166.13125250
2025-08-19T00:00:00Z,99688.00000000,100144.00000000,96820.00000000,96933.00000000,291.93536970
2025-08-20T00:00:00Z,96940.00000000,98371.00000000,96413.00000000,98081.00000000,275.24763971
2025-08-21T00:00:00Z,98034.00000000,98546.00000000,96498.00000000,96855.00000000,244.54020445
2025-08-22T00:00:00Z,96849.00000000,100110.00000000,96169.00000000,99335.00000000,317.79835795
2025-08-23T00:00:00Z,99250.00000000,99349.00000000,97267.00000000,97954.00000000,93.72130292
2025-08-24T00:00:00Z,97930.00000000,98159.00000000,94200.00000000,96821.00000000,105.51830338
2025-08-25T00:00:00Z,96826.00000000,97066.00000000,93900.00000000,94851.00000000,308.80640469
2025-08-26T00:00:00Z,94786.00000000,96564.00000000,93365.00000000,96051.00000000,498.28920095
2025-08-27T00:00:00Z,96079.00000000,97191.00000000,95271.00000000,95507.00000000,252.40544936
2025-08-28T00:00:00Z,95523.00000000,97411.00000000,95231.00000000,96347.00000000,139.77871915
2025-08-29T00:00:00Z,96379.00000000,96404.00000000,92048.00000000,92786.00000000,250.01929082
2025-08-30T00:00:00Z,92798.00000000,93280.00000000,91977.00000000,93195.00000000,65.21628831
2025-08-31T00:00:00Z,93195.00000000,93735.00000000,92496.00000000,92611.00000000,57.25495871
2025-09-01T00:00:00Z,92609.00000000,93727.00000000,91596.00000000,93184.00000000,282.19950976
2025-09-02T00:00:00Z,93269.00000000,95833.00000000,93052.00000000,95613.00000000,206.49338803
2025-09-03T00:00:00Z,95609.00000000,96513.00000000,95057.00000000,95812.00000000,145.72390658
2025-09-04T00:00:00Z,95833.00000000,96243.00000000,93948.00000000,94989.00000000,136.71204498
2025-09-05T00:00:00Z,94996.00000000,97000.00000000,94012.00000000,94471.00000000,198.70708338
2025-09-06T00:00:00Z,94473.00000000,95020.00000000,93911.00000000,94105.00000000,36.94595756
2025-09-07T00:00:00Z,94108.00000000,95301.00000000,94107.00000000,94922.00000000,45.60077128
2025-09-08T00:00:00Z,94894.00000000,96112.00000000,94492.00000000,95210.00000000,159.05501817
2025-09-09T00:00:00Z,95239.00000000,96295.00000000,94411.00000000,95306.00000000,153.55426494
2025-09-10T00:00:00Z,95325.00000000,97544.00000000,94846.00000000,97384.00000000,157.17645652
2025-09-11T00:00:00Z,97377.00000000,98450.00000000,96777.00000000,98450.00000000,187.49616059
2025-09-12T00:00:00Z,98459.00000000,99518.00000000,97951.00000000,98857.00000000,170.38542756
2025-09-13T00:00:00Z,98860.00000000,99042.00000000,97850.00000000,98541.00000000,50.10177609
2025-09-14T00:00:00Z,98531.00000000,98930.00000000,97907.00000000,98376.00000000,53.78225583
2025-09-15T00:00:00Z,98265.00000000,99577.00000000,97257.00000000,98119.00000000,180.11410252
2025-09-16T00:00:00Z,98016.00000000,98660.00000000,97032.00000000,98391.00000000,221.65117603
2025-09-17T00:00:00Z,98422.00000000,99097.00000000,96777.00000000,98480.00000000,333.59646530
2025-09-18T00:00:00Z,98502.00000000,100145.00000000,98281.00000000,99392.00000000,434.67177368
2025-09-19T00:00:00Z,99393.00000000,99702.00000000,98043.00000000,98548.00000000,208.01580745
2025-09-20T00:00:00Z,98521.00000000,98996.00000000,98366.00000000,98621.00000000,59.68213170
2025-09-21T00:00:00Z,98606.00000000,98688.00000000,98167.00000000,98261.00000000,61.84816166
2025-09-22T00:00:00Z,98234.00000000,98384.00000000,94121.00000000,95596.00000000,381.91530000
2025-09-23T00:00:00Z,95500.00000000,96073.00000000,94438.00000000,94832.00000000,135.10478283
2025-09-24T00:00:00Z,94832.00000000,97150.00000000,94205.00000000,96539.00000000,105.11089427
2025-09-25T00:00:00Z,96543.00000000,96698.00000000,93216.00000000,93428.00000000,162.57320690
2025-09-26T00:00:00Z,93509.00000000,94366.00000000,93093.00000000,93799.00000000,157.94489843
2025-09-27T00:00:00Z,93757.00000000,93874.00000000,93329.00000000,93802.00000000,65.57957193
2025-09-28T00:00:00Z,93809.00000000,96050.00000000,93388.00000000,95913.00000000,118.56135124
2025-09-29T00:00:00Z,95894.00000000,97630.00000000,95145.00000000,97547.00000000,121.63473592
2025-09-30T00:00:00Z,97475.00000000,98000.00000000,95925.00000000,97159.00000000,150.76781095
2025-10-01T00:00:00Z,97210.00000000,101111.00000000,97103.00000000,101072.00000000,265.83455006
2025-10-02T00:00:00Z,101103.00000000,103236.00000000,100745.00000000,102839.00000000,258.41918889
2025-10-03T00:00:00Z,102835.00000000,105479.00000000,101632.00000000,104011.00000000,504.28210827
2025-10-04T00:00:00Z,104021.00000000,104554.00000000,103167.00000000,103998.00000000,133.88490341
2025-10-05T00:00:00Z,103998.00000000,106293.00000000,103577.00000000,105049.00000000,225.13921960
2025-10-06T00:00:00Z,105060.00000000,107544.00000000,104844.00000000,106307.00000000,378.81982751
2025-10-07T00:00:00Z,106303.00000000,107274.00000000,103409.00000000,104167.00000000,384.01232679
2025-10-08T00:00:00Z,104152.00000000,107022.00000000,104152.00000000,106067.00000000,462.24784731
2025-10-09T00:00:00Z,106057.00000000,106600.00000000,103591.00000000,105172.00000000,354.43972458
2025-10-10T00:00:00Z,105219.00000000,105977.00000000,94000.00000000,98240.00000000,467.89609126
2025-10-11T00:00:00Z,98238.00000000,98745.00000000,95498.00000000,96544.00000000,339.32340171
2025-10-12T00:00:00Z,96517.00000000,100000.00000000,95500.00000000,99241.00000000,240.36184057
2025-10-13T00:00:00Z,99222.00000000,100292.00000000,98267.00000000,99676.00000000,130.34993084
2025-10-14T00:00:00Z,99705.00000000,99940.00000000,95128.00000000,97521.00000000,158.04267518
2025-10-15T00:00:00Z,97499.00000000,97856.00000000,94777.00000000,95132.00000000,149.64628209
2025-10-16T00:00:00Z,95159.00000000,96133.00000000,92000.00000000,92519.00000000,273.18679369
2025-10-17T00:00:00Z,92417.00000000,93335.00000000,88541.00000000,91430.00000000,364.77601818
2025-10-18T00:00:00Z,91437.00000000,92379.00000000,91348.00000000,92104.00000000,149.40977316
2025-10-19T00:00:00Z,92069.00000000,94100.00000000,91154.00000000,93275.00000000,153.15899172
2025-10-20T00:00:00Z,93248.00000000,95837.00000000,92244.00000000,94955.00000000,183.06352758
2025-10-21T00:00:00Z,94931.00000000,98159.00000000,92421.00000000,93410.00000000,194.74526953
2025-10-22T00:00:00Z,93310.00000000,94033.00000000,91933.00000000,92775.00000000,199.25608177
2025-10-23T00:00:00Z,92657.00000000,95890.00000000,92657.00000000,94761.00000000,111.72450988
2025-10-24T00:00:00Z,94767.00000000,96300.00000000,94365.00000000,95463.00000000,138.99823767
2025-10-25T00:00:00Z,95484.00000000,96245.00000000,95219.00000000,96019.00000000,71.31073349
2025-10-26T00:00:00Z,96007.00000000,99111.00000000,95691.00000000,98417.00000000,79.54544294
2025-10-27T00:00:00Z,98445.00000000,100019.00000000,97701.00000000,97924.00000000,112.53537398
2025-10-28T00:00:00Z,97891.00000000,99619.00000000,96366.00000000,96907.00000000,88.53589327
2025-10-29T00:00:00Z,96886.00000000,97711.00000000,94300.00000000,94862.00000000,109.08394730
2025-10-30T00:00:00Z,94830.00000000,96084.00000000,91948.00000000,93620.00000000,116.69117391
2025-10-31T00:00:00Z,93609.00000000,96342.00000000,93609.00000000,94885.00000000,95.54902085
2025-11-01T00:00:00Z,94888.00000000,95710.00000000,94752.00000000,95274.00000000,40.84916983
2025-11-02T00:00:00Z,95262.00000000,96250.00000000,94890.00000000,95839.00000000,60.88956244
2025-11-03T00:00:00Z,95838.00000000,95999.00000000,91324.00000000,92505.00000000,166.18293493
2025-11-04T00:00:00Z,92526.00000000,93205.00000000,86158.00000000,88376.00000000,446.82785512
2025-11-05T00:00:00Z,88375.00000000,91073.00000000,86107.00000000,90388.00000000,152.87509628
2025-11-06T00:00:00Z,90360.00000000,90535.00000000,86898.00000000,87716.00000000,115.52141523
2025-11-07T00:00:00Z,87723.00000000,89953.00000000,85766.00000000,89274.00000000,257.59058281
2025-11-08T00:00:00Z,89274.00000000,89339.00000000,87695.00000000,88401.00000000,155.19169978
2025-11-09T00:00:00Z,88399.00000000,91220.00000000,87592.00000000,90687.00000000,157.13530609
2025-11-10T00:00:00Z,90658.00000000,92242.00000000,90280.00000000,91713.00000000,122.42078429
2025-11-11T00:00:00Z,91628.00000000,92970.00000000,88461.00000000,88915.00000000,131.35039576
2025-11-12T00:00:00Z,88937.00000000,90975.00000000,87056.00000000,87709.00000000,180.67601311
2025-11-13T00:00:00Z,87709.00000000,89777.00000000,84205.00000000,85748.00000000,228.49817334
2025-11-14T00:00:00Z,85660.00000000,85817.00000000,80876.00000000,81332.00000000,339.79461364
2025-11-15T00:00:00Z,81337.00000000,83228.00000000,81337.00000000,82242.00000000,163.33117042
2025-11-16T00:00:00Z,82263.00000000,83110.00000000,79886.00000000,81024.00000000,293.58734856
2025-11-17T00:00:00Z,81040.00000000,82766.00000000,78674.00000000,79369.00000000,285.52775079
2025-11-18T00:00:00Z,79343.00000000,80998.00000000,76859.00000000,80230.00000000,242.83150397
2025-11-19T00:00:00Z,80223.00000000,80223.00000000,76798.00000000,79275.00000000,199.80335694
2025-11-20T00:00:00Z,79262.00000000,80796.00000000,74378.00000000,75010.00000000,319.01177026
2025-11-21T00:00:00Z,75005.00000000,75774.00000000,70020.00000000,73923.00000000,641.40990654
2025-11-22T00:00:00Z,73908.00000000,74237.00000000,72565.00000000,73561.00000000,162.26439985
2025-11-23T00:00:00Z,73593.00000000,76646.00000000,73588.00000000,75451.00000000,405.98656999
2025-11-24T00:00:00Z,75468.00000000,77420.00000000,73953.00000000,76661.00000000,250.54439617
2025-11-25T00:00:00Z,76602.00000000,76832.00000000,74424.00000000,75523.00000000,160.72005668
2025-11-26T00:00:00Z,75528.00000000,78185.00000000,74636.00000000,78039.00000000,137.22447164
2025-11-27T00:00:00Z,78002.00000000,79450.00000000,77693.00000000,78751.00000000,183.94237211
2025-11-28T00:00:00Z,78748.00000000,80499.00000000,77862.00000000,78433.00000000,237.31374894
2025-11-29T00:00:00Z,78433.00000000,78685.00000000,77852.00000000,78361.00000000,74.30422276
2025-11-30T00:00:00Z,78366.00000000,79385.00000000,77908.00000000,77916.00000000,75.23743763
2025-12-01T00:00:00Z,77908.00000000,77967.00000000,72117.00000000,74399.00000000,269.04418405
2025-12-02T00:00:00Z,74341.00000000,79493.00000000,74265.00000000,78511.00000000,185.52348653
2025-12-03T00:00:00Z,78513.00000000,80700.00000000,78267.00000000,80113.00000000,213.31124451
2025-12-04T00:00:00Z,80105.00000000,80626.00000000,78030.00000000,79117.00000000,95.08473167
2025-12-05T00:00:00Z,79109.00000000,79570.00000000,75774.00000000,76830.00000000,297.66228911
2025-12-06T00:00:00Z,76793.00000000,77601.00000000,76488.00000000,76752.00000000,103.52832376
2025-12-07T00:00:00Z,76732.00000000,78871.00000000,75437.00000000,77718.00000000,142.82310314
2025-12-08T00:00:00Z,77525.00000000,79181.00000000,77142.00000000,77884.00000000,140.69023998
2025-12-09T00:00:00Z,77855.00000000,81282.00000000,76868.00000000,79686.00000000,164.30785176
2025-12-10T00:00:00Z,79657.00000000,80814.00000000,78500.00000000,78637.00000000,203.99660940
2025-12-11T00:00:00Z,78614.00000000,79716.00000000,76029.00000000,78811.00000000,171.09698238
2025-12-12T00:00:00Z,78827.00000000,79031.00000000,76360.00000000,76959.00000000,123.25005346
2025-12-13T00:00:00Z,76906.00000000,77259.00000000,76525.00000000,76927.00000000,50.57436112
2025-12-14T00:00:00Z,76921.00000000,77115.00000000,74655.00000000,75162.00000000,212.45433656
2025-12-15T00:00:00Z,75158.00000000,76716.00000000,72524.00000000,73541.00000000,173.41406136
2025-12-16T00:00:00Z,73549.00000000,74889.00000000,72571.00000000,74736.00000000,278.88306039
2025-12-17T00:00:00Z,74771.00000000,76901.00000000,72624.00000000,73427.00000000,153.67519791
2025-12-18T00:00:00Z,73414.00000000,76128.00000000,72005.00000000,72906.00000000,271.94987851
2025-12-19T00:00:00Z,72895.00000000,76197.00000000,72560.00000000,75223.00000000,154.10941958
2025-12-20T00:00:00Z,75222.00000000,75574.00000000,74959.00000000,75456.00000000,39.29420562
2025-12-21T00:00:00Z,75434.00000000,76042.00000000,74803.00000000,75668.00000000,71.15830049
2025-12-22T00:00:00Z,75678.00000000,77140.00000000,74786.00000000,75224.00000000,181.67198131
2025-12-23T00:00:00Z,75290.00000000,75515.00000000,73545.00000000,74119.00000000,192.73204503
2025-12-24T00:00:00Z,74125.00000000,74702.00000000,73323.00000000,74396.00000000,86.89245182
2025-12-25T00:00:00Z,74347.00000000,75106.00000000,73811.00000000,74016.00000000,73.17824775
2025-12-26T00:00:00Z,74004.00000000,76000.00000000,73487.00000000,74172.00000000,111.45747128
2025-12-27T00:00:00Z,74173.00000000,74645.00000000,74061.00000000,74537.00000000,58.61966858
2025-12-28T00:00:00Z,74563.00000000,74730.00000000,74118.00000000,74618.00000000,102.35832979
2025-12-29T00:00:00Z,74624.00000000,76665.00000000,72980.00000000,74021.00000000,249.30567283
2025-12-30T00:00:00Z,74008.00000000,75943.00000000,73692.00000000,75270.00000000,155.47471980
2025-12-31T00:00:00Z,75203.00000000,75823.00000000,74088.00000000,74465.00000000,219.60944870
2026-01-01T00:00:00Z,74459.00000000,75582.00000000,74366.00000000,75509.00000000,110.54519199
2026-01-02T00:00:00Z,75525.00000000,77515.00000000,75075.00000000,76784.00000000,202.69045806
2026-01-03T00:00:00Z,76781.00000000,77429.00000000,76220.00000000,77360.00000000,66.99406625
2026-01-04T00:00:00Z,77362.00000000,78342.00000000,77362.00000000,78181.00000000,133.28131122
2026-01-05T00:00:00Z,78181.00000000,80888.00000000,78163.00000000,80161.00000000,198.30272835
2026-01-06T00:00:00Z,80161.00000000,80700.00000000,77962.00000000,80207.00000000,198.80497558
2026-01-07T00:00:00Z,80087.00000000,80153.00000000,77599.00000000,78190.00000000,90.26211273
2026-01-08T00:00:00Z,78189.00000000,78462.00000000,76540.00000000,78110.00000000,89.90820839
2026-01-09T00:00:00Z,78111.00000000,79032.00000000,76958.00000000,77804.00000000,97.97317122
2026-01-10T00:00:00Z,77800.00000000,78026.00000000,77643.00000000,77737.00000000,34.10076174
2026-01-11T00:00:00Z,77759.00000000,78336.00000000,77500.00000000,78226.00000000,75.42934895
2026-01-12T00:00:00Z,78133.00000000,79252.00000000,77090.00000000,78135.00000000,86.61801576
2026-01-13T00:00:00Z,78166.00000000,82731.00000000,78042.00000000,81900.00000000,168.92207042
2026-01-14T00:00:00Z,81909.00000000,84139.00000000,81127.00000000,83261.00000000,171.69293807
2026-01-15T00:00:00Z,83214.00000000,83695.00000000,81932.00000000,82354.00000000,109.48562952
2026-01-16T00:00:00Z,82363.00000000,82550.00000000,81320.00000000,82371.00000000,96.26963698
2026-01-17T00:00:00Z,82359.00000000,82500.00000000,81968.00000000,82078.00000000,36.17998011
2026-01-18T00:00:00Z,82094.00000000,82442.00000000,80556.00000000,80561.00000000,80.94132308
2026-01-19T00:00:00Z,80527.00000000,80527.00000000,79100.00000000,79525.00000000,101.13291623
2026-01-20T00:00:00Z,79544.00000000,79742.00000000,74888.00000000,75336.00000000,260.48240295
2026-01-21T00:00:00Z,75288.00000000,77372.00000000,74488.00000000,76597.00000000,211.84324211
2026-01-22T00:00:00Z,76581.00000000,77249.00000000,75420.00000000,76111.00000000,124.60051945
2026-01-23T00:00:00Z,76128.00000000,77313.00000000,75326.00000000,75693.00000000,134.74039945
2026-01-24T00:00:00Z,75698.00000000,75960.00000000,75318.00000000,75362.00000000,33.08851643
2026-01-25T00:00:00Z,75361.00000000,75446.00000000,72368.00000000,73042.00000000,354.66603384
2026-01-26T00:00:00Z,73008.00000000,74777.00000000,72895.00000000,74355.00000000,171.36865469
2026-01-27T00:00:00Z,74329.00000000,74804.00000000,72805.00000000,74152.00000000,183.87759222
2026-01-28T00:00:00Z,74147.00000000,75804.00000000,73969.00000000,74457.00000000,216.45895489
2026-01-29T00:00:00Z,74470.00000000,74482.00000000,69620.00000000,70691.00000000,409.28361016
2026-01-30T00:00:00Z,70634.00000000,71178.00000000,68080.00000000,71011.00000000,540.78607002
2026-01-31T00:00:00Z,70974.00000000,71021.00000000,63822.00000000,66604.00000000,715.69989931
2026-02-01T00:00:00Z,66566.00000000,67146.00000000,63925.00000000,64923.00000000,692.21043883
2026-02-02T00:00:00Z,64923.00000000,67201.00000000,62825.00000000,66689.00000000,568.67426470
2026-02-03T00:00:00Z,66699.00000000,67052.00000000,61740.00000000,64054.00000000,797.95741284
2026-02-04T00:00:00Z,64045.00000000,65050.00000000,60772.00000000,61883.00000000,566.21215470
2026-02-05T00:00:00Z,61872.00000000,61970.00000000,52845.00000000,53350.00000000,941.36299476
2026-02-06T00:00:00Z,53342.00000000,60777.00000000,51008.00000000,59803.00000000,765.59126192
2026-02-07T00:00:00Z,59800.00000000,60691.00000000,57098.00000000,58757.00000000,296.52799729
2026-02-08T00:00:00Z,58763.00000000,61196.00000000,58401.00000000,59517.00000000,273.88744221
2026-02-09T00:00:00Z,59517.00000000,60395.00000000,57333.00000000,58897.00000000,238.21048426
2026-02-10T00:00:00Z,58904.00000000,59193.00000000,55000.00000000,57882.00000000,465.09739133
2026-02-11T00:00:00Z,57890.00000000,58205.00000000,55431.00000000,56444.00000000,542.67011630
2026-02-12T00:00:00Z,56484.00000000,57548.00000000,54898.00000000,55789.00000000,298.13431844
2026-02-13T00:00:00Z,55722.00000000,58490.00000000,55487.00000000,58015.00000000,309.13758243
2026-02-14T00:00:00Z,58002.00000000,59543.00000000,57927.00000000,58882.00000000,268.51142558
2026-02-15T00:00:00Z,58877.00000000,59937.00000000,57352.00000000,58006.00000000,352.33777752
2026-02-16T00:00:00Z,57957.00000000,59112.00000000,56766.00000000,58126.00000000,152.12526491
2026-02-17T00:00:00Z,58121.00000000,58426.00000000,56428.00000000,56947.00000000,199.19900479
2026-02-18T00:00:00Z,56951.00000000,57854.00000000,55881.00000000,56372.00000000,230.21876391
2026-02-19T00:00:00Z,56368.00000000,57080.00000000,55869.00000000,56897.00000000,170.28001309
2026-02-20T00:00:00Z,56889.00000000,58062.00000000,56476.00000000,57706.00000000,338.80688476
2026-02-21T00:00:00Z,57700.00000000,58300.00000000,57290.00000000,57714.00000000,63.92786240
2026-02-22T00:00:00Z,57688.00000000,57926.00000000,57040.00000000,57195.00000000,103.39847604
2026-02-23T00:00:00Z,57159.00000000,57201.00000000,54200.00000000,54760.00000000,281.45624844
2026-02-24T00:00:00Z,54814.00000000,55121.00000000,53116.00000000,54419.00000000,244.43140713
2026-02-25T00:00:00Z,54403.00000000,59263.00000000,54310.00000000,57536.00000000,272.01047558
2026-02-26T00:00:00Z,57558.00000000,58257.00000000,56436.00000000,57178.00000000,195.05909803
2026-02-27T00:00:00Z,57179.00000000,57802.00000000,55001.00000000,55811.00000000,157.38931367
2026-02-28T00:00:00Z,55781.00000000,57385.00000000,53452.00000000,56793.00000000,272.66243375
2026-03-01T00:00:00Z,56770.00000000,57777.00000000,55229.00000000,55943.00000000,277.49554532
2026-03-02T00:00:00Z,55948.00000000,59988.00000000,55800.00000000,58831.00000000,283.16765786
2026-03-03T00:00:00Z,58861.00000000,59500.00000000,57134.00000000,58802.00000000,306.24332880
2026-03-04T00:00:00Z,58862.00000000,63715.00000000,58134.00000000,62485.00000000,313.45119920
2026-03-05T00:00:00Z,62513.00000000,63396.00000000,61015.00000000,61120.00000000,281.78003632
2026-03-06T00:00:00Z,61107.00000000,61433.00000000,58444.00000000,58688.00000000,283.50538467
2026-03-07T00:00:00Z,58681.00000000,59044.00000000,57726.00000000,58034.00000000,149.77778987
2026-03-08T00:00:00Z,58021.00000000,58817.00000000,56888.00000000,57279.00000000,238.80005458
2026-03-09T00:00:00Z,57268.00000000,60106.00000000,57200.00000000,58951.00000000,215.19356607
2026-03-10T00:00:00Z,58913.00000000,61623.00000000,58913.00000000,60248.00000000,222.27384398
2026-03-11T00:00:00Z,60267.00000000,61647.00000000,59523.00000000,60813.00000000,128.03257405
2026-03-12T00:00:00Z,60845.00000000,61408.00000000,59986.00000000,61225.00000000,128.97372819
2026-03-13T00:00:00Z,61203.00000000,64400.00000000,61109.00000000,62139.00000000,277.96053704
2026-03-14T00:00:00Z,62039.00000000,62451.00000000,61641.00000000,62438.00000000,76.59045665
2026-03-15T00:00:00Z,62437.00000000,64054.00000000,62138.00000000,63701.00000000,118.22622663
2026-03-16T00:00:00Z,63723.00000000,65157.00000000,63183.00000000,65112.00000000,159.06208088
2026-03-17T00:00:00Z,65095.00000000,66135.00000000,63692.00000000,64104.00000000,165.10426456
2026-03-18T00:00:00Z,64091.00000000,64762.00000000,61480.00000000,62171.00000000,162.28726402
2026-03-19T00:00:00Z,62171.00000000,62363.00000000,59804.00000000,60406.00000000,160.12715527
2026-03-20T00:00:00Z,60404.00000000,61673.00000000,60066.00000000,60943.00000000,142.27257608
2026-03-21T00:00:00Z,60935.00000000,61439.00000000,59333.00000000,59596.00000000,60.29260050
2026-03-22T00:00:00Z,59546.00000000,60145.00000000,58414.00000000,58703.00000000,133.32093705
2026-03-23T00:00:00Z,58707.00000000,61888.00000000,58419.00000000,61090.00000000,204.49571773
2026-03-24T00:00:00Z,61073.00000000,61534.00000000,59577.00000000,60721.00000000,146.37255471
2026-03-25T00:00:00Z,60743.00000000,62105.00000000,60666.00000000,61702.00000000,164.75464575
2026-03-26T00:00:00Z,61677.00000000,61769.00000000,59108.00000000,59655.00000000,154.80818896
2026-03-27T00:00:00Z,59635.00000000,59929.00000000,56949.00000000,57672.00000000,217.17266855
2026-03-28T00:00:00Z,57655.00000000,58485.00000000,57301.00000000,57690.00000000,79.48576744
2026-03-29T00:00:00Z,57699.00000000,58338.00000000,56577.00000000,57437.00000000,83.04628956
2026-03-30T00:00:00Z,57459.00000000,59294.00000000,57246.00000000,58240.00000000,147.94560343
2026-03-31T00:00:00Z,58265.00000000,59562.00000000,57523.00000000,58952.00000000,180.42981047
2026-04-01T00:00:00Z,58954.00000000,59800.00000000,58395.00000000,58778.00000000,127.21415714
2026-04-02T00:00:00Z,58775.00000000,59206.00000000,57035.00000000,57978.00000000,115.91237543
2026-04-03T00:00:00Z,58002.00000000,58452.00000000,57498.00000000,58138.00000000,86.98322142
2026-04-04T00:00:00Z,58124.00000000,58650.00000000,58008.00000000,58449.00000000,25.59913626
2026-04-05T00:00:00Z,58437.00000000,60052.00000000,57864.00000000,59946.00000000,65.29078176
2026-04-06T00:00:00Z,59959.00000000,60922.00000000,59199.00000000,59647.00000000,170.81741767
2026-04-07T00:00:00Z,59667.00000000,62286.00000000,58577.00000000,61599.00000000,170.92097297
2026-04-08T00:00:00Z,61536.00000000,62204.00000000,60491.00000000,61013.00000000,161.01916825
2026-04-09T00:00:00Z,60972.00000000,62525.00000000,60381.00000000,61441.00000000,138.01835427
2026-04-10T00:00:00Z,61437.00000000,62639.00000000,61162.00000000,62252.00000000,95.69326041
2026-04-11T00:00:00Z,62257.00000000,63004.00000000,61955.00000000,62348.00000000,57.68268640
2026-04-12T00:00:00Z,62337.00000000,62438.00000000,60339.00000000,60618.00000000,97.66633992
2026-04-13T00:00:00Z,60571.00000000,63680.00000000,60411.00000000,63306.00000000,138.10590491
2026-04-14T00:00:00Z,63260.00000000,64670.00000000,62637.00000000,62872.00000000,147.57534633
2026-04-15T00:00:00Z,62864.00000000,63900.00000000,62329.00000000,63374.00000000,98.62820016
2026-04-16T00:00:00Z,63372.00000000,64101.00000000,62285.00000000,63816.00000000,108.01901382
2026-04-17T00:00:00Z,63800.00000000,66395.00000000,63315.00000000,65553.00000000,213.71128435
2026-04-18T00:00:00Z,65525.00000000,65803.00000000,64190.00000000,64398.00000000,60.19635600
2026-04-19T00:00:00Z,64387.00000000,64911.00000000,62888.00000000,62915.00000000,88.84397820
2026-04-20T00:00:00Z,62910.00000000,64977.00000000,62866.00000000,64404.00000000,96.72001583
2026-04-21T00:00:00Z,64382.00000000,65384.00000000,63850.00000000,65010.00000000,193.59063683
2026-04-22T00:00:00Z,65038.00000000,67859.00000000,64871.00000000,66792.00000000,210.66947850
2026-04-23T00:00:00Z,66800.00000000,67181.00000000,65981.00000000,66993.00000000,129.88698562
2026-04-24T00:00:00Z,66991.00000000,67224.00000000,65968.00000000,66101.00000000,81.12222873
2026-04-25T00:00:00Z,66093.00000000,66487.00000000,65906.00000000,66278.00000000,28.62371711
2026-04-26T00:00:00Z,66300.00000000,67424.00000000,66074.00000000,67202.00000000,68.68423397
2026-04-27T00:00:00Z,67222.00000000,67813.00000000,65250.00000000,66008.00000000,107.13927759
2026-04-28T00:00:00Z,65969.00000000,66090.00000000,64696.00000000,65152.00000000,81.43651013
2026-04-29T00:00:00Z,65130.00000000,66560.00000000,64196.00000000,64872.00000000,109.75541021
2026-04-30T00:00:00Z,64880.00000000,65545.00000000,64607.00000000,65059.00000000,69.90227476
2026-05-01T00:00:00Z,65068.00000000,67127.00000000,65068.00000000,66751.00000000,98.04998269
2026-05-02T00:00:00Z,66751.00000000,67511.00000000,66599.00000000,67113.00000000,96.76736393
2026-05-03T00:00:00Z,67114.00000000,67677.00000000,66611.00000000,66965.00000000,145.20131477
2026-05-04T00:00:00Z,66943.00000000,69038.00000000,66757.00000000,68300.00000000,220.29716441
2026-05-05T00:00:00Z,68284.00000000,69940.00000000,68269.00000000,69103.00000000,140.23906465
2026-05-06T00:00:00Z,69063.00000000,70290.00000000,68940.00000000,69333.00000000,152.22450153
2026-05-07T00:00:00Z,69313.00000000,69476.00000000,67666.00000000,68208.00000000,117.10091148
2026-05-08T00:00:00Z,68215.00000000,68447.00000000,67485.00000000,68055.00000000,84.61514432
2026-05-09T00:00:00Z,68056.00000000,68810.00000000,68003.00000000,68498.00000000,26.61864531
2026-05-10T00:00:00Z,68475.00000000,70081.00000000,68202.00000000,69798.00000000,107.60557849
2026-05-11T00:00:00Z,69864.00000000,69939.00000000,65958.00000000,69395.00000000,248.87565783
2026-05-12T00:00:00Z,69393.00000000,69439.00000000,68069.00000000,68573.00000000,116.51315436
2026-05-13T00:00:00Z,68594.00000000,69474.00000000,67228.00000000,67682.00000000,88.78368182
2026-05-14T00:00:00Z,67702.00000000,70236.00000000,67372.00000000,69512.00000000,111.94715733
2026-05-15T00:00:00Z,69512.00000000,70027.00000000,67648.00000000,68048.00000000,96.62758674
2026-05-16T00:00:00Z,68028.00000000,68140.00000000,66855.00000000,67257.00000000,60.28354255
2026-05-17T00:00:00Z,67261.00000000,67620.00000000,66066.00000000,66694.00000000,48.76629666
2026-05-18T00:00:00Z,66681.00000000,66709.00000000,65320.00000000,66023.00000000,159.91657965
2026-05-19T00:00:00Z,66029.00000000,66434.00000000,65603.00000000,66127.00000000,103.78821670
2026-05-20T00:00:00Z,66144.00000000,66963.00000000,65881.00000000,66659.16000000,108.50132469
2026-05-21T00:00:00Z,66662.00000000,67269.00000000,66230.00000000,66780.00000000,65.68980940
2026-05-22T00:00:00Z,66767.84000000,67000.00000000,64929.00000000,65067.43000000,78.65920687
2026-05-23T00:00:00Z,65053.99000000,66633.84000000,64000.00000000,66096.00000000,74.70237518
2026-05-24T00:00:00Z,66059.00000000,66698.45000000,65348.11000000,66131.96000000,80.99462150
2026-05-25T00:00:00Z,66149.99000000,66818.48000000,66021.10000000,66417.00000000,70.69071469
2026-05-26T00:00:00Z,66398.43000000,67100.00000000,64963.48000000,65164.12000000,123.38026338
2026-05-27T00:00:00Z,65170.00000000,65298.00000000,63778.00000000,64005.94000000,126.18477523
2026-05-28T00:00:00Z,63983.00000000,64077.91000000,62301.00000000,63117.71000000,149.83503462
2026-05-29T00:00:00Z,63102.50000000,63649.16000000,62183.34000000,62947.00000000,92.63736338
2026-05-30T00:00:00Z,62935.00000000,63500.81000000,62743.66000000,63265.52000000,39.23362761
2026-05-31T00:00:00Z,63291.01000000,63600.83000000,62894.00000000,63180.96000000,39.73008253
2026-06-01T00:00:00Z,63168.99000000,63516.85000000,60750.00000000,61306.99000000,188.32079309
2026-06-02T00:00:00Z,61288.49000000,61288.49000000,56900.00000000,57372.75000000,282.63571018
2026-06-03T00:00:00Z,57483.00000000,58066.94000000,55162.00000000,55169.38000000,543.33727982
2026-06-04T00:00:00Z,55199.00000000,55765.64000000,52872.00000000,54974.92000000,337.03997779
2026-06-05T00:00:00Z,54967.00000000,55025.02000000,51318.00000000,53020.37000000,535.58792666
2026-06-06T00:00:00Z,53021.00000000,53436.21000000,51713.00000000,52921.32000000,150.24331121
2026-06-07T00:00:00Z,52910.67000000,55794.00000000,52809.00000000,54933.98000000,343.45079166
2026-06-08T00:00:00Z,54971.00000000,55643.00000000,54139.66000000,54721.00000000,208.95215088
2026-06-09T00:00:00Z,54724.00000000,55003.41000000,52676.72000000,53482.41000000,237.85955721
2026-06-10T00:00:00Z,53492.05000000,54414.49000000,52564.90000000,53289.72000000,162.18075747
2026-06-11T00:00:00Z,53297.04000000,55177.00000000,53290.06000000,54914.00000000,149.88023004
2026-06-12T00:00:00Z,54886.56000000,55578.32000000,54258.82000000,54939.00000000,130.03158043
2026-06-13T00:00:00Z,54949.35000000,55999.00000000,54822.00000000,55750.23000000,82.57955687
2026-06-14T00:00:00Z,55724.82000000,56670.97000000,55083.17000000,56663.00000000,103.27039059
2026-06-15T00:00:00Z,56655.00000000,57987.80000000,56335.35000000,57197.55000000,173.02376701
2026-06-16T00:00:00Z,57174.97000000,57703.00000000,56373.08000000,56493.37000000,165.76806723
2026-06-17T00:00:00Z,56527.71000000,57271.84000000,55555.00000000,56000.97000000,198.25445034
2026-06-18T00:00:00Z,56021.00000000,56201.00000000,54222.00000000,54886.16000000,134.27831203
2026-06-19T00:00:00Z,54853.53000000,55446.31000000,54340.00000000,55363.96000000,127.55927826
2026-06-20T00:00:00Z,55359.00000000,56060.83000000,55074.82000000,56028.71000000,64.42337514
2026-06-21T00:00:00Z,56026.61000000,56267.01000000,55174.50000000,55176.01000000,82.39723981
2026-06-22T00:00:00Z,55179.07000000,57344.94000000,55179.07000000,56000.05000000,171.50024512
2026-06-23T00:00:00Z,55959.81000000,56189.57000000,54253.00000000,55062.43000000,216.41346934
2026-06-24T00:00:00Z,55057.00000000,55683.14000000,52025.00000000,53715.50000000,228.08209703
2026-06-25T00:00:00Z,53727.00000000,54493.37000000,51073.00000000,52577.00000000,230.88198486
2026-06-26T00:00:00Z,52565.54000000,53284.07000000,51192.82000000,52720.23000000,152.88871473
2026-06-27T00:00:00Z,52718.24000000,53399.58000000,52507.95000000,52656.47000000,42.56195036
2026-06-28T00:00:00Z,52657.00000000,53080.30000000,51673.64000000,52252.17000000,46.01755045
2026-06-29T00:00:00Z,52209.47000000,53206.39000000,51643.95000000,52702.86000000,149.54692430
2026-06-30T00:00:00Z,52661.27000000,52698.00000000,50005.00000000,51293.12000000,295.40100825
2026-07-01T00:00:00Z,51305.00000000,53851.21000000,50641.00000000,52704.88000000,145.57002451
2026-07-02T00:00:00Z,52691.40000000,54224.46000000,52332.86000000,53829.36000000,176.45516181
2026-07-03T00:00:00Z,53812.19000000,55000.00000000,53516.01000000,54683.08000000,126.54344888
2026-07-04T00:00:00Z,54693.00000000,55476.50000000,54469.19000000,55207.23000000,72.53248418
2026-07-05T00:00:00Z,55187.10000000,55917.00000000,54610.96000000,55608.00000000,68.11252977
2026-07-06T00:00:00Z,55608.64000000,56530.17000000,53644.61000000,55944.73000000,272.35883386
2026-07-07T00:00:00Z,55966.00000000,56202.10000000,54805.46000000,55540.76000000,280.10144457
2026-07-08T00:00:00Z,55547.79000000,55838.07000000,53950.27000000,54521.35000000,256.74339894
2026-07-09T00:00:00Z,54518.28000000,55472.77000000,53972.14000000,55285.47000000,205.99957905
2026-07-10T00:00:00Z,55286.70000000,56603.62000000,55010.37000000,56185.89000000,148.30025050
2026-07-11T00:00:00Z,56183.99000000,56485.69000000,55909.31000000,55953.39000000,68.63114335
2026-07-12T00:00:00Z,55901.57000000,56313.49000000,55753.01000000,55917.53000000,44.43560406
2026-07-13T00:00:00Z,55899.44000000,56478.00000000,54230.33000000,54696.28000000,156.86846988
2026-07-14T00:00:00Z,54698.74000000,56931.75000000,54656.00000000,56884.08000000,161.84095341
2026-07-15T00:00:00Z,56891.19000000,57335.00000000,56347.54000000,56454.01000000,149.96594129
2026-07-16T00:00:00Z,56426.62000000,56682.51000000,55664.00000000,55748.64000000,121.88599731
2026-07-17T00:00:00Z,55736.38000000,56263.28000000,54666.00000000,55897.19000000,140.41881094
2026-07-18T00:00:00Z,55890.36000000,56680.99000000,55842.86000000,56667.02000000,88.18171756
2026-07-19T00:00:00Z,56670.00000000,56761.97000000,56192.16000000,56579.00000000,75.02056423
2026-07-20T00:00:00Z,56581.01000000,57582.04000000,55713.52000000,57118.61000000,144.92326475
2026-07-21T00:00:00Z,57057.17000000,58631.16000000,57043.98000000,58339.56000000,117.71507907
2026-07-22T00:00:00Z,58327.04000000,58482.26000000,57404.38000000,57905.06000000,76.18087636
2026-07-23T00:00:00Z,57908.91000000,58073.54000000,56827.26000000,57182.61000000,130.81783195
2026-07-24T00:00:00Z,57187.36000000,57729.25000000,55980.00000000,56385.20000000,97.57223806
2026-07-25T00:00:00Z,56375.01000000,56660.20000000,56079.75000000,56591.15000000,53.00226042
2026-07-26T00:00:00Z,56581.90000000,57509.97000000,56518.98000000,57345.04000000,123.62699217
2026-07-27T00:00:00Z,57337.08000000,57672.22000000,55918.98000000,56046.00000000,109.73816758
2026-07-28T00:00:00Z,56065.94000000,56185.35000000,55131.43000000,56091.10000000,108.68913599
2026-07-29T00:00:00Z,56103.02000000,56755.37000000,55160.00000000,55750.62000000,127.97037884
2026-07-30T00:00:00Z,55756.42000000,56615.00000000,55455.00000000,56176.53000000,107.83448866
2026-07-31T00:00:00Z,56197.52000000,56749.99000000,54255.01000000,54511.46000000,134.01496027
2026-08-01T00:00:00Z,54517.35000000,54744.91000000,54022.00000000,54489.27000000,104.00529450
2026-08-02T00:00:00Z,54487.02000000,55172.00000000,54478.03000000,55028.39000000,74.30742285
2026-08-03T00:00:00Z,55024.72000000,55633.33000000,54000.01000000,55131.69000000,101.74885458
2026-08-04T00:00:00Z,55132.18000000,55928.00000000,54975.65000000,55560.21000000,102.73381068
2026-08-05T00:00:00Z,55541.97000000,56250.00000000,55276.94000000,55904.01000000,90.23452614
2026-08-06T00:00:00Z,55903.09000000,56293.71000000,55564.22000000,55774.93000000,71.87360443
2026-08-07T00:00:00Z,55777.65000000,56574.92000000,55646.35000000,56153.87000000,106.28744178
2026-08-08T00:00:00Z,56156.40000000,56387.52000000,56073.00000000,56195.00000000,35.56336773
2026-08-09T00:00:00Z,56192.01000000,56607.97000000,56000.01000000,56101.00000000,82.38822536
2026-08-10T00:00:00Z,56105.86000000,56515.97000000,55227.00000000,55363.84000000,66.54162900
2026-08-11T00:00:00Z,55353.01000000,55850.01000000,54291.60000000,55060.38000000,142.91532933
2026-08-12T00:00:00Z,55029.00000000,55780.53000000,54815.88000000,55009.00000000,73.49708268
2026-08-13T00:00:00Z,55011.00000000,55466.76000000,54477.55000000,54999.71000000,72.85386666
2026-08-14T00:00:00Z,55000.00000000,55109.00000000,53962.00000000,54453.95000000,165.41714842
2026-08-15T00:00:00Z,54459.00000000,54579.28000000,54362.00000000,54523.94000000,28.65964685
2026-08-16T00:00:00Z,54508.01000000,54757.00000000,54160.55000000,54292.09000000,19.17755697
2026-08-17T00:00:00Z,54295.25000000,55753.00000000,54152.01000000,55677.04000000,72.88463374
2026-08-18T00:00:00Z,55693.71000000,56107.00000000,55258.92000000,55880.99000000,50.94794622
2026-08-19T00:00:00Z,55887.99000000,59950.35000000,55326.00000000,59343.00000000,197.59984298
2026-08-20T00:00:00Z,59318.00000000,62785.36000000,58966.00000000,62468.80000000,258.97851592
2026-08-21T00:00:00Z,62492.00000000,67909.81000000,62492.00000000,66982.30000000,371.89945329
2026-08-22T00:00:00Z,66972.95000000,67361.18000000,65001.00000000,65816.01000000,117.59694601
2026-08-23T00:00:00Z,65792.15000000,66782.86000000,64500.00000000,66502.81000000,87.79258355
2026-08-24T00:00:00Z,66500.69000000,68538.96000000,65610.00000000,67674.43000000,180.12437719
2026-08-25T00:00:00Z,67657.26000000,69631.00000000,66666.00000000,67261.00000000,162.74945487
2026-08-26T00:00:00Z,67270.71000000,67930.00000000,66650.00000000,67795.68000000,120.11617884
2026-08-27T00:00:00Z,67755.00000000,69392.77000000,67428.23000000,68891.63000000,200.89802967
2026-08-28T00:00:00Z,68910.53000000,69875.00000000,66350.99000000,67187.20000000,258.44876993
2026-08-29T00:00:00Z,67156.88000000,67669.80000000,66791.80000000,67599.13000000,47.74696399
2026-08-30T00:00:00Z,67580.09000000,68557.86000000,66454.79000000,67061.25000000,85.26164993
2026-08-31T00:00:00Z,67000.18000000,68223.00000000,66776.00000000,67623.84000000,138.77638008
2026-09-01T00:00:00Z,67628.23000000,68217.37000000,65909.52000000,66788.44000000,120.82781139
2026-09-02T00:00:00Z,66792.88000000,67156.00000000,65908.15000000,66748.18000000,107.69534955
2026-09-03T00:00:00Z,66731.01000000,70745.36000000,66401.00000000,69875.89000000,209.14209180
2026-09-04T00:00:00Z,69861.35000000,70044.15000000,67725.00000000,68643.38000000,135.47235746
2026-09-05T00:00:00Z,68640.39000000,69109.00000000,68441.76000000,68779.56000000,51.17479905
2026-09-06T00:00:00Z,68786.87000000,69391.93000000,68265.00000000,69204.10000000,43.16744355
2026-09-07T00:00:00Z,69186.17000000,69286.36000000,67681.00000000,68067.14000000,80.17362014
2026-09-08T00:00:00Z,68053.76000000,68336.73000000,66810.00000000,67463.98000000,104.90158744
2026-09-09T00:00:00Z,67507.98000000,68538.96000000,66843.28000000,67298.87000000,97.34456748
2026-09-10T00:00:00Z,67312.48000000,67491.01000000,65879.78000000,65930.61000000,98.19219253
2026-09-11T00:00:00Z,65930.61000000,68765.76000000,65542.71000000,66540.88000000,114.57974229
2026-09-12T00:00:00Z,66604.02000000,66850.40000000,66487.60000000,66678.01000000,33.39821387
2026-09-13T00:00:00Z,66663.24000000,66770.81000000,65970.00000000,66293.00000000,39.87328347
2026-09-14T00:00:00Z,66268.00000000,68903.57000000,65926.00000000,67685.36000000,330.93913689
2026-09-15T00:00:00Z,67661.76000000,67739.75000000,64923.99000000,65533.00000000,164.82787780
2026-09-16T00:00:00Z,65479.00000000,66575.06000000,65219.00000000,66384.01000000,100.90400917
2026-09-17T00:00:00Z,66410.52000000,67087.44000000,66130.00000000,66541.09000000,174.40960260
2026-09-18T00:00:00Z,66537.97000000,70836.00000000,66425.72000000,70324.79000000,158.41865659
2026-09-19T00:00:00Z,70322.57000000,71273.00000000,70298.28000000,70637.20000000,65.85192377
2026-09-20T00:00:00Z,70637.20000000,70916.04000000,69697.04000000,70744.60000000,49.15760551
2026-09-21T00:00:00Z,70746.25000000,76204.80000000,70380.00000000,75539.76000000,350.92189207
2026-09-22T00:00:00Z,75528.03000000,75846.46000000,74138.17000000,75285.87000000,344.97179337
2026-09-23T00:00:00Z,75252.15000000,76357.57000000,73312.96000000,74163.40000000,175.89263542
2026-09-24T00:00:00Z,74187.49000000,74677.23000000,72851.01000000,74202.00000000,67.39657206
2026-09-25T00:00:00Z,74284.00000000,74736.05000000,72967.70000000,73788.45000000,53.57875353
2026-09-26T00:00:00Z,73784.99000000,74184.34000000,73570.79000000,74184.34000000,32.84454585
2026-09-27T00:00:00Z,74101.47000000,74771.49000000,73944.22000000,74213.54000000,34.54627821
2026-09-28T00:00:00Z,74217.91000000,74668.46000000,72577.11000000,73467.00000000,74.45926268
2026-09-29T00:00:00Z,73470.68000000,74500.00000000,72786.94000000,73806.37000000,58.96481789
2026-09-30T00:00:00Z,73781.05000000,75342.96000000,73071.27000000,73765.29000000,88.72573832
