timestamp,Open,High,Low,Close,Volume
2017-08-16T00:00:00Z,260.00000000,260.00000000,260.00000000,260.00000000,0.02000000
2017-08-17T00:00:00Z,286.00000000,286.00000000,254.80000000,257.01000000,5001.06018663
2017-08-18T00:00:00Z,258.00000000,263.63000000,245.47000000,252.77000000,5033.06984711
2017-08-19T00:00:00Z,251.73000000,256.30000000,240.10000000,250.66000000,5219.46949515
2017-08-20T00:00:00Z,250.55000000,256.30000000,246.50000000,256.30000000,3546.96788740
2017-08-21T00:00:00Z,255.15000000,299.90000000,251.99000000,273.57000000,12469.84099375
2017-08-22T00:00:00Z,273.57000000,282.00000000,251.00000000,268.66000000,8754.38979369
2017-08-23T00:00:00Z,268.66000000,278.55000000,266.21000000,271.49000000,11522.63491899
2017-08-24T00:00:00Z,270.55000000,282.60000000,268.45000000,276.60000000,9350.37223365
2017-08-25T00:00:00Z,277.63000000,286.00000000,276.22000000,278.49000000,7597.35653660
2017-08-26T00:00:00Z,278.48000000,284.37000000,275.00000000,281.49000000,3801.92704208
2017-08-27T00:00:00Z,281.49000000,292.05000000,281.10000000,292.05000000,2872.56428007
2017-08-28T00:00:00Z,292.43000000,296.29000000,282.96000000,290.50000000,11835.63317488
2017-08-29T00:00:00Z,290.50000000,313.81000000,286.04000000,310.00000000,15563.49197481
2017-08-30T00:00:00Z,310.00000000,327.00000000,306.50000000,321.11000000,8788.82610533
2017-08-31T00:00:00Z,321.00000000,329.99000000,318.20000000,326.26000000,8548.97677585
2017-09-01T00:00:00Z,325.97000000,334.39000000,324.59000000,328.50000000,10978.33804311
2017-09-02T00:00:00Z,329.97000000,331.33000000,279.00000000,296.71000000,17039.54544635
2017-09-03T00:00:00Z,296.70000000,314.00000000,283.27000000,298.50000000,8174.21641447
2017-09-04T00:00:00Z,298.56000000,298.56000000,235.01000000,254.00000000,32606.90627251
2017-09-05T00:00:00Z,256.39000000,278.97000000,235.02000000,275.27000000,16653.44884475
2017-09-06T00:00:00Z,275.90000000,291.00000000,274.30000000,286.90000000,16019.06112252
2017-09-07T00:00:00Z,286.89000000,287.89000000,271.67000000,283.50000000,11917.46918108
2017-09-08T00:00:00Z,283.59000000,283.59000000,250.00000000,259.86000000,17233.92153084
2017-09-09T00:00:00Z,259.79000000,261.90000000,249.03000000,257.45000000,8269.90973835
2017-09-10T00:00:00Z,257.19000000,259.60000000,239.04000000,252.25000000,12553.57031732
2017-09-11T00:00:00Z,251.61000000,258.82000000,237.00000000,250.10000000,24903.68929463
2017-09-12T00:00:00Z,250.10000000,267.09000000,242.02000000,246.30000000,34389.59543595
2017-09-13T00:00:00Z,246.29000000,246.68000000,208.82000000,231.16000000,39576.28061012
2017-09-14T00:00:00Z,231.17000000,235.00000000,186.36000000,187.05000000,43663.42367687
2017-09-15T00:00:00Z,187.83000000,225.60000000,168.23000000,218.99000000,73246.59482432
2017-09-16T00:00:00Z,218.99000000,232.52000000,206.70000000,215.67000000,14457.52983590
2017-09-17T00:00:00Z,215.41000000,226.16000000,202.25000000,218.51000000,12264.16837760
2017-09-18T00:00:00Z,218.50000000,253.80000000,217.56000000,251.27000000,34387.15454893
2017-09-19T00:00:00Z,251.27000000,252.91000000,231.70000000,237.14000000,19586.81472045
2017-09-20T00:00:00Z,237.19000000,245.00000000,232.63000000,239.25000000,16417.67096285
2017-09-21T00:00:00Z,239.07000000,241.97000000,212.50000000,217.34000000,18811.73630247
2017-09-22T00:00:00Z,217.33000000,228.90000000,214.23000000,222.98000000,14775.03270434
2017-09-23T00:00:00Z,223.03000000,239.77000000,206.60000000,238.99000000,20043.34746770
2017-09-24T00:00:00Z,238.99000000,246.87000000,232.60000000,238.80000000,7743.40599011
2017-09-25T00:00:00Z,238.80000000,251.35000000,238.41000000,248.52000000,15485.72123072
2017-09-26T00:00:00Z,248.79000000,248.99000000,241.00000000,243.00000000,37010.94466894
2017-09-27T00:00:00Z,243.00000000,265.99000000,242.26000000,261.61000000,26403.06356257
2017-09-28T00:00:00Z,261.13000000,263.05000000,250.51000000,256.33000000,16280.24650465
2017-09-29T00:00:00Z,255.86000000,256.86000000,235.75000000,246.10000000,15599.23551790
2017-09-30T00:00:00Z,246.46000000,257.66000000,243.83000000,253.97000000,9302.13284336
2017-10-01T00:00:00Z,254.63000000,256.00000000,247.61000000,255.12000000,5552.60077393
2017-10-02T00:00:00Z,255.12000000,255.90000000,249.39000000,251.93000000,8751.92439901
2017-10-03T00:00:00Z,251.93000000,253.98000000,245.19000000,248.69000000,8460.71619233
2017-10-04T00:00:00Z,248.69000000,251.34000000,246.53000000,249.34000000,4679.79247851
2017-10-05T00:00:00Z,249.19000000,252.50000000,244.84000000,250.48000000,15871.64044811
2017-10-06T00:00:00Z,250.50000000,260.00000000,249.50000000,260.00000000,10252.07791672
2017-10-07T00:00:00Z,260.00000000,266.00000000,258.91000000,263.31000000,5871.81982566
2017-10-08T00:00:00Z,263.30000000,265.30000000,259.62000000,260.98000000,8143.12988356
2017-10-09T00:00:00Z,260.75000000,265.00000000,240.00000000,250.24000000,14514.29270399
2017-10-10T00:00:00Z,250.13000000,257.44000000,245.00000000,250.93000000,8400.55980411
2017-10-11T00:00:00Z,251.41000000,256.12000000,251.38000000,255.55000000,3981.17625314
2017-10-12T00:00:00Z,255.55000000,258.76000000,250.13000000,253.00000000,9041.89262005
2017-10-13T00:00:00Z,253.03000000,293.04000000,245.10000000,283.22000000,22654.10286082
2017-10-14T00:00:00Z,283.94000000,291.69000000,280.32000000,285.27000000,5846.55349976
2017-10-15T00:00:00Z,284.51000000,286.74000000,266.49000000,282.28000000,8925.54366983
2017-10-16T00:00:00Z,282.28000000,294.90000000,280.50000000,282.98000000,17152.29992604
2017-10-17T00:00:00Z,282.45000000,283.63000000,264.00000000,268.79000000,17653.20902027
2017-10-18T00:00:00Z,268.87000000,268.87000000,245.00000000,267.60000000,21017.33031635
2017-10-19T00:00:00Z,267.63000000,268.24000000,256.38000000,258.90000000,8141.21751231
2017-10-20T00:00:00Z,258.90000000,262.79000000,255.00000000,255.78000000,8915.61225920
2017-10-21T00:00:00Z,255.54000000,256.48000000,246.00000000,254.63000000,8378.89398935
2017-10-22T00:00:00Z,254.69000000,260.48000000,247.02000000,250.74000000,5453.60113162
2017-10-23T00:00:00Z,249.85000000,250.23000000,235.74000000,241.21000000,13924.93188449
2017-10-24T00:00:00Z,241.97000000,266.95000000,239.00000000,253.62000000,14650.73812943
2017-10-25T00:00:00Z,254.49000000,259.06000000,248.97000000,251.85000000,8224.67353049
2017-10-26T00:00:00Z,252.02000000,257.99000000,251.83000000,254.32000000,7345.43755067
2017-10-27T00:00:00Z,254.59000000,259.21000000,253.20000000,257.12000000,10103.35199920
2017-10-28T00:00:00Z,257.12000000,257.98000000,252.70000000,255.66000000,4480.65374936
2017-10-29T00:00:00Z,255.65000000,270.00000000,254.10000000,260.27000000,8566.00765578
2017-10-30T00:00:00Z,260.99000000,266.98000000,260.99000000,264.32000000,9877.27252265
2017-10-31T00:00:00Z,263.77000000,266.52000000,259.44000000,259.48000000,7992.51721737
2017-11-01T00:00:00Z,260.52000000,262.00000000,249.00000000,250.91000000,13437.03652600
2017-11-02T00:00:00Z,250.56000000,252.90000000,238.33000000,245.38000000,24615.97704286
2017-11-03T00:00:00Z,246.18000000,268.00000000,243.73000000,265.73000000,18912.45799167
2017-11-04T00:00:00Z,264.46000000,265.26000000,255.41000000,259.32000000,6958.16131628
2017-11-05T00:00:00Z,259.36000000,259.77000000,253.51000000,254.43000000,5102.25672729
2017-11-06T00:00:00Z,254.27000000,265.36000000,252.23000000,257.17000000,13338.59906095
2017-11-07T00:00:00Z,258.23000000,264.49000000,250.10000000,252.26000000,14383.60810066
2017-11-08T00:00:00Z,252.42000000,278.93000000,252.12000000,267.83000000,22063.67411802
2017-11-09T00:00:00Z,267.52000000,287.08000000,266.24000000,277.37000000,29571.44367297
2017-11-10T00:00:00Z,278.26000000,281.06000000,249.45000000,259.14000000,20276.97709292
2017-11-11T00:00:00Z,258.02000000,277.00000000,256.37000000,271.29000000,14195.92434213
2017-11-12T00:00:00Z,271.29000000,274.87000000,257.13000000,265.20000000,24903.29913848
2017-11-13T00:00:00Z,264.51000000,278.55000000,263.85000000,273.20000000,27108.51921243
2017-11-14T00:00:00Z,272.40000000,292.99000000,272.17000000,288.98000000,19685.18259455
2017-11-15T00:00:00Z,288.96000000,291.50000000,279.82000000,284.02000000,11670.81056026
2017-11-16T00:00:00Z,284.20000000,286.50000000,275.00000000,280.19000000,15895.18376586
2017-11-17T00:00:00Z,280.19000000,284.78000000,277.16000000,282.89000000,9753.39728323
2017-11-18T00:00:00Z,282.30000000,296.96000000,279.23000000,295.55000000,13441.64828118
2017-11-19T00:00:00Z,295.55000000,317.61000000,292.15000000,300.00000000,16596.38935437
2017-11-20T00:00:00Z,300.00000000,316.51000000,299.98000000,312.92000000,14684.34388973
2017-11-21T00:00:00Z,312.92000000,317.82000000,300.01000000,309.35000000,24708.03302250
2017-11-22T00:00:00Z,308.94000000,324.81000000,308.02000000,323.70000000,16798.50870284
2017-11-23T00:00:00Z,324.09000000,358.98000000,319.00000000,345.12000000,40880.07181787
2017-11-24T00:00:00Z,342.87000000,402.29000000,337.78000000,395.06000000,36213.56425503
2017-11-25T00:00:00Z,395.06000000,407.70000000,379.80000000,383.23000000,21344.87693572
2017-11-26T00:00:00Z,383.23000000,390.00000000,370.64000000,389.95000000,13907.78390230
2017-11-27T00:00:00Z,389.01000000,405.00000000,380.78000000,394.19000000,21202.94429154
2017-11-28T00:00:00Z,393.31000000,395.90000000,384.05000000,388.01000000,20936.86919722
2017-11-29T00:00:00Z,388.01000000,432.78000000,317.00000000,359.51000000,58687.42473213
2017-11-30T00:00:00Z,358.08000000,392.00000000,330.00000000,371.01000000,28221.91391161
2017-12-01T00:00:00Z,370.98000000,395.00000000,350.00000000,386.53000000,29793.42788809
2017-12-02T00:00:00Z,386.52000000,398.47000000,380.00000000,384.96000000,10706.80930180
2017-12-03T00:00:00Z,384.98000000,399.01000000,370.10000000,388.53000000,14734.17946906
2017-12-04T00:00:00Z,389.12000000,394.99000000,377.03000000,391.99000000,10474.17087559
2017-12-05T00:00:00Z,392.00000000,393.97000000,382.55000000,387.91000000,12940.59832018
2017-12-06T00:00:00Z,386.11000000,388.00000000,346.90000000,355.55000000,28933.59501704
2017-12-07T00:00:00Z,356.00000000,373.39000000,341.00000000,344.00000000,29115.06486307
2017-12-08T00:00:00Z,344.00000000,388.75000000,334.18000000,369.00000000,32569.93853686
2017-12-09T00:00:00Z,370.18000000,415.00000000,350.00000000,381.98000000,28585.11812146
2017-12-10T00:00:00Z,381.92000000,381.92000000,347.00000000,352.31000000,17184.74134602
2017-12-11T00:00:00Z,352.19000000,417.50000000,352.19000000,415.00000000,27043.29506357
2017-12-12T00:00:00Z,415.00000000,540.74000000,400.11000000,523.51000000,56984.02525434
2017-12-13T00:00:00Z,523.98000000,625.00000000,490.49000000,584.90000000,51102.69129436
2017-12-14T00:00:00Z,584.90000000,626.34000000,541.10000000,573.44000000,39728.14094624
2017-12-15T00:00:00Z,574.11000000,584.64000000,495.00000000,565.50000000,23386.93163638
2017-12-16T00:00:00Z,564.61000000,597.67000000,560.00000000,573.01000000,12304.01695245
2017-12-17T00:00:00Z,574.06000000,605.79000000,571.52000000,594.18000000,12273.94510427
2017-12-18T00:00:00Z,594.21000000,674.99000000,566.81000000,664.62000000,29320.05293372
2017-12-19T00:00:00Z,662.93000000,737.00000000,652.02000000,689.44000000,44565.02357774
2017-12-20T00:00:00Z,685.85000000,705.00000000,601.21000000,671.00000000,39981.49165501
2017-12-21T00:00:00Z,671.00000000,706.00000000,626.18000000,657.50000000,41668.99307022
2017-12-22T00:00:00Z,659.99000000,664.48000000,420.00000000,557.81000000,87245.65656541
2017-12-23T00:00:00Z,557.81000000,634.38000000,537.01000000,585.81000000,25669.84513819
2017-12-24T00:00:00Z,591.53000000,591.82000000,506.00000000,577.64000000,28131.57056434
2017-12-25T00:00:00Z,576.99000000,629.95000000,565.32000000,606.00000000,16827.31358144
2017-12-26T00:00:00Z,606.00000000,632.39000000,602.95000000,624.87000000,9260.67452366
2017-12-27T00:00:00Z,624.99000000,638.10000000,577.29000000,620.99000000,18736.27952348
2017-12-28T00:00:00Z,620.95000000,629.98000000,563.40000000,607.10000000,19445.13822564
2017-12-29T00:00:00Z,606.43000000,634.98000000,597.00000000,619.06000000,18671.24057668
2017-12-30T00:00:00Z,616.96000000,626.47000000,557.00000000,586.60000000,30125.65357791
2017-12-31T00:00:00Z,585.00000000,627.47000000,578.72000000,621.50000000,10359.37787671
2018-01-01T00:00:00Z,620.51000000,645.34000000,605.56000000,628.91000000,14440.31206937
2018-01-02T00:00:00Z,632.58000000,739.08000000,628.56000000,713.50000000,32587.48470883
2018-01-03T00:00:00Z,713.50000000,798.97000000,705.00000000,788.00000000,27133.50222538
2018-01-04T00:00:00Z,788.09000000,833.93000000,749.01000000,785.38000000,50981.70667732
2018-01-05T00:00:00Z,785.39000000,846.00000000,760.00000000,801.14000000,37663.00855960
2018-01-06T00:00:00Z,801.00000000,829.00000000,788.33000000,825.95000000,15462.96662718
2018-01-07T00:00:00Z,825.96000000,924.24000000,825.14000000,920.95000000,22029.57288182
2018-01-08T00:00:00Z,921.90000000,1007.00000000,790.00000000,944.95000000,55338.85969192
2018-01-09T00:00:00Z,943.09000000,1085.09000000,941.00000000,1066.57000000,40686.87524808
2018-01-10T00:00:00Z,1066.57000000,1150.00000000,1000.10000000,1038.90000000,44738.43334072
2018-01-11T00:00:00Z,1038.92000000,1109.00000000,911.10000000,943.45000000,41895.24993719
2018-01-12T00:00:00Z,941.98000000,1060.00000000,893.00000000,1037.96000000,26119.86719036
2018-01-13T00:00:00Z,1037.97000000,1168.48000000,1034.33000000,1140.27000000,16329.60107562
2018-01-14T00:00:00Z,1135.85000000,1148.29000000,1045.00000000,1118.49000000,13455.59019452
2018-01-15T00:00:00Z,1118.44000000,1138.00000000,1043.08000000,1048.03000000,12742.26421134
2018-01-16T00:00:00Z,1048.03000000,1054.83000000,705.56000000,862.01000000,61622.01291671
2018-01-17T00:00:00Z,862.01000000,910.00000000,618.40000000,847.00000000,76330.83400372
2018-01-18T00:00:00Z,849.34000000,944.70000000,785.00000000,847.61000000,37903.88191634
2018-01-19T00:00:00Z,847.47000000,907.93000000,824.69000000,859.00000000,19243.29513089
2018-01-20T00:00:00Z,860.00000000,967.50000000,855.70000000,944.03000000,13829.81727534
2018-01-21T00:00:00Z,949.91000000,952.48000000,833.10000000,863.15000000,11063.41566246
2018-01-22T00:00:00Z,866.99000000,897.98000000,755.97000000,819.00000000,21773.28647274
2018-01-23T00:00:00Z,818.55000000,839.38000000,734.81000000,801.12000000,20639.29680937
2018-01-24T00:00:00Z,806.59000000,866.37000000,781.30000000,860.00000000,11578.23757307
2018-01-25T00:00:00Z,860.01000000,892.64000000,816.84000000,844.11000000,16130.14159551
2018-01-26T00:00:00Z,844.11000000,866.36000000,792.15000000,845.03000000,13060.38393080
2018-01-27T00:00:00Z,847.93000000,902.00000000,835.00000000,892.50000000,7443.89731708
2018-01-28T00:00:00Z,891.00000000,998.50000000,887.50000000,992.37000000,16706.44291511
2018-01-29T00:00:00Z,991.43000000,998.93000000,920.18000000,942.81000000,15969.45522338
2018-01-30T00:00:00Z,944.40000000,949.14000000,824.00000000,849.02000000,20555.54943151
2018-01-31T00:00:00Z,849.01000000,898.47000000,815.00000000,889.10000000,12254.68435127
2018-02-01T00:00:00Z,889.10000000,923.07000000,719.58000000,808.58000000,54781.36386330
2018-02-02T00:00:00Z,808.47000000,808.47000000,575.00000000,733.04000000,76542.86182354
2018-02-03T00:00:00Z,733.71000000,800.00000000,671.00000000,777.98000000,17607.24689240
2018-02-04T00:00:00Z,777.98000000,781.16000000,622.22000000,662.26000000,20654.93957943
2018-02-05T00:00:00Z,662.16000000,682.49000000,502.50000000,556.00000000,55354.29047656
2018-02-06T00:00:00Z,555.04000000,650.00000000,451.00000000,631.59000000,92225.56043349
2018-02-07T00:00:00Z,634.38000000,698.97000000,580.44000000,610.98000000,38455.97168883
2018-02-08T00:00:00Z,611.84000000,694.01000000,608.18000000,662.00000000,18589.86791750
2018-02-09T00:00:00Z,662.95000000,720.00000000,636.01000000,715.56000000,24024.12662572
2018-02-10T00:00:00Z,716.75000000,748.00000000,667.59000000,698.61000000,17704.69185089
2018-02-11T00:00:00Z,694.11000000,698.00000000,635.62000000,659.26000000,8023.48809996
2018-02-12T00:00:00Z,664.09000000,712.78000000,663.64000000,704.99000000,9003.43389754
2018-02-13T00:00:00Z,704.90000000,708.62000000,670.00000000,679.31000000,7568.22280384
2018-02-14T00:00:00Z,679.69000000,745.00000000,678.52000000,742.05000000,13813.67121407
2018-02-15T00:00:00Z,742.07000000,767.39000000,726.08000000,745.89000000,17298.44612761
2018-02-16T00:00:00Z,747.58000000,761.00000000,730.00000000,759.34000000,7887.47297545
2018-02-17T00:00:00Z,759.57000000,788.81000000,753.84000000,786.74000000,5378.07775525
2018-02-18T00:00:00Z,786.87000000,794.33000000,733.39000000,737.10000000,10532.70123892
2018-02-19T00:00:00Z,737.56000000,772.23000000,737.01000000,759.09000000,9594.24017639
2018-02-20T00:00:00Z,760.00000000,777.68000000,710.00000000,716.22000000,13235.42433889
2018-02-21T00:00:00Z,720.29000000,735.52000000,662.20000000,684.75000000,16082.52281971
2018-02-22T00:00:00Z,684.43000000,711.30000000,639.61000000,654.45000000,13972.95902065
2018-02-23T00:00:00Z,653.25000000,716.99000000,639.05000000,693.12000000,8788.94666558
2018-02-24T00:00:00Z,691.74000000,711.00000000,658.84000000,681.49000000,7227.79313555
2018-02-25T00:00:00Z,681.25000000,692.98000000,667.00000000,685.57000000,3889.14762101
2018-02-26T00:00:00Z,687.34000000,714.60000000,678.00000000,702.61000000,9114.98185977
2018-02-27T00:00:00Z,705.06000000,726.00000000,698.42000000,711.50000000,9120.77476072
2018-02-28T00:00:00Z,711.52000000,727.53000000,696.00000000,697.04000000,7465.40615373
2018-03-01T00:00:00Z,698.78000000,719.66000000,692.00000000,706.01000000,7137.89210162
2018-03-02T00:00:00Z,706.46000000,713.17000000,687.01000000,691.67000000,8003.23590620
2018-03-03T00:00:00Z,693.41000000,700.00000000,688.00000000,693.16000000,2622.39125336
2018-03-04T00:00:00Z,690.14000000,700.00000000,679.74000000,699.99000000,2921.76021525
2018-03-05T00:00:00Z,700.00000000,704.75000000,685.13000000,685.79000000,5411.35433533
2018-03-06T00:00:00Z,685.14000000,689.87000000,648.02000000,658.03000000,7360.93967932
2018-03-07T00:00:00Z,657.63000000,665.00000000,585.00000000,607.07000000,13004.53589397
2018-03-08T00:00:00Z,606.99000000,625.54000000,559.90000000,568.89000000,10734.26307188
2018-03-09T00:00:00Z,568.82000000,594.99000000,521.21000000,590.43000000,20822.77942837
2018-03-10T00:00:00Z,590.50000000,609.00000000,551.76000000,555.02000000,5768.80952339
2018-03-11T00:00:00Z,554.91000000,597.91000000,538.03000000,585.30000000,6367.76168458
2018-03-12T00:00:00Z,587.17000000,601.96000000,549.79000000,564.94000000,8598.69079733
2018-03-13T00:00:00Z,564.03000000,579.99000000,550.00000000,559.06000000,11989.12581282
2018-03-14T00:00:00Z,558.65000000,567.71000000,476.00000000,497.36000000,18420.86865672
2018-03-15T00:00:00Z,495.90000000,504.89000000,462.57000000,498.10000000,19916.96622128
2018-03-16T00:00:00Z,497.72000000,510.81000000,475.98000000,488.06000000,11434.24324098
2018-03-17T00:00:00Z,487.38000000,498.00000000,444.44000000,449.22000000,8720.21549855
2018-03-18T00:00:00Z,447.50000000,458.54000000,370.00000000,439.91000000,32701.49712798
2018-03-19T00:00:00Z,439.58000000,455.00000000,419.22000000,450.31000000,20725.18181712
2018-03-20T00:00:00Z,449.43000000,464.90000000,419.96000000,457.21000000,19314.06917496
2018-03-21T00:00:00Z,457.53000000,482.77000000,444.38000000,452.92000000,14754.83936454
2018-03-22T00:00:00Z,454.76000000,468.17000000,420.80000000,437.49000000,10346.05964511
2018-03-23T00:00:00Z,438.96000000,439.00000000,411.00000000,439.00000000,9079.17063721
2018-03-24T00:00:00Z,439.00000000,442.30000000,420.49000000,420.49000000,6668.43791201
2018-03-25T00:00:00Z,422.22000000,434.48000000,415.02000000,422.38000000,4894.03668534
2018-03-26T00:00:00Z,425.38000000,426.09000000,375.01000000,390.73000000,16754.67313804
2018-03-27T00:00:00Z,391.06000000,395.61000000,360.54000000,361.81000000,18478.32790977
2018-03-28T00:00:00Z,362.52000000,376.09000000,356.00000000,362.82000000,10815.16076583
2018-03-29T00:00:00Z,362.80000000,364.99000000,283.00000000,310.57000000,100823.95765902
2018-03-30T00:00:00Z,309.65000000,332.92000000,293.46000000,318.14000000,24062.68713458
2018-03-31T00:00:00Z,318.11000000,338.42000000,313.72000000,318.03000000,11215.58436737
2018-04-01T00:00:00Z,319.32000000,323.27000000,291.00000000,307.61000000,16506.33832840
2018-04-02T00:00:00Z,306.84000000,318.97000000,304.28000000,312.61000000,13102.96994278
2018-04-03T00:00:00Z,312.84000000,342.73000000,308.82000000,338.59000000,17751.50447557
2018-04-04T00:00:00Z,337.88000000,339.69000000,301.04000000,307.45000000,18893.90642987
2018-04-05T00:00:00Z,307.54000000,318.00000000,299.21000000,311.54000000,14857.93891859
2018-04-06T00:00:00Z,311.38000000,315.39000000,296.20000000,301.02000000,9804.68048732
2018-04-07T00:00:00Z,301.39000000,320.69000000,300.34000000,312.94000000,6370.94425736
2018-04-08T00:00:00Z,313.70000000,329.16000000,313.48000000,326.42000000,4911.78447369
2018-04-09T00:00:00Z,326.43000000,352.34000000,315.04000000,322.56000000,16576.19809489
2018-04-10T00:00:00Z,323.96000000,338.96000000,317.73000000,334.84000000,7373.94908110
2018-04-11T00:00:00Z,336.63000000,350.00000000,332.40000000,347.80000000,9798.94670906
2018-04-12T00:00:00Z,347.78000000,403.60000000,335.00000000,399.82000000,29567.44818875
2018-04-13T00:00:00Z,401.93000000,429.98000000,391.00000000,401.06000000,28157.73640851
2018-04-14T00:00:00Z,401.06000000,417.60000000,394.24000000,408.54000000,9957.42668161
2018-04-15T00:00:00Z,408.39000000,433.23000000,408.39000000,432.74000000,9167.59254272
2018-04-16T00:00:00Z,433.41000000,435.71000000,402.16000000,412.96000000,11386.23646933
2018-04-17T00:00:00Z,413.51000000,422.30000000,405.12000000,406.58000000,12034.34265024
2018-04-18T00:00:00Z,405.94000000,425.47000000,405.94000000,424.56000000,7790.99424567
2018-04-19T00:00:00Z,424.18000000,461.96000000,421.27000000,458.25000000,11677.80311956
2018-04-20T00:00:00Z,459.73000000,506.06000000,451.94000000,503.10000000,21027.11852913
2018-04-21T00:00:00Z,503.01000000,513.00000000,467.38000000,493.92000000,16861.30355816
2018-04-22T00:00:00Z,490.74000000,522.92000000,481.51000000,506.61000000,11606.94194120
2018-04-23T00:00:00Z,504.96000000,530.63000000,504.33000000,527.40000000,7602.71873146
2018-04-24T00:00:00Z,527.69000000,583.38000000,527.12000000,575.34000000,22796.44130209
2018-04-25T00:00:00Z,576.31000000,576.54000000,487.10000000,505.89000000,40622.89152990
2018-04-26T00:00:00Z,506.30000000,548.88000000,492.15000000,545.70000000,18212.93922877
2018-04-27T00:00:00Z,544.87000000,567.49000000,526.60000000,531.11000000,13759.67481483
2018-04-28T00:00:00Z,529.73000000,572.02000000,525.87000000,561.41000000,10902.90682109
2018-04-29T00:00:00Z,562.57000000,575.00000000,549.99000000,567.88000000,4665.91540145
2018-04-30T00:00:00Z,568.52000000,572.00000000,547.92000000,552.09000000,6413.34062726
2018-05-01T00:00:00Z,554.99000000,561.50000000,520.00000000,557.64000000,15004.04487692
2018-05-02T00:00:00Z,557.66000000,575.32000000,551.70000000,572.31000000,5794.92719521
2018-05-03T00:00:00Z,572.55000000,656.20000000,572.01000000,646.80000000,16362.88942291
2018-05-04T00:00:00Z,646.69000000,671.82000000,631.18000000,654.63000000,11795.73753729
2018-05-05T00:00:00Z,653.00000000,690.20000000,651.36000000,680.10000000,7744.65986219
2018-05-06T00:00:00Z,682.31000000,694.83000000,627.00000000,659.52000000,10601.67583466
2018-05-07T00:00:00Z,658.27000000,663.40000000,583.50000000,631.00000000,21104.97500648
2018-05-08T00:00:00Z,631.47000000,649.69000000,605.04000000,628.86000000,8838.57531755
2018-05-09T00:00:00Z,630.57000000,640.17000000,599.00000000,633.35000000,8116.68751221
2018-05-10T00:00:00Z,634.91000000,645.88000000,606.64000000,608.86000000,6992.72810645
2018-05-11T00:00:00Z,608.04000000,618.54000000,555.06000000,565.00000000,23717.49068719
2018-05-12T00:00:00Z,566.71000000,579.98000000,533.97000000,572.46000000,14291.22738027
2018-05-13T00:00:00Z,574.67000000,619.98000000,561.00000000,611.64000000,9511.63059891
2018-05-14T00:00:00Z,609.64000000,639.63000000,572.02000000,608.68000000,21870.56994901
2018-05-15T00:00:00Z,609.44000000,620.36000000,587.59000000,596.52000000,10917.21569842
2018-05-16T00:00:00Z,597.94000000,603.94000000,572.01000000,598.99000000,8258.26582112
2018-05-17T00:00:00Z,598.99000000,607.90000000,562.00000000,567.12000000,6769.67884527
2018-05-18T00:00:00Z,566.83000000,589.70000000,556.11000000,588.88000000,6581.15763126
2018-05-19T00:00:00Z,589.70000000,609.63000000,579.98000000,592.34000000,3328.25992519
2018-05-20T00:00:00Z,590.52000000,614.42000000,583.22000000,607.00000000,3701.05878392
2018-05-21T00:00:00Z,607.60000000,613.58000000,583.12000000,590.05000000,4561.13426210
2018-05-22T00:00:00Z,591.71000000,593.13000000,539.86000000,544.17000000,8771.21389906
2018-05-23T00:00:00Z,544.23000000,550.84000000,482.20000000,493.52000000,19960.90292232
2018-05-24T00:00:00Z,494.23000000,522.00000000,466.07000000,512.60000000,16299.84955284
2018-05-25T00:00:00Z,515.25000000,527.08000000,487.76000000,501.91000000,8530.26805112
2018-05-26T00:00:00Z,502.32000000,520.00000000,496.60000000,501.66000000,2717.89562962
2018-05-27T00:00:00Z,502.52000000,506.77000000,476.83000000,488.83000000,5294.85601844
2018-05-28T00:00:00Z,487.35000000,491.01000000,436.10000000,439.91000000,13623.82678234
2018-05-29T00:00:00Z,441.58000000,496.95000000,440.04000000,491.20000000,13983.04935428
2018-05-30T00:00:00Z,491.47000000,506.29000000,465.36000000,478.70000000,10631.80819389
2018-05-31T00:00:00Z,478.28000000,502.02000000,475.10000000,494.24000000,14501.12956905
2018-06-01T00:00:00Z,494.23000000,504.96000000,483.18000000,496.49000000,8438.01403693
2018-06-02T00:00:00Z,496.44000000,513.91000000,492.12000000,507.00000000,3508.77525669
2018-06-03T00:00:00Z,506.54000000,537.93000000,505.04000000,530.21000000,7548.33101956
2018-06-04T00:00:00Z,531.21000000,535.62000000,495.63000000,506.56000000,9261.51100754
2018-06-05T00:00:00Z,505.00000000,523.20000000,493.00000000,519.59000000,6107.27389075
2018-06-06T00:00:00Z,519.54000000,521.00000000,504.10000000,515.42000000,4445.87304632
2018-06-07T00:00:00Z,514.20000000,522.00000000,507.00000000,511.92000000,4356.23987821
2018-06-08T00:00:00Z,512.06000000,515.44000000,504.39000000,509.57000000,3067.59572594
2018-06-09T00:00:00Z,509.92000000,517.69000000,503.75000000,505.25000000,1824.73524510
2018-06-10T00:00:00Z,503.75000000,503.75000000,428.05000000,447.80000000,10199.04568318
2018-06-11T00:00:00Z,447.85000000,455.96000000,433.03000000,452.38000000,6803.63991197
2018-06-12T00:00:00Z,452.42000000,457.53000000,414.00000000,421.12000000,7747.71398454
2018-06-13T00:00:00Z,420.95000000,426.92000000,382.59000000,404.18000000,13835.53543169
2018-06-14T00:00:00Z,404.34000000,455.00000000,396.00000000,448.50000000,16486.74716769
2018-06-15T00:00:00Z,450.00000000,451.16000000,416.45000000,420.76000000,7015.95728078
2018-06-16T00:00:00Z,420.82000000,434.06000000,417.60000000,429.06000000,3903.03777223
2018-06-17T00:00:00Z,428.56000000,437.89000000,425.43000000,428.36000000,2391.74935995
2018-06-18T00:00:00Z,428.26000000,451.75000000,421.80000000,444.60000000,5517.39244738
2018-06-19T00:00:00Z,445.18000000,473.14000000,442.33000000,465.69000000,6635.92437960
2018-06-20T00:00:00Z,464.90000000,468.33000000,446.23000000,463.24000000,5012.69136777
2018-06-21T00:00:00Z,463.40000000,470.95000000,449.11000000,452.57000000,3459.88887225
2018-06-22T00:00:00Z,452.80000000,452.80000000,386.14000000,397.15000000,12624.02036337
2018-06-23T00:00:00Z,398.24000000,414.31000000,391.78000000,408.45000000,2815.82755156
2018-06-24T00:00:00Z,407.68000000,407.68000000,359.82000000,390.78000000,11883.49615172
2018-06-25T00:00:00Z,388.92000000,405.85000000,383.00000000,391.80000000,7067.02536202
2018-06-26T00:00:00Z,392.26000000,394.19000000,368.21000000,369.64000000,5920.26748711
2018-06-27T00:00:00Z,369.08000000,385.72000000,362.00000000,382.24000000,6217.78980876
2018-06-28T00:00:00Z,383.08000000,383.30000000,360.75000000,364.70000000,5815.28346725
2018-06-29T00:00:00Z,363.22000000,377.73000000,347.98000000,371.09000000,8020.74305805
2018-06-30T00:00:00Z,372.74000000,394.27000000,372.48000000,389.46000000,4044.28372215
2018-07-01T00:00:00Z,389.19000000,390.05000000,380.30000000,387.70000000,2417.07675328
2018-07-02T00:00:00Z,387.12000000,414.74000000,380.00000000,408.31000000,9107.16518089
2018-07-03T00:00:00Z,409.08000000,418.20000000,393.97000000,396.64000000,6608.26876277
2018-07-04T00:00:00Z,396.62000000,414.22000000,387.06000000,400.32000000,5613.55280605
2018-07-05T00:00:00Z,399.03000000,409.00000000,392.27000000,400.34000000,5590.06550953
2018-07-06T00:00:00Z,399.99000000,404.73000000,385.67000000,399.80000000,4565.98129759
2018-07-07T00:00:00Z,400.15000000,420.57000000,391.02000000,412.88000000,2208.24322660
2018-07-08T00:00:00Z,414.15000000,420.99000000,410.65000000,414.38000000,4724.59097774
2018-07-09T00:00:00Z,413.69000000,415.13000000,399.19000000,401.10000000,5415.61914257
2018-07-10T00:00:00Z,400.00000000,402.60000000,365.00000000,368.95000000,8175.49073414
2018-07-11T00:00:00Z,369.94000000,381.87000000,361.91000000,380.83000000,4490.85973956
2018-07-12T00:00:00Z,380.82000000,380.82000000,358.68000000,369.00000000,5286.26255981
2018-07-13T00:00:00Z,369.37000000,380.00000000,364.22000000,371.34000000,4026.99393541
2018-07-14T00:00:00Z,370.94000000,377.23000000,367.55000000,371.88000000,1045.51169680
2018-07-15T00:00:00Z,371.48000000,388.55000000,369.52000000,385.40000000,1821.67196876
2018-07-16T00:00:00Z,385.57000000,409.80000000,380.21000000,408.08000000,5929.32856448
2018-07-17T00:00:00Z,407.91000000,438.99000000,398.00000000,427.67000000,9075.26375943
2018-07-18T00:00:00Z,427.68000000,441.42000000,402.89000000,410.81000000,5806.37719240
2018-07-19T00:00:00Z,410.95000000,417.83000000,398.01000000,402.66000000,5725.89767919
2018-07-20T00:00:00Z,401.00000000,403.49000000,376.92000000,381.89000000,4109.75432616
2018-07-21T00:00:00Z,381.73000000,400.37000000,377.15000000,393.89000000,1870.88531164
2018-07-22T00:00:00Z,393.31000000,401.84000000,387.35000000,389.95000000,1891.26463328
2018-07-23T00:00:00Z,389.92000000,400.37000000,382.06000000,384.95000000,3324.53269863
2018-07-24T00:00:00Z,384.94000000,413.70000000,383.60000000,410.04000000,7139.40628645
2018-07-25T00:00:00Z,410.30000000,414.50000000,397.70000000,402.03000000,3971.06706920
2018-07-26T00:00:00Z,401.15000000,412.99000000,394.83000000,397.60000000,3201.01290138
2018-07-27T00:00:00Z,397.20000000,406.25000000,391.24000000,402.64000000,3330.35720093
2018-07-28T00:00:00Z,403.10000000,404.28000000,396.00000000,401.00000000,666.46309469
2018-07-29T00:00:00Z,401.84000000,404.00000000,395.97000000,399.29000000,1308.84937992
2018-07-30T00:00:00Z,399.28000000,402.91000000,380.83000000,389.74000000,3687.62259435
2018-07-31T00:00:00Z,388.78000000,390.37000000,365.57000000,368.99000000,5242.37324066
2018-08-01T00:00:00Z,369.51000000,371.90000000,350.10000000,359.18000000,6097.11949986
2018-08-02T00:00:00Z,360.19000000,363.52000000,351.31000000,355.11000000,2710.43786252
2018-08-03T00:00:00Z,353.91000000,366.36000000,342.40000000,361.30000000,22530.96928577
2018-08-04T00:00:00Z,361.22000000,362.16000000,346.21000000,350.88000000,3277.56242584
2018-08-05T00:00:00Z,351.83000000,357.02000000,345.86000000,352.97000000,2186.48721586
2018-08-06T00:00:00Z,353.68000000,356.91000000,346.19000000,349.92000000,2637.39281506
2018-08-07T00:00:00Z,350.68000000,354.03000000,317.56000000,325.99000000,6269.95461706
2018-08-08T00:00:00Z,325.80000000,328.04000000,300.68000000,304.57000000,14019.52132830
2018-08-09T00:00:00Z,305.80000000,321.70000000,303.00000000,315.46000000,7265.34113549
2018-08-10T00:00:00Z,316.76000000,318.00000000,286.19000000,291.34000000,7248.23193436
2018-08-11T00:00:00Z,291.00000000,291.00000000,268.30000000,279.64000000,7395.24656344
2018-08-12T00:00:00Z,279.02000000,287.71000000,275.41000000,278.49000000,4968.80540090
2018-08-13T00:00:00Z,279.22000000,283.18000000,246.46000000,249.38000000,14104.84743425
2018-08-14T00:00:00Z,248.76000000,249.15000000,220.02000000,245.48000000,30767.52646888
2018-08-15T00:00:00Z,245.31000000,269.43000000,244.22000000,247.55000000,18933.95142875
2018-08-16T00:00:00Z,248.36000000,263.37000000,245.07000000,252.63000000,16209.18656018
2018-08-17T00:00:00Z,252.26000000,278.79000000,251.20000000,276.90000000,11018.96900086
2018-08-18T00:00:00Z,277.29000000,281.12000000,248.10000000,256.80000000,6227.72827893
2018-08-19T00:00:00Z,257.04000000,268.58000000,253.38000000,262.38000000,5756.59138759
2018-08-20T00:00:00Z,262.48000000,265.62000000,235.00000000,235.78000000,11676.44286546
2018-08-21T00:00:00Z,236.10000000,248.05000000,235.04000000,242.31000000,10159.14185038
2018-08-22T00:00:00Z,243.25000000,257.77000000,223.24000000,232.71000000,12935.67240214
2018-08-23T00:00:00Z,233.45000000,242.83000000,231.94000000,238.94000000,6604.58503975
2018-08-24T00:00:00Z,239.44000000,243.65000000,232.86000000,242.13000000,5383.76177051
2018-08-25T00:00:00Z,242.82000000,243.26000000,238.00000000,239.00000000,1526.56784041
2018-08-26T00:00:00Z,238.29000000,238.64000000,231.79000000,235.40000000,3180.23097558
2018-08-27T00:00:00Z,235.57000000,246.56000000,233.51000000,246.41000000,5955.18416958
2018-08-28T00:00:00Z,245.98000000,254.88000000,242.04000000,252.43000000,8049.87632066
2018-08-29T00:00:00Z,252.34000000,254.41000000,243.00000000,246.26000000,5958.80589811
2018-08-30T00:00:00Z,247.19000000,248.66000000,233.45000000,243.45000000,7228.49607532
2018-08-31T00:00:00Z,243.65000000,245.38000000,237.40000000,242.80000000,4703.12288208
2018-09-01T00:00:00Z,243.07000000,260.00000000,243.06000000,254.04000000,3699.31287237
2018-09-02T00:00:00Z,254.45000000,257.38000000,249.00000000,253.84000000,5002.62058150
2018-09-03T00:00:00Z,254.54000000,255.29000000,246.00000000,248.41000000,6506.85130804
2018-09-04T00:00:00Z,247.92000000,252.77000000,243.29000000,246.07000000,6374.08386146
2018-09-05T00:00:00Z,246.71000000,247.53000000,195.00000000,195.92000000,21865.50475745
2018-09-06T00:00:00Z,195.92000000,199.66000000,181.50000000,197.39000000,26868.70455445
2018-09-07T00:00:00Z,196.92000000,201.73000000,183.71000000,186.24000000,12801.39103852
2018-09-08T00:00:00Z,186.50000000,190.37000000,165.72000000,171.50000000,12843.32993883
2018-09-09T00:00:00Z,171.11000000,180.31000000,161.55000000,169.30000000,12440.60141601
2018-09-10T00:00:00Z,170.01000000,175.50000000,160.25000000,170.30000000,14404.85924858
2018-09-11T00:00:00Z,170.25000000,172.00000000,151.68000000,159.71000000,14099.59063457
2018-09-12T00:00:00Z,159.19000000,159.39000000,144.25000000,157.69000000,19981.32346700
2018-09-13T00:00:00Z,157.70000000,184.37000000,157.33000000,181.41000000,29079.51673034
2018-09-14T00:00:00Z,181.13000000,191.86000000,173.83000000,180.00000000,20387.28606780
2018-09-15T00:00:00Z,180.00000000,195.66000000,179.50000000,191.02000000,7374.57304057
2018-09-16T00:00:00Z,191.07000000,192.00000000,178.67000000,189.15000000,11241.56719344
2018-09-17T00:00:00Z,189.36000000,193.23000000,164.50000000,168.48000000,19184.19018028
2018-09-18T00:00:00Z,167.80000000,183.45000000,166.44000000,178.78000000,9750.49978678
2018-09-19T00:00:00Z,178.87000000,184.99000000,169.00000000,179.71000000,17464.61026383
2018-09-20T00:00:00Z,180.01000000,193.08000000,176.00000000,191.34000000,10368.36986614
2018-09-21T00:00:00Z,190.50000000,215.12000000,187.51000000,210.20000000,27069.29155529
2018-09-22T00:00:00Z,210.30000000,216.28000000,197.52000000,204.80000000,8374.13196111
2018-09-23T00:00:00Z,204.79000000,212.27000000,201.26000000,208.04000000,6278.12215513
2018-09-24T00:00:00Z,208.71000000,209.68000000,192.00000000,194.25000000,10049.15228637
2018-09-25T00:00:00Z,193.54000000,193.54000000,172.60000000,186.70000000,17998.11378042
2018-09-26T00:00:00Z,186.66000000,189.49000000,176.29000000,182.81000000,13273.88556342
2018-09-27T00:00:00Z,182.72000000,200.00000000,179.67000000,197.00000000,14161.00526721
2018-09-28T00:00:00Z,197.16000000,200.19000000,185.21000000,191.09000000,10868.63573496
2018-09-29T00:00:00Z,190.93000000,204.00000000,183.60000000,199.63000000,10590.07584551
2018-09-30T00:00:00Z,198.72000000,205.00000000,194.24000000,200.20000000,11326.89781930
2018-10-01T00:00:00Z,200.73000000,202.02000000,193.13000000,198.70000000,7937.78285680
2018-10-02T00:00:00Z,199.66000000,199.96000000,192.96000000,194.42000000,5172.76027856
2018-10-03T00:00:00Z,194.42000000,195.02000000,185.78000000,191.30000000,7732.32372148
2018-10-04T00:00:00Z,191.05000000,196.62000000,189.94000000,192.17000000,5322.99358423
2018-10-05T00:00:00Z,192.45000000,199.83000000,190.00000000,197.44000000,7498.79417228
2018-10-06T00:00:00Z,196.49000000,197.63000000,186.00000000,194.53000000,19831.31504068
2018-10-07T00:00:00Z,193.82000000,253.00000000,123.00000000,195.24000000,38545.69773999
2018-10-08T00:00:00Z,195.76000000,200.98000000,193.50000000,198.30000000,4603.10126100
2018-10-09T00:00:00Z,198.30000000,199.49000000,196.80000000,197.13000000,2691.30590016
2018-10-10T00:00:00Z,196.82000000,196.86000000,192.13000000,193.76000000,3966.86188456
2018-10-11T00:00:00Z,193.55000000,193.55000000,160.47000000,162.58000000,27256.70529768
2018-10-12T00:00:00Z,163.15000000,171.34000000,161.63000000,167.40000000,11153.11316634
2018-10-13T00:00:00Z,167.94000000,172.94000000,167.42000000,171.57000000,2821.29519029
2018-10-14T00:00:00Z,171.21000000,172.85000000,164.37000000,166.17000000,5384.48464741
2018-10-15T00:00:00Z,166.17000000,189.50000000,164.73000000,177.01000000,32137.97180896
2018-10-16T00:00:00Z,176.28000000,179.48000000,174.67000000,177.98000000,5949.11526444
2018-10-17T00:00:00Z,177.89000000,178.49000000,174.69000000,177.05000000,6463.03556509
2018-10-18T00:00:00Z,177.43000000,178.51000000,172.02000000,174.44000000,6304.94324460
2018-10-19T00:00:00Z,174.11000000,175.88000000,172.46000000,174.06000000,4354.52863436
2018-10-20T00:00:00Z,173.99000000,177.57000000,173.21000000,176.70000000,1876.02245034
2018-10-21T00:00:00Z,176.66000000,178.77000000,174.89000000,175.51000000,2426.82571894
2018-10-22T00:00:00Z,175.27000000,176.63000000,174.15000000,175.68000000,2915.68533328
2018-10-23T00:00:00Z,175.49000000,176.43000000,172.70000000,175.52000000,4002.24973662
2018-10-24T00:00:00Z,175.42000000,177.55000000,175.39000000,176.35000000,3693.99550235
2018-10-25T00:00:00Z,176.16000000,176.43000000,174.01000000,175.93000000,5214.28899869
2018-10-26T00:00:00Z,175.50000000,179.51000000,174.79000000,176.45000000,4991.60505833
2018-10-27T00:00:00Z,176.45000000,177.68000000,175.74000000,176.78000000,911.78764515
2018-10-28T00:00:00Z,176.90000000,178.15000000,176.28000000,177.82000000,2434.99035648
2018-10-29T00:00:00Z,178.01000000,178.02000000,168.25000000,170.90000000,7141.82209576
2018-10-30T00:00:00Z,171.24000000,173.41000000,170.58000000,172.30000000,2993.57019216
2018-10-31T00:00:00Z,172.07000000,176.22000000,169.58000000,173.70000000,6605.58822165
2018-11-01T00:00:00Z,173.75000000,174.17000000,171.81000000,173.76000000,3086.57189366
2018-11-02T00:00:00Z,173.43000000,176.67000000,172.87000000,175.28000000,2875.46250254
2018-11-03T00:00:00Z,175.36000000,175.62000000,174.00000000,174.85000000,1621.41411815
2018-11-04T00:00:00Z,174.68000000,190.65000000,174.00000000,184.63000000,11271.85094623
2018-11-05T00:00:00Z,184.62000000,185.56000000,180.01000000,182.02000000,4503.77857049
2018-11-06T00:00:00Z,182.87000000,191.98000000,181.81000000,191.48000000,9567.21524480
2018-11-07T00:00:00Z,191.80000000,194.60000000,187.53000000,189.48000000,11375.32164269
2018-11-08T00:00:00Z,189.67000000,190.89000000,184.26000000,184.92000000,5284.80912060
2018-11-09T00:00:00Z,185.37000000,187.94000000,181.92000000,183.62000000,3998.62594168
2018-11-10T00:00:00Z,183.68000000,188.33000000,183.30000000,185.95000000,2578.83304388
2018-11-11T00:00:00Z,185.86000000,186.56000000,181.08000000,185.33000000,4721.92226541
2018-11-12T00:00:00Z,185.56000000,187.42000000,184.68000000,186.61000000,2605.12638474
2018-11-13T00:00:00Z,186.38000000,186.42000000,180.00000000,180.19000000,5490.46244266
2018-11-14T00:00:00Z,180.32000000,182.06000000,145.67000000,157.83000000,36057.28156578
2018-11-15T00:00:00Z,157.82000000,160.25000000,146.59000000,157.20000000,19247.74566763
2018-11-16T00:00:00Z,157.73000000,158.72000000,147.83000000,150.75000000,6855.33150139
2018-11-17T00:00:00Z,150.51000000,152.32000000,149.44000000,151.05000000,3098.17097561
2018-11-18T00:00:00Z,151.02000000,157.00000000,150.80000000,153.96000000,4649.53560875
2018-11-19T00:00:00Z,153.98000000,154.01000000,124.56000000,126.91000000,36030.16968709
2018-11-20T00:00:00Z,126.91000000,130.60000000,105.00000000,112.31000000,57608.55979825
2018-11-21T00:00:00Z,112.38000000,120.55000000,107.45000000,118.54000000,26489.48647509
2018-11-22T00:00:00Z,118.43000000,119.97000000,107.01000000,108.02000000,14354.15617843
2018-11-23T00:00:00Z,108.24000000,110.07000000,102.12000000,107.38000000,28147.78930094
2018-11-24T00:00:00Z,107.32000000,111.11000000,94.58000000,98.04000000,19673.19305038
2018-11-25T00:00:00Z,97.77000000,105.21000000,86.23000000,100.81000000,45312.07116592
2018-11-26T00:00:00Z,100.87000000,103.19000000,90.50000000,94.42000000,34084.35733456
2018-11-27T00:00:00Z,94.50000000,98.49000000,88.00000000,96.17000000,18884.14046625
2018-11-28T00:00:00Z,96.27000000,110.84000000,96.27000000,107.19000000,45946.76824108
2018-11-29T00:00:00Z,107.39000000,108.50000000,99.34000000,102.37000000,32075.70956817
2018-11-30T00:00:00Z,102.42000000,104.67000000,97.00000000,98.96000000,13766.68910276
2018-12-01T00:00:00Z,98.92000000,106.44000000,97.28000000,103.57000000,9291.72386403
2018-12-02T00:00:00Z,103.59000000,105.43000000,100.90000000,101.29000000,4610.40493217
2018-12-03T00:00:00Z,101.34000000,101.55000000,92.50000000,94.66000000,15358.08229780
2018-12-04T00:00:00Z,94.73000000,98.64000000,92.00000000,96.04000000,12569.21021495
2018-12-05T00:00:00Z,95.78000000,96.19000000,88.54000000,88.83000000,18465.53769762
2018-12-06T00:00:00Z,88.90000000,90.96000000,78.35000000,78.79000000,31675.62441960
2018-12-07T00:00:00Z,79.21000000,188.83000000,71.62000000,81.69000000,75590.61791081
2018-12-08T00:00:00Z,81.41000000,85.77000000,73.70000000,78.95000000,18350.94986454
2018-12-09T00:00:00Z,79.34000000,86.49000000,77.61000000,81.55000000,14845.44632755
2018-12-10T00:00:00Z,81.63000000,83.00000000,77.16000000,79.00000000,12836.41133571
2018-12-11T00:00:00Z,78.85000000,80.09000000,75.19000000,76.87000000,12851.24799759
2018-12-12T00:00:00Z,76.73000000,80.22000000,76.17000000,78.15000000,8889.72101095
2018-12-13T00:00:00Z,78.27000000,80.07000000,73.57000000,74.95000000,14569.31071543
2018-12-14T00:00:00Z,75.23000000,75.96000000,71.98000000,73.51000000,9297.16083916
2018-12-15T00:00:00Z,73.31000000,74.55000000,71.53000000,73.76000000,6283.79488492
2018-12-16T00:00:00Z,73.78000000,76.81000000,73.70000000,74.19000000,4495.07565945
2018-12-17T00:00:00Z,74.22000000,85.41000000,73.94000000,83.03000000,27676.74505562
2018-12-18T00:00:00Z,83.00000000,89.36000000,80.56000000,88.93000000,15048.16670988
2018-12-19T00:00:00Z,88.93000000,94.86000000,86.51000000,87.46000000,33546.07106111
2018-12-20T00:00:00Z,87.30000000,102.51000000,86.80000000,100.54000000,25132.01479200
2018-12-21T00:00:00Z,99.80000000,103.73000000,92.59000000,95.17000000,18520.68748438
2018-12-22T00:00:00Z,95.10000000,102.73000000,93.10000000,102.50000000,7840.89543216
2018-12-23T00:00:00Z,102.50000000,118.20000000,102.50000000,114.38000000,18661.75053440
2018-12-24T00:00:00Z,114.15000000,139.48000000,114.06000000,122.34000000,40905.11573633
2018-12-25T00:00:00Z,122.06000000,123.10000000,107.89000000,113.50000000,18244.85991506
2018-12-26T00:00:00Z,112.47000000,120.63000000,108.96000000,115.26000000,10910.21399305
2018-12-27T00:00:00Z,115.24000000,115.85000000,99.00000000,100.23000000,17196.14307442
2018-12-28T00:00:00Z,100.51000000,121.52000000,98.96000000,120.68000000,28498.87126966
2018-12-29T00:00:00Z,120.44000000,128.88000000,115.50000000,117.90000000,19666.99243398
2018-12-30T00:00:00Z,118.30000000,123.45000000,113.37000000,121.54000000,8468.04477269
2018-12-31T00:00:00Z,122.22000000,122.35000000,112.43000000,115.23000000,15383.89757802
2019-01-01T00:00:00Z,115.19000000,123.30000000,113.96000000,122.09000000,6544.10295848
2019-01-02T00:00:00Z,122.25000000,138.00000000,121.29000000,135.70000000,19165.44234570
2019-01-03T00:00:00Z,135.37000000,136.19000000,126.93000000,129.67000000,16979.27321057
2019-01-04T00:00:00Z,129.67000000,137.08000000,127.67000000,135.15000000,22571.58579306
2019-01-05T00:00:00Z,135.30000000,141.10000000,134.55000000,135.70000000,11905.98004740
2019-01-06T00:00:00Z,135.49000000,140.01000000,130.61000000,137.14000000,12101.34940433
2019-01-07T00:00:00Z,137.10000000,138.00000000,129.64000000,131.53000000,17789.84670229
2019-01-08T00:00:00Z,131.40000000,133.91000000,128.20000000,130.37000000,13929.18970635
2019-01-09T00:00:00Z,130.33000000,134.45000000,128.48000000,129.32000000,9516.15611787
2019-01-10T00:00:00Z,129.94000000,131.46000000,106.80000000,110.01000000,43833.72552874
2019-01-11T00:00:00Z,110.00000000,112.25000000,106.28000000,110.05000000,15270.77134634
2019-01-12T00:00:00Z,109.93000000,111.44000000,108.11000000,109.21000000,2648.98447495
2019-01-13T00:00:00Z,109.06000000,109.67000000,99.36000000,101.04000000,10869.52702032
2019-01-14T00:00:00Z,101.12000000,114.93000000,101.00000000,111.87000000,25351.51306768
2019-01-15T00:00:00Z,112.70000000,114.20000000,103.00000000,105.50000000,15194.48963521
2019-01-16T00:00:00Z,105.47000000,112.52000000,104.75000000,107.20000000,15676.44779056
2019-01-17T00:00:00Z,107.29000000,109.17000000,103.09000000,107.74000000,15993.83705740
2019-01-18T00:00:00Z,107.45000000,107.84000000,104.05000000,105.56000000,6362.68778614
2019-01-19T00:00:00Z,105.67000000,112.00000000,105.43000000,108.47000000,7114.06878803
2019-01-20T00:00:00Z,108.43000000,108.92000000,101.86000000,103.40000000,8960.95348372
2019-01-21T00:00:00Z,103.62000000,104.21000000,100.11000000,102.28000000,7994.14005204
2019-01-22T00:00:00Z,102.19000000,105.53000000,98.00000000,103.89000000,9061.92436633
2019-01-23T00:00:00Z,104.14000000,104.80000000,101.07000000,102.13000000,6019.21877312
2019-01-24T00:00:00Z,102.59000000,103.80000000,100.32000000,103.00000000,4538.95098833
2019-01-25T00:00:00Z,103.25000000,103.43000000,100.50000000,101.24000000,8493.33718445
2019-01-26T00:00:00Z,101.18000000,103.01000000,100.95000000,101.29000000,2445.53976054
2019-01-27T00:00:00Z,101.22000000,101.42000000,96.68000000,98.00000000,5454.07230891
2019-01-28T00:00:00Z,97.98000000,98.37000000,88.50000000,92.24000000,14078.08558367
2019-01-29T00:00:00Z,92.44000000,93.00000000,89.34000000,91.26000000,16663.00807799
2019-01-30T00:00:00Z,91.06000000,96.13000000,90.37000000,94.00000000,18325.51737550
2019-01-31T00:00:00Z,94.00000000,96.01000000,91.38000000,92.21000000,9932.88898829
2019-02-01T00:00:00Z,92.61000000,93.90000000,90.17000000,92.41000000,8754.02533061
2019-02-02T00:00:00Z,92.59000000,96.15000000,91.79000000,95.46000000,5689.33808063
2019-02-03T00:00:00Z,95.66000000,96.05000000,91.37000000,92.83000000,7433.15152441
2019-02-04T00:00:00Z,92.79000000,94.22000000,91.91000000,92.99000000,7313.78171834
2019-02-05T00:00:00Z,92.89000000,93.52000000,92.16000000,93.23000000,4675.32310522
2019-02-06T00:00:00Z,93.21000000,93.22000000,87.74000000,91.26000000,11959.49132417
2019-02-07T00:00:00Z,91.19000000,92.67000000,90.48000000,90.92000000,3185.88402026
2019-02-08T00:00:00Z,91.04000000,108.00000000,90.20000000,104.13000000,22748.35297644
2019-02-09T00:00:00Z,104.35000000,106.07000000,103.06000000,104.32000000,5022.47979953
2019-02-10T00:00:00Z,104.51000000,110.27000000,101.40000000,109.60000000,8345.59032742
2019-02-11T00:00:00Z,109.58000000,109.64000000,104.60000000,106.28000000,9645.00530441
2019-02-12T00:00:00Z,106.04000000,107.94000000,103.75000000,106.90000000,8837.12031779
2019-02-13T00:00:00Z,106.95000000,110.51000000,106.03000000,107.48000000,7149.86020612
2019-02-14T00:00:00Z,107.22000000,109.39000000,105.50000000,105.90000000,5769.96957199
2019-02-15T00:00:00Z,105.82000000,109.45000000,105.72000000,106.98000000,7560.52813319
2019-02-16T00:00:00Z,107.00000000,109.65000000,106.98000000,108.16000000,3021.07694958
2019-02-17T00:00:00Z,107.94000000,118.92000000,107.78000000,117.64000000,13488.54118146
2019-02-18T00:00:00Z,117.25000000,130.72000000,116.30000000,127.85000000,24632.45300468
2019-02-19T00:00:00Z,127.80000000,132.00000000,125.16000000,126.31000000,12587.64048631
2019-02-20T00:00:00Z,126.57000000,131.00000000,123.40000000,130.36000000,11816.34556792
2019-02-21T00:00:00Z,129.86000000,131.71000000,124.74000000,127.34000000,9172.15621594
2019-02-22T00:00:00Z,127.16000000,130.29000000,125.31000000,129.50000000,6770.98112868
2019-02-23T00:00:00Z,129.50000000,140.89000000,128.03000000,138.84000000,17677.71524551
2019-02-24T00:00:00Z,139.28000000,146.22000000,116.20000000,116.37000000,31142.52655014
2019-02-25T00:00:00Z,116.51000000,124.39000000,116.22000000,121.03000000,17461.46086231
2019-02-26T00:00:00Z,121.01000000,121.54000000,117.27000000,119.53000000,8625.42150329
2019-02-27T00:00:00Z,118.89000000,122.80000000,110.59000000,117.99000000,15111.08945080
2019-02-28T00:00:00Z,118.16000000,122.38000000,116.04000000,118.51000000,16806.71986866
2019-03-01T00:00:00Z,118.63000000,121.00000000,117.86000000,118.24000000,4070.70361702
2019-03-02T00:00:00Z,118.72000000,119.23000000,113.92000000,116.53000000,7141.35950622
2019-03-03T00:00:00Z,116.70000000,118.50000000,112.03000000,114.10000000,5358.95715109
2019-03-04T00:00:00Z,114.48000000,114.58000000,108.24000000,110.48000000,8937.06018661
2019-03-05T00:00:00Z,110.43000000,121.94000000,110.33000000,120.49000000,11516.98981999
2019-03-06T00:00:00Z,120.70000000,124.38000000,118.19000000,121.21000000,10370.79792856
2019-03-07T00:00:00Z,121.39000000,123.55000000,118.90000000,121.28000000,9662.21815276
2019-03-08T00:00:00Z,121.83000000,123.62000000,115.21000000,118.21000000,11259.45701008
2019-03-09T00:00:00Z,118.12000000,123.00000000,117.88000000,121.43000000,4681.70893716
2019-03-10T00:00:00Z,121.28000000,121.84000000,118.00000000,119.91000000,3662.07057141
2019-03-11T00:00:00Z,119.98000000,120.58000000,116.10000000,117.16000000,3846.78791915
2019-03-12T00:00:00Z,117.75000000,119.31000000,113.54000000,117.80000000,10691.86155775
2019-03-13T00:00:00Z,117.64000000,117.68000000,115.22000000,115.95000000,4786.49705084
2019-03-14T00:00:00Z,115.95000000,119.69000000,114.10000000,116.40000000,7216.17898496
2019-03-15T00:00:00Z,116.35000000,120.85000000,116.35000000,119.90000000,8413.04909728
2019-03-16T00:00:00Z,119.90000000,126.42000000,119.90000000,123.98000000,8087.62723761
2019-03-17T00:00:00Z,123.26000000,123.32000000,120.51000000,122.10000000,3229.03696383
2019-03-18T00:00:00Z,121.93000000,124.90000000,119.50000000,121.05000000,6047.64530932
2019-03-19T00:00:00Z,121.08000000,122.45000000,120.03000000,121.46000000,3021.25789222
2019-03-20T00:00:00Z,121.75000000,122.25000000,119.55000000,121.60000000,8892.42320653
2019-03-21T00:00:00Z,121.33000000,122.05000000,116.16000000,118.26000000,8706.37686643
2019-03-22T00:00:00Z,118.16000000,121.45000000,118.09000000,120.24000000,3127.48237717
2019-03-23T00:00:00Z,120.31000000,121.77000000,119.81000000,120.69000000,4290.20775169
2019-03-24T00:00:00Z,120.68000000,120.90000000,118.85000000,120.08000000,2881.41653329
2019-03-25T00:00:00Z,119.83000000,120.68000000,115.53000000,117.82000000,7614.82675035
2019-03-26T00:00:00Z,117.79000000,118.99000000,116.48000000,118.40000000,3906.17136172
2019-03-27T00:00:00Z,118.12000000,124.36000000,118.12000000,123.54000000,6858.29423181
2019-03-28T00:00:00Z,123.49000000,123.49000000,121.74000000,122.42000000,4954.35468003
2019-03-29T00:00:00Z,122.42000000,127.66000000,122.01000000,127.34000000,5972.93389475
2019-03-30T00:00:00Z,127.34000000,129.94000000,124.67000000,126.84000000,7069.71510190
2019-03-31T00:00:00Z,126.50000000,126.54000000,124.97000000,126.09000000,2543.56185303
2019-04-01T00:00:00Z,125.84000000,127.38000000,123.24000000,125.91000000,7420.49196776
2019-04-02T00:00:00Z,126.17000000,149.49000000,125.84000000,146.70000000,35170.40790554
2019-04-03T00:00:00Z,147.35000000,160.52000000,135.00000000,143.60000000,51470.89851025
2019-04-04T00:00:00Z,143.10000000,146.58000000,136.80000000,140.39000000,14695.58806661
2019-04-05T00:00:00Z,141.12000000,150.00000000,139.27000000,147.91000000,8223.22012482
2019-04-06T00:00:00Z,147.57000000,154.09000000,142.47000000,147.23000000,8870.75376192
2019-04-07T00:00:00Z,147.43000000,157.50000000,146.45000000,155.98000000,7681.67086607
2019-04-08T00:00:00Z,155.85000000,166.89000000,155.33000000,160.37000000,18831.85799290
2019-04-09T00:00:00Z,159.88000000,160.05000000,155.20000000,156.07000000,5979.25105127
2019-04-10T00:00:00Z,156.42000000,164.56000000,150.58000000,157.49000000,13669.40442797
2019-04-11T00:00:00Z,157.32000000,157.62000000,142.34000000,146.84000000,16579.42824185
2019-04-12T00:00:00Z,146.58000000,148.37000000,141.41000000,145.45000000,6566.00844002
2019-04-13T00:00:00Z,145.45000000,147.19000000,143.56000000,145.75000000,2318.99073452
2019-04-14T00:00:00Z,145.44000000,150.10000000,143.58000000,148.66000000,2040.96714327
2019-04-15T00:00:00Z,149.27000000,150.14000000,138.31000000,141.84000000,6519.27881277
2019-04-16T00:00:00Z,141.80000000,148.51000000,141.21000000,147.50000000,5222.26716991
2019-04-17T00:00:00Z,147.51000000,149.26000000,145.86000000,147.36000000,3457.34227788
2019-04-18T00:00:00Z,147.61000000,156.99000000,146.91000000,154.21000000,8058.65477959
2019-04-19T00:00:00Z,154.37000000,155.41000000,150.43000000,154.87000000,4095.37780976
2019-04-20T00:00:00Z,155.06000000,158.00000000,152.17000000,154.50000000,2595.89245999
2019-04-21T00:00:00Z,154.41000000,155.13000000,148.33000000,151.63000000,3636.34806711
2019-04-22T00:00:00Z,151.82000000,154.28000000,150.00000000,152.25000000,3020.76333528
2019-04-23T00:00:00Z,152.30000000,157.20000000,150.79000000,151.89000000,5997.97497646
2019-04-24T00:00:00Z,151.71000000,152.59000000,143.80000000,148.59000000,9846.10338050
2019-04-25T00:00:00Z,148.90000000,149.23000000,131.97000000,136.73000000,9518.24619363
2019-04-26T00:00:00Z,136.59000000,140.14000000,133.24000000,137.62000000,11746.12351650
2019-04-27T00:00:00Z,137.75000000,142.47000000,136.86000000,140.05000000,6049.06383868
2019-04-28T00:00:00Z,140.37000000,140.97000000,136.77000000,137.56000000,5607.15169156
2019-04-29T00:00:00Z,137.49000000,138.73000000,133.00000000,136.32000000,5566.45527898
2019-04-30T00:00:00Z,136.37000000,143.74000000,136.37000000,142.87000000,8592.69562839
2019-05-01T00:00:00Z,142.87000000,145.38000000,139.95000000,141.22000000,2475.12630501
2019-05-02T00:00:00Z,141.67000000,143.62000000,139.29000000,142.44000000,4446.99892140
2019-05-03T00:00:00Z,141.83000000,151.70000000,141.12000000,147.42000000,9880.09690757
2019-05-04T00:00:00Z,147.65000000,150.66000000,141.12000000,144.46000000,6191.82433394
2019-05-05T00:00:00Z,144.77000000,146.43000000,140.42000000,144.35000000,2785.81874413
2019-05-06T00:00:00Z,144.29000000,156.97000000,140.94000000,153.06000000,11230.85055711
2019-05-07T00:00:00Z,153.33000000,161.11000000,147.35000000,148.38000000,14379.40378396
2019-05-08T00:00:00Z,148.42000000,153.22000000,145.10000000,151.23000000,7773.80477139
2019-05-09T00:00:00Z,151.01000000,154.82000000,147.15000000,151.56000000,6782.43528374
2019-05-10T00:00:00Z,151.90000000,156.95000000,149.51000000,153.60000000,8731.26368539
2019-05-11T00:00:00Z,154.18000000,182.00000000,154.11000000,170.15000000,38139.32420663
2019-05-12T00:00:00Z,169.41000000,181.93000000,162.49000000,167.19000000,27961.21192118
2019-05-13T00:00:00Z,167.13000000,186.50000000,165.53000000,174.45000000,30163.60256139
2019-05-14T00:00:00Z,174.34000000,197.03000000,173.93000000,194.50000000,34639.15029420
2019-05-15T00:00:00Z,194.15000000,223.83000000,194.00000000,222.60000000,36952.22961163
2019-05-16T00:00:00Z,222.28000000,250.00000000,216.91000000,237.10000000,53589.22089412
2019-05-17T00:00:00Z,237.16000000,241.00000000,199.57000000,219.00000000,49348.45934003
2019-05-18T00:00:00Z,219.26000000,222.27000000,208.00000000,211.05000000,8777.00756108
2019-05-19T00:00:00Z,210.01000000,237.00000000,209.82000000,233.97000000,16415.57648193
2019-05-20T00:00:00Z,233.64000000,233.92000000,214.18000000,226.80000000,11543.69545688
2019-05-21T00:00:00Z,226.64000000,237.27000000,222.20000000,230.63000000,9911.56298990
2019-05-22T00:00:00Z,230.32000000,234.52000000,215.50000000,219.48000000,9651.58384724
2019-05-23T00:00:00Z,218.05000000,222.39000000,208.00000000,219.98000000,12097.28875682
2019-05-24T00:00:00Z,219.70000000,228.97000000,216.83000000,222.88000000,5871.90569577
2019-05-25T00:00:00Z,223.11000000,231.21000000,222.00000000,225.48000000,3667.31035899
2019-05-26T00:00:00Z,225.27000000,241.98000000,220.23000000,239.77000000,9781.50070904
2019-05-27T00:00:00Z,239.97000000,249.87000000,236.63000000,242.86000000,11293.54154894
2019-05-28T00:00:00Z,242.63000000,247.99000000,237.00000000,243.65000000,6332.26841911
2019-05-29T00:00:00Z,242.51000000,246.49000000,232.30000000,241.65000000,6564.46846172
2019-05-30T00:00:00Z,242.20000000,259.51000000,215.00000000,228.89000000,30428.08009747
2019-05-31T00:00:00Z,228.72000000,240.91000000,221.00000000,240.16000000,12158.36571590
2019-06-01T00:00:00Z,240.50000000,246.82000000,234.31000000,237.31000000,5321.76800712
2019-06-02T00:00:00Z,236.78000000,245.00000000,236.78000000,241.37000000,4310.88643964
2019-06-03T00:00:00Z,240.22000000,241.52000000,219.78000000,221.79000000,10840.55630374
2019-06-04T00:00:00Z,221.30000000,224.00000000,207.12000000,213.85000000,21029.83164542
2019-06-05T00:00:00Z,214.44000000,222.00000000,211.57000000,219.38000000,5979.41496683
2019-06-06T00:00:00Z,218.74000000,222.79000000,208.91000000,221.21000000,6261.72265802
2019-06-07T00:00:00Z,221.35000000,224.44000000,217.35000000,220.55000000,14925.42510940
2019-06-08T00:00:00Z,220.55000000,221.51000000,213.49000000,216.91000000,2485.13144199
2019-06-09T00:00:00Z,216.49000000,216.82000000,201.38000000,206.06000000,5062.76467319
2019-06-10T00:00:00Z,204.93000000,219.50000000,201.83000000,219.50000000,6909.18370681
2019-06-11T00:00:00Z,219.50000000,220.13000000,209.80000000,216.26000000,7478.07528387
2019-06-12T00:00:00Z,216.53000000,233.48000000,214.97000000,232.79000000,9692.55193618
2019-06-13T00:00:00Z,233.23000000,234.12000000,225.58000000,225.83000000,10228.20757417
2019-06-14T00:00:00Z,226.91000000,237.72000000,224.07000000,235.21000000,5783.00147885
2019-06-15T00:00:00Z,235.40000000,243.63000000,233.50000000,240.06000000,4508.09630549
2019-06-16T00:00:00Z,239.87000000,248.96000000,234.05000000,239.61000000,8820.97342905
2019-06-17T00:00:00Z,240.00000000,245.55000000,238.73000000,244.22000000,7122.18937935
2019-06-18T00:00:00Z,244.18000000,244.18000000,233.02000000,236.35000000,5400.41113541
2019-06-19T00:00:00Z,236.67000000,241.34000000,236.26000000,239.56000000,3384.63538334
2019-06-20T00:00:00Z,239.77000000,243.60000000,236.21000000,241.38000000,6478.05468298
2019-06-21T00:00:00Z,240.95000000,261.20000000,240.95000000,260.69000000,13374.78507899
2019-06-22T00:00:00Z,260.69000000,277.80000000,258.33000000,271.67000000,15587.13068635
2019-06-23T00:00:00Z,273.00000000,280.36000000,266.78000000,269.16000000,8904.66732270
2019-06-24T00:00:00Z,268.87000000,275.98000000,259.58000000,272.42000000,7110.17166947
2019-06-25T00:00:00Z,273.63000000,279.15000000,268.30000000,277.75000000,7454.57013182
2019-06-26T00:00:00Z,278.69000000,319.97000000,275.71000000,294.14000000,46793.17259073
2019-06-27T00:00:00Z,294.05000000,301.64000000,240.17000000,256.79000000,30021.15934437
2019-06-28T00:00:00Z,258.23000000,274.52000000,254.20000000,272.46000000,11373.62702429
2019-06-29T00:00:00Z,271.28000000,283.73000000,256.04000000,279.48000000,7114.02238116
2019-06-30T00:00:00Z,279.57000000,283.49000000,251.21000000,253.47000000,8995.81863381
2019-07-01T00:00:00Z,255.33000000,263.97000000,246.04000000,259.99000000,11581.57978692
2019-07-02T00:00:00Z,259.29000000,261.94000000,239.54000000,257.46000000,11153.60204052
2019-07-03T00:00:00Z,258.66000000,268.77000000,256.71000000,267.46000000,12864.83077228
2019-07-04T00:00:00Z,268.12000000,269.55000000,248.30000000,251.00000000,6107.62358387
2019-07-05T00:00:00Z,249.84000000,262.42000000,248.36000000,255.93000000,5722.13135591
2019-07-06T00:00:00Z,256.03000000,265.31000000,254.23000000,256.40000000,2716.76473164
2019-07-07T00:00:00Z,256.09000000,277.00000000,253.00000000,272.77000000,4979.45951065
2019-07-08T00:00:00Z,273.06000000,281.00000000,268.99000000,279.10000000,4921.58831630
2019-07-09T00:00:00Z,279.21000000,284.00000000,270.73000000,274.69000000,7806.10118741
2019-07-10T00:00:00Z,274.70000000,280.92000000,250.40000000,256.88000000,12920.69048416
2019-07-11T00:00:00Z,256.85000000,256.85000000,232.84000000,239.43000000,12978.65905924
2019-07-12T00:00:00Z,239.34000000,248.64000000,236.91000000,244.35000000,4687.22357281
2019-07-13T00:00:00Z,244.98000000,245.15000000,232.64000000,239.98000000,2992.43401199
2019-07-14T00:00:00Z,239.61000000,239.73000000,198.46000000,200.65000000,17510.96223362
2019-07-15T00:00:00Z,201.38000000,209.68000000,181.16000000,203.39000000,16026.20858324
2019-07-16T00:00:00Z,203.38000000,208.09000000,169.79000000,177.73000000,18809.88050275
2019-07-17T00:00:00Z,177.57000000,196.63000000,170.93000000,188.68000000,18592.94264314
2019-07-18T00:00:00Z,188.04000000,204.00000000,184.08000000,200.99000000,12890.98039215
2019-07-19T00:00:00Z,200.89000000,201.53000000,190.30000000,197.52000000,6892.10701408
2019-07-20T00:00:00Z,198.45000000,210.48000000,196.67000000,204.59000000,5540.14925115
2019-07-21T00:00:00Z,203.94000000,205.32000000,194.00000000,201.17000000,4735.08906896
2019-07-22T00:00:00Z,201.39000000,203.81000000,188.64000000,193.46000000,9055.23953829
2019-07-23T00:00:00Z,193.64000000,196.87000000,186.51000000,190.15000000,6156.95976505
2019-07-24T00:00:00Z,189.57000000,196.00000000,180.00000000,194.94000000,8722.61332432
2019-07-25T00:00:00Z,193.83000000,202.57000000,193.47000000,196.18000000,6541.08295528
2019-07-26T00:00:00Z,196.35000000,198.42000000,190.86000000,197.38000000,5327.71376872
2019-07-27T00:00:00Z,196.87000000,201.40000000,181.96000000,186.37000000,8597.68147961
2019-07-28T00:00:00Z,186.69000000,192.03000000,177.73000000,190.03000000,4942.03212166
2019-07-29T00:00:00Z,190.46000000,193.52000000,185.00000000,189.27000000,5731.21761939
2019-07-30T00:00:00Z,189.37000000,192.51000000,183.50000000,188.22000000,4529.60668219
2019-07-31T00:00:00Z,187.91000000,197.66000000,187.91000000,197.66000000,4621.04718438
2019-08-01T00:00:00Z,197.45000000,198.16000000,190.48000000,196.31000000,4157.76329245
2019-08-02T00:00:00Z,196.30000000,201.05000000,193.45000000,196.01000000,4251.54087822
2019-08-03T00:00:00Z,196.01000000,202.00000000,194.70000000,199.70000000,3101.57599914
2019-08-04T00:00:00Z,200.29000000,201.47000000,195.84000000,200.95000000,3896.23624527
2019-08-05T00:00:00Z,201.02000000,212.00000000,201.01000000,207.17000000,8074.22221017
2019-08-06T00:00:00Z,207.05000000,213.81000000,198.65000000,201.67000000,9984.58584821
2019-08-07T00:00:00Z,201.62000000,206.11000000,196.30000000,202.36000000,7156.72480318
2019-08-08T00:00:00Z,201.81000000,202.27000000,191.63000000,197.54000000,5447.19173024
2019-08-09T00:00:00Z,197.85000000,197.85000000,184.57000000,187.56000000,8381.90649831
2019-08-10T00:00:00Z,187.56000000,191.76000000,179.40000000,183.74000000,7032.33899056
2019-08-11T00:00:00Z,184.02000000,193.65000000,184.01000000,193.07000000,9333.34695150
2019-08-12T00:00:00Z,192.91000000,192.91000000,187.29000000,188.57000000,3560.12817194
2019-08-13T00:00:00Z,188.07000000,188.44000000,181.27000000,186.33000000,5071.08767631
2019-08-14T00:00:00Z,186.33000000,186.96000000,162.81000000,167.13000000,16116.32323442
2019-08-15T00:00:00Z,167.37000000,173.56000000,155.80000000,169.28000000,16298.45835632
2019-08-16T00:00:00Z,168.94000000,169.40000000,160.63000000,167.11000000,14421.45652021
2019-08-17T00:00:00Z,167.10000000,168.37000000,164.17000000,167.24000000,3108.01807034
2019-08-18T00:00:00Z,167.66000000,178.79000000,165.84000000,175.32000000,4828.22008678
2019-08-19T00:00:00Z,175.66000000,183.86000000,174.04000000,182.78000000,6309.30888705
2019-08-20T00:00:00Z,182.73000000,183.27000000,175.60000000,176.67000000,3823.33673643
2019-08-21T00:00:00Z,177.13000000,177.31000000,162.37000000,168.60000000,7445.85436948
2019-08-22T00:00:00Z,169.11000000,176.08000000,165.00000000,171.88000000,8704.76341886
2019-08-23T00:00:00Z,171.53000000,178.00000000,170.33000000,174.83000000,4919.65881988
2019-08-24T00:00:00Z,174.73000000,174.73000000,167.38000000,171.60000000,3281.11515389
2019-08-25T00:00:00Z,171.72000000,173.34000000,164.50000000,167.68000000,3442.99690380
2019-08-26T00:00:00Z,168.00000000,174.44000000,167.57000000,170.35000000,6775.87166525
2019-08-27T00:00:00Z,169.57000000,170.56000000,166.13000000,168.91000000,3745.52848064
2019-08-28T00:00:00Z,168.64000000,169.92000000,149.61000000,156.11000000,10583.08505118
2019-08-29T00:00:00Z,155.90000000,156.63000000,148.00000000,152.50000000,8281.91831908
2019-08-30T00:00:00Z,153.24000000,154.92000000,149.96000000,153.54000000,4697.81274501
2019-08-31T00:00:00Z,153.42000000,159.68000000,151.07000000,156.89000000,2880.26601824
2019-09-01T00:00:00Z,156.70000000,158.33000000,153.22000000,155.80000000,2948.04644172
2019-09-02T00:00:00Z,155.99000000,165.76000000,155.31000000,163.18000000,8289.49466939
2019-09-03T00:00:00Z,162.94000000,167.08000000,159.33000000,163.01000000,11162.85544331
2019-09-04T00:00:00Z,162.91000000,163.93000000,157.02000000,158.15000000,6285.09810702
2019-09-05T00:00:00Z,157.85000000,159.38000000,153.50000000,157.74000000,6217.98608432
2019-09-06T00:00:00Z,157.58000000,161.99000000,149.16000000,153.27000000,7662.91653371
2019-09-07T00:00:00Z,153.50000000,164.25000000,152.99000000,161.56000000,5308.76531943
2019-09-08T00:00:00Z,161.89000000,167.59000000,160.00000000,164.63000000,6492.75954634
2019-09-09T00:00:00Z,165.00000000,168.89000000,158.70000000,163.84000000,5647.16229651
2019-09-10T00:00:00Z,164.30000000,167.18000000,159.82000000,163.08000000,4715.13845288
2019-09-11T00:00:00Z,162.73000000,165.51000000,158.20000000,161.92000000,6187.64023003
2019-09-12T00:00:00Z,162.18000000,165.39000000,160.21000000,163.93000000,3957.23841376
2019-09-13T00:00:00Z,164.14000000,164.14000000,160.44000000,163.64000000,3085.42473285
2019-09-14T00:00:00Z,164.01000000,170.85000000,162.80000000,170.31000000,4977.54932069
2019-09-15T00:00:00Z,170.95000000,172.50000000,168.12000000,171.13000000,3491.00855594
2019-09-16T00:00:00Z,171.15000000,181.76000000,171.10000000,179.65000000,9850.65208246
2019-09-17T00:00:00Z,179.54000000,194.31000000,178.04000000,187.68000000,20870.49527507
2019-09-18T00:00:00Z,188.42000000,196.89000000,188.42000000,190.69000000,8977.55904822
2019-09-19T00:00:00Z,190.00000000,203.19000000,183.15000000,200.00000000,16355.49645101
2019-09-20T00:00:00Z,200.35000000,200.35000000,192.45000000,197.82000000,8693.87972333
2019-09-21T00:00:00Z,198.60000000,200.88000000,193.73000000,196.00000000,5519.55467333
2019-09-22T00:00:00Z,195.61000000,195.61000000,187.18000000,191.69000000,5625.05944164
2019-09-23T00:00:00Z,192.02000000,192.51000000,180.47000000,183.11000000,7109.07375651
2019-09-24T00:00:00Z,182.00000000,184.38000000,138.00000000,151.20000000,47359.54570418
2019-09-25T00:00:00Z,151.70000000,159.71000000,147.47000000,155.41000000,24519.09489347
2019-09-26T00:00:00Z,155.65000000,156.51000000,139.22000000,151.89000000,24775.37621462
2019-09-27T00:00:00Z,151.87000000,162.24000000,147.22000000,159.24000000,12365.47367938
2019-09-28T00:00:00Z,160.24000000,160.76000000,153.74000000,158.78000000,7632.08892578
2019-09-29T00:00:00Z,159.30000000,159.78000000,150.23000000,155.00000000,6337.67954104
2019-09-30T00:00:00Z,155.18000000,166.79000000,151.18000000,166.41000000,14369.03426300
2019-10-01T00:00:00Z,166.86000000,170.63000000,159.00000000,161.26000000,9186.99983804
2019-10-02T00:00:00Z,161.57000000,165.84000000,159.28000000,165.24000000,5702.11528523
2019-10-03T00:00:00Z,165.43000000,165.44000000,154.37000000,160.21000000,7321.26330587
2019-10-04T00:00:00Z,159.72000000,163.34000000,155.99000000,160.98000000,4807.98322516
2019-10-05T00:00:00Z,160.22000000,161.55000000,157.20000000,160.82000000,2701.92541648
2019-10-06T00:00:00Z,161.58000000,161.58000000,152.90000000,155.03000000,6760.92325139
2019-10-07T00:00:00Z,155.07000000,166.52000000,153.88000000,164.46000000,8005.51079163
2019-10-08T00:00:00Z,165.34000000,168.81000000,162.05000000,165.20000000,4921.50766644
2019-10-09T00:00:00Z,165.24000000,178.70000000,163.93000000,176.78000000,12972.09060125
2019-10-10T00:00:00Z,176.75000000,177.33000000,170.06000000,173.99000000,7358.46615500
2019-10-11T00:00:00Z,174.25000000,179.44000000,162.95000000,163.88000000,12853.10788158
2019-10-12T00:00:00Z,163.81000000,167.56000000,160.81000000,163.65000000,4368.73277671
2019-10-13T00:00:00Z,162.05000000,167.60000000,161.98000000,164.91000000,2374.86584781
2019-10-14T00:00:00Z,164.36000000,170.53000000,163.88000000,169.19000000,4596.32947609
2019-10-15T00:00:00Z,169.73000000,171.11000000,160.72000000,163.89000000,10579.16283773
2019-10-16T00:00:00Z,163.53000000,164.36000000,155.10000000,158.24000000,7351.63056410
2019-10-17T00:00:00Z,157.88000000,160.99000000,156.10000000,159.76000000,4170.24674929
2019-10-18T00:00:00Z,159.62000000,159.62000000,151.14000000,155.11000000,7118.45970616
2019-10-19T00:00:00Z,155.27000000,157.02000000,152.61000000,154.16000000,5373.63298138
2019-10-20T00:00:00Z,154.16000000,158.39000000,152.00000000,157.40000000,3910.51025491
2019-10-21T00:00:00Z,157.40000000,159.54000000,154.30000000,156.34000000,6245.02904061
2019-10-22T00:00:00Z,156.25000000,157.57000000,153.44000000,154.33000000,4302.39086759
2019-10-23T00:00:00Z,153.96000000,154.29000000,138.19000000,145.86000000,21978.48454123
2019-10-24T00:00:00Z,145.76000000,147.56000000,142.64000000,144.80000000,10086.32315631
2019-10-25T00:00:00Z,144.86000000,169.65000000,144.74000000,163.63000000,18893.59962744
2019-10-26T00:00:00Z,164.05000000,179.92000000,156.26000000,161.98000000,27208.35147816
2019-10-27T00:00:00Z,162.50000000,170.19000000,159.10000000,165.75000000,11219.26411133
2019-10-28T00:00:00Z,165.47000000,171.01000000,163.14000000,164.05000000,9769.37676676
2019-10-29T00:00:00Z,164.26000000,173.94000000,164.26000000,172.02000000,10874.38033619
2019-10-30T00:00:00Z,172.19000000,173.08000000,162.00000000,164.51000000,8980.71759850
2019-10-31T00:00:00Z,164.69000000,166.34000000,159.39000000,163.68000000,5555.37044040
2019-11-01T00:00:00Z,163.18000000,165.48000000,158.68000000,164.31000000,4272.09517677
2019-11-02T00:00:00Z,164.56000000,166.55000000,162.94000000,164.07000000,2241.45725029
2019-11-03T00:00:00Z,163.96000000,165.66000000,160.56000000,162.69000000,1419.30295791
2019-11-04T00:00:00Z,162.69000000,170.33000000,161.67000000,167.36000000,6357.42486676
2019-11-05T00:00:00Z,167.27000000,173.81000000,164.09000000,170.66000000,8838.41556233
2019-11-06T00:00:00Z,170.52000000,175.79000000,169.67000000,173.18000000,4767.50200456
2019-11-07T00:00:00Z,172.89000000,173.73000000,166.60000000,168.63000000,4879.09824605
2019-11-08T00:00:00Z,169.00000000,169.94000000,163.90000000,166.52000000,5819.10626015
2019-11-09T00:00:00Z,166.84000000,168.60000000,165.84000000,168.12000000,2468.68139827
2019-11-10T00:00:00Z,167.60000000,174.00000000,166.61000000,171.30000000,7981.95993753
2019-11-11T00:00:00Z,171.62000000,172.57000000,166.65000000,167.59000000,3885.20858147
2019-11-12T00:00:00Z,167.55000000,170.38000000,165.50000000,169.66000000,4449.01512417
2019-11-13T00:00:00Z,169.67000000,172.28000000,168.05000000,170.64000000,3494.00278564
2019-11-14T00:00:00Z,170.92000000,170.92000000,166.10000000,167.62000000,3744.26966639
2019-11-15T00:00:00Z,167.90000000,169.44000000,160.52000000,162.48000000,6863.79636061
2019-11-16T00:00:00Z,163.03000000,166.00000000,162.34000000,165.10000000,2764.57928159
2019-11-17T00:00:00Z,165.24000000,168.74000000,163.10000000,166.49000000,3373.58199566
2019-11-18T00:00:00Z,165.93000000,166.47000000,157.26000000,160.95000000,5669.31762008
2019-11-19T00:00:00Z,160.62000000,160.80000000,155.84000000,158.75000000,6175.53090464
2019-11-20T00:00:00Z,158.20000000,160.29000000,156.48000000,157.64000000,3313.11647175
2019-11-21T00:00:00Z,157.53000000,158.40000000,140.90000000,145.41000000,16421.62196973
2019-11-22T00:00:00Z,145.39000000,147.15000000,125.11000000,136.36000000,27675.58643155
2019-11-23T00:00:00Z,136.43000000,140.45000000,132.92000000,138.16000000,6693.08338185
2019-11-24T00:00:00Z,138.38000000,138.91000000,126.40000000,127.17000000,10820.79280864
2019-11-25T00:00:00Z,127.20000000,138.06000000,119.69000000,132.76000000,26323.03513192
2019-11-26T00:00:00Z,133.27000000,136.26000000,130.54000000,134.55000000,7040.48887408
2019-11-27T00:00:00Z,134.28000000,141.50000000,128.08000000,139.14000000,12302.22866579
2019-11-28T00:00:00Z,139.61000000,140.87000000,135.87000000,137.48000000,6533.05854470
2019-11-29T00:00:00Z,136.96000000,143.26000000,136.96000000,140.39000000,6053.78247372
2019-11-30T00:00:00Z,140.37000000,141.24000000,136.41000000,138.00000000,2935.53392803
2019-12-01T00:00:00Z,137.70000000,138.43000000,132.54000000,137.25000000,3403.07647334
2019-12-02T00:00:00Z,137.11000000,137.74000000,132.70000000,134.56000000,4545.43118231
2019-12-03T00:00:00Z,134.54000000,135.46000000,131.52000000,133.00000000,5207.97471217
2019-12-04T00:00:00Z,132.97000000,137.70000000,129.26000000,131.39000000,9668.35639636
2019-12-05T00:00:00Z,131.09000000,134.30000000,129.71000000,133.16000000,4493.93463255
2019-12-06T00:00:00Z,133.55000000,135.67000000,131.45000000,134.50000000,8033.12611657
2019-12-07T00:00:00Z,134.91000000,135.28000000,133.10000000,133.40000000,1855.51956443
2019-12-08T00:00:00Z,133.00000000,137.49000000,132.46000000,136.26000000,2622.17133544
2019-12-09T00:00:00Z,136.27000000,136.78000000,132.57000000,133.27000000,5250.82555032
2019-12-10T00:00:00Z,133.33000000,134.07000000,129.64000000,131.36000000,8953.22066853
2019-12-11T00:00:00Z,131.44000000,131.99000000,127.86000000,128.69000000,4203.85285839
2019-12-12T00:00:00Z,128.70000000,131.12000000,125.10000000,129.43000000,4726.54670908
2019-12-13T00:00:00Z,129.82000000,130.55000000,127.88000000,130.19000000,3624.40527019
2019-12-14T00:00:00Z,130.19000000,130.40000000,126.92000000,127.48000000,3943.06214895
2019-12-15T00:00:00Z,127.45000000,129.62000000,125.88000000,128.04000000,2642.38722500
2019-12-16T00:00:00Z,128.05000000,128.05000000,116.00000000,119.16000000,13276.88574822
2019-12-17T00:00:00Z,118.90000000,119.30000000,107.12000000,109.38000000,15236.07497863
2019-12-18T00:00:00Z,109.54000000,121.34000000,104.66000000,119.43000000,14205.97423243
2019-12-19T00:00:00Z,119.92000000,120.69000000,112.85000000,115.04000000,6988.15183452
2019-12-20T00:00:00Z,115.51000000,116.77000000,113.27000000,116.04000000,4679.31537840
2019-12-21T00:00:00Z,116.00000000,116.00000000,114.50000000,115.09000000,3430.78989952
2019-12-22T00:00:00Z,115.07000000,120.39000000,114.66000000,119.31000000,4698.06532453
2019-12-23T00:00:00Z,119.75000000,122.00000000,114.00000000,115.34000000,8323.49079281
2019-12-24T00:00:00Z,115.48000000,117.00000000,114.49000000,115.31000000,3667.05242110
2019-12-25T00:00:00Z,115.15000000,115.28000000,111.17000000,112.81000000,5692.07779685
2019-12-26T00:00:00Z,112.75000000,119.19000000,111.64000000,113.14000000,6022.38781844
2019-12-27T00:00:00Z,112.90000000,113.81000000,109.70000000,112.91000000,8617.98498389
2019-12-28T00:00:00Z,112.89000000,115.90000000,112.75000000,114.50000000,2453.06633554
2019-12-29T00:00:00Z,114.32000000,123.22000000,114.00000000,120.19000000,7772.56186469
2019-12-30T00:00:00Z,119.90000000,121.28000000,116.11000000,117.29000000,7158.87377902
2019-12-31T00:00:00Z,116.90000000,119.00000000,114.10000000,115.19000000,6027.80170054
2020-01-01T00:00:00Z,114.74000000,118.53000000,114.64000000,116.31000000,5990.21491469
2020-01-02T00:00:00Z,116.02000000,116.28000000,112.75000000,113.41000000,4972.59379158
2020-01-03T00:00:00Z,113.25000000,120.81000000,112.49000000,120.00000000,6941.17566813
2020-01-04T00:00:00Z,120.45000000,121.79000000,118.69000000,120.11000000,2661.97391671
2020-01-05T00:00:00Z,120.49000000,124.00000000,120.24000000,120.82000000,3975.80947219
2020-01-06T00:00:00Z,121.25000000,129.16000000,120.76000000,129.10000000,12440.20068417
2020-01-07T00:00:00Z,129.00000000,130.27000000,124.72000000,128.43000000,10635.14024214
2020-01-08T00:00:00Z,128.39000000,132.63000000,123.18000000,127.12000000,9817.12314877
2020-01-09T00:00:00Z,126.58000000,127.18000000,122.02000000,124.20000000,7005.28111582
2020-01-10T00:00:00Z,124.21000000,130.51000000,121.70000000,130.13000000,7884.97774376
2020-01-11T00:00:00Z,129.79000000,133.26000000,127.87000000,128.40000000,6461.39373483
2020-01-12T00:00:00Z,128.29000000,131.69000000,127.80000000,131.69000000,4203.84902702
2020-01-13T00:00:00Z,131.72000000,132.31000000,127.72000000,129.30000000,5340.62410222
2020-01-14T00:00:00Z,129.30000000,153.58000000,129.30000000,149.35000000,30434.35526146
2020-01-15T00:00:00Z,148.82000000,154.44000000,142.67000000,148.89000000,13959.16005849
2020-01-16T00:00:00Z,149.60000000,150.00000000,142.00000000,147.15000000,8102.54606474
2020-01-17T00:00:00Z,147.88000000,156.47000000,145.69000000,153.10000000,16745.83576622
2020-01-18T00:00:00Z,153.08000000,161.72000000,148.56000000,157.08000000,12820.77715626
2020-01-19T00:00:00Z,157.38000000,160.37000000,145.87000000,150.35000000,14778.13055994
2020-01-20T00:00:00Z,150.39000000,152.80000000,145.41000000,150.47000000,6438.31357717
2020-01-21T00:00:00Z,150.48000000,153.49000000,148.32000000,152.59000000,7546.86501280
2020-01-22T00:00:00Z,153.02000000,154.47000000,149.63000000,151.50000000,5911.26524937
2020-01-23T00:00:00Z,151.45000000,151.45000000,143.75000000,146.81000000,9005.76719570
2020-01-24T00:00:00Z,146.81000000,149.29000000,140.65000000,147.31000000,12224.69460350
2020-01-25T00:00:00Z,147.36000000,147.93000000,143.10000000,145.70000000,5132.14672878
2020-01-26T00:00:00Z,145.00000000,152.00000000,144.54000000,151.80000000,4473.76718045
2020-01-27T00:00:00Z,152.13000000,156.08000000,149.74000000,154.13000000,8814.25776881
2020-01-28T00:00:00Z,154.39000000,160.00000000,154.30000000,159.77000000,8918.60754066
2020-01-29T00:00:00Z,160.00000000,162.16000000,157.49000000,157.87000000,9707.40606884
2020-01-30T00:00:00Z,157.00000000,169.48000000,154.45000000,167.12000000,15257.89601142
2020-01-31T00:00:00Z,167.40000000,168.32000000,158.30000000,161.47000000,10784.05098733
2020-02-01T00:00:00Z,162.61000000,166.10000000,161.63000000,165.61000000,4432.51352523
2020-02-02T00:00:00Z,165.42000000,174.28000000,161.34000000,169.65000000,10805.70847385
2020-02-03T00:00:00Z,169.50000000,176.38000000,168.64000000,171.71000000,9047.41509808
2020-02-04T00:00:00Z,172.18000000,173.08000000,166.95000000,170.77000000,9688.87721840
2020-02-05T00:00:00Z,170.61000000,189.42000000,165.00000000,185.11000000,24150.48544598
2020-02-06T00:00:00Z,185.25000000,196.98000000,182.73000000,193.90000000,17821.62279093
2020-02-07T00:00:00Z,194.04000000,205.55000000,193.88000000,204.26000000,16700.67500141
2020-02-08T00:00:00Z,203.84000000,208.57000000,194.41000000,204.12000000,10215.92599599
2020-02-09T00:00:00Z,204.21000000,211.29000000,204.21000000,208.85000000,9601.52123726
2020-02-10T00:00:00Z,209.22000000,209.78000000,197.69000000,204.90000000,22268.06621870
2020-02-11T00:00:00Z,204.68000000,219.76000000,199.83000000,217.72000000,23667.25902183
2020-02-12T00:00:00Z,218.49000000,254.35000000,218.49000000,245.11000000,44177.55083723
2020-02-13T00:00:00Z,244.40000000,256.99000000,233.59000000,248.17000000,29260.90605929
2020-02-14T00:00:00Z,248.24000000,266.00000000,240.51000000,263.65000000,23956.32484821
2020-02-15T00:00:00Z,264.37000000,267.45000000,242.00000000,245.62000000,26823.95119758
2020-02-16T00:00:00Z,245.15000000,254.03000000,218.02000000,239.16000000,27566.23615188
2020-02-17T00:00:00Z,238.71000000,248.49000000,224.11000000,247.51000000,25827.42032751
2020-02-18T00:00:00Z,248.30000000,265.95000000,239.42000000,261.92000000,19017.26247740
2020-02-19T00:00:00Z,262.22000000,266.77000000,232.02000000,239.31000000,25881.73358067
2020-02-20T00:00:00Z,239.01000000,244.44000000,227.25000000,238.70000000,19402.54007856
2020-02-21T00:00:00Z,238.50000000,247.64000000,236.07000000,245.47000000,11963.50020852
2020-02-22T00:00:00Z,245.57000000,246.06000000,236.66000000,242.40000000,3807.42439306
2020-02-23T00:00:00Z,243.00000000,255.40000000,241.89000000,254.51000000,5098.73717651
2020-02-24T00:00:00Z,254.85000000,256.61000000,236.00000000,244.98000000,13603.91688434
2020-02-25T00:00:00Z,244.01000000,244.75000000,223.60000000,226.41000000,15525.43031897
2020-02-26T00:00:00Z,226.43000000,229.97000000,197.65000000,206.00000000,38637.77455646
2020-02-27T00:00:00Z,205.12000000,218.77000000,192.85000000,206.66000000,47206.89726958
2020-02-28T00:00:00Z,206.87000000,213.36000000,194.43000000,206.38000000,24849.35499247
2020-02-29T00:00:00Z,205.75000000,211.50000000,197.26000000,197.26000000,14081.03867488
2020-03-01T00:00:00Z,197.31000000,206.59000000,191.19000000,197.49000000,24244.90748357
2020-03-02T00:00:00Z,196.58000000,210.29000000,195.48000000,208.42000000,28538.19860451
2020-03-03T00:00:00Z,208.52000000,209.77000000,196.89000000,200.64000000,24274.82454185
2020-03-04T00:00:00Z,200.59000000,205.22000000,198.49000000,201.18000000,7718.56680535
2020-03-05T00:00:00Z,201.73000000,209.77000000,201.73000000,203.76000000,13638.27325093
2020-03-06T00:00:00Z,204.24000000,218.37000000,203.29000000,218.37000000,22150.95177164
2020-03-07T00:00:00Z,218.20000000,223.82000000,209.49000000,210.77000000,15623.37201363
2020-03-08T00:00:00Z,210.63000000,210.63000000,172.36000000,175.48000000,32459.45377570
2020-03-09T00:00:00Z,175.82000000,183.57000000,166.00000000,178.24000000,72611.92495371
2020-03-10T00:00:00Z,178.21000000,182.35000000,172.50000000,176.91000000,37712.62060753
2020-03-11T00:00:00Z,177.47000000,179.29000000,160.73000000,172.78000000,29313.26081298
2020-03-12T00:00:00Z,173.36000000,173.58000000,92.00000000,98.01000000,140786.28210477
2020-03-13T00:00:00Z,98.10000000,130.78000000,78.69000000,122.73000000,146838.57070003
2020-03-14T00:00:00Z,121.96000000,122.82000000,109.54000000,110.81000000,25476.59644633
2020-03-15T00:00:00Z,110.71000000,119.46000000,109.00000000,111.19000000,29226.10972997
2020-03-16T00:00:00Z,110.97000000,111.97000000,90.95000000,99.96000000,61538.03901884
2020-03-17T00:00:00Z,100.15000000,110.12000000,98.58000000,106.11000000,34704.96492945
2020-03-18T00:00:00Z,106.55000000,108.65000000,100.91000000,108.65000000,34745.75344105
2020-03-19T00:00:00Z,108.53000000,135.00000000,106.63000000,128.87000000,65097.54700045
2020-03-20T00:00:00Z,128.86000000,144.14000000,109.70000000,125.16000000,93477.80238761
2020-03-21T00:00:00Z,125.05000000,129.24000000,118.18000000,124.94000000,24744.67186563
2020-03-22T00:00:00Z,124.84000000,128.95000000,113.73000000,114.92000000,27916.70121356
2020-03-23T00:00:00Z,114.70000000,128.54000000,112.17000000,126.88000000,28747.38622097
2020-03-24T00:00:00Z,127.14000000,133.22000000,123.50000000,129.07000000,43614.00680181
2020-03-25T00:00:00Z,128.79000000,132.16000000,123.25000000,125.64000000,25238.31969912
2020-03-26T00:00:00Z,126.40000000,127.51000000,122.00000000,126.11000000,16856.67019795
2020-03-27T00:00:00Z,126.30000000,128.79000000,116.00000000,118.60000000,16467.13425399
2020-03-28T00:00:00Z,118.25000000,119.94000000,112.88000000,118.10000000,32137.46688490
2020-03-29T00:00:00Z,118.25000000,118.50000000,111.34000000,111.71000000,18212.91679509
2020-03-30T00:00:00Z,111.88000000,122.73000000,111.62000000,120.29000000,16819.26134941
2020-03-31T00:00:00Z,119.91000000,122.90000000,118.64000000,121.36000000,14443.91676874
2020-04-01T00:00:00Z,120.95000000,125.33000000,118.01000000,124.35000000,11506.33844053
2020-04-02T00:00:00Z,124.51000000,138.12000000,123.90000000,130.47000000,32546.71062175
2020-04-03T00:00:00Z,130.25000000,136.24000000,128.00000000,131.07000000,17683.47057928
2020-04-04T00:00:00Z,130.97000000,135.71000000,128.80000000,133.84000000,9108.23942354
2020-04-05T00:00:00Z,133.85000000,135.00000000,130.71000000,132.38000000,9197.56555182
2020-04-06T00:00:00Z,132.50000000,159.46000000,132.26000000,158.98000000,43431.33985155
2020-04-07T00:00:00Z,159.00000000,163.59000000,148.00000000,151.20000000,44385.03142554
2020-04-08T00:00:00Z,151.20000000,160.92000000,150.43000000,159.73000000,25119.52632823
2020-04-09T00:00:00Z,159.62000000,159.84000000,152.26000000,155.70000000,14120.56781846
2020-04-10T00:00:00Z,155.71000000,156.08000000,139.23000000,144.80000000,25477.90677977
2020-04-11T00:00:00Z,145.32000000,147.87000000,141.34000000,145.37000000,7987.04444518
2020-04-12T00:00:00Z,145.58000000,151.70000000,142.19000000,145.52000000,16829.02132814
2020-04-13T00:00:00Z,145.17000000,146.25000000,137.09000000,143.93000000,20482.46362460
2020-04-14T00:00:00Z,144.18000000,148.26000000,142.70000000,144.49000000,10103.75950835
2020-04-15T00:00:00Z,144.11000000,147.30000000,139.50000000,140.31000000,16085.96393416
2020-04-16T00:00:00Z,139.98000000,161.26000000,136.42000000,158.67000000,35655.48569480
2020-04-17T00:00:00Z,159.66000000,161.05000000,155.19000000,157.57000000,15426.30609876
2020-04-18T00:00:00Z,157.70000000,174.80000000,157.70000000,172.89000000,24896.95582906
2020-04-19T00:00:00Z,173.20000000,173.38000000,162.59000000,166.30000000,22343.58840985
2020-04-20T00:00:00Z,165.51000000,171.72000000,153.00000000,157.35000000,29532.62708246
2020-04-21T00:00:00Z,156.98000000,161.43000000,155.70000000,157.93000000,14546.98810222
2020-04-22T00:00:00Z,158.16000000,170.50000000,157.03000000,169.36000000,18818.22683168
2020-04-23T00:00:00Z,169.36000000,179.68000000,164.45000000,172.40000000,33122.73666693
2020-04-24T00:00:00Z,172.40000000,177.03000000,171.54000000,173.80000000,14033.98216661
2020-04-25T00:00:00Z,173.77000000,183.68000000,172.01000000,179.69000000,19433.61027479
2020-04-26T00:00:00Z,179.80000000,185.14000000,178.37000000,182.32000000,20458.99908739
2020-04-27T00:00:00Z,183.00000000,184.33000000,175.52000000,181.97000000,17449.26702085
2020-04-28T00:00:00Z,181.62000000,183.10000000,178.20000000,182.19000000,11332.16292762
2020-04-29T00:00:00Z,182.67000000,202.99000000,181.90000000,198.42000000,39610.92357352
2020-04-30T00:00:00Z,198.30000000,209.76000000,184.79000000,189.55000000,53514.61936559
2020-05-01T00:00:00Z,189.97000000,198.38000000,189.66000000,193.45000000,18386.57430594
2020-05-02T00:00:00Z,192.84000000,196.37000000,192.09000000,195.05000000,11370.89174797
2020-05-03T00:00:00Z,194.99000000,199.67000000,187.32000000,191.74000000,17115.88423936
2020-05-04T00:00:00Z,191.63000000,192.64000000,178.38000000,189.82000000,25506.39928325
2020-05-05T00:00:00Z,190.30000000,194.33000000,186.13000000,189.87000000,21647.70220168
2020-05-06T00:00:00Z,190.00000000,195.75000000,183.79000000,184.53000000,25475.03774556
2020-05-07T00:00:00Z,184.09000000,198.87000000,182.43000000,195.78000000,36849.26520844
2020-05-08T00:00:00Z,196.35000000,200.00000000,191.49000000,195.11000000,16832.46679131
2020-05-09T00:00:00Z,195.52000000,198.38000000,192.81000000,193.95000000,10754.42481022
2020-05-10T00:00:00Z,193.77000000,194.07000000,165.97000000,173.77000000,88604.49424971
2020-05-11T00:00:00Z,174.28000000,179.36000000,163.03000000,172.48000000,42523.15610290
2020-05-12T00:00:00Z,172.21000000,177.33000000,172.21000000,174.93000000,25555.43829039
2020-05-13T00:00:00Z,175.97000000,186.33000000,174.18000000,184.76000000,12181.58713651
2020-05-14T00:00:00Z,185.17000000,191.00000000,181.21000000,188.52000000,25441.96663980
2020-05-15T00:00:00Z,188.68000000,189.06000000,177.02000000,179.95000000,14010.51654398
2020-05-16T00:00:00Z,179.64000000,188.09000000,178.95000000,185.55000000,11986.69109368
2020-05-17T00:00:00Z,185.25000000,194.00000000,184.78000000,191.22000000,18741.73506356
2020-05-18T00:00:00Z,191.44000000,200.58000000,191.44000000,196.90000000,20239.56983931
2020-05-19T00:00:00Z,196.59000000,197.34000000,192.05000000,196.51000000,15123.06632927
2020-05-20T00:00:00Z,196.55000000,197.30000000,187.56000000,191.52000000,19151.03769361
2020-05-21T00:00:00Z,191.12000000,192.94000000,174.54000000,181.50000000,40032.75901425
2020-05-22T00:00:00Z,181.00000000,192.21000000,179.32000000,190.42000000,13957.37538467
2020-05-23T00:00:00Z,191.27000000,194.00000000,188.19000000,189.57000000,5524.23330854
2020-05-24T00:00:00Z,189.43000000,193.41000000,183.31000000,183.37000000,12109.28807731
2020-05-25T00:00:00Z,183.13000000,189.00000000,181.65000000,187.57000000,15973.02076630
2020-05-26T00:00:00Z,187.72000000,188.08000000,179.68000000,183.22000000,13014.07830003
2020-05-27T00:00:00Z,183.50000000,189.48000000,183.50000000,189.04000000,12378.27793192
2020-05-28T00:00:00Z,188.66000000,199.17000000,186.16000000,198.88000000,15954.88436576
2020-05-29T00:00:00Z,199.07000000,203.01000000,195.46000000,198.78000000,22766.66971921
2020-05-30T00:00:00Z,199.18000000,222.00000000,197.33000000,219.00000000,32925.09102304
2020-05-31T00:00:00Z,218.78000000,220.70000000,206.70000000,208.51000000,17078.39129354
2020-06-01T00:00:00Z,207.94000000,226.00000000,207.84000000,223.08000000,18758.29759357
2020-06-02T00:00:00Z,223.40000000,226.83000000,202.00000000,212.86000000,51816.66709318
2020-06-03T00:00:00Z,212.52000000,218.34000000,208.65000000,217.90000000,14961.67155193
2020-06-04T00:00:00Z,218.15000000,220.00000000,211.16000000,215.45000000,23901.25397189
2020-06-05T00:00:00Z,215.00000000,218.85000000,211.76000000,212.88000000,17586.22831086
2020-06-06T00:00:00Z,212.63000000,216.87000000,209.63000000,214.59000000,11466.16493390
2020-06-07T00:00:00Z,214.67000000,217.10000000,208.29000000,215.89000000,22902.12677913
2020-06-08T00:00:00Z,216.73000000,219.16000000,213.47000000,218.06000000,7769.27067677
2020-06-09T00:00:00Z,218.59000000,220.99000000,211.51000000,215.14000000,14240.95257715
2020-06-10T00:00:00Z,215.24000000,219.64000000,212.43000000,218.20000000,16647.00736585
2020-06-11T00:00:00Z,218.55000000,219.87000000,199.00000000,204.11000000,32448.29415273
2020-06-12T00:00:00Z,203.65000000,212.45000000,202.36000000,211.09000000,11561.33640541
2020-06-13T00:00:00Z,211.27000000,212.30000000,208.69000000,211.60000000,3305.66683147
2020-06-14T00:00:00Z,211.52000000,211.98000000,204.15000000,206.19000000,6074.89456586
2020-06-15T00:00:00Z,205.06000000,206.51000000,194.20000000,203.79000000,32272.31886346
2020-06-16T00:00:00Z,204.00000000,209.31000000,202.07000000,209.03000000,11113.48485720
2020-06-17T00:00:00Z,209.10000000,211.34000000,202.70000000,208.02000000,8365.22072426
2020-06-18T00:00:00Z,208.08000000,208.36000000,203.36000000,206.39000000,4888.70079482
2020-06-19T00:00:00Z,205.94000000,206.71000000,202.32000000,204.62000000,9107.67094870
2020-06-20T00:00:00Z,204.77000000,206.48000000,202.00000000,204.55000000,7035.39074556
2020-06-21T00:00:00Z,205.02000000,206.78000000,202.89000000,203.97000000,7711.95133734
2020-06-22T00:00:00Z,203.33000000,219.00000000,203.33000000,215.64000000,19982.80444854
2020-06-23T00:00:00Z,216.00000000,216.84000000,213.35000000,214.98000000,16988.44519636
2020-06-24T00:00:00Z,214.91000000,220.00000000,205.10000000,208.67000000,29668.75072038
2020-06-25T00:00:00Z,208.60000000,210.04000000,202.34000000,207.51000000,14868.12852101
2020-06-26T00:00:00Z,207.19000000,208.10000000,203.06000000,204.88000000,10600.03516484
2020-06-27T00:00:00Z,204.74000000,206.36000000,192.81000000,197.19000000,19462.49934026
2020-06-28T00:00:00Z,196.98000000,203.20000000,194.66000000,200.81000000,23687.08351081
2020-06-29T00:00:00Z,200.76000000,204.45000000,196.74000000,202.84000000,16972.25919087
2020-06-30T00:00:00Z,202.85000000,203.41000000,198.62000000,200.97000000,8263.65636621
2020-07-01T00:00:00Z,200.55000000,207.02000000,199.70000000,205.50000000,9099.50775334
2020-07-02T00:00:00Z,205.39000000,206.25000000,198.81000000,201.76000000,17187.04105124
2020-07-03T00:00:00Z,201.55000000,203.60000000,199.61000000,200.67000000,5404.46173037
2020-07-04T00:00:00Z,199.98000000,205.16000000,199.90000000,204.00000000,6307.58184815
2020-07-05T00:00:00Z,204.10000000,204.58000000,198.08000000,202.68000000,8645.62707173
2020-07-06T00:00:00Z,202.70000000,214.00000000,201.73000000,213.76000000,21766.30647470
2020-07-07T00:00:00Z,213.78000000,215.51000000,208.32000000,212.13000000,14027.78574259
2020-07-08T00:00:00Z,212.49000000,219.92000000,211.34000000,218.16000000,24940.38982576
2020-07-09T00:00:00Z,218.15000000,218.72000000,210.53000000,214.68000000,12000.74661920
2020-07-10T00:00:00Z,214.84000000,214.84000000,209.50000000,213.59000000,11221.84335622
2020-07-11T00:00:00Z,213.88000000,214.13000000,210.72000000,211.98000000,4752.23974843
2020-07-12T00:00:00Z,212.14000000,216.40000000,209.74000000,215.00000000,7708.96354298
2020-07-13T00:00:00Z,215.30000000,216.90000000,209.25000000,211.31000000,15147.96357516
2020-07-14T00:00:00Z,211.03000000,212.50000000,209.02000000,210.90000000,10766.00236036
2020-07-15T00:00:00Z,211.22000000,211.32000000,207.69000000,209.42000000,8165.96538780
2020-07-16T00:00:00Z,208.94000000,209.65000000,202.00000000,205.40000000,14747.20278093
2020-07-17T00:00:00Z,205.08000000,205.94000000,203.36000000,203.73000000,6126.43694805
2020-07-18T00:00:00Z,203.69000000,207.51000000,203.57000000,206.63000000,6234.89885370
2020-07-19T00:00:00Z,206.32000000,209.79000000,204.52000000,209.54000000,6773.42068061
2020-07-20T00:00:00Z,209.38000000,209.89000000,204.95000000,206.32000000,6366.22068178
2020-07-21T00:00:00Z,206.21000000,214.51000000,206.10000000,213.29000000,14193.13389583
2020-07-22T00:00:00Z,213.42000000,233.45000000,210.03000000,228.62000000,20556.79430291
2020-07-23T00:00:00Z,228.55000000,241.59000000,223.70000000,237.77000000,43656.71440468
2020-07-24T00:00:00Z,237.71000000,247.19000000,230.57000000,240.28000000,31814.40342415
2020-07-25T00:00:00Z,240.58000000,265.38000000,240.42000000,262.73000000,43555.94680621
2020-07-26T00:00:00Z,262.53000000,276.69000000,255.61000000,266.58000000,47583.04685072
2020-07-27T00:00:00Z,267.14000000,283.00000000,263.38000000,273.80000000,65297.38121028
2020-07-28T00:00:00Z,274.40000000,278.36000000,260.57000000,270.88000000,45864.44048321
2020-07-29T00:00:00Z,271.03000000,277.13000000,267.00000000,270.31000000,24780.72777358
2020-07-30T00:00:00Z,269.08000000,289.35000000,267.69000000,282.63000000,19506.29375668
2020-07-31T00:00:00Z,283.16000000,296.90000000,277.11000000,294.15000000,24800.60271586
2020-08-01T00:00:00Z,294.90000000,334.52000000,291.93000000,329.32000000,41585.27588766
2020-08-02T00:00:00Z,329.37000000,353.45000000,280.00000000,315.70000000,72604.68535589
2020-08-03T00:00:00Z,316.13000000,339.69000000,311.35000000,328.67000000,26909.56250699
2020-08-04T00:00:00Z,329.06000000,343.54000000,324.67000000,330.24000000,19321.06373935
2020-08-05T00:00:00Z,331.43000000,343.68000000,325.85000000,338.24000000,19231.22784782
2020-08-06T00:00:00Z,337.94000000,340.43000000,329.57000000,332.91000000,17991.58922907
2020-08-07T00:00:00Z,332.41000000,336.99000000,309.04000000,322.44000000,30727.20523625
2020-08-08T00:00:00Z,321.57000000,337.15000000,319.64000000,337.15000000,8426.19472979
2020-08-09T00:00:00Z,337.27000000,339.63000000,326.37000000,331.26000000,9802.62764618
2020-08-10T00:00:00Z,332.02000000,339.70000000,328.68000000,337.47000000,22733.65172935
2020-08-11T00:00:00Z,337.47000000,339.10000000,312.62000000,323.35000000,24819.53229841
2020-08-12T00:00:00Z,323.00000000,330.80000000,312.10000000,328.93000000,12516.44664705
2020-08-13T00:00:00Z,328.80000000,365.04000000,318.56000000,359.59000000,32066.51596809
2020-08-14T00:00:00Z,360.52000000,376.66000000,354.49000000,370.44000000,17440.48770391
2020-08-15T00:00:00Z,370.73000000,374.09000000,361.00000000,366.12000000,11703.74193606
2020-08-16T00:00:00Z,365.49000000,369.40000000,349.07000000,366.43000000,14155.89348066
2020-08-17T00:00:00Z,366.49000000,376.87000000,354.79000000,363.20000000,22422.62078822
2020-08-18T00:00:00Z,363.21000000,365.38000000,348.20000000,353.77000000,26864.91276809
2020-08-19T00:00:00Z,353.64000000,357.25000000,332.52000000,343.82000000,39865.49722382
2020-08-20T00:00:00Z,345.04000000,354.29000000,340.38000000,350.98000000,13398.32448601
2020-08-21T00:00:00Z,351.30000000,353.10000000,327.21000000,328.99000000,22065.32757335
2020-08-22T00:00:00Z,329.35000000,336.95000000,322.74000000,335.89000000,16016.31441781
2020-08-23T00:00:00Z,335.89000000,337.34000000,325.77000000,331.49000000,10097.62634944
2020-08-24T00:00:00Z,331.35000000,348.38000000,329.10000000,346.51000000,14006.04524087
2020-08-25T00:00:00Z,347.09000000,347.09000000,313.29000000,325.28000000,23400.67170261
2020-08-26T00:00:00Z,324.11000000,332.80000000,319.88000000,326.26000000,32651.55094991
2020-08-27T00:00:00Z,325.97000000,335.12000000,315.20000000,323.25000000,11556.60808302
2020-08-28T00:00:00Z,325.18000000,334.92000000,322.02000000,333.24000000,9987.84499331
2020-08-29T00:00:00Z,333.50000000,341.34000000,330.52000000,335.31000000,7971.12818831
2020-08-30T00:00:00Z,335.57000000,360.83000000,335.57000000,359.94000000,15104.75946120
2020-08-31T00:00:00Z,360.56000000,368.40000000,352.10000000,364.06000000,13197.49151341
2020-09-01T00:00:00Z,364.10000000,410.56000000,360.20000000,399.08000000,33026.45652695
2020-09-02T00:00:00Z,398.65000000,404.86000000,355.68000000,371.95000000,42302.37174654
2020-09-03T00:00:00Z,371.36000000,381.67000000,315.00000000,323.13000000,56786.81644329
2020-09-04T00:00:00Z,323.86000000,339.64000000,303.00000000,326.43000000,50125.35996629
2020-09-05T00:00:00Z,326.44000000,334.00000000,262.00000000,282.81000000,90109.71682415
2020-09-06T00:00:00Z,281.99000000,304.44000000,267.18000000,297.86000000,55009.65599948
2020-09-07T00:00:00Z,299.19000000,302.77000000,273.72000000,299.24000000,30566.75539510
2020-09-08T00:00:00Z,299.62000000,301.44000000,277.04000000,286.91000000,28717.54018006
2020-09-09T00:00:00Z,286.60000000,304.51000000,281.56000000,297.73000000,24574.72707788
2020-09-10T00:00:00Z,297.63000000,318.19000000,297.63000000,311.88000000,32718.34295265
2020-09-11T00:00:00Z,312.75000000,317.20000000,301.66000000,316.15000000,14613.88716327
2020-09-12T00:00:00Z,316.03000000,328.08000000,308.68000000,327.86000000,10636.98560083
2020-09-13T00:00:00Z,328.00000000,329.44000000,299.27000000,309.85000000,24227.82819674
2020-09-14T00:00:00Z,308.89000000,324.30000000,301.38000000,317.29000000,15951.67607783
2020-09-15T00:00:00Z,318.21000000,322.00000000,306.20000000,308.17000000,13013.38050013
2020-09-16T00:00:00Z,307.69000000,315.80000000,300.55000000,309.65000000,12743.17920641
2020-09-17T00:00:00Z,309.16000000,332.99000000,308.51000000,328.74000000,20835.41229051
2020-09-18T00:00:00Z,329.20000000,331.10000000,317.11000000,325.20000000,11665.72392258
2020-09-19T00:00:00Z,325.02000000,328.50000000,319.21000000,325.53000000,4256.92289369
2020-09-20T00:00:00Z,324.77000000,325.20000000,308.83000000,313.67000000,12832.59995362
2020-09-21T00:00:00Z,312.49000000,318.35000000,282.70000000,289.31000000,22421.50510649
2020-09-22T00:00:00Z,290.08000000,296.40000000,284.02000000,293.63000000,18430.13495827
2020-09-23T00:00:00Z,294.25000000,295.33000000,269.40000000,275.31000000,17362.19513185
2020-09-24T00:00:00Z,273.86000000,302.69000000,272.19000000,299.41000000,16269.67241640
2020-09-25T00:00:00Z,299.07000000,308.08000000,290.16000000,302.43000000,10603.37420659
2020-09-26T00:00:00Z,303.06000000,306.38000000,298.00000000,304.33000000,8736.25660419
2020-09-27T00:00:00Z,304.66000000,311.32000000,298.41000000,307.60000000,6974.86686373
2020-09-28T00:00:00Z,307.71000000,315.80000000,301.44000000,303.86000000,9475.01677435
2020-09-29T00:00:00Z,302.04000000,307.40000000,300.21000000,306.27000000,4733.04641488
2020-09-30T00:00:00Z,306.74000000,308.27000000,300.82000000,306.75000000,3425.88837452
2020-10-01T00:00:00Z,308.17000000,315.46000000,294.12000000,301.20000000,13327.68296043
2020-10-02T00:00:00Z,300.06000000,302.83000000,285.77000000,295.06000000,13204.37264257
2020-10-03T00:00:00Z,294.69000000,300.00000000,293.47000000,295.79000000,4219.88051193
2020-10-04T00:00:00Z,295.16000000,302.65000000,294.01000000,300.82000000,4729.39995428
2020-10-05T00:00:00Z,300.87000000,303.60000000,297.09000000,300.03000000,5910.07765815
2020-10-06T00:00:00Z,300.46000000,301.20000000,287.20000000,290.43000000,9682.98419395
2020-10-07T00:00:00Z,290.11000000,291.59000000,284.43000000,290.88000000,9944.59004731
2020-10-08T00:00:00Z,290.91000000,300.19000000,284.36000000,298.26000000,9264.81233951
2020-10-09T00:00:00Z,298.22000000,311.65000000,295.13000000,309.31000000,7970.47658177
2020-10-10T00:00:00Z,309.37000000,319.63000000,309.25000000,313.12000000,8484.11478931
2020-10-11T00:00:00Z,313.19000000,318.33000000,311.24000000,317.00000000,5632.70374173
2020-10-12T00:00:00Z,316.78000000,334.19000000,309.11000000,327.50000000,17394.13597934
2020-10-13T00:00:00Z,327.33000000,328.36000000,318.65000000,324.82000000,9643.67726788
2020-10-14T00:00:00Z,325.11000000,329.97000000,318.00000000,323.11000000,10895.35470164
2020-10-15T00:00:00Z,322.90000000,326.07000000,316.00000000,322.77000000,6939.47155918
2020-10-16T00:00:00Z,322.07000000,324.38000000,308.65000000,312.23000000,17849.52684456
2020-10-17T00:00:00Z,312.23000000,316.66000000,310.57000000,314.62000000,7791.25119510
2020-10-18T00:00:00Z,314.27000000,323.33000000,314.00000000,322.99000000,4551.49643149
2020-10-19T00:00:00Z,323.50000000,326.00000000,318.09000000,322.95000000,8740.85699246
2020-10-20T00:00:00Z,322.60000000,323.40000000,309.38000000,311.95000000,14478.79714172
2020-10-21T00:00:00Z,311.64000000,337.57000000,311.46000000,328.80000000,25302.34299748
2020-10-22T00:00:00Z,328.74000000,356.13000000,328.74000000,350.64000000,26001.78369727
2020-10-23T00:00:00Z,349.56000000,354.12000000,338.38000000,345.42000000,14946.94826800
2020-10-24T00:00:00Z,345.16000000,351.38000000,343.56000000,347.35000000,7782.03341905
2020-10-25T00:00:00Z,347.50000000,351.24000000,340.00000000,343.17000000,5645.03912663
2020-10-26T00:00:00Z,343.13000000,347.19000000,324.37000000,333.38000000,14667.67426914
2020-10-27T00:00:00Z,333.75000000,347.39000000,330.52000000,342.89000000,12120.12330664
2020-10-28T00:00:00Z,342.79000000,347.47000000,324.00000000,330.97000000,15912.25675396
2020-10-29T00:00:00Z,331.35000000,338.14000000,325.23000000,331.71000000,10966.52850431
2020-10-30T00:00:00Z,331.57000000,335.73000000,320.00000000,329.03000000,15669.27885187
2020-10-31T00:00:00Z,328.19000000,337.43000000,326.88000000,331.67000000,12005.07843123
2020-11-01T00:00:00Z,330.25000000,341.18000000,330.25000000,340.55000000,6267.15929123
2020-11-02T00:00:00Z,341.31000000,347.46000000,325.00000000,329.60000000,15930.51376371
2020-11-03T00:00:00Z,328.84000000,332.98000000,318.56000000,330.07000000,15757.46235145
2020-11-04T00:00:00Z,330.70000000,348.51000000,322.65000000,342.87000000,22818.53106382
2020-11-05T00:00:00Z,344.00000000,356.00000000,337.63000000,352.67000000,21028.66241812
2020-11-06T00:00:00Z,353.39000000,386.22000000,351.03000000,384.44000000,57667.11099205
2020-11-07T00:00:00Z,384.10000000,394.53000000,352.00000000,365.80000000,29539.24086725
2020-11-08T00:00:00Z,365.32000000,387.47000000,363.00000000,381.80000000,12815.37591780
2020-11-09T00:00:00Z,382.10000000,385.89000000,367.28000000,375.66000000,18163.70380931
2020-11-10T00:00:00Z,376.39000000,385.00000000,372.09000000,381.78000000,15966.74630442
2020-11-11T00:00:00Z,381.96000000,404.00000000,381.09000000,394.16000000,22133.71700914
2020-11-12T00:00:00Z,394.35000000,398.69000000,383.67000000,392.89000000,21907.38161019
2020-11-13T00:00:00Z,392.49000000,404.00000000,388.09000000,403.58000000,15822.19800931
2020-11-14T00:00:00Z,402.55000000,402.55000000,382.44000000,389.89000000,23545.44329357
2020-11-15T00:00:00Z,389.78000000,391.52000000,372.10000000,378.90000000,17065.79676556
2020-11-16T00:00:00Z,378.24000000,393.30000000,377.27000000,389.11000000,14364.26119437
2020-11-17T00:00:00Z,388.27000000,408.50000000,388.26000000,406.49000000,25986.73066519
2020-11-18T00:00:00Z,406.69000000,416.00000000,385.11000000,404.19000000,34935.27558141
2020-11-19T00:00:00Z,405.60000000,406.92000000,393.25000000,398.08000000,16991.69250061
2020-11-20T00:00:00Z,398.37000000,434.33000000,397.12000000,429.52000000,29549.99080964
2020-11-21T00:00:00Z,430.01000000,465.70000000,424.11000000,465.11000000,35763.63479832
2020-11-22T00:00:00Z,465.17000000,490.16000000,428.00000000,472.31000000,41690.68138384
2020-11-23T00:00:00Z,473.17000000,516.67000000,463.51000000,514.69000000,39205.72883640
2020-11-24T00:00:00Z,514.45000000,525.88000000,497.14000000,509.25000000,39900.12516676
2020-11-25T00:00:00Z,509.35000000,509.95000000,465.11000000,478.35000000,27517.64929397
2020-11-26T00:00:00Z,477.78000000,483.96000000,401.02000000,436.72000000,92331.62408254
2020-11-27T00:00:00Z,437.13000000,445.45000000,413.54000000,433.64000000,22894.24727031
2020-11-28T00:00:00Z,433.73000000,459.26000000,424.54000000,450.03000000,25087.50167928
2020-11-29T00:00:00Z,449.56000000,482.55000000,443.71000000,481.25000000,21446.50745874
2020-11-30T00:00:00Z,482.13000000,514.86000000,476.60000000,513.99000000,38433.13322084
2020-12-01T00:00:00Z,514.87000000,532.80000000,470.00000000,486.02000000,48942.30008940
2020-12-02T00:00:00Z,485.43000000,502.12000000,477.74000000,493.40000000,14275.56515508
2020-12-03T00:00:00Z,494.30000000,513.11000000,484.94000000,508.36000000,16660.05733129
2020-12-04T00:00:00Z,507.46000000,510.64000000,466.31000000,468.86000000,23981.95176717
2020-12-05T00:00:00Z,469.06000000,494.51000000,463.37000000,493.06000000,11022.52833322
2020-12-06T00:00:00Z,493.53000000,501.16000000,481.52000000,496.97000000,19203.84098890
2020-12-07T00:00:00Z,496.94000000,497.57000000,482.95000000,487.88000000,9908.49854419
2020-12-08T00:00:00Z,488.18000000,491.55000000,453.54000000,458.25000000,17207.21063329
2020-12-09T00:00:00Z,457.45000000,478.63000000,437.03000000,475.12000000,25769.89419852
2020-12-10T00:00:00Z,475.67000000,476.47000000,451.60000000,460.53000000,10542.87093667
2020-12-11T00:00:00Z,459.60000000,470.00000000,441.25000000,448.88000000,21515.92259831
2020-12-12T00:00:00Z,448.77000000,474.29000000,448.77000000,469.84000000,11996.40411306
2020-12-13T00:00:00Z,470.43000000,490.47000000,466.00000000,486.61000000,15331.59376678
2020-12-14T00:00:00Z,485.96000000,487.58000000,473.59000000,482.33000000,10631.84965377
2020-12-15T00:00:00Z,482.36000000,490.64000000,476.15000000,484.52000000,13176.62156593
2020-12-16T00:00:00Z,484.54000000,524.52000000,478.00000000,523.17000000,26705.17015433
2020-12-17T00:00:00Z,523.80000000,551.65000000,510.27000000,524.14000000,43804.90146698
2020-12-18T00:00:00Z,524.49000000,541.99000000,512.50000000,534.22000000,13963.54181273
2020-12-19T00:00:00Z,534.07000000,546.62000000,526.71000000,536.45000000,14566.39831317
2020-12-20T00:00:00Z,535.72000000,539.38000000,507.62000000,522.74000000,22799.91007634
2020-12-21T00:00:00Z,522.64000000,532.00000000,490.00000000,497.50000000,28311.97490127
2020-12-22T00:00:00Z,498.01000000,522.90000000,481.89000000,522.77000000,17996.63793200
2020-12-23T00:00:00Z,523.32000000,524.33000000,452.58000000,480.55000000,31451.58500919
2020-12-24T00:00:00Z,480.48000000,507.06000000,464.24000000,502.19000000,17044.29303578
2020-12-25T00:00:00Z,504.00000000,520.40000000,496.33000000,513.42000000,20114.24030604
2020-12-26T00:00:00Z,514.05000000,534.49000000,504.69000000,521.23000000,39016.76019186
2020-12-27T00:00:00Z,522.55000000,583.58000000,509.37000000,554.32000000,53146.03605785
2020-12-28T00:00:00Z,558.20000000,612.00000000,553.14000000,596.63000000,35572.53919322
2020-12-29T00:00:00Z,596.61000000,605.00000000,562.61000000,596.01000000,20558.16853076
2020-12-30T00:00:00Z,596.90000000,617.00000000,584.88000000,611.73000000,22692.91504106
2020-12-31T00:00:00Z,612.51000000,614.58000000,589.00000000,602.98000000,16290.94249792
2021-01-01T00:00:00Z,603.32000000,612.54000000,586.49000000,597.01000000,10864.55146459
2021-01-02T00:00:00Z,597.67000000,638.27000000,587.10000000,624.92000000,25231.61273853
2021-01-03T00:00:00Z,625.86000000,817.00000000,616.53000000,784.21000000,72372.97620456
2021-01-04T00:00:00Z,786.17000000,954.99000000,720.00000000,850.67000000,119737.82531601
2021-01-05T00:00:00Z,851.67000000,925.00000000,794.52000000,895.81000000,67575.21515679
2021-01-06T00:00:00Z,895.81000000,986.65000000,860.36000000,980.18000000,74184.77896687
2021-01-07T00:00:00Z,982.06000000,1048.98000000,920.85000000,994.42000000,80658.08529055
2021-01-08T00:00:00Z,993.35000000,1040.00000000,865.00000000,990.99000000,66893.30093727
2021-01-09T00:00:00Z,991.77000000,1059.28000000,957.16000000,1040.53000000,32894.78402460
2021-01-10T00:00:00Z,1040.86000000,1094.95000000,925.00000000,1028.95000000,60195.52475491
2021-01-11T00:00:00Z,1029.09000000,1031.80000000,745.71000000,895.11000000,158750.51992509
2021-01-12T00:00:00Z,895.10000000,947.96000000,825.00000000,859.90000000,73537.22669109
2021-01-13T00:00:00Z,859.17000000,934.78000000,807.00000000,929.31000000,60082.57411613
2021-01-14T00:00:00Z,932.16000000,1026.13000000,893.86000000,1011.38000000,48541.07598457
2021-01-15T00:00:00Z,1010.15000000,1030.00000000,883.16000000,969.97000000,57782.24872983
2021-01-16T00:00:00Z,971.60000000,1067.62000000,954.08000000,1017.25000000,43843.80270787
2021-01-17T00:00:00Z,1015.65000000,1048.36000000,966.20000000,1019.77000000,37133.02075304
2021-01-18T00:00:00Z,1019.27000000,1042.80000000,980.47000000,1040.21000000,32087.72167859
2021-01-19T00:00:00Z,1040.13000000,1187.88000000,1035.22000000,1126.00000000,64409.09304175
2021-01-20T00:00:00Z,1125.70000000,1159.51000000,1020.60000000,1136.65000000,53283.77589276
2021-01-21T00:00:00Z,1136.30000000,1146.51000000,888.00000000,914.86000000,63937.68727199
2021-01-22T00:00:00Z,912.93000000,1051.39000000,856.14000000,1015.55000000,40370.32405903
2021-01-23T00:00:00Z,1012.23000000,1048.59000000,983.65000000,1014.15000000,18532.41191190
2021-01-24T00:00:00Z,1012.18000000,1150.08000000,1004.31000000,1144.21000000,29914.16909803
2021-01-25T00:00:00Z,1145.73000000,1210.22000000,1065.53000000,1085.54000000,41226.16265671
2021-01-26T00:00:00Z,1086.62000000,1135.00000000,1025.05000000,1126.03000000,28113.17269441
2021-01-27T00:00:00Z,1124.95000000,1130.00000000,1000.00000000,1025.00000000,33994.57251653
2021-01-28T00:00:00Z,1025.80000000,1122.38000000,1008.33000000,1097.49000000,26131.71142067
2021-01-29T00:00:00Z,1097.49000000,1179.99000000,1063.56000000,1135.74000000,66453.23697707
2021-01-30T00:00:00Z,1136.63000000,1157.93000000,1094.10000000,1136.42000000,32717.28665456
2021-01-31T00:00:00Z,1136.63000000,1137.30000000,1057.87000000,1083.08000000,20987.27721114
2021-02-01T00:00:00Z,1084.17000000,1141.99000000,1048.89000000,1137.23000000,25185.06133480
2021-02-02T00:00:00Z,1139.77000000,1285.77000000,1125.48000000,1256.05000000,60908.74645320
2021-02-03T00:00:00Z,1257.45000000,1387.77000000,1252.01000000,1383.12000000,46229.19056724
2021-02-04T00:00:00Z,1383.24000000,1410.69000000,1298.66000000,1335.20000000,54835.79729560
2021-02-05T00:00:00Z,1340.12000000,1466.00000000,1331.37000000,1428.56000000,41467.31249635
2021-02-06T00:00:00Z,1427.78000000,1446.43000000,1367.12000000,1394.68000000,33745.24246316
2021-02-07T00:00:00Z,1394.81000000,1406.80000000,1239.00000000,1343.69000000,39436.82059850
2021-02-08T00:00:00Z,1341.08000000,1474.27000000,1300.54000000,1453.56000000,54318.26114783
2021-02-09T00:00:00Z,1453.97000000,1508.00000000,1413.05000000,1462.96000000,37408.15196768
2021-02-10T00:00:00Z,1464.88000000,1518.00000000,1384.12000000,1438.71000000,41487.07409140
2021-02-11T00:00:00Z,1441.23000000,1496.00000000,1407.98000000,1473.22000000,25375.61575088
2021-02-12T00:00:00Z,1472.44000000,1540.42000000,1436.07000000,1523.69000000,29257.90079881
2021-02-13T00:00:00Z,1522.21000000,1545.21000000,1461.07000000,1501.45000000,26719.96773361
2021-02-14T00:00:00Z,1503.13000000,1529.58000000,1480.00000000,1489.75000000,22391.92501912
2021-02-15T00:00:00Z,1491.35000000,1514.00000000,1377.00000000,1466.15000000,33648.19999598
2021-02-16T00:00:00Z,1468.75000000,1503.67000000,1425.95000000,1473.76000000,22940.84878894
2021-02-17T00:00:00Z,1474.15000000,1542.60000000,1434.04000000,1535.23000000,28527.67229320
2021-02-18T00:00:00Z,1536.58000000,1614.77000000,1536.58000000,1605.85000000,27479.06281324
2021-02-19T00:00:00Z,1607.46000000,1630.00000000,1566.01000000,1611.38000000,19259.74438086
2021-02-20T00:00:00Z,1611.60000000,1677.32000000,1501.00000000,1585.40000000,27374.60361303
2021-02-21T00:00:00Z,1584.30000000,1631.62000000,1520.00000000,1596.67000000,20950.77270861
2021-02-22T00:00:00Z,1597.63000000,1597.63000000,1273.00000000,1463.98000000,67158.79887067
2021-02-23T00:00:00Z,1462.13000000,1465.42000000,1114.45000000,1298.21000000,71384.26964565
2021-02-24T00:00:00Z,1299.10000000,1413.51000000,1234.70000000,1336.25000000,33692.21360779
2021-02-25T00:00:00Z,1336.79000000,1366.00000000,1202.02000000,1209.80000000,18978.79488783
2021-02-26T00:00:00Z,1221.07000000,1292.95000000,1156.00000000,1200.00000000,27898.63150074
2021-02-27T00:00:00Z,1197.34000000,1266.35000000,1186.50000000,1211.36000000,20012.52303221
2021-02-28T00:00:00Z,1209.89000000,1220.22000000,1076.88000000,1175.47000000,27423.80033357
2021-03-01T00:00:00Z,1176.14000000,1305.09000000,1167.75000000,1305.09000000,23562.05421940
2021-03-02T00:00:00Z,1303.45000000,1331.07000000,1205.18000000,1232.24000000,23408.41817731
2021-03-03T00:00:00Z,1230.35000000,1374.11000000,1225.31000000,1304.69000000,28552.29750474
2021-03-04T00:00:00Z,1301.00000000,1346.54000000,1257.08000000,1287.13000000,17451.67630243
2021-03-05T00:00:00Z,1288.18000000,1299.87000000,1208.45000000,1285.85000000,17436.93693451
2021-03-06T00:00:00Z,1291.43000000,1401.77000000,1274.40000000,1384.87000000,20123.12834957
2021-03-07T00:00:00Z,1389.79000000,1452.72000000,1368.25000000,1446.97000000,15988.21839841
2021-03-08T00:00:00Z,1445.06000000,1551.54000000,1402.47000000,1543.24000000,21299.31982316
2021-03-09T00:00:00Z,1546.84000000,1570.98000000,1512.20000000,1570.64000000,15104.81957191
2021-03-10T00:00:00Z,1570.98000000,1576.89000000,1477.02000000,1507.00000000,17292.41320917
2021-03-11T00:00:00Z,1505.50000000,1540.81000000,1446.75000000,1524.07000000,18953.06869836
2021-03-12T00:00:00Z,1524.98000000,1535.32000000,1441.53000000,1475.11000000,16919.87041120
2021-03-13T00:00:00Z,1476.21000000,1590.00000000,1445.73000000,1573.00000000,16169.02878419
2021-03-14T00:00:00Z,1573.26000000,1580.99000000,1527.18000000,1546.57000000,9363.40488831
2021-03-15T00:00:00Z,1546.64000000,1578.08000000,1456.22000000,1504.79000000,22129.29756575
2021-03-16T00:00:00Z,1507.67000000,1526.92000000,1438.65000000,1515.35000000,19291.45727069
2021-03-17T00:00:00Z,1516.63000000,1535.53000000,1465.02000000,1523.00000000,14218.62286073
2021-03-18T00:00:00Z,1522.78000000,1544.69000000,1477.19000000,1491.50000000,13244.04507334
2021-03-19T00:00:00Z,1490.89000000,1545.84000000,1457.37000000,1521.93000000,11568.83308777
2021-03-20T00:00:00Z,1522.06000000,1568.55000000,1514.64000000,1517.21000000,11994.85506119
2021-03-21T00:00:00Z,1516.22000000,1526.10000000,1476.00000000,1499.03000000,10983.58513303
2021-03-22T00:00:00Z,1499.55000000,1518.34000000,1389.75000000,1410.95000000,23365.56315856
2021-03-23T00:00:00Z,1410.00000000,1453.20000000,1387.08000000,1410.04000000,15421.56809332
2021-03-24T00:00:00Z,1408.44000000,1471.58000000,1255.55000000,1339.48000000,33810.44053475
2021-03-25T00:00:00Z,1339.17000000,1429.00000000,1312.93000000,1349.78000000,40315.93094022
2021-03-26T00:00:00Z,1353.97000000,1442.41000000,1353.97000000,1442.26000000,10365.56177017
2021-03-27T00:00:00Z,1441.91000000,1467.01000000,1412.02000000,1453.11000000,11901.27681379
2021-03-28T00:00:00Z,1453.00000000,1462.19000000,1408.00000000,1431.01000000,7653.87249086
2021-03-29T00:00:00Z,1429.59000000,1561.04000000,1423.46000000,1540.01000000,21059.29954575
2021-03-30T00:00:00Z,1540.64000000,1584.75000000,1516.54000000,1570.18000000,11358.01057922
2021-03-31T00:00:00Z,1570.39000000,1657.14000000,1509.72000000,1633.55000000,22356.63967185
2021-04-01T00:00:00Z,1635.29000000,1685.00000000,1602.27000000,1671.37000000,16092.76081094
2021-04-02T00:00:00Z,1671.57000000,1824.57000000,1653.99000000,1813.95000000,23020.99955280
2021-04-03T00:00:00Z,1812.53000000,1816.61000000,1704.72000000,1717.43000000,18082.96281695
2021-04-04T00:00:00Z,1716.21000000,1783.00000000,1691.66000000,1764.61000000,8757.89958104
2021-04-05T00:00:00Z,1764.03000000,1800.00000000,1702.00000000,1776.24000000,14784.77919960
2021-04-06T00:00:00Z,1780.55000000,1814.35000000,1725.29000000,1778.38000000,17178.71139465
2021-04-07T00:00:00Z,1779.03000000,1793.23000000,1628.00000000,1656.92000000,26818.88800188
2021-04-08T00:00:00Z,1657.96000000,1749.44000000,1645.00000000,1746.21000000,9001.73390706
2021-04-09T00:00:00Z,1748.12000000,1768.10000000,1724.07000000,1739.63000000,6593.10232740
2021-04-10T00:00:00Z,1737.38000000,1830.11000000,1731.45000000,1788.42000000,18817.42695999
2021-04-11T00:00:00Z,1794.78000000,1814.66000000,1766.09000000,1806.70000000,9012.94208464
2021-04-12T00:00:00Z,1808.83000000,1848.85000000,1767.36000000,1793.28000000,14688.27173695
2021-04-13T00:00:00Z,1795.15000000,1937.68000000,1791.66000000,1922.95000000,18492.11123147
2021-04-14T00:00:00Z,1924.32000000,2043.59000000,1909.19000000,2033.05000000,23014.80928030
2021-04-15T00:00:00Z,2034.13000000,2126.63000000,2003.34000000,2103.33000000,16303.91153013
2021-04-16T00:00:00Z,2104.29000000,2131.00000000,1922.67000000,2026.08000000,24831.63078209
2021-04-17T00:00:00Z,2026.49000000,2082.31000000,1945.00000000,1948.40000000,11393.24621649
2021-04-18T00:00:00Z,1949.11000000,1966.88000000,1655.49000000,1875.44000000,45646.23588241
2021-04-19T00:00:00Z,1874.88000000,1912.81000000,1729.79000000,1797.37000000,29023.52834319
2021-04-20T00:00:00Z,1798.31000000,1954.00000000,1705.96000000,1941.36000000,20111.24501348
2021-04-21T00:00:00Z,1941.25000000,2052.66000000,1865.35000000,1959.96000000,20222.55123959
2021-04-22T00:00:00Z,1962.20000000,2201.47000000,1914.51000000,1997.17000000,42886.75099531
2021-04-23T00:00:00Z,1996.00000000,2030.33000000,1748.06000000,1963.24000000,47930.91878959
2021-04-24T00:00:00Z,1963.16000000,1963.16000000,1790.00000000,1837.96000000,24553.12050066
2021-04-25T00:00:00Z,1838.41000000,1954.15000000,1785.30000000,1922.00000000,21886.83086952
2021-04-26T00:00:00Z,1922.19000000,2105.73000000,1908.00000000,2099.18000000,25999.97665038
2021-04-27T00:00:00Z,2098.95000000,2221.51000000,2058.19000000,2208.16000000,20064.43857867
2021-04-28T00:00:00Z,2208.22000000,2278.11000000,2122.02000000,2265.29000000,22625.98867029
2021-04-29T00:00:00Z,2267.31000000,2310.40000000,2202.58000000,2274.14000000,21205.47621238
2021-04-30T00:00:00Z,2274.98000000,2319.00000000,2250.48000000,2305.18000000,21183.65666633
2021-05-01T00:00:00Z,2305.03000000,2455.08000000,2293.28000000,2445.57000000,17520.05483850
2021-05-02T00:00:00Z,2446.47000000,2483.95000000,2373.23000000,2454.61000000,15363.29412097
2021-05-03T00:00:00Z,2456.56000000,2866.74000000,2456.56000000,2845.22000000,38267.49774008
2021-05-04T00:00:00Z,2848.07000000,2936.74000000,2623.43000000,2699.80000000,55584.41240806
2021-05-05T00:00:00Z,2698.89000000,2951.96000000,2671.32000000,2933.66000000,25677.13091319
2021-05-06T00:00:00Z,2931.71000000,2993.05000000,2809.80000000,2888.82000000,25943.71365376
2021-05-07T00:00:00Z,2893.94000000,2955.21000000,2784.18000000,2869.23000000,20146.44460842
2021-05-08T00:00:00Z,2871.03000000,3255.65000000,2846.74000000,3220.00000000,25851.24191875
2021-05-09T00:00:00Z,3220.19000000,3293.07000000,3079.94000000,3225.63000000,21619.21770409
2021-05-10T00:00:00Z,3229.41000000,3465.00000000,3000.00000000,3258.03000000,43232.54901822
2021-05-11T00:00:00Z,3257.93000000,3445.82000000,3113.62000000,3438.98000000,19412.27078548
2021-05-12T00:00:00Z,3441.70000000,3627.32000000,3108.43000000,3180.78000000,34855.25283467
2021-05-13T00:00:00Z,3150.39000000,3343.10000000,2925.71000000,3075.01000000,52305.65404872
2021-05-14T00:00:00Z,3078.78000000,3449.46000000,3058.88000000,3361.28000000,23935.50596825
2021-05-15T00:00:00Z,3362.25000000,3405.00000000,2998.49000000,3005.41000000,19283.04640992
2021-05-16T00:00:00Z,3016.46000000,3194.14000000,2732.60000000,2947.01000000,31250.50467102
2021-05-17T00:00:00Z,2947.81000000,2952.74000000,2560.77000000,2700.32000000,42268.13828014
2021-05-18T00:00:00Z,2702.41000000,2926.51000000,2665.86000000,2763.94000000,28153.74072582
2021-05-19T00:00:00Z,2765.73000000,2817.72000000,1500.00000000,2005.35000000,115345.20897457
2021-05-20T00:00:00Z,2006.53000000,2465.26000000,1762.18000000,2267.57000000,50980.10305777
2021-05-21T00:00:00Z,2272.63000000,2405.00000000,1725.00000000,1997.86000000,48164.95001325
2021-05-22T00:00:00Z,2000.41000000,2042.54000000,1769.13000000,1887.07000000,30145.52909477
2021-05-23T00:00:00Z,1887.76000000,1955.00000000,1420.47000000,1722.75000000,55490.48074011
2021-05-24T00:00:00Z,1724.04000000,2193.90000000,1711.97000000,2168.58000000,48499.69793998
2021-05-25T00:00:00Z,2172.29000000,2255.65000000,1945.13000000,2205.22000000,33154.97745573
2021-05-26T00:00:00Z,2214.99000000,2385.70000000,2160.00000000,2373.35000000,22362.79393839
2021-05-27T00:00:00Z,2369.77000000,2400.00000000,2169.82000000,2250.93000000,20835.13728576
2021-05-28T00:00:00Z,2244.76000000,2268.74000000,1908.00000000,1982.30000000,26502.37326927
2021-05-29T00:00:00Z,1982.30000000,2113.38000000,1816.09000000,1873.73000000,21143.49859327
2021-05-30T00:00:00Z,1877.90000000,2041.25000000,1799.00000000,1961.10000000,21799.65862808
2021-05-31T00:00:00Z,1951.81000000,2222.00000000,1868.00000000,2211.85000000,22869.04474664
2021-06-01T00:00:00Z,2211.72000000,2242.09000000,2068.73000000,2154.18000000,18244.66991720
2021-06-02T00:00:00Z,2155.76000000,2295.95000000,2087.96000000,2216.48000000,18933.20193609
2021-06-03T00:00:00Z,2211.99000000,2370.00000000,2183.00000000,2355.73000000,14402.38552236
2021-06-04T00:00:00Z,2354.16000000,2357.74000000,2109.76000000,2215.00000000,20628.89861442
2021-06-05T00:00:00Z,2214.85000000,2324.22000000,2106.66000000,2168.40000000,17639.04650174
2021-06-06T00:00:00Z,2165.55000000,2263.72000000,2155.70000000,2232.25000000,12479.04144812
2021-06-07T00:00:00Z,2230.64000000,2343.18000000,2114.02000000,2125.62000000,17867.09599678
2021-06-08T00:00:00Z,2122.08000000,2153.31000000,1894.38000000,2067.59000000,37699.15899418
2021-06-09T00:00:00Z,2060.81000000,2157.92000000,1978.47000000,2143.91000000,13627.82855903
2021-06-10T00:00:00Z,2144.47000000,2153.33000000,1995.00000000,2029.93000000,9823.31503969
2021-06-11T00:00:00Z,2028.97000000,2053.66000000,1917.72000000,1942.45000000,10258.89668045
2021-06-12T00:00:00Z,1943.86000000,2032.86000000,1867.45000000,1959.63000000,10231.98873722
2021-06-13T00:00:00Z,1963.72000000,2105.19000000,1913.16000000,2071.31000000,15229.66676775
2021-06-14T00:00:00Z,2075.74000000,2151.53000000,2031.90000000,2128.69000000,10895.07037631
2021-06-15T00:00:00Z,2129.37000000,2179.02000000,2068.55000000,2104.96000000,6619.25636438
2021-06-16T00:00:00Z,2099.70000000,2107.00000000,1960.59000000,1975.05000000,7826.04528022
2021-06-17T00:00:00Z,1974.54000000,2057.42000000,1936.46000000,1989.07000000,7255.79906105
2021-06-18T00:00:00Z,1989.95000000,1996.07000000,1803.01000000,1880.49000000,17933.09493682
2021-06-19T00:00:00Z,1885.91000000,1923.64000000,1825.52000000,1828.81000000,5710.06270700
2021-06-20T00:00:00Z,1830.27000000,1919.00000000,1727.56000000,1889.34000000,10983.79752220
2021-06-21T00:00:00Z,1891.11000000,1902.30000000,1565.00000000,1588.24000000,35337.73649400
2021-06-22T00:00:00Z,1583.62000000,1675.79000000,1426.11000000,1576.78000000,42123.51622186
2021-06-23T00:00:00Z,1575.26000000,1715.73000000,1528.00000000,1652.01000000,17942.64723509
2021-06-24T00:00:00Z,1650.48000000,1705.69000000,1581.52000000,1666.24000000,9905.26407614
2021-06-25T00:00:00Z,1671.65000000,1691.28000000,1500.00000000,1518.77000000,14892.56332414
2021-06-26T00:00:00Z,1517.82000000,1553.30000000,1443.05000000,1534.61000000,14600.81192019
2021-06-27T00:00:00Z,1532.21000000,1660.00000000,1514.24000000,1653.77000000,7838.24852181
2021-06-28T00:00:00Z,1660.72000000,1798.84000000,1643.61000000,1745.00000000,13968.16741375
2021-06-29T00:00:00Z,1749.88000000,1886.55000000,1739.97000000,1814.33000000,12135.06452452
2021-06-30T00:00:00Z,1820.40000000,1929.15000000,1755.25000000,1919.97000000,12330.37101422
2021-07-01T00:00:00Z,1921.13000000,1921.13000000,1739.13000000,1778.81000000,13462.80862055
2021-07-02T00:00:00Z,1778.27000000,1820.43000000,1706.00000000,1816.75000000,9175.12568681
2021-07-03T00:00:00Z,1820.43000000,1887.42000000,1783.79000000,1876.62000000,5899.87655048
2021-07-04T00:00:00Z,1876.92000000,2011.00000000,1845.37000000,1957.31000000,6760.06172154
2021-07-05T00:00:00Z,1955.48000000,1958.28000000,1818.77000000,1850.27000000,9628.08241038
2021-07-06T00:00:00Z,1851.12000000,1981.53000000,1851.12000000,1964.67000000,8999.67330620
2021-07-07T00:00:00Z,1963.65000000,2036.53000000,1940.50000000,1964.66000000,10716.31810427
2021-07-08T00:00:00Z,1960.00000000,1971.56000000,1756.19000000,1789.80000000,11729.40368632
2021-07-09T00:00:00Z,1787.45000000,1845.15000000,1730.59000000,1807.77000000,8837.18260799
2021-07-10T00:00:00Z,1807.74000000,1846.00000000,1748.47000000,1777.38000000,6985.43473779
2021-07-11T00:00:00Z,1781.89000000,1830.00000000,1754.12000000,1804.40000000,2762.41822090
2021-07-12T00:00:00Z,1801.90000000,1825.99000000,1691.32000000,1715.00000000,5541.69097912
2021-07-13T00:00:00Z,1714.74000000,1726.62000000,1627.27000000,1646.95000000,5928.75578229
2021-07-14T00:00:00Z,1650.77000000,1708.21000000,1582.51000000,1683.21000000,7764.18142115
2021-07-15T00:00:00Z,1685.22000000,1724.01000000,1594.49000000,1623.42000000,6735.74737318
2021-07-16T00:00:00Z,1624.23000000,1662.98000000,1567.14000000,1588.77000000,7104.89630585
2021-07-17T00:00:00Z,1588.74000000,1626.13000000,1564.24000000,1610.74000000,4740.67996702
2021-07-18T00:00:00Z,1609.24000000,1688.22000000,1593.36000000,1603.45000000,5752.96070421
2021-07-19T00:00:00Z,1599.09000000,1628.53000000,1522.73000000,1540.18000000,9741.42265188
2021-07-20T00:00:00Z,1541.93000000,1559.53000000,1456.10000000,1517.33000000,13167.06871163
2021-07-21T00:00:00Z,1516.29000000,1723.23000000,1490.00000000,1687.99000000,11870.36787284
2021-07-22T00:00:00Z,1692.91000000,1739.18000000,1651.85000000,1719.02000000,8143.94809185
2021-07-23T00:00:00Z,1723.18000000,1810.00000000,1695.80000000,1802.92000000,8532.99606589
2021-07-24T00:00:00Z,1806.80000000,1870.00000000,1787.31000000,1858.23000000,7109.16471161
2021-07-25T00:00:00Z,1856.80000000,1865.00000000,1789.00000000,1858.08000000,3967.79843323
2021-07-26T00:00:00Z,1860.56000000,2061.44000000,1846.75000000,1891.21000000,21641.75626575
2021-07-27T00:00:00Z,1885.84000000,1964.26000000,1824.56000000,1946.69000000,10567.43563503
2021-07-28T00:00:00Z,1945.20000000,1987.56000000,1901.25000000,1941.83000000,16416.18402167
2021-07-29T00:00:00Z,1942.60000000,2019.46000000,1915.00000000,2005.00000000,7685.17550318
2021-07-30T00:00:00Z,2008.38000000,2082.00000000,1946.84000000,2072.53000000,9055.84852681
2021-07-31T00:00:00Z,2074.98000000,2152.30000000,2038.49000000,2133.66000000,4745.72786074
2021-08-01T00:00:00Z,2137.52000000,2276.53000000,2117.22000000,2157.94000000,11033.73812695
2021-08-02T00:00:00Z,2156.06000000,2246.72000000,2113.50000000,2196.26000000,9996.72098092
2021-08-03T00:00:00Z,2193.74000000,2215.48000000,2060.00000000,2112.13000000,8890.47231574
2021-08-04T00:00:00Z,2111.18000000,2341.40000000,2077.21000000,2302.78000000,9869.25626684
2021-08-05T00:00:00Z,2303.18000000,2402.39000000,2141.92000000,2389.20000000,17156.24681178
2021-08-06T00:00:00Z,2388.68000000,2505.00000000,2305.01000000,2455.29000000,10030.64411027
2021-08-07T00:00:00Z,2455.14000000,2700.65000000,2432.44000000,2680.56000000,24181.24167098
2021-08-08T00:00:00Z,2679.27000000,2704.70000000,2500.42000000,2561.62000000,12552.24101705
2021-08-09T00:00:00Z,2566.97000000,2714.16000000,2461.88000000,2696.31000000,18248.78130417
2021-08-10T00:00:00Z,2690.28000000,2760.83000000,2603.00000000,2680.94000000,18453.32888402
2021-08-11T00:00:00Z,2679.98000000,2790.13000000,2668.14000000,2694.68000000,8205.78722617
2021-08-12T00:00:00Z,2690.24000000,2760.00000000,2538.47000000,2596.62000000,10450.08147583
2021-08-13T00:00:00Z,2599.10000000,2817.00000000,2587.31000000,2814.56000000,10864.95932467
2021-08-14T00:00:00Z,2815.43000000,2822.00000000,2722.45000000,2767.10000000,6840.48460439
2021-08-15T00:00:00Z,2769.81000000,2815.06000000,2638.64000000,2806.50000000,9011.95794717
2021-08-16T00:00:00Z,2806.39000000,2828.00000000,2654.98000000,2672.55000000,9854.12312608
2021-08-17T00:00:00Z,2670.00000000,2798.00000000,2558.00000000,2574.68000000,8875.96725358
2021-08-18T00:00:00Z,2579.29000000,2673.54000000,2521.37000000,2576.41000000,10972.99891246
2021-08-19T00:00:00Z,2577.46000000,2729.19000000,2534.18000000,2727.17000000,7611.68494863
2021-08-20T00:00:00Z,2730.00000000,2830.00000000,2721.35000000,2811.18000000,12194.67729846
2021-08-21T00:00:00Z,2812.42000000,2839.99000000,2751.82000000,2760.57000000,5952.01334382
2021-08-22T00:00:00Z,2758.69000000,2803.82000000,2678.18000000,2771.54000000,4736.04744882
2021-08-23T00:00:00Z,2771.14000000,2880.00000000,2765.70000000,2833.54000000,8932.21320709
2021-08-24T00:00:00Z,2833.62000000,2862.86000000,2681.23000000,2702.11000000,9984.67611832
2021-08-25T00:00:00Z,2705.71000000,2762.32000000,2621.00000000,2739.47000000,5892.05437977
2021-08-26T00:00:00Z,2746.12000000,2761.73000000,2600.00000000,2631.46000000,7209.47714874
2021-08-27T00:00:00Z,2633.06000000,2782.88000000,2608.27000000,2770.09000000,5486.56587597
2021-08-28T00:00:00Z,2775.99000000,2785.53000000,2724.00000000,2750.48000000,1841.55345218
2021-08-29T00:00:00Z,2754.20000000,2786.00000000,2675.00000000,2734.27000000,3100.99103454
2021-08-30T00:00:00Z,2732.69000000,2838.00000000,2661.75000000,2733.92000000,7218.19354791
2021-08-31T00:00:00Z,2738.14000000,2937.66000000,2705.61000000,2907.78000000,11284.36762403
2021-09-01T00:00:00Z,2905.16000000,3244.21000000,2867.47000000,3233.44000000,9318.05528565
2021-09-02T00:00:00Z,3231.58000000,3239.10000000,3140.00000000,3191.11000000,6279.61889739
2021-09-03T00:00:00Z,3191.10000000,3388.00000000,3122.14000000,3315.85000000,8702.22042647
2021-09-04T00:00:00Z,3306.34000000,3340.00000000,3229.00000000,3271.39000000,3085.62162047
2021-09-05T00:00:00Z,3273.69000000,3346.83000000,3230.41000000,3325.06000000,2454.67187295
2021-09-06T00:00:00Z,3321.43000000,3347.97000000,3260.37000000,3310.81000000,3494.09024000
2021-09-07T00:00:00Z,3312.24000000,3324.55000000,2557.00000000,2897.39000000,34408.69603212
2021-09-08T00:00:00Z,2904.06000000,3012.25000000,2721.91000000,2955.97000000,16381.05923185
2021-09-09T00:00:00Z,2972.65000000,3017.63000000,2872.64000000,2896.45000000,9264.43885481
2021-09-10T00:00:00Z,2896.62000000,2970.79000000,2669.21000000,2718.51000000,10351.40128425
2021-09-11T00:00:00Z,2727.33000000,2837.88000000,2712.93000000,2766.26000000,6921.47254161
2021-09-12T00:00:00Z,2762.15000000,2944.00000000,2736.96000000,2886.69000000,4449.70535045
2021-09-13T00:00:00Z,2879.65000000,2901.81000000,2635.78000000,2780.00000000,11715.46791351
2021-09-14T00:00:00Z,2781.91000000,2912.00000000,2770.94000000,2912.00000000,5200.03152047
2021-09-15T00:00:00Z,2909.74000000,3060.47000000,2847.44000000,3056.54000000,6720.09478293
2021-09-16T00:00:00Z,3057.46000000,3113.28000000,2962.07000000,3033.38000000,8701.38315644
2021-09-17T00:00:00Z,3032.21000000,3053.12000000,2857.88000000,2893.96000000,7433.87430355
2021-09-18T00:00:00Z,2902.25000000,3023.32000000,2876.78000000,2929.03000000,4581.27897974
2021-09-19T00:00:00Z,2932.47000000,2950.75000000,2800.55000000,2838.10000000,4907.93103958
2021-09-20T00:00:00Z,2849.43000000,2854.12000000,2490.00000000,2538.37000000,17380.84526326
2021-09-21T00:00:00Z,2537.35000000,2646.34000000,2212.61000000,2354.51000000,35520.69779521
2021-09-22T00:00:00Z,2355.77000000,2634.00000000,2337.66000000,2633.13000000,10528.71942582
2021-09-23T00:00:00Z,2633.62000000,2703.33000000,2597.06000000,2685.27000000,4547.42904356
2021-09-24T00:00:00Z,2686.98000000,2690.66000000,2331.27000000,2501.06000000,15063.11109939
2021-09-25T00:00:00Z,2503.55000000,2536.76000000,2383.83000000,2494.49000000,8030.45410397
2021-09-26T00:00:00Z,2494.28000000,2660.68000000,2341.01000000,2610.51000000,8940.52219633
2021-09-27T00:00:00Z,2607.40000000,2701.44000000,2500.45000000,2501.59000000,6400.13151901
2021-09-28T00:00:00Z,2500.10000000,2540.57000000,2386.94000000,2402.82000000,9118.69174683
2021-09-29T00:00:00Z,2400.30000000,2530.00000000,2391.13000000,2458.23000000,3921.20131563
2021-09-30T00:00:00Z,2456.43000000,2632.61000000,2449.44000000,2591.21000000,6594.43092478
2021-10-01T00:00:00Z,2597.59000000,2872.57000000,2566.45000000,2852.37000000,8996.81357582
2021-10-02T00:00:00Z,2853.63000000,3103.00000000,2811.01000000,2918.32000000,6929.60174873
2021-10-03T00:00:00Z,2915.08000000,3102.59000000,2881.60000000,2945.25000000,4993.14548798
2021-10-04T00:00:00Z,2946.89000000,2956.71000000,2816.84000000,2914.25000000,6559.09699253
2021-10-05T00:00:00Z,2915.10000000,3100.00000000,2897.22000000,3034.26000000,6222.46129599
2021-10-06T00:00:00Z,3029.78000000,3210.00000000,2885.00000000,3093.85000000,13116.37715193
2021-10-07T00:00:00Z,3085.64000000,3163.31000000,3000.00000000,3099.05000000,3984.08394076
2021-10-08T00:00:00Z,3106.55000000,3176.30000000,3053.29000000,3079.73000000,4864.04576699
2021-10-09T00:00:00Z,3080.26000000,3140.00000000,3059.63000000,3089.34000000,1738.60678182
2021-10-10T00:00:00Z,3087.40000000,3110.00000000,2941.87000000,2956.78000000,3167.72328304
2021-10-11T00:00:00Z,2953.17000000,3128.93000000,2917.08000000,3068.68000000,6136.66541194
2021-10-12T00:00:00Z,3064.64000000,3076.34000000,2935.11000000,3026.10000000,6064.22253821
2021-10-13T00:00:00Z,3027.71000000,3115.00000000,2950.15000000,3108.37000000,4890.72622857
2021-10-14T00:00:00Z,3112.46000000,3297.99000000,3093.81000000,3265.92000000,10668.07522438
2021-10-15T00:00:00Z,3272.70000000,3356.68000000,3220.28000000,3329.58000000,9223.92310085
2021-10-16T00:00:00Z,3331.77000000,3412.70000000,3267.53000000,3295.56000000,3981.63372421
2021-10-17T00:00:00Z,3288.51000000,3367.28000000,3142.51000000,3316.51000000,3616.00832733
2021-10-18T00:00:00Z,3322.44000000,3350.17000000,3168.00000000,3223.66000000,5032.17301488
2021-10-19T00:00:00Z,3232.32000000,3340.00000000,3216.88000000,3329.82000000,3812.83254464
2021-10-20T00:00:00Z,3331.09000000,3570.89000000,3287.06000000,3562.04000000,8001.36228102
2021-10-21T00:00:00Z,3559.87000000,3755.77000000,3440.00000000,3487.62000000,14400.29988816
2021-10-22T00:00:00Z,3484.55000000,3580.00000000,3340.00000000,3410.45000000,5204.44677546
2021-10-23T00:00:00Z,3410.51000000,3588.77000000,3387.30000000,3583.29000000,3623.23921145
2021-10-24T00:00:00Z,3587.00000000,3597.65000000,3406.56000000,3510.16000000,2564.58695066
2021-10-25T00:00:00Z,3508.17000000,3649.30000000,3494.02000000,3632.67000000,4325.77887464
2021-10-26T00:00:00Z,3635.52000000,3702.04000000,3527.38000000,3563.01000000,3785.23843300
2021-10-27T00:00:00Z,3564.20000000,3712.05000000,3371.51000000,3388.02000000,12893.90056093
2021-10-28T00:00:00Z,3389.06000000,3675.81000000,3355.38000000,3669.08000000,9001.22920089
2021-10-29T00:00:00Z,3670.10000000,3863.00000000,3653.35000000,3816.33000000,7813.02848463
2021-10-30T00:00:00Z,3819.10000000,3834.42000000,3665.96000000,3743.73000000,3744.54528701
2021-10-31T00:00:00Z,3745.15000000,3801.81000000,3609.93000000,3713.23000000,3629.45417436
2021-11-01T00:00:00Z,3714.24000000,3787.45000000,3590.20000000,3728.42000000,4206.46506541
2021-11-02T00:00:00Z,3723.31000000,3976.42000000,3697.80000000,3959.66000000,6312.07118116
2021-11-03T00:00:00Z,3968.66000000,4022.98000000,3852.00000000,3965.25000000,8018.99513011
2021-11-04T00:00:00Z,3965.03000000,3970.71000000,3831.24000000,3929.41000000,4972.32970094
2021-11-05T00:00:00Z,3929.00000000,3961.13000000,3845.48000000,3875.99000000,4081.84345151
2021-11-06T00:00:00Z,3875.52000000,3927.46000000,3754.03000000,3914.87000000,4631.76803337
2021-11-07T00:00:00Z,3915.94000000,4014.80000000,3903.76000000,3995.03000000,3941.73983913
2021-11-08T00:00:00Z,3997.00000000,4160.00000000,3991.72000000,4149.67000000,9888.28445418
2021-11-09T00:00:00Z,4147.95000000,4169.28000000,4066.64000000,4084.18000000,6379.69195940
2021-11-10T00:00:00Z,4086.31000000,4221.30000000,3865.55000000,4038.75000000,14338.79724417
2021-11-11T00:00:00Z,4035.98000000,4175.35000000,3989.17000000,4130.24000000,5767.10400351
2021-11-12T00:00:00Z,4123.58000000,4204.20000000,3942.00000000,4080.53000000,7312.50439464
2021-11-13T00:00:00Z,4079.80000000,4113.09000000,4010.00000000,4063.03000000,3279.59266033
2021-11-14T00:00:00Z,4059.51000000,4104.35000000,3953.39000000,4043.96000000,3583.00748013
2021-11-15T00:00:00Z,4044.74000000,4169.48000000,3996.36000000,4013.49000000,5502.58270783
2021-11-16T00:00:00Z,4017.66000000,4017.66000000,3615.00000000,3723.84000000,18110.69442280
2021-11-17T00:00:00Z,3719.55000000,3803.85000000,3579.62000000,3793.73000000,5634.30849807
2021-11-18T00:00:00Z,3801.20000000,3835.10000000,3482.99000000,3516.53000000,9284.60064449
2021-11-19T00:00:00Z,3520.46000000,3825.82000000,3498.72000000,3815.00000000,8591.72332852
2021-11-20T00:00:00Z,3816.38000000,3940.00000000,3733.08000000,3915.82000000,3924.35369964
2021-11-21T00:00:00Z,3915.25000000,3928.00000000,3770.91000000,3785.03000000,3122.10360097
2021-11-22T00:00:00Z,3789.22000000,3846.79000000,3584.85000000,3638.76000000,8444.93937069
2021-11-23T00:00:00Z,3636.92000000,3900.00000000,3612.00000000,3863.75000000,7232.04809369
2021-11-24T00:00:00Z,3863.03000000,3889.98000000,3720.00000000,3814.35000000,5608.47441595
2021-11-25T00:00:00Z,3813.69000000,4065.00000000,3793.56000000,4037.97000000,5496.59271008
2021-11-26T00:00:00Z,4039.34000000,4064.69000000,3472.00000000,3570.50000000,15507.26884548
2021-11-27T00:00:00Z,3582.54000000,3706.00000000,3568.40000000,3627.90000000,3670.46784963
2021-11-28T00:00:00Z,3624.58000000,3811.53000000,3500.70000000,3805.11000000,5400.26201481
2021-11-29T00:00:00Z,3810.09000000,3962.39000000,3793.97000000,3938.42000000,4184.29232792
2021-11-30T00:00:00Z,3940.88000000,4183.04000000,3846.00000000,4085.13000000,11323.05306470
2021-12-01T00:00:00Z,4089.36000000,4224.00000000,3993.99000000,4052.96000000,7536.02300927
2021-12-02T00:00:00Z,4053.40000000,4091.93000000,3923.91000000,3994.89000000,5514.74845343
2021-12-03T00:00:00Z,3995.02000000,4119.01000000,3586.00000000,3733.01000000,9394.22414569
2021-12-04T00:00:00Z,3733.26000000,3751.22000000,3093.58000000,3656.61000000,23073.70198113
2021-12-05T00:00:00Z,3650.91000000,3764.10000000,3565.94000000,3712.00000000,7969.69658583
2021-12-06T00:00:00Z,3716.36000000,3882.80000000,3471.42000000,3868.09000000,9582.36701019
2021-12-07T00:00:00Z,3865.97000000,3935.03000000,3777.93000000,3821.97000000,5072.41571506
2021-12-08T00:00:00Z,3828.25000000,3939.93000000,3745.20000000,3911.76000000,4722.39747309
2021-12-09T00:00:00Z,3917.00000000,3960.00000000,3607.22000000,3638.39000000,5937.96314542
2021-12-10T00:00:00Z,3639.92000000,3744.00000000,3438.31000000,3452.70000000,8422.04126172
2021-12-11T00:00:00Z,3449.33000000,3628.04000000,3390.00000000,3618.36000000,4176.69518277
2021-12-12T00:00:00Z,3620.00000000,3691.57000000,3523.05000000,3656.96000000,3436.71411103
2021-12-13T00:00:00Z,3654.96000000,3664.11000000,3251.50000000,3354.43000000,11769.05630303
2021-12-14T00:00:00Z,3355.38000000,3450.00000000,3262.25000000,3429.46000000,6247.70334054
2021-12-15T00:00:00Z,3429.97000000,3626.75000000,3237.61000000,3558.70000000,8883.12304274
2021-12-16T00:00:00Z,3559.26000000,3642.79000000,3489.45000000,3490.24000000,4524.65038560
2021-12-17T00:00:00Z,3490.67000000,3527.42000000,3273.00000000,3448.41000000,5855.39885404
2021-12-18T00:00:00Z,3455.03000000,3556.46000000,3354.29000000,3522.52000000,3140.98266936
2021-12-19T00:00:00Z,3521.45000000,3584.00000000,3461.72000000,3493.51000000,4637.86671576
2021-12-20T00:00:00Z,3493.63000000,3543.51000000,3324.72000000,3497.20000000,5310.50724223
2021-12-21T00:00:00Z,3510.00000000,3600.73000000,3468.86000000,3559.07000000,3771.89778321
2021-12-22T00:00:00Z,3562.73000000,3611.71000000,3481.80000000,3512.70000000,3434.57631634
2021-12-23T00:00:00Z,3514.06000000,3666.00000000,3437.67000000,3628.99000000,4190.81113824
2021-12-24T00:00:00Z,3633.72000000,3655.24000000,3554.88000000,3578.15000000,4217.75012236
2021-12-25T00:00:00Z,3577.09000000,3660.00000000,3555.55000000,3624.63000000,1811.24483739
2021-12-26T00:00:00Z,3626.75000000,3632.20000000,3545.84000000,3593.21000000,2267.49505166
2021-12-27T00:00:00Z,3591.82000000,3645.98000000,3561.11000000,3566.92000000,2271.97507310
2021-12-28T00:00:00Z,3566.66000000,3566.66000000,3323.63000000,3355.11000000,4645.37627909
2021-12-29T00:00:00Z,3355.74000000,3391.09000000,3173.01000000,3193.90000000,5691.47156675
2021-12-30T00:00:00Z,3196.50000000,3333.00000000,3158.83000000,3277.27000000,3272.76681872
2021-12-31T00:00:00Z,3273.49000000,3371.44000000,3185.00000000,3233.49000000,5175.89167273
2022-01-01T00:00:00Z,3235.41000000,3325.60000000,3235.41000000,3314.38000000,1398.71486291
2022-01-02T00:00:00Z,3314.15000000,3394.57000000,3273.21000000,3373.46000000,3021.18292560
2022-01-03T00:00:00Z,3370.61000000,3400.00000000,3260.89000000,3332.68000000,3698.47135121
2022-01-04T00:00:00Z,3337.27000000,3450.06000000,3286.10000000,3357.12000000,3839.79063877
2022-01-05T00:00:00Z,3351.88000000,3390.99000000,3013.99000000,3131.41000000,5804.12778841
2022-01-06T00:00:00Z,3132.63000000,3141.71000000,2920.00000000,3016.45000000,9470.85991143
2022-01-07T00:00:00Z,3017.96000000,3025.97000000,2702.28000000,2815.76000000,9085.22501284
2022-01-08T00:00:00Z,2817.00000000,2865.32000000,2643.00000000,2714.29000000,5683.41021283
2022-01-09T00:00:00Z,2711.58000000,2831.41000000,2693.74000000,2776.81000000,3601.13614500
2022-01-10T00:00:00Z,2777.12000000,2806.01000000,2595.12000000,2723.92000000,9129.36203004
2022-01-11T00:00:00Z,2722.77000000,2877.00000000,2694.70000000,2853.16000000,4841.66528394
2022-01-12T00:00:00Z,2857.15000000,2981.57000000,2822.76000000,2950.77000000,7033.14557610
2022-01-13T00:00:00Z,2949.34000000,2973.37000000,2821.37000000,2831.80000000,3602.35750853
2022-01-14T00:00:00Z,2829.08000000,2931.31000000,2785.50000000,2901.35000000,3139.55745300
2022-01-15T00:00:00Z,2903.34000000,2959.86000000,2866.46000000,2920.87000000,1856.92791832
2022-01-16T00:00:00Z,2918.57000000,2976.99000000,2873.71000000,2937.15000000,2163.07694944
2022-01-17T00:00:00Z,2934.55000000,2946.60000000,2756.24000000,2815.98000000,4339.18713235
2022-01-18T00:00:00Z,2816.48000000,2844.46000000,2723.28000000,2793.31000000,5133.51603240
2022-01-19T00:00:00Z,2789.31000000,2805.50000000,2687.69000000,2719.00000000,4429.05295733
2022-01-20T00:00:00Z,2723.09000000,2884.83000000,2644.47000000,2657.71000000,5704.75370676
2022-01-21T00:00:00Z,2650.74000000,2686.62000000,2173.30000000,2268.76000000,17025.68013568
2022-01-22T00:00:00Z,2267.66000000,2316.40000000,2027.00000000,2131.20000000,19569.11657036
2022-01-23T00:00:00Z,2130.40000000,2254.62000000,2093.59000000,2238.96000000,15027.25257344
2022-01-24T00:00:00Z,2242.81000000,2242.81000000,1904.44000000,2158.74000000,18171.63251355
2022-01-25T00:00:00Z,2158.72000000,2223.27000000,2078.13000000,2178.17000000,9013.69090886
2022-01-26T00:00:00Z,2174.54000000,2416.85000000,2137.89000000,2192.66000000,19106.83380395
2022-01-27T00:00:00Z,2193.56000000,2261.00000000,2078.00000000,2176.25000000,9686.22469270
2022-01-28T00:00:00Z,2179.25000000,2295.78000000,2120.35000000,2286.02000000,8259.35769403
2022-01-29T00:00:00Z,2282.83000000,2371.43000000,2262.36000000,2333.26000000,5719.70533406
2022-01-30T00:00:00Z,2333.26000000,2370.46000000,2283.26000000,2336.47000000,3923.71009035
2022-01-31T00:00:00Z,2337.23000000,2412.07000000,2224.00000000,2393.16000000,5814.34547423
2022-02-01T00:00:00Z,2395.64000000,2505.45000000,2381.91000000,2477.32000000,7593.87252239
2022-02-02T00:00:00Z,2478.25000000,2488.79000000,2310.88000000,2372.70000000,6589.95086066
2022-02-03T00:00:00Z,2380.91000000,2416.25000000,2255.56000000,2354.77000000,6568.90221245
2022-02-04T00:00:00Z,2360.84000000,2618.00000000,2335.93000000,2616.25000000,8882.38147463
2022-02-05T00:00:00Z,2614.56000000,2677.11000000,2586.98000000,2633.74000000,4949.07581112
2022-02-06T00:00:00Z,2637.41000000,2686.43000000,2583.60000000,2671.82000000,4079.46355248
2022-02-07T00:00:00Z,2670.52000000,2792.89000000,2617.75000000,2747.21000000,6876.55193433
2022-02-08T00:00:00Z,2753.90000000,2834.12000000,2653.55000000,2732.58000000,9144.23959473
2022-02-09T00:00:00Z,2733.90000000,2866.12000000,2677.23000000,2843.58000000,5582.91160830
2022-02-10T00:00:00Z,2844.47000000,2872.21000000,2681.00000000,2692.63000000,6950.86918176
2022-02-11T00:00:00Z,2694.61000000,2760.21000000,2536.00000000,2580.15000000,5790.16598773
2022-02-12T00:00:00Z,2581.37000000,2632.34000000,2519.83000000,2570.55000000,3203.92490506
2022-02-13T00:00:00Z,2576.68000000,2606.25000000,2501.57000000,2526.96000000,2694.85606041
2022-02-14T00:00:00Z,2535.78000000,2630.78000000,2489.94000000,2596.90000000,4447.32914685
2022-02-15T00:00:00Z,2593.05000000,2815.00000000,2573.65000000,2806.61000000,6417.63086838
2022-02-16T00:00:00Z,2808.07000000,2808.07000000,2680.69000000,2746.23000000,4670.81268798
2022-02-17T00:00:00Z,2750.33000000,2780.36000000,2512.09000000,2550.73000000,5741.87775373
2022-02-18T00:00:00Z,2545.84000000,2591.62000000,2430.24000000,2456.83000000,7768.26139802
2022-02-19T00:00:00Z,2455.09000000,2502.20000000,2381.75000000,2441.52000000,2458.47962591
2022-02-20T00:00:00Z,2441.48000000,2442.50000000,2273.79000000,2318.24000000,5514.60928517
2022-02-21T00:00:00Z,2318.24000000,2428.83000000,2261.78000000,2272.17000000,7543.93153104
2022-02-22T00:00:00Z,2273.77000000,2358.46000000,2211.39000000,2330.33000000,4650.04320466
2022-02-23T00:00:00Z,2330.62000000,2429.32000000,2280.47000000,2280.47000000,4723.65697030
2022-02-24T00:00:00Z,2283.97000000,2448.06000000,2046.73000000,2323.48000000,13740.06186041
2022-02-25T00:00:00Z,2323.48000000,2516.31000000,2301.90000000,2453.13000000,4734.64086252
2022-02-26T00:00:00Z,2457.58000000,2555.88000000,2419.83000000,2467.80000000,3357.33039486
2022-02-27T00:00:00Z,2468.48000000,2514.88000000,2294.04000000,2342.39000000,8367.19079184
2022-02-28T00:00:00Z,2338.92000000,2629.46000000,2304.40000000,2607.45000000,8093.11450497
2022-03-01T00:00:00Z,2603.84000000,2726.29000000,2548.38000000,2675.19000000,5964.12994820
2022-03-02T00:00:00Z,2672.81000000,2737.73000000,2618.00000000,2653.37000000,5277.38912962
2022-03-03T00:00:00Z,2655.44000000,2676.01000000,2518.37000000,2561.31000000,4514.31554969
2022-03-04T00:00:00Z,2554.63000000,2562.76000000,2356.11000000,2394.41000000,4812.71740361
2022-03-05T00:00:00Z,2394.68000000,2461.37000000,2373.06000000,2441.98000000,2059.61865596
2022-03-06T00:00:00Z,2440.90000000,2449.46000000,2333.40000000,2347.60000000,2491.60888504
2022-03-07T00:00:00Z,2347.25000000,2429.46000000,2255.00000000,2299.94000000,5536.88614923
2022-03-08T00:00:00Z,2296.70000000,2398.02000000,2269.69000000,2366.07000000,8348.83579463
2022-03-09T00:00:00Z,2364.82000000,2531.41000000,2357.33000000,2470.93000000,5386.78734495
2022-03-10T00:00:00Z,2462.07000000,2466.69000000,2285.00000000,2370.54000000,4758.47223959
2022-03-11T00:00:00Z,2369.28000000,2430.61000000,2269.98000000,2341.45000000,5589.57698006
2022-03-12T00:00:00Z,2343.68000000,2406.25000000,2342.58000000,2353.43000000,1249.23027968
2022-03-13T00:00:00Z,2351.47000000,2384.34000000,2282.10000000,2305.33000000,1821.66542580
2022-03-14T00:00:00Z,2303.50000000,2388.09000000,2290.63000000,2368.68000000,4693.98254264
2022-03-15T00:00:00Z,2366.00000000,2435.88000000,2283.62000000,2387.61000000,3038.11114391
2022-03-16T00:00:00Z,2390.56000000,2527.69000000,2376.25000000,2517.65000000,5537.99328127
2022-03-17T00:00:00Z,2518.23000000,2565.83000000,2488.76000000,2538.49000000,4387.90455931
2022-03-18T00:00:00Z,2537.40000000,2701.84000000,2493.07000000,2658.02000000,6468.04698118
2022-03-19T00:00:00Z,2658.71000000,2704.00000000,2609.15000000,2668.65000000,2831.23657010
2022-03-20T00:00:00Z,2668.92000000,2680.00000000,2545.74000000,2592.89000000,2286.19363833
2022-03-21T00:00:00Z,2593.86000000,2680.29000000,2566.37000000,2628.71000000,4181.20008654
2022-03-22T00:00:00Z,2623.52000000,2777.59000000,2622.36000000,2694.06000000,4118.19150665
2022-03-23T00:00:00Z,2691.40000000,2768.73000000,2649.05000000,2756.02000000,2863.38554938
2022-03-24T00:00:00Z,2757.63000000,2845.00000000,2735.00000000,2827.49000000,4322.68146306
2022-03-25T00:00:00Z,2825.34000000,2901.68000000,2800.00000000,2825.43000000,3895.40247175
2022-03-26T00:00:00Z,2825.96000000,2871.12000000,2812.18000000,2861.20000000,767.56779723
2022-03-27T00:00:00Z,2864.32000000,3003.56000000,2848.06000000,3003.56000000,1796.16039556
2022-03-28T00:00:00Z,3000.15000000,3125.00000000,2981.68000000,3029.81000000,6677.07132261
2022-03-29T00:00:00Z,3031.39000000,3141.39000000,3015.04000000,3068.07000000,6941.21904606
2022-03-30T00:00:00Z,3063.92000000,3092.00000000,2997.15000000,3030.99000000,2927.83081168
2022-03-31T00:00:00Z,3031.96000000,3103.58000000,2943.26000000,2964.13000000,4554.38346005
2022-04-01T00:00:00Z,2966.85000000,3153.19000000,2903.00000000,3127.07000000,4340.23058983
2022-04-02T00:00:00Z,3124.92000000,3198.00000000,3110.10000000,3116.90000000,2105.57548233
2022-04-03T00:00:00Z,3118.42000000,3243.19000000,3092.43000000,3190.28000000,1981.99921669
2022-04-04T00:00:00Z,3191.14000000,3232.59000000,3107.83000000,3208.75000000,3061.89953148
2022-04-05T00:00:00Z,3208.06000000,3242.91000000,3115.00000000,3123.72000000,3075.11370277
2022-04-06T00:00:00Z,3124.76000000,3124.76000000,2903.20000000,2909.08000000,5397.00524585
2022-04-07T00:00:00Z,2908.44000000,2997.73000000,2881.15000000,2968.71000000,4135.90875156
2022-04-08T00:00:00Z,2970.27000000,3049.00000000,2920.00000000,2936.67000000,3309.46580627
2022-04-09T00:00:00Z,2940.35000000,3008.00000000,2926.71000000,2999.50000000,1089.80454623
2022-04-10T00:00:00Z,3002.18000000,3045.79000000,2934.83000000,2941.30000000,2509.40151933
2022-04-11T00:00:00Z,2936.97000000,2950.57000000,2711.00000000,2738.25000000,6381.04045897
2022-04-12T00:00:00Z,2740.73000000,2855.00000000,2713.98000000,2797.97000000,4610.11209619
2022-04-13T00:00:00Z,2799.21000000,2873.66000000,2767.63000000,2863.61000000,3100.74888811
2022-04-14T00:00:00Z,2863.48000000,2887.32000000,2747.68000000,2790.21000000,3132.17110465
2022-04-15T00:00:00Z,2789.00000000,2832.33000000,2768.00000000,2815.00000000,3245.64701994
2022-04-16T00:00:00Z,2812.89000000,2858.70000000,2789.33000000,2834.40000000,849.94222348
2022-04-17T00:00:00Z,2831.15000000,2854.02000000,2759.96000000,2764.06000000,1198.17845609
2022-04-18T00:00:00Z,2763.63000000,2847.08000000,2668.93000000,2835.63000000,6540.61280538
2022-04-19T00:00:00Z,2835.69000000,2905.36000000,2808.66000000,2874.23000000,3695.32766542
2022-04-20T00:00:00Z,2872.83000000,2922.92000000,2801.29000000,2837.04000000,7013.80465349
2022-04-21T00:00:00Z,2834.35000000,2920.00000000,2715.86000000,2754.57000000,5046.94753063
2022-04-22T00:00:00Z,2754.20000000,2804.60000000,2720.93000000,2746.16000000,4727.91280760
2022-04-23T00:00:00Z,2745.91000000,2764.36000000,2703.37000000,2720.33000000,1353.00781983
2022-04-24T00:00:00Z,2720.33000000,2746.76000000,2698.00000000,2705.27000000,2933.50376547
2022-04-25T00:00:00Z,2704.64000000,2825.00000000,2604.29000000,2806.03000000,5215.99758536
2022-04-26T00:00:00Z,2807.45000000,2831.59000000,2600.00000000,2641.44000000,4041.65759984
2022-04-27T00:00:00Z,2642.16000000,2767.06000000,2629.90000000,2738.15000000,3239.67939412
2022-04-28T00:00:00Z,2734.07000000,2838.00000000,2716.90000000,2796.95000000,3707.35981976
2022-04-29T00:00:00Z,2799.94000000,2802.22000000,2633.36000000,2674.40000000,3040.83346506
2022-04-30T00:00:00Z,2674.00000000,2696.00000000,2580.00000000,2587.78000000,2777.90659914
2022-05-01T00:00:00Z,2590.88000000,2702.32000000,2580.00000000,2683.21000000,4790.22733596
2022-05-02T00:00:00Z,2683.80000000,2741.64000000,2643.17000000,2718.98000000,3170.55737823
2022-05-03T00:00:00Z,2716.94000000,2722.79000000,2616.17000000,2642.53000000,3403.32788947
2022-05-04T00:00:00Z,2643.33000000,2795.08000000,2631.63000000,2769.80000000,5400.33806834
2022-05-05T00:00:00Z,2769.08000000,2779.20000000,2556.00000000,2606.26000000,5784.62116405
2022-05-06T00:00:00Z,2606.98000000,2618.29000000,2490.33000000,2550.75000000,4473.96916061
2022-05-07T00:00:00Z,2552.91000000,2563.45000000,2454.28000000,2499.10000000,2078.75022443
2022-05-08T00:00:00Z,2497.47000000,2502.56000000,2356.97000000,2391.48000000,4356.08974557
2022-05-09T00:00:00Z,2391.89000000,2402.96000000,2102.13000000,2108.89000000,12748.49950954
2022-05-10T00:00:00Z,2112.52000000,2328.40000000,2083.44000000,2224.33000000,12082.62699794
2022-05-11T00:00:00Z,2223.81000000,2322.72000000,1896.12000000,1966.67000000,21219.97895991
2022-05-12T00:00:00Z,1978.25000000,2076.10000000,1621.40000000,1878.37000000,23283.52746885
2022-05-13T00:00:00Z,1882.60000000,2065.93000000,1864.97000000,1927.72000000,11212.38221069
2022-05-14T00:00:00Z,1928.19000000,1984.75000000,1870.76000000,1971.82000000,5762.44340966
2022-05-15T00:00:00Z,1972.78000000,2079.30000000,1920.23000000,2062.69000000,3902.36261989
2022-05-16T00:00:00Z,2053.18000000,2056.33000000,1896.48000000,1931.87000000,8871.57829384
2022-05-17T00:00:00Z,1936.89000000,2014.61000000,1905.00000000,1979.61000000,6613.87172052
2022-05-18T00:00:00Z,1980.79000000,1995.48000000,1820.00000000,1820.52000000,7134.18092858
2022-05-19T00:00:00Z,1831.70000000,1924.51000000,1812.05000000,1908.94000000,9480.18483665
2022-05-20T00:00:00Z,1905.48000000,1950.00000000,1820.00000000,1854.18000000,6004.12994400
2022-05-21T00:00:00Z,1855.22000000,1881.93000000,1832.85000000,1867.69000000,1825.69778664
2022-05-22T00:00:00Z,1865.68000000,1942.11000000,1858.87000000,1930.93000000,2653.46264396
2022-05-23T00:00:00Z,1929.48000000,1958.72000000,1830.00000000,1844.00000000,4903.46484122
2022-05-24T00:00:00Z,1845.18000000,1865.89000000,1773.03000000,1842.72000000,4467.66580216
2022-05-25T00:00:00Z,1841.94000000,1884.58000000,1812.63000000,1817.36000000,4997.76656990
2022-05-26T00:00:00Z,1819.18000000,1836.16000000,1622.61000000,1668.71000000,9457.51866072
2022-05-27T00:00:00Z,1668.34000000,1699.58000000,1584.53000000,1605.57000000,13851.67670645
2022-05-28T00:00:00Z,1609.64000000,1685.42000000,1603.02000000,1669.68000000,4307.29798080
2022-05-29T00:00:00Z,1669.24000000,1701.20000000,1641.84000000,1688.19000000,5650.51909593
2022-05-30T00:00:00Z,1685.26000000,1866.75000000,1679.38000000,1854.59000000,8965.15644836
2022-05-31T00:00:00Z,1854.88000000,1863.62000000,1792.28000000,1808.23000000,7451.30696600
2022-06-01T00:00:00Z,1809.85000000,1838.99000000,1652.65000000,1706.60000000,8242.10006353
2022-06-02T00:00:00Z,1702.92000000,1723.15000000,1663.63000000,1705.41000000,5373.92140734
2022-06-03T00:00:00Z,1707.31000000,1713.86000000,1620.09000000,1658.23000000,4962.89862294
2022-06-04T00:00:00Z,1655.04000000,1693.26000000,1631.73000000,1682.47000000,1360.88881003
2022-06-05T00:00:00Z,1683.99000000,1707.17000000,1655.32000000,1684.52000000,2362.41032047
2022-06-06T00:00:00Z,1685.31000000,1789.39000000,1682.52000000,1738.56000000,6594.42905288
2022-06-07T00:00:00Z,1738.56000000,1749.18000000,1616.00000000,1694.86000000,9285.05306604
2022-06-08T00:00:00Z,1693.84000000,1714.63000000,1650.79000000,1670.84000000,5310.75452601
2022-06-09T00:00:00Z,1673.77000000,1709.12000000,1654.46000000,1683.05000000,7960.77736893
2022-06-10T00:00:00Z,1681.12000000,1695.00000000,1573.55000000,1580.19000000,7688.57677027
2022-06-11T00:00:00Z,1580.52000000,1599.06000000,1427.77000000,1455.78000000,11926.47608625
2022-06-12T00:00:00Z,1457.57000000,1470.10000000,1354.65000000,1366.24000000,13613.23218321
2022-06-13T00:00:00Z,1366.44000000,1382.99000000,1117.08000000,1162.10000000,44637.29014272
2022-06-14T00:00:00Z,1158.10000000,1255.44000000,1033.19000000,1156.05000000,27371.21986454
2022-06-15T00:00:00Z,1156.49000000,1192.77000000,966.42000000,1183.96000000,26935.58204875
2022-06-16T00:00:00Z,1183.10000000,1201.52000000,996.35000000,1012.06000000,14284.68289426
2022-06-17T00:00:00Z,1012.14000000,1066.19000000,996.68000000,1034.42000000,13755.21052776
2022-06-18T00:00:00Z,1033.88000000,1043.60000000,838.98000000,947.15000000,30073.46448858
2022-06-19T00:00:00Z,947.83000000,1102.50000000,891.23000000,1074.82000000,28756.08278815
2022-06-20T00:00:00Z,1072.86000000,1108.60000000,1000.95000000,1071.83000000,17123.94517393
2022-06-21T00:00:00Z,1071.83000000,1129.41000000,1053.00000000,1068.54000000,15566.65979001
2022-06-22T00:00:00Z,1069.06000000,1070.03000000,987.00000000,992.83000000,15638.01939384
2022-06-23T00:00:00Z,993.53000000,1095.70000000,988.54000000,1087.30000000,14926.87867130
2022-06-24T00:00:00Z,1087.12000000,1178.66000000,1072.80000000,1159.57000000,18330.34322104
2022-06-25T00:00:00Z,1159.19000000,1192.43000000,1118.13000000,1176.28000000,8314.84556846
2022-06-26T00:00:00Z,1177.25000000,1213.92000000,1130.48000000,1133.74000000,8151.96082068
2022-06-27T00:00:00Z,1132.75000000,1170.51000000,1105.39000000,1124.39000000,15448.32175359
2022-06-28T00:00:00Z,1125.96000000,1173.32000000,1078.80000000,1086.08000000,13085.92095217
2022-06-29T00:00:00Z,1085.75000000,1098.28000000,1038.66000000,1051.53000000,12391.18929016
2022-06-30T00:00:00Z,1050.27000000,1057.67000000,958.19000000,1021.97000000,14573.18881078
2022-07-01T00:00:00Z,1019.96000000,1064.33000000,987.73000000,1014.27000000,13107.87155853
2022-07-02T00:00:00Z,1015.57000000,1033.36000000,985.53000000,1021.93000000,4428.67962501
2022-07-03T00:00:00Z,1022.52000000,1041.57000000,997.63000000,1028.50000000,3673.47717153
2022-07-04T00:00:00Z,1027.33000000,1110.85000000,1000.58000000,1101.82000000,9338.29686388
2022-07-05T00:00:00Z,1099.51000000,1137.37000000,1051.45000000,1104.33000000,9313.84842223
2022-07-06T00:00:00Z,1103.47000000,1180.83000000,1081.76000000,1164.00000000,11556.48429549
2022-07-07T00:00:00Z,1164.21000000,1233.38000000,1138.31000000,1215.49000000,10452.63786387
2022-07-08T00:00:00Z,1216.21000000,1250.92000000,1175.34000000,1191.07000000,14628.51099530
2022-07-09T00:00:00Z,1192.61000000,1212.75000000,1182.42000000,1195.05000000,2481.83563226
2022-07-10T00:00:00Z,1195.05000000,1197.67000000,1132.46000000,1148.12000000,3810.55646742
2022-07-11T00:00:00Z,1147.51000000,1152.75000000,1086.00000000,1090.77000000,6662.95962139
2022-07-12T00:00:00Z,1089.45000000,1091.34000000,1028.82000000,1033.37000000,9870.53415521
2022-07-13T00:00:00Z,1034.95000000,1112.49000000,1005.60000000,1111.42000000,13671.02001525
2022-07-14T00:00:00Z,1109.58000000,1210.00000000,1070.00000000,1188.69000000,17020.97620278
2022-07-15T00:00:00Z,1189.57000000,1276.00000000,1177.87000000,1220.43000000,12922.93177634
2022-07-16T00:00:00Z,1220.54000000,1420.00000000,1183.12000000,1343.84000000,9999.18812692
2022-07-17T00:00:00Z,1346.56000000,1373.75000000,1307.77000000,1325.11000000,6482.90791521
2022-07-18T00:00:00Z,1326.66000000,1572.30000000,1324.20000000,1567.40000000,15996.49368887
2022-07-19T00:00:00Z,1560.19000000,1605.00000000,1466.13000000,1507.77000000,17817.07925898
2022-07-20T00:00:00Z,1507.63000000,1585.02000000,1456.38000000,1495.60000000,12643.39546160
2022-07-21T00:00:00Z,1494.82000000,1570.52000000,1434.76000000,1542.15000000,12544.97119149
2022-07-22T00:00:00Z,1542.54000000,1620.00000000,1485.60000000,1504.29000000,10517.44173699
2022-07-23T00:00:00Z,1504.29000000,1564.48000000,1457.14000000,1517.37000000,5194.09086006
2022-07-24T00:00:00Z,1520.03000000,1630.13000000,1516.09000000,1566.47000000,4391.64347662
2022-07-25T00:00:00Z,1566.25000000,1578.20000000,1403.12000000,1406.67000000,10928.28151812
2022-07-26T00:00:00Z,1409.14000000,1435.14000000,1340.42000000,1431.50000000,10415.47660369
2022-07-27T00:00:00Z,1431.99000000,1611.00000000,1400.88000000,1602.92000000,10274.66241381
2022-07-28T00:00:00Z,1604.42000000,1750.00000000,1568.73000000,1693.70000000,12700.02530718
2022-07-29T00:00:00Z,1693.62000000,1727.64000000,1627.09000000,1685.80000000,11646.57553124
2022-07-30T00:00:00Z,1687.14000000,1705.74000000,1638.26000000,1661.97000000,4328.99603831
2022-07-31T00:00:00Z,1660.55000000,1715.59000000,1632.53000000,1646.83000000,3180.53553457
2022-08-01T00:00:00Z,1642.45000000,1666.53000000,1565.77000000,1589.87000000,5929.55129474
2022-08-02T00:00:00Z,1586.95000000,1646.89000000,1524.75000000,1606.70000000,9215.31188621
2022-08-03T00:00:00Z,1607.34000000,1652.48000000,1566.39000000,1594.16000000,6016.23352971
2022-08-04T00:00:00Z,1592.07000000,1637.01000000,1544.68000000,1570.59000000,11128.40385490
2022-08-05T00:00:00Z,1571.11000000,1710.91000000,1568.41000000,1704.30000000,9424.43759162
2022-08-06T00:00:00Z,1705.86000000,1718.17000000,1657.25000000,1660.98000000,2379.53634938
2022-08-07T00:00:00Z,1662.12000000,1699.76000000,1639.81000000,1673.01000000,2405.77244011
2022-08-08T00:00:00Z,1670.69000000,1780.00000000,1666.05000000,1744.98000000,7125.18283073
2022-08-09T00:00:00Z,1743.57000000,1754.55000000,1631.83000000,1669.04000000,8179.92052610
2022-08-10T00:00:00Z,1668.42000000,1830.10000000,1624.00000000,1801.70000000,11821.92634769
2022-08-11T00:00:00Z,1799.40000000,1878.00000000,1797.40000000,1824.40000000,11639.33087779
2022-08-12T00:00:00Z,1823.80000000,1914.90000000,1801.00000000,1907.90000000,7436.04385926
2022-08-13T00:00:00Z,1909.30000000,1968.00000000,1897.10000000,1935.40000000,5106.85903851
2022-08-14T00:00:00Z,1934.10000000,1978.30000000,1857.70000000,1887.80000000,5278.40276393
2022-08-15T00:00:00Z,1889.20000000,1965.30000000,1834.70000000,1871.30000000,10093.11726454
2022-08-16T00:00:00Z,1866.40000000,1891.20000000,1823.90000000,1847.60000000,6033.63292530
2022-08-17T00:00:00Z,1846.70000000,1925.00000000,1788.60000000,1801.50000000,12643.52451346
2022-08-18T00:00:00Z,1802.10000000,1862.60000000,1789.00000000,1830.90000000,5992.61628577
2022-08-19T00:00:00Z,1829.00000000,1831.30000000,1597.21000000,1604.20000000,21787.15930142
2022-08-20T00:00:00Z,1603.20000000,1650.10000000,1518.60000000,1572.00000000,8796.29373302
2022-08-21T00:00:00Z,1570.80000000,1639.40000000,1557.50000000,1612.30000000,9068.73646810
2022-08-22T00:00:00Z,1613.00000000,1638.80000000,1529.40000000,1636.60000000,12146.53281977
2022-08-23T00:00:00Z,1635.20000000,1680.10000000,1576.20000000,1669.50000000,11508.73157396
2022-08-24T00:00:00Z,1670.20000000,1698.60000000,1614.40000000,1661.80000000,8220.53457388
2022-08-25T00:00:00Z,1661.20000000,1722.50000000,1660.40000000,1700.70000000,8803.95058835
2022-08-26T00:00:00Z,1699.50000000,1702.10000000,1492.00000000,1514.70000000,14196.37407659
2022-08-27T00:00:00Z,1513.70000000,1525.10000000,1454.60000000,1498.30000000,8500.26059167
2022-08-28T00:00:00Z,1498.70000000,1517.00000000,1433.90000000,1435.40000000,4732.44152256
2022-08-29T00:00:00Z,1436.30000000,1559.20000000,1431.50000000,1551.80000000,6717.32753022
2022-08-30T00:00:00Z,1549.40000000,1600.60000000,1471.10000000,1519.10000000,10016.03351294
2022-08-31T00:00:00Z,1523.60000000,1611.10000000,1523.30000000,1548.80000000,7821.73422137
2022-09-01T00:00:00Z,1545.80000000,1606.00000000,1524.00000000,1592.10000000,7023.24407498
2022-09-02T00:00:00Z,1594.00000000,1647.90000000,1552.80000000,1583.80000000,8202.87115894
2022-09-03T00:00:00Z,1581.00000000,1589.10000000,1540.70000000,1564.30000000,2504.52503932
2022-09-04T00:00:00Z,1565.10000000,1593.70000000,1549.20000000,1592.30000000,2364.95859005
2022-09-05T00:00:00Z,1593.00000000,1637.50000000,1567.40000000,1623.80000000,5490.01306934
2022-09-06T00:00:00Z,1628.10000000,1699.00000000,1572.90000000,1573.60000000,9799.50428621
2022-09-07T00:00:00Z,1576.10000000,1655.30000000,1508.60000000,1629.40000000,10634.05189906
2022-09-08T00:00:00Z,1630.60000000,1663.40000000,1597.30000000,1634.10000000,8966.18118243
2022-09-09T00:00:00Z,1634.10000000,1737.50000000,1625.00000000,1710.60000000,10427.89520315
2022-09-10T00:00:00Z,1709.40000000,1778.00000000,1697.80000000,1765.90000000,4447.41085728
2022-09-11T00:00:00Z,1765.80000000,1778.30000000,1705.40000000,1750.60000000,4113.42673011
2022-09-12T00:00:00Z,1751.70000000,1766.70000000,1670.30000000,1695.20000000,7921.35079470
2022-09-13T00:00:00Z,1695.60000000,1735.40000000,1565.60000000,1578.70000000,11336.96944913
2022-09-14T00:00:00Z,1578.10000000,1651.20000000,1558.50000000,1639.10000000,5932.89732905
2022-09-15T00:00:00Z,1637.30000000,1660.00000000,1459.00000000,1474.40000000,10662.42818739
2022-09-16T00:00:00Z,1474.80000000,1485.40000000,1405.00000000,1432.50000000,8050.05770258
2022-09-17T00:00:00Z,1431.40000000,1474.80000000,1407.80000000,1468.20000000,4062.06462736
2022-09-18T00:00:00Z,1464.30000000,1464.30000000,1323.30000000,1332.10000000,9497.82647096
2022-09-19T00:00:00Z,1331.90000000,1388.60000000,1283.30000000,1372.80000000,10435.65566628
2022-09-20T00:00:00Z,1374.80000000,1385.10000000,1318.20000000,1327.40000000,7263.82576294
2022-09-21T00:00:00Z,1326.80000000,1427.00000000,1240.00000000,1269.00000000,17543.14453256
2022-09-22T00:00:00Z,1266.50000000,1370.10000000,1260.00000000,1347.70000000,10399.74872619
2022-09-23T00:00:00Z,1348.00000000,1381.70000000,1296.90000000,1370.00000000,14306.05393292
2022-09-24T00:00:00Z,1370.00000000,1391.10000000,1348.00000000,1358.30000000,6621.93605068
2022-09-25T00:00:00Z,1358.20000000,1377.20000000,1313.00000000,1336.70000000,8975.18235110
2022-09-26T00:00:00Z,1338.20000000,1392.50000000,1325.90000000,1389.20000000,16292.72902741
2022-09-27T00:00:00Z,1389.10000000,1452.50000000,1360.80000000,1383.90000000,14343.32696450
2022-09-28T00:00:00Z,1384.70000000,1396.70000000,1313.00000000,1377.30000000,16768.66284384
2022-09-29T00:00:00Z,1377.70000000,1393.80000000,1325.30000000,1359.20000000,9514.62211316
2022-09-30T00:00:00Z,1360.90000000,1400.00000000,1343.20000000,1355.20000000,8630.70923057
2022-10-01T00:00:00Z,1355.20000000,1360.70000000,1330.60000000,1338.40000000,1982.87019555
2022-10-02T00:00:00Z,1338.40000000,1344.60000000,1295.80000000,1303.00000000,3579.35466924
2022-10-03T00:00:00Z,1304.20000000,1356.30000000,1290.00000000,1345.40000000,6687.54450215
2022-10-04T00:00:00Z,1345.20000000,1375.90000000,1342.50000000,1364.20000000,5706.03996883
2022-10-05T00:00:00Z,1364.00000000,1379.10000000,1332.50000000,1365.00000000,4760.75958058
2022-10-06T00:00:00Z,1366.50000000,1400.90000000,1366.50000000,1381.10000000,5337.48168834
2022-10-07T00:00:00Z,1380.80000000,1389.20000000,1351.60000000,1367.90000000,5219.61677099
2022-10-08T00:00:00Z,1366.80000000,1373.40000000,1339.00000000,1350.60000000,1927.04380213
2022-10-09T00:00:00Z,1350.10000000,1364.20000000,1342.50000000,1359.00000000,1688.67075404
2022-10-10T00:00:00Z,1358.80000000,1373.60000000,1326.40000000,1328.50000000,5414.64111538
2022-10-11T00:00:00Z,1327.60000000,1332.30000000,1305.20000000,1319.00000000,6387.61305641
2022-10-12T00:00:00Z,1318.80000000,1345.00000000,1315.50000000,1332.90000000,6036.54116291
2022-10-13T00:00:00Z,1333.00000000,1336.60000000,1233.40000000,1318.00000000,11816.35487642
2022-10-14T00:00:00Z,1317.20000000,1376.00000000,1313.90000000,1333.80000000,7241.78012509
2022-10-15T00:00:00Z,1333.20000000,1338.20000000,1301.00000000,1312.00000000,1504.89259206
2022-10-16T00:00:00Z,1312.20000000,1352.20000000,1311.70000000,1340.70000000,1648.47378719
2022-10-17T00:00:00Z,1340.50000000,1365.30000000,1329.80000000,1352.30000000,4698.31006850
2022-10-18T00:00:00Z,1352.20000000,1361.40000000,1307.00000000,1328.90000000,5371.51190846
2022-10-19T00:00:00Z,1329.20000000,1336.00000000,1310.00000000,1315.40000000,4968.29396631
2022-10-20T00:00:00Z,1314.70000000,1333.90000000,1298.60000000,1311.80000000,6134.30212500
2022-10-21T00:00:00Z,1311.20000000,1325.40000000,1286.90000000,1318.80000000,8733.17663395
2022-10-22T00:00:00Z,1319.30000000,1339.00000000,1313.20000000,1333.00000000,1503.62659381
2022-10-23T00:00:00Z,1333.30000000,1389.50000000,1320.00000000,1382.70000000,5746.39296625
2022-10-24T00:00:00Z,1383.60000000,1390.70000000,1342.40000000,1359.70000000,6495.83348058
2022-10-25T00:00:00Z,1360.20000000,1530.00000000,1350.70000000,1464.60000000,18202.01643861
2022-10-26T00:00:00Z,1467.70000000,1590.30000000,1464.60000000,1551.90000000,19051.66155997
2022-10-27T00:00:00Z,1550.30000000,1578.80000000,1507.50000000,1518.80000000,12692.38472959
2022-10-28T00:00:00Z,1519.20000000,1582.70000000,1482.70000000,1560.20000000,11470.50785791
2022-10-29T00:00:00Z,1559.60000000,1667.30000000,1553.40000000,1624.30000000,10970.28879710
2022-10-30T00:00:00Z,1625.50000000,1644.30000000,1581.70000000,1599.50000000,2529.14959638
2022-10-31T00:00:00Z,1597.70000000,1644.20000000,1563.20000000,1592.30000000,6764.98662917
2022-11-01T00:00:00Z,1591.20000000,1622.50000000,1578.40000000,1600.20000000,12709.51146715
2022-11-02T00:00:00Z,1598.20000000,1628.00000000,1528.50000000,1547.80000000,7248.10478863
2022-11-03T00:00:00Z,1547.00000000,1593.10000000,1545.10000000,1570.00000000,5630.61165623
2022-11-04T00:00:00Z,1570.00000000,1688.80000000,1566.60000000,1652.00000000,11179.21228212
2022-11-05T00:00:00Z,1651.90000000,1673.20000000,1628.90000000,1633.10000000,2476.90443914
2022-11-06T00:00:00Z,1632.50000000,1645.90000000,1575.50000000,1581.00000000,5926.96071985
2022-11-07T00:00:00Z,1579.40000000,1604.90000000,1544.40000000,1564.50000000,5605.88583446
2022-11-08T00:00:00Z,1563.80000000,1573.20000000,1233.00000000,1325.90000000,26466.88227965
2022-11-09T00:00:00Z,1325.00000000,1328.40000000,1073.70000000,1100.60000000,24772.55370965
2022-11-10T00:00:00Z,1098.20000000,1329.90000000,1089.20000000,1272.20000000,12314.41964094
2022-11-11T00:00:00Z,1272.20000000,1280.80000000,1164.90000000,1242.00000000,8002.13479503
2022-11-12T00:00:00Z,1243.30000000,1243.30000000,1196.00000000,1209.90000000,3916.49233923
2022-11-13T00:00:00Z,1211.10000000,1227.10000000,1158.30000000,1180.80000000,7871.59407749
2022-11-14T00:00:00Z,1181.90000000,1247.80000000,1134.80000000,1201.70000000,7461.09562228
2022-11-15T00:00:00Z,1201.80000000,1236.30000000,1196.10000000,1209.30000000,5851.42142514
2022-11-16T00:00:00Z,1208.90000000,1221.20000000,1140.00000000,1170.10000000,7034.12368074
2022-11-17T00:00:00Z,1170.50000000,1181.40000000,1139.90000000,1158.10000000,6226.84390515
2022-11-18T00:00:00Z,1158.40000000,1186.70000000,1157.30000000,1172.90000000,4553.48719515
2022-11-19T00:00:00Z,1173.30000000,1190.40000000,1159.40000000,1178.00000000,1741.84616704
2022-11-20T00:00:00Z,1177.60000000,1186.10000000,1094.80000000,1105.20000000,6713.05800681
2022-11-21T00:00:00Z,1105.00000000,1113.70000000,1053.70000000,1079.00000000,6774.66920183
2022-11-22T00:00:00Z,1079.40000000,1111.00000000,1046.40000000,1103.00000000,7703.18336485
2022-11-23T00:00:00Z,1103.90000000,1142.40000000,1093.20000000,1137.20000000,7071.67084503
2022-11-24T00:00:00Z,1136.80000000,1164.30000000,1132.90000000,1156.00000000,3657.60180743
2022-11-25T00:00:00Z,1155.80000000,1159.80000000,1123.30000000,1150.60000000,3982.56042849
2022-11-26T00:00:00Z,1151.40000000,1185.00000000,1149.70000000,1158.90000000,2239.63739224
2022-11-27T00:00:00Z,1159.30000000,1174.50000000,1146.40000000,1150.70000000,1736.38788597
2022-11-28T00:00:00Z,1150.60000000,1154.30000000,1107.30000000,1128.80000000,4744.00278380
2022-11-29T00:00:00Z,1128.20000000,1187.30000000,1119.60000000,1176.80000000,4469.25595655
2022-11-30T00:00:00Z,1178.90000000,1257.10000000,1173.30000000,1241.40000000,9771.66275956
2022-12-01T00:00:00Z,1242.20000000,1242.50000000,1203.30000000,1212.20000000,9962.63100887
2022-12-02T00:00:00Z,1212.80000000,1231.40000000,1204.30000000,1229.10000000,3313.24243524
2022-12-03T00:00:00Z,1229.80000000,1237.20000000,1174.30000000,1179.00000000,2570.07767467
2022-12-04T00:00:00Z,1179.00000000,1220.20000000,1178.50000000,1214.70000000,3682.14347683
2022-12-05T00:00:00Z,1213.90000000,1237.50000000,1188.70000000,1199.60000000,3687.31939277
2022-12-06T00:00:00Z,1199.90000000,1216.60000000,1183.00000000,1213.40000000,2207.88653728
2022-12-07T00:00:00Z,1214.30000000,1219.80000000,1161.30000000,1170.80000000,2669.79810211
2022-12-08T00:00:00Z,1171.50000000,1222.00000000,1163.80000000,1212.20000000,2781.38602392
2022-12-09T00:00:00Z,1212.20000000,1226.70000000,1185.00000000,1198.10000000,5779.59864015
2022-12-10T00:00:00Z,1198.40000000,1217.10000000,1196.30000000,1201.80000000,1073.42630801
2022-12-11T00:00:00Z,1201.70000000,1218.20000000,1191.50000000,1200.30000000,1061.60180565
2022-12-12T00:00:00Z,1199.50000000,1211.70000000,1176.00000000,1208.90000000,2135.52553916
2022-12-13T00:00:00Z,1209.30000000,1267.80000000,1189.00000000,1242.20000000,6706.66952463
2022-12-14T00:00:00Z,1242.40000000,1264.90000000,1220.00000000,1224.20000000,5280.77452010
2022-12-15T00:00:00Z,1225.10000000,1227.90000000,1181.30000000,1189.20000000,5038.96048835
2022-12-16T00:00:00Z,1189.40000000,1201.80000000,1092.10000000,1102.00000000,5514.99577959
2022-12-17T00:00:00Z,1102.10000000,1123.30000000,1098.10000000,1121.00000000,2942.06455629
2022-12-18T00:00:00Z,1121.00000000,1129.20000000,1107.60000000,1117.60000000,2575.48560224
2022-12-19T00:00:00Z,1118.30000000,1128.00000000,1084.60000000,1099.20000000,6709.45816101
2022-12-20T00:00:00Z,1099.20000000,1153.80000000,1095.90000000,1145.40000000,3621.55265020
2022-12-21T00:00:00Z,1145.40000000,1150.20000000,1135.20000000,1144.10000000,2132.99071023
2022-12-22T00:00:00Z,1143.20000000,1169.50000000,1117.00000000,1148.30000000,2953.03336881
2022-12-23T00:00:00Z,1148.60000000,1158.90000000,1142.80000000,1148.10000000,2041.01651116
2022-12-24T00:00:00Z,1148.20000000,1153.10000000,1143.00000000,1147.70000000,785.52978883
2022-12-25T00:00:00Z,1147.70000000,1151.70000000,1125.30000000,1146.30000000,1470.53186064
2022-12-26T00:00:00Z,1146.80000000,1155.00000000,1139.10000000,1152.70000000,1738.87809153
2022-12-27T00:00:00Z,1153.60000000,1157.90000000,1128.10000000,1138.20000000,2476.39275432
2022-12-28T00:00:00Z,1138.20000000,1141.60000000,1113.90000000,1118.60000000,3722.85463309
2022-12-29T00:00:00Z,1119.50000000,1131.70000000,1115.80000000,1126.00000000,2944.17100643
2022-12-30T00:00:00Z,1125.00000000,1127.00000000,1106.30000000,1120.00000000,2064.94313190
2022-12-31T00:00:00Z,1120.00000000,1127.70000000,1112.40000000,1115.40000000,1858.45867034
2023-01-01T00:00:00Z,1115.30000000,1123.90000000,1111.10000000,1120.70000000,883.94935602
2023-01-02T00:00:00Z,1121.00000000,1143.40000000,1114.50000000,1135.90000000,1910.72621496
2023-01-03T00:00:00Z,1135.40000000,1154.90000000,1133.40000000,1151.30000000,1877.47286368
2023-01-04T00:00:00Z,1151.20000000,1197.10000000,1148.20000000,1184.70000000,5544.34418466
2023-01-05T00:00:00Z,1184.90000000,1192.20000000,1172.00000000,1188.70000000,6099.91356917
2023-01-06T00:00:00Z,1189.30000000,1199.00000000,1176.60000000,1191.70000000,10748.78500346
2023-01-07T00:00:00Z,1191.50000000,1192.90000000,1185.00000000,1187.30000000,2312.54882001
2023-01-08T00:00:00Z,1187.30000000,1214.90000000,1181.80000000,1209.70000000,4790.28425672
2023-01-09T00:00:00Z,1209.70000000,1251.50000000,1205.70000000,1230.20000000,11564.63256606
2023-01-10T00:00:00Z,1230.30000000,1254.10000000,1228.30000000,1243.20000000,7317.30576639
2023-01-11T00:00:00Z,1243.20000000,1298.60000000,1225.60000000,1290.60000000,5702.74666278
2023-01-12T00:00:00Z,1290.10000000,1324.60000000,1271.00000000,1304.40000000,7745.51263377
2023-01-13T00:00:00Z,1303.90000000,1351.70000000,1292.30000000,1339.60000000,6796.04424164
2023-01-14T00:00:00Z,1339.50000000,1470.80000000,1338.60000000,1430.00000000,9479.73888509
2023-01-15T00:00:00Z,1430.40000000,1444.00000000,1398.60000000,1434.30000000,3495.91952079
2023-01-16T00:00:00Z,1434.10000000,1482.90000000,1407.20000000,1455.50000000,5022.66569652
2023-01-17T00:00:00Z,1455.50000000,1481.10000000,1424.40000000,1451.30000000,6191.42273192
2023-01-18T00:00:00Z,1453.30000000,1479.50000000,1387.50000000,1400.40000000,7578.55083343
2023-01-19T00:00:00Z,1398.30000000,1443.30000000,1398.30000000,1431.70000000,3063.90602043
2023-01-20T00:00:00Z,1431.20000000,1537.40000000,1422.00000000,1527.40000000,4892.16423966
2023-01-21T00:00:00Z,1527.80000000,1546.80000000,1491.70000000,1497.30000000,4892.36632565
2023-01-22T00:00:00Z,1497.20000000,1532.80000000,1478.00000000,1498.40000000,3653.40358577
2023-01-23T00:00:00Z,1498.80000000,1515.50000000,1457.50000000,1496.00000000,6019.99046800
2023-01-24T00:00:00Z,1496.30000000,1508.70000000,1403.20000000,1428.70000000,6571.14216757
2023-01-25T00:00:00Z,1426.70000000,1503.10000000,1394.00000000,1475.20000000,8592.62587515
2023-01-26T00:00:00Z,1477.70000000,1495.10000000,1451.60000000,1469.50000000,3946.76360843
2023-01-27T00:00:00Z,1469.20000000,1491.50000000,1426.40000000,1470.60000000,5957.31280311
2023-01-28T00:00:00Z,1470.10000000,1478.20000000,1433.80000000,1449.20000000,1811.90589159
2023-01-29T00:00:00Z,1447.40000000,1527.70000000,1443.80000000,1513.30000000,4331.92700088
2023-01-30T00:00:00Z,1512.50000000,1515.20000000,1414.60000000,1444.20000000,4907.26685959
2023-01-31T00:00:00Z,1443.20000000,1476.00000000,1438.70000000,1459.50000000,3034.84904505
2023-02-01T00:00:00Z,1459.60000000,1499.90000000,1430.00000000,1490.60000000,6733.22982147
2023-02-02T00:00:00Z,1491.50000000,1570.90000000,1489.60000000,1506.90000000,7578.46639796
2023-02-03T00:00:00Z,1506.80000000,1547.90000000,1496.10000000,1540.90000000,3702.00732245
2023-02-04T00:00:00Z,1540.70000000,1569.50000000,1523.80000000,1543.20000000,1352.78902113
2023-02-05T00:00:00Z,1543.00000000,1550.10000000,1493.00000000,1510.40000000,2299.30701584
2023-02-06T00:00:00Z,1510.10000000,1542.80000000,1489.70000000,1504.00000000,4013.04481217
2023-02-07T00:00:00Z,1503.80000000,1561.90000000,1503.80000000,1556.90000000,3069.28941824
2023-02-08T00:00:00Z,1557.50000000,1580.00000000,1520.00000000,1539.80000000,2144.10313194
2023-02-09T00:00:00Z,1539.90000000,1544.40000000,1419.50000000,1439.00000000,6662.50564478
2023-02-10T00:00:00Z,1438.30000000,1448.40000000,1395.30000000,1417.70000000,3043.65472969
2023-02-11T00:00:00Z,1417.20000000,1445.50000000,1412.10000000,1442.10000000,1158.24876692
2023-02-12T00:00:00Z,1441.90000000,1450.00000000,1399.60000000,1419.60000000,1573.02533556
2023-02-13T00:00:00Z,1418.60000000,1428.40000000,1365.60000000,1403.90000000,4860.13120475
2023-02-14T00:00:00Z,1404.00000000,1457.20000000,1389.30000000,1449.40000000,5000.66172354
2023-02-15T00:00:00Z,1449.40000000,1571.80000000,1438.40000000,1565.80000000,4635.50752967
2023-02-16T00:00:00Z,1566.00000000,1631.00000000,1532.00000000,1537.00000000,6832.85558066
2023-02-17T00:00:00Z,1536.20000000,1609.20000000,1529.60000000,1583.20000000,3308.99949828
2023-02-18T00:00:00Z,1583.20000000,1600.80000000,1571.10000000,1580.90000000,1448.68362992
2023-02-19T00:00:00Z,1580.40000000,1612.20000000,1559.70000000,1572.70000000,2086.46902693
2023-02-20T00:00:00Z,1572.80000000,1607.70000000,1546.10000000,1594.00000000,2622.25037385
2023-02-21T00:00:00Z,1593.80000000,1606.90000000,1538.00000000,1555.40000000,3303.62398472
2023-02-22T00:00:00Z,1558.00000000,1564.00000000,1501.50000000,1549.10000000,3408.09020738
2023-02-23T00:00:00Z,1548.90000000,1579.50000000,1535.80000000,1556.70000000,2465.25349644
2023-02-24T00:00:00Z,1557.20000000,1567.00000000,1496.20000000,1524.70000000,4642.38959275
2023-02-25T00:00:00Z,1524.60000000,1525.40000000,1478.50000000,1513.90000000,1634.66899388
2023-02-26T00:00:00Z,1513.70000000,1565.40000000,1507.40000000,1555.80000000,1595.66537735
2023-02-27T00:00:00Z,1555.30000000,1575.60000000,1517.60000000,1540.10000000,3720.05089805
2023-02-28T00:00:00Z,1539.90000000,1553.00000000,1510.60000000,1516.90000000,2838.72663305
2023-03-01T00:00:00Z,1517.90000000,1567.70000000,1509.90000000,1561.60000000,3646.65345067
2023-03-02T00:00:00Z,1560.50000000,1571.10000000,1528.50000000,1554.50000000,4353.34319344
2023-03-03T00:00:00Z,1554.50000000,1555.30000000,1455.00000000,1475.50000000,6949.06916734
2023-03-04T00:00:00Z,1475.50000000,1483.00000000,1457.50000000,1473.90000000,963.64064674
2023-03-05T00:00:00Z,1473.60000000,1493.10000000,1462.70000000,1473.10000000,1636.93355693
2023-03-06T00:00:00Z,1472.30000000,1480.30000000,1460.40000000,1464.90000000,3131.03576953
2023-03-07T00:00:00Z,1465.00000000,1482.60000000,1430.50000000,1479.40000000,3197.67094317
2023-03-08T00:00:00Z,1479.50000000,1488.00000000,1445.00000000,1452.30000000,2358.09708477
2023-03-09T00:00:00Z,1452.60000000,1464.40000000,1332.20000000,1358.40000000,4703.24974460
2023-03-10T00:00:00Z,1356.30000000,1356.30000000,1294.00000000,1343.10000000,8744.67097838
2023-03-11T00:00:00Z,1342.40000000,1396.90000000,1328.80000000,1386.30000000,8458.89180334
2023-03-12T00:00:00Z,1386.10000000,1500.30000000,1366.30000000,1488.00000000,8789.58118007
2023-03-13T00:00:00Z,1489.90000000,1581.00000000,1437.30000000,1554.10000000,17861.68923233
2023-03-14T00:00:00Z,1554.10000000,1653.60000000,1535.90000000,1580.40000000,10004.48907650
2023-03-15T00:00:00Z,1581.00000000,1607.80000000,1529.50000000,1562.90000000,7054.07424009
2023-03-16T00:00:00Z,1563.10000000,1595.10000000,1543.60000000,1579.40000000,3402.29464422
2023-03-17T00:00:00Z,1579.20000000,1688.20000000,1569.70000000,1678.20000000,7583.03913809
2023-03-18T00:00:00Z,1677.80000000,1726.60000000,1642.30000000,1649.90000000,3625.36811171
2023-03-19T00:00:00Z,1650.40000000,1727.30000000,1650.40000000,1670.90000000,3181.27399846
2023-03-20T00:00:00Z,1672.50000000,1695.30000000,1612.00000000,1620.60000000,5146.29328929
2023-03-21T00:00:00Z,1620.60000000,1706.20000000,1609.80000000,1676.80000000,4288.45061271
2023-03-22T00:00:00Z,1677.00000000,1689.70000000,1578.00000000,1599.00000000,5468.74880621
2023-03-23T00:00:00Z,1599.20000000,1706.50000000,1591.40000000,1676.30000000,4234.84070683
2023-03-24T00:00:00Z,1677.20000000,1681.70000000,1606.80000000,1629.80000000,5166.82017461
2023-03-25T00:00:00Z,1629.30000000,1640.20000000,1595.80000000,1622.30000000,1798.08994225
2023-03-26T00:00:00Z,1622.10000000,1673.90000000,1620.00000000,1648.10000000,1936.37707721
2023-03-27T00:00:00Z,1648.00000000,1654.80000000,1566.50000000,1587.80000000,3665.17318129
2023-03-28T00:00:00Z,1588.30000000,1654.00000000,1575.00000000,1635.90000000,3302.96842874
2023-03-29T00:00:00Z,1636.20000000,1685.00000000,1635.20000000,1651.70000000,3254.23500631
2023-03-30T00:00:00Z,1653.50000000,1687.50000000,1618.90000000,1645.90000000,3000.39981833
2023-03-31T00:00:00Z,1646.30000000,1697.00000000,1636.10000000,1680.70000000,3426.58457146
2023-04-01T00:00:00Z,1680.50000000,1698.00000000,1668.20000000,1680.10000000,768.78836732
2023-04-02T00:00:00Z,1679.90000000,1683.30000000,1637.70000000,1662.00000000,1245.37122575
2023-04-03T00:00:00Z,1661.60000000,1688.80000000,1624.10000000,1660.90000000,3962.25333132
2023-04-04T00:00:00Z,1660.80000000,1735.60000000,1653.20000000,1708.10000000,5704.50612261
2023-04-05T00:00:00Z,1707.10000000,1773.00000000,1701.70000000,1750.90000000,4326.94619158
2023-04-06T00:00:00Z,1751.20000000,1751.40000000,1702.00000000,1716.00000000,2701.13648319
2023-04-07T00:00:00Z,1716.10000000,1726.10000000,1689.50000000,1710.60000000,2007.91826026
2023-04-08T00:00:00Z,1710.10000000,1725.80000000,1697.30000000,1699.60000000,1262.87095350
2023-04-09T00:00:00Z,1698.60000000,1719.70000000,1677.40000000,1705.00000000,2556.88307195
2023-04-10T00:00:00Z,1703.60000000,1766.00000000,1695.20000000,1758.00000000,3846.43372965
2023-04-11T00:00:00Z,1757.70000000,1778.70000000,1725.00000000,1731.80000000,3117.25340862
2023-04-12T00:00:00Z,1732.10000000,1758.10000000,1697.50000000,1744.00000000,3244.60702386
2023-04-13T00:00:00Z,1744.40000000,1831.90000000,1728.50000000,1823.00000000,4976.17012972
2023-04-14T00:00:00Z,1822.80000000,1930.00000000,1820.40000000,1910.20000000,8230.99881971
2023-04-15T00:00:00Z,1910.60000000,1922.40000000,1886.80000000,1903.50000000,2446.78892635
2023-04-16T00:00:00Z,1903.60000000,1948.80000000,1887.90000000,1930.60000000,2921.89793463
2023-04-17T00:00:00Z,1930.50000000,1932.10000000,1880.10000000,1899.60000000,4782.39657718
2023-04-18T00:00:00Z,1899.50000000,1936.00000000,1878.10000000,1916.80000000,3554.27925261
2023-04-19T00:00:00Z,1917.30000000,1917.70000000,1757.90000000,1767.80000000,11881.84462909
2023-04-20T00:00:00Z,1766.90000000,1804.30000000,1748.30000000,1771.40000000,4397.06470434
2023-04-21T00:00:00Z,1771.00000000,1783.30000000,1661.30000000,1681.60000000,7432.53591548
2023-04-22T00:00:00Z,1681.80000000,1721.60000000,1679.00000000,1709.90000000,3089.84856249
2023-04-23T00:00:00Z,1709.70000000,1716.00000000,1675.20000000,1694.50000000,3191.42510850
2023-04-24T00:00:00Z,1694.60000000,1719.10000000,1637.60000000,1666.10000000,5909.92898140
2023-04-25T00:00:00Z,1666.00000000,1710.50000000,1637.00000000,1700.90000000,4411.35866400
2023-04-26T00:00:00Z,1700.40000000,1777.20000000,1620.00000000,1689.80000000,8607.69066600
2023-04-27T00:00:00Z,1689.60000000,1757.50000000,1686.50000000,1731.40000000,5406.29130226
2023-04-28T00:00:00Z,1730.90000000,1748.30000000,1700.10000000,1716.10000000,2747.18730354
2023-04-29T00:00:00Z,1716.30000000,1740.30000000,1711.10000000,1732.20000000,1365.80345389
2023-04-30T00:00:00Z,1732.30000000,1758.90000000,1696.40000000,1699.20000000,2565.46834365
2023-05-01T00:00:00Z,1700.70000000,1714.20000000,1645.90000000,1670.20000000,6576.29359575
2023-05-02T00:00:00Z,1668.80000000,1711.20000000,1659.30000000,1698.80000000,3719.87438239
2023-05-03T00:00:00Z,1698.90000000,1730.80000000,1669.20000000,1721.30000000,3712.40569710
2023-05-04T00:00:00Z,1722.00000000,1734.30000000,1696.40000000,1703.70000000,4971.34039937
2023-05-05T00:00:00Z,1703.70000000,1814.50000000,1702.30000000,1810.10000000,5492.89221954
2023-05-06T00:00:00Z,1810.70000000,1830.70000000,1693.00000000,1725.00000000,5878.62013170
2023-05-07T00:00:00Z,1726.10000000,1756.40000000,1699.00000000,1700.80000000,3860.84446863
2023-05-08T00:00:00Z,1700.50000000,1711.90000000,1647.30000000,1681.40000000,6484.29729585
2023-05-09T00:00:00Z,1681.10000000,1697.80000000,1665.30000000,1685.40000000,3419.47660208
2023-05-10T00:00:00Z,1685.20000000,1715.90000000,1636.00000000,1677.80000000,3987.56632308
2023-05-11T00:00:00Z,1677.70000000,1681.40000000,1624.60000000,1645.70000000,4099.42682827
2023-05-12T00:00:00Z,1645.40000000,1674.10000000,1592.50000000,1666.40000000,6075.71783480
2023-05-13T00:00:00Z,1666.40000000,1673.70000000,1648.00000000,1656.50000000,2022.71063530
2023-05-14T00:00:00Z,1656.30000000,1681.20000000,1651.20000000,1659.30000000,2275.23847326
2023-05-15T00:00:00Z,1658.90000000,1699.00000000,1647.00000000,1671.00000000,3075.45072164
2023-05-16T00:00:00Z,1670.80000000,1685.50000000,1652.60000000,1679.20000000,1894.60467393
2023-05-17T00:00:00Z,1679.20000000,1693.00000000,1649.30000000,1680.30000000,2062.28859773
2023-05-18T00:00:00Z,1680.80000000,1692.40000000,1646.00000000,1672.00000000,2095.39001413
2023-05-19T00:00:00Z,1670.60000000,1690.00000000,1664.40000000,1677.60000000,1377.76888840
2023-05-20T00:00:00Z,1677.70000000,1692.20000000,1672.50000000,1684.30000000,658.45548409
2023-05-21T00:00:00Z,1684.10000000,1691.20000000,1664.60000000,1668.40000000,1222.64166240
2023-05-22T00:00:00Z,1668.60000000,1690.00000000,1656.60000000,1680.90000000,2222.51053921
2023-05-23T00:00:00Z,1681.10000000,1731.20000000,1679.00000000,1721.00000000,3197.26274537
2023-05-24T00:00:00Z,1721.50000000,1721.50000000,1646.70000000,1673.20000000,2649.70644895
2023-05-25T00:00:00Z,1673.10000000,1695.60000000,1638.80000000,1683.70000000,3466.38779426
2023-05-26T00:00:00Z,1684.10000000,1716.80000000,1675.00000000,1704.60000000,2552.72409618
2023-05-27T00:00:00Z,1704.80000000,1712.00000000,1690.00000000,1706.60000000,1071.88426754
2023-05-28T00:00:00Z,1706.70000000,1790.50000000,1700.20000000,1780.20000000,2616.13115625
2023-05-29T00:00:00Z,1781.50000000,1798.00000000,1748.80000000,1767.60000000,2652.87667173
2023-05-30T00:00:00Z,1767.50000000,1785.40000000,1756.60000000,1771.20000000,2820.98381022
2023-05-31T00:00:00Z,1771.10000000,1779.40000000,1732.50000000,1752.70000000,3084.57459347
2023-06-01T00:00:00Z,1752.80000000,1766.00000000,1721.70000000,1731.10000000,2115.40424840
2023-06-02T00:00:00Z,1730.90000000,1784.80000000,1718.90000000,1781.50000000,2925.59644653
2023-06-03T00:00:00Z,1782.00000000,1783.30000000,1758.90000000,1767.80000000,1838.39402952
2023-06-04T00:00:00Z,1767.80000000,1787.90000000,1760.80000000,1767.50000000,1790.28933545
2023-06-05T00:00:00Z,1766.30000000,1768.80000000,1660.00000000,1690.80000000,7564.89348136
2023-06-06T00:00:00Z,1691.00000000,1774.30000000,1683.50000000,1761.80000000,5849.20010265
2023-06-07T00:00:00Z,1761.40000000,1772.50000000,1702.20000000,1711.30000000,3274.16182402
2023-06-08T00:00:00Z,1710.80000000,1726.60000000,1708.20000000,1712.20000000,2050.35095548
2023-06-09T00:00:00Z,1712.30000000,1722.70000000,1695.60000000,1712.00000000,1903.86324234
2023-06-10T00:00:00Z,1712.00000000,1715.00000000,1601.00000000,1634.00000000,5121.16037766
2023-06-11T00:00:00Z,1634.00000000,1654.70000000,1621.10000000,1631.00000000,1579.20386713
2023-06-12T00:00:00Z,1631.00000000,1631.90000000,1599.90000000,1618.50000000,2930.27804873
2023-06-13T00:00:00Z,1618.70000000,1632.50000000,1597.00000000,1611.50000000,4344.17615492
2023-06-14T00:00:00Z,1611.70000000,1619.00000000,1506.00000000,1523.20000000,6095.64732869
2023-06-15T00:00:00Z,1522.90000000,1533.80000000,1491.70000000,1522.00000000,6324.68698456
2023-06-16T00:00:00Z,1521.90000000,1579.60000000,1505.10000000,1569.10000000,3986.24159898
2023-06-17T00:00:00Z,1569.30000000,1614.30000000,1566.10000000,1578.90000000,1111.86083946
2023-06-18T00:00:00Z,1579.00000000,1596.90000000,1565.40000000,1573.10000000,1004.43379698
2023-06-19T00:00:00Z,1572.80000000,1602.00000000,1555.10000000,1589.50000000,4022.36426846
2023-06-20T00:00:00Z,1589.60000000,1643.50000000,1570.70000000,1640.20000000,5428.35468753
2023-06-21T00:00:00Z,1641.00000000,1730.20000000,1636.90000000,1717.80000000,4422.02264215
2023-06-22T00:00:00Z,1717.10000000,1753.00000000,1702.00000000,1708.80000000,3407.17772920
2023-06-23T00:00:00Z,1708.20000000,1777.00000000,1702.30000000,1737.20000000,3167.23263630
2023-06-24T00:00:00Z,1737.50000000,1748.60000000,1711.40000000,1721.40000000,1214.35886046
2023-06-25T00:00:00Z,1721.80000000,1770.00000000,1716.00000000,1742.40000000,1408.06038307
2023-06-26T00:00:00Z,1741.90000000,1746.90000000,1685.00000000,1704.30000000,2484.00534640
2023-06-27T00:00:00Z,1704.30000000,1745.90000000,1700.00000000,1725.50000000,2000.51830536
2023-06-28T00:00:00Z,1725.50000000,1725.70000000,1664.90000000,1675.20000000,1560.04205788
2023-06-29T00:00:00Z,1675.20000000,1727.00000000,1675.20000000,1704.50000000,1433.09558860
2023-06-30T00:00:00Z,1704.30000000,1782.90000000,1674.60000000,1771.10000000,4674.93813659
2023-07-01T00:00:00Z,1771.40000000,1780.00000000,1749.00000000,1763.70000000,831.82561447
2023-07-02T00:00:00Z,1763.90000000,1794.10000000,1729.60000000,1775.30000000,1001.02810309
2023-07-03T00:00:00Z,1776.00000000,1813.40000000,1772.10000000,1790.70000000,2567.09760813
2023-07-04T00:00:00Z,1790.70000000,1803.70000000,1775.10000000,1779.70000000,2653.01206862
2023-07-05T00:00:00Z,1779.60000000,1786.00000000,1740.00000000,1760.00000000,1923.05260347
2023-07-06T00:00:00Z,1760.20000000,1800.00000000,1696.30000000,1696.40000000,3622.43006253
2023-07-07T00:00:00Z,1697.40000000,1722.20000000,1679.00000000,1707.20000000,2816.37738466
2023-07-08T00:00:00Z,1707.20000000,1708.40000000,1682.00000000,1702.10000000,824.42316854
2023-07-09T00:00:00Z,1702.50000000,1715.10000000,1694.00000000,1698.90000000,731.08045530
2023-07-10T00:00:00Z,1699.20000000,1732.10000000,1686.20000000,1709.00000000,1673.89552502
2023-07-11T00:00:00Z,1709.20000000,1715.60000000,1694.00000000,1706.40000000,2295.10440906
2023-07-12T00:00:00Z,1706.40000000,1720.00000000,1675.80000000,1681.00000000,1905.04857803
2023-07-13T00:00:00Z,1680.80000000,1795.00000000,1672.90000000,1787.10000000,4139.57030153
2023-07-14T00:00:00Z,1787.10000000,1806.60000000,1692.20000000,1729.40000000,6576.34268964
2023-07-15T00:00:00Z,1728.90000000,1736.40000000,1718.50000000,1723.20000000,1143.36956005
2023-07-16T00:00:00Z,1723.30000000,1733.60000000,1708.90000000,1714.20000000,919.51420499
2023-07-17T00:00:00Z,1713.80000000,1725.30000000,1668.90000000,1701.50000000,2333.22859710
2023-07-18T00:00:00Z,1703.10000000,1706.40000000,1675.60000000,1691.60000000,2154.16558900
2023-07-19T00:00:00Z,1691.60000000,1714.00000000,1681.40000000,1686.10000000,1725.57063616
2023-07-20T00:00:00Z,1686.20000000,1720.10000000,1681.00000000,1698.20000000,1905.73972456
2023-07-21T00:00:00Z,1698.60000000,1712.80000000,1693.70000000,1701.10000000,920.04868680
2023-07-22T00:00:00Z,1701.20000000,1705.70000000,1667.00000000,1678.80000000,995.36857687
2023-07-23T00:00:00Z,1679.00000000,1712.80000000,1672.60000000,1698.20000000,1368.69390284
2023-07-24T00:00:00Z,1698.00000000,1698.80000000,1655.00000000,1672.40000000,2388.01806859
2023-07-25T00:00:00Z,1672.40000000,1692.90000000,1666.20000000,1681.10000000,1568.25671315
2023-07-26T00:00:00Z,1680.80000000,1702.90000000,1669.00000000,1689.60000000,2425.25182911
2023-07-27T00:00:00Z,1689.80000000,1706.20000000,1676.30000000,1694.40000000,2431.33951576
2023-07-28T00:00:00Z,1694.30000000,1704.50000000,1689.40000000,1700.10000000,1640.16874269
2023-07-29T00:00:00Z,1699.70000000,1711.30000000,1695.70000000,1706.50000000,839.58575045
2023-07-30T00:00:00Z,1706.80000000,1709.60000000,1678.30000000,1688.10000000,1129.00610232
2023-07-31T00:00:00Z,1688.00000000,1702.20000000,1681.70000000,1686.50000000,2491.35732323
2023-08-01T00:00:00Z,1685.80000000,1700.00000000,1650.90000000,1699.50000000,3921.85616687
2023-08-02T00:00:00Z,1699.50000000,1705.00000000,1663.00000000,1679.70000000,2364.01731904
2023-08-03T00:00:00Z,1679.70000000,1695.20000000,1668.00000000,1675.20000000,1528.37547741
2023-08-04T00:00:00Z,1674.00000000,1679.70000000,1647.40000000,1659.50000000,1844.27433476
2023-08-05T00:00:00Z,1658.90000000,1669.50000000,1656.20000000,1667.60000000,443.84452675
2023-08-06T00:00:00Z,1667.60000000,1669.00000000,1657.80000000,1660.80000000,571.48862373
2023-08-07T00:00:00Z,1660.30000000,1675.50000000,1636.90000000,1659.50000000,2224.46920536
2023-08-08T00:00:00Z,1658.60000000,1711.00000000,1658.60000000,1692.00000000,2743.91927673
2023-08-09T00:00:00Z,1692.00000000,1702.10000000,1680.80000000,1689.00000000,1452.58050126
2023-08-10T00:00:00Z,1688.80000000,1691.90000000,1673.90000000,1685.40000000,1138.89518206
2023-08-11T00:00:00Z,1685.50000000,1691.70000000,1676.30000000,1687.30000000,1198.20603742
2023-08-12T00:00:00Z,1687.30000000,1692.50000000,1684.90000000,1689.90000000,739.04923709
2023-08-13T00:00:00Z,1689.90000000,1699.70000000,1675.90000000,1680.70000000,713.53054644
2023-08-14T00:00:00Z,1680.60000000,1697.00000000,1676.50000000,1689.70000000,1408.31137405
2023-08-15T00:00:00Z,1689.30000000,1691.60000000,1660.00000000,1674.80000000,2388.67167732
2023-08-16T00:00:00Z,1674.80000000,1676.20000000,1649.50000000,1659.50000000,1574.70785885
2023-08-17T00:00:00Z,1659.30000000,1662.40000000,1420.00000000,1548.00000000,7258.00209779
2023-08-18T00:00:00Z,1548.30000000,1563.50000000,1510.00000000,1529.70000000,3611.43805198
2023-08-19T00:00:00Z,1529.20000000,1562.90000000,1523.00000000,1538.80000000,1722.53930329
2023-08-20T00:00:00Z,1538.80000000,1560.00000000,1531.30000000,1552.00000000,2231.49687123
2023-08-21T00:00:00Z,1552.30000000,1552.30000000,1514.70000000,1529.90000000,2430.72725331
2023-08-22T00:00:00Z,1530.10000000,1532.70000000,1457.00000000,1506.60000000,2687.61897076
2023-08-23T00:00:00Z,1507.10000000,1566.20000000,1501.00000000,1546.50000000,3133.64184630
2023-08-24T00:00:00Z,1546.80000000,1549.30000000,1511.40000000,1537.20000000,2029.15384446
2023-08-25T00:00:00Z,1537.60000000,1547.10000000,1515.00000000,1531.70000000,1676.51055684
2023-08-26T00:00:00Z,1531.30000000,1533.10000000,1522.80000000,1526.10000000,540.13171749
2023-08-27T00:00:00Z,1526.10000000,1538.10000000,1525.00000000,1535.90000000,509.15388486
2023-08-28T00:00:00Z,1534.70000000,1537.00000000,1501.60000000,1524.80000000,2239.69758532
2023-08-29T00:00:00Z,1524.70000000,1603.90000000,1515.50000000,1590.30000000,3361.41567084
2023-08-30T00:00:00Z,1590.20000000,1591.60000000,1552.00000000,1560.40000000,1912.80944013
2023-08-31T00:00:00Z,1559.90000000,1586.20000000,1505.00000000,1517.50000000,2400.38145324
2023-09-01T00:00:00Z,1517.80000000,1525.80000000,1486.00000000,1511.50000000,2771.93181354
2023-09-02T00:00:00Z,1511.90000000,1526.80000000,1510.50000000,1520.70000000,787.76425356
2023-09-03T00:00:00Z,1520.70000000,1528.00000000,1508.60000000,1518.40000000,752.45186824
2023-09-04T00:00:00Z,1518.60000000,1523.60000000,1497.00000000,1509.20000000,1818.91302480
2023-09-05T00:00:00Z,1509.20000000,1536.80000000,1490.70000000,1523.50000000,1607.13624622
2023-09-06T00:00:00Z,1523.40000000,1555.10000000,1500.50000000,1522.60000000,2153.37674353
2023-09-07T00:00:00Z,1522.60000000,1551.80000000,1517.30000000,1540.90000000,2794.03115767
2023-09-08T00:00:00Z,1540.30000000,1547.10000000,1510.40000000,1529.50000000,2517.86397430
2023-09-09T00:00:00Z,1529.90000000,1531.20000000,1524.00000000,1529.80000000,738.12508732
2023-09-10T00:00:00Z,1529.90000000,1529.90000000,1495.10000000,1509.60000000,1980.59043263
2023-09-11T00:00:00Z,1509.90000000,1511.80000000,1424.70000000,1444.00000000,3702.91032262
2023-09-12T00:00:00Z,1444.00000000,1511.30000000,1442.40000000,1480.90000000,2051.09768243
2023-09-13T00:00:00Z,1481.60000000,1507.00000000,1471.10000000,1498.80000000,2702.29638241
2023-09-14T00:00:00Z,1498.80000000,1544.50000000,1498.10000000,1529.70000000,4018.48463459
2023-09-15T00:00:00Z,1529.50000000,1550.80000000,1510.20000000,1539.30000000,1393.94984861
2023-09-16T00:00:00Z,1539.90000000,1550.00000000,1529.70000000,1532.30000000,820.88403530
2023-09-17T00:00:00Z,1532.30000000,1532.70000000,1512.60000000,1521.00000000,1150.50827879
2023-09-18T00:00:00Z,1520.70000000,1564.90000000,1503.60000000,1531.10000000,3005.28449437
2023-09-19T00:00:00Z,1530.50000000,1553.50000000,1521.90000000,1538.70000000,1522.93297723
2023-09-20T00:00:00Z,1538.30000000,1543.60000000,1505.10000000,1522.80000000,2119.73465797
2023-09-21T00:00:00Z,1522.90000000,1528.10000000,1472.60000000,1486.10000000,1898.75024892
2023-09-22T00:00:00Z,1485.50000000,1504.60000000,1479.00000000,1496.30000000,2086.53690060
2023-09-23T00:00:00Z,1496.50000000,1501.00000000,1492.20000000,1498.10000000,629.93590682
2023-09-24T00:00:00Z,1498.10000000,1504.20000000,1475.00000000,1484.70000000,739.91267863
2023-09-25T00:00:00Z,1484.10000000,1506.40000000,1468.50000000,1498.00000000,2743.92978517
2023-09-26T00:00:00Z,1498.40000000,1508.00000000,1492.40000000,1506.50000000,1257.44587447
2023-09-27T00:00:00Z,1507.30000000,1547.80000000,1501.70000000,1520.10000000,1960.67589523
2023-09-28T00:00:00Z,1520.30000000,1577.40000000,1519.00000000,1564.10000000,1728.19108311
2023-09-29T00:00:00Z,1564.10000000,1592.00000000,1558.00000000,1577.10000000,1856.66712140
2023-09-30T00:00:00Z,1577.40000000,1602.50000000,1576.20000000,1580.50000000,1092.30960900
2023-10-01T00:00:00Z,1580.50000000,1659.10000000,1577.90000000,1639.90000000,1461.36249315
2023-10-02T00:00:00Z,1640.60000000,1649.90000000,1563.50000000,1586.40000000,3489.21914577
2023-10-03T00:00:00Z,1586.30000000,1595.20000000,1570.00000000,1582.70000000,1521.41488378
2023-10-04T00:00:00Z,1582.70000000,1583.30000000,1550.50000000,1568.00000000,1851.62321591
2023-10-05T00:00:00Z,1568.20000000,1573.80000000,1526.20000000,1527.90000000,1897.69964461
2023-10-06T00:00:00Z,1528.70000000,1569.40000000,1528.70000000,1555.30000000,1853.21867902
2023-10-07T00:00:00Z,1555.50000000,1557.70000000,1541.60000000,1545.10000000,725.43594225
2023-10-08T00:00:00Z,1544.90000000,1553.20000000,1528.90000000,1546.40000000,603.62106442
2023-10-09T00:00:00Z,1546.20000000,1550.50000000,1469.80000000,1493.90000000,1946.66245980
2023-10-10T00:00:00Z,1493.20000000,1509.50000000,1463.00000000,1478.70000000,1173.41023361
2023-10-11T00:00:00Z,1478.50000000,1488.90000000,1457.50000000,1475.20000000,1578.62133577
2023-10-12T00:00:00Z,1474.50000000,1477.00000000,1441.50000000,1460.80000000,1748.92036880
2023-10-13T00:00:00Z,1460.40000000,1497.70000000,1458.40000000,1477.50000000,1259.23544284
2023-10-14T00:00:00Z,1477.70000000,1486.50000000,1470.90000000,1480.60000000,630.37663349
2023-10-15T00:00:00Z,1480.90000000,1491.00000000,1475.00000000,1480.70000000,678.46349759
2023-10-16T00:00:00Z,1480.60000000,1556.20000000,1478.70000000,1515.80000000,2787.65743982
2023-10-17T00:00:00Z,1515.90000000,1516.70000000,1468.60000000,1480.20000000,1469.97058281
2023-10-18T00:00:00Z,1480.40000000,1502.20000000,1477.20000000,1484.30000000,1357.99832052
2023-10-19T00:00:00Z,1482.80000000,1488.20000000,1463.60000000,1481.40000000,1333.73409652
2023-10-20T00:00:00Z,1481.50000000,1540.00000000,1478.10000000,1514.30000000,1310.31774040
2023-10-21T00:00:00Z,1514.30000000,1550.70000000,1503.00000000,1537.10000000,1183.78707230
2023-10-22T00:00:00Z,1537.40000000,1573.90000000,1531.00000000,1571.20000000,912.21638526
2023-10-23T00:00:00Z,1571.80000000,1685.00000000,1565.40000000,1654.30000000,3244.69025451
2023-10-24T00:00:00Z,1656.10000000,1745.00000000,1649.00000000,1684.80000000,4392.66082932
2023-10-25T00:00:00Z,1683.90000000,1716.70000000,1662.70000000,1692.60000000,1823.63448250
2023-10-26T00:00:00Z,1692.20000000,1767.20000000,1674.50000000,1708.10000000,2141.18914612
2023-10-27T00:00:00Z,1707.50000000,1708.40000000,1650.60000000,1684.70000000,1452.99578989
2023-10-28T00:00:00Z,1684.30000000,1706.80000000,1678.30000000,1682.80000000,710.41906633
2023-10-29T00:00:00Z,1682.70000000,1715.40000000,1670.00000000,1701.00000000,718.48180124
2023-10-30T00:00:00Z,1701.70000000,1726.70000000,1679.30000000,1705.90000000,1415.47570595
2023-10-31T00:00:00Z,1705.40000000,1719.50000000,1680.10000000,1716.80000000,1176.77577613
2023-11-01T00:00:00Z,1716.40000000,1758.40000000,1690.90000000,1745.30000000,1747.19267536
2023-11-02T00:00:00Z,1745.70000000,1769.20000000,1684.20000000,1698.00000000,2027.95566739
2023-11-03T00:00:00Z,1698.00000000,1712.10000000,1673.40000000,1710.50000000,1891.21373346
2023-11-04T00:00:00Z,1710.60000000,1744.50000000,1703.20000000,1732.70000000,1609.71177098
2023-11-05T00:00:00Z,1733.20000000,1784.40000000,1724.60000000,1766.50000000,1942.79758399
2023-11-06T00:00:00Z,1766.50000000,1784.40000000,1744.40000000,1775.40000000,1771.75931666
2023-11-07T00:00:00Z,1775.30000000,1784.80000000,1734.40000000,1764.50000000,2342.33274940
2023-11-08T00:00:00Z,1764.50000000,1779.40000000,1754.50000000,1763.70000000,1712.34196993
2023-11-09T00:00:00Z,1764.60000000,1999.70000000,1760.30000000,1988.80000000,7127.36336847
2023-11-10T00:00:00Z,1991.20000000,2002.60000000,1936.10000000,1946.20000000,5863.26102196
2023-11-11T00:00:00Z,1946.70000000,1960.60000000,1902.50000000,1925.60000000,1513.01631697
2023-11-12T00:00:00Z,1925.00000000,1937.40000000,1883.50000000,1915.70000000,1291.36701025
2023-11-13T00:00:00Z,1915.50000000,1980.80000000,1900.00000000,1920.20000000,3939.64966864
2023-11-14T00:00:00Z,1920.60000000,1930.90000000,1778.20000000,1820.60000000,3411.75981972
2023-11-15T00:00:00Z,1820.20000000,1903.10000000,1810.00000000,1900.80000000,2476.08329132
2023-11-16T00:00:00Z,1900.00000000,1928.00000000,1788.30000000,1809.40000000,2393.80658719
2023-11-17T00:00:00Z,1809.20000000,1836.40000000,1754.10000000,1800.30000000,2705.02589794
2023-11-18T00:00:00Z,1799.20000000,1810.40000000,1760.30000000,1802.30000000,1284.08174804
2023-11-19T00:00:00Z,1802.80000000,1849.90000000,1785.00000000,1846.40000000,1173.95894506
2023-11-20T00:00:00Z,1847.30000000,1891.20000000,1824.90000000,1849.50000000,1743.17991273
2023-11-21T00:00:00Z,1849.30000000,1859.00000000,1771.80000000,1771.80000000,2992.19847000
2023-11-22T00:00:00Z,1771.80000000,1921.30000000,1769.80000000,1896.20000000,2857.37785354
2023-11-23T00:00:00Z,1896.10000000,1912.80000000,1872.30000000,1892.60000000,1442.45747072
2023-11-24T00:00:00Z,1892.90000000,1950.90000000,1888.00000000,1903.10000000,2148.15250286
2023-11-25T00:00:00Z,1904.00000000,1912.40000000,1890.50000000,1906.40000000,692.91890049
2023-11-26T00:00:00Z,1906.20000000,1916.50000000,1865.00000000,1886.40000000,1571.78438059
2023-11-27T00:00:00Z,1887.20000000,1896.40000000,1815.30000000,1851.40000000,1716.28257566
2023-11-28T00:00:00Z,1851.30000000,1888.80000000,1823.80000000,1862.90000000,2616.52580672
2023-11-29T00:00:00Z,1862.90000000,1890.80000000,1842.20000000,1850.40000000,1743.84869624
2023-11-30T00:00:00Z,1850.30000000,1887.60000000,1842.70000000,1884.70000000,1769.45309607
2023-12-01T00:00:00Z,1886.50000000,1939.80000000,1877.80000000,1919.30000000,2661.11954354
2023-12-02T00:00:00Z,1919.80000000,2009.70000000,1918.40000000,1989.70000000,1835.60292712
2023-12-03T00:00:00Z,1989.60000000,2036.00000000,1976.30000000,2014.50000000,1426.16881258
2023-12-04T00:00:00Z,2015.40000000,2093.90000000,2014.50000000,2070.50000000,3232.06560106
2023-12-05T00:00:00Z,2067.00000000,2140.70000000,2022.20000000,2124.80000000,3267.48375401
2023-12-06T00:00:00Z,2125.80000000,2140.60000000,2062.50000000,2075.20000000,2691.64121657
2023-12-07T00:00:00Z,2074.80000000,2208.40000000,2063.70000000,2185.80000000,3389.96769101
2023-12-08T00:00:00Z,2185.30000000,2214.80000000,2177.90000000,2193.20000000,3136.67320327
2023-12-09T00:00:00Z,2193.70000000,2234.10000000,2166.30000000,2176.80000000,2042.22001194
2023-12-10T00:00:00Z,2177.20000000,2211.10000000,2158.30000000,2186.40000000,1289.39685477
2023-12-11T00:00:00Z,2186.00000000,2188.10000000,1986.40000000,2066.90000000,5113.01488195
2023-12-12T00:00:00Z,2065.90000000,2083.00000000,2006.70000000,2040.60000000,3879.60663809
2023-12-13T00:00:00Z,2040.70000000,2102.50000000,1989.00000000,2078.40000000,4243.12754556
2023-12-14T00:00:00Z,2079.50000000,2122.30000000,2040.10000000,2107.60000000,3450.08828546
2023-12-15T00:00:00Z,2107.50000000,2110.70000000,2020.80000000,2039.30000000,2452.28130559
2023-12-16T00:00:00Z,2039.70000000,2078.90000000,2032.10000000,2047.40000000,1116.54555239
2023-12-17T00:00:00Z,2046.80000000,2063.20000000,2012.60000000,2016.00000000,1405.16428154
2023-12-18T00:00:00Z,2016.00000000,2036.60000000,1940.00000000,2031.70000000,2806.36537289
2023-12-19T00:00:00Z,2032.10000000,2062.30000000,1946.20000000,1984.20000000,2681.73069625
2023-12-20T00:00:00Z,1984.20000000,2066.60000000,1971.60000000,2011.60000000,2786.98491716
2023-12-21T00:00:00Z,2011.20000000,2075.00000000,1993.40000000,2035.40000000,3419.22918663
2023-12-22T00:00:00Z,2036.30000000,2128.00000000,2028.80000000,2114.10000000,3274.22070136
2023-12-23T00:00:00Z,2115.30000000,2119.80000000,2061.90000000,2102.90000000,1880.06888758
2023-12-24T00:00:00Z,2102.60000000,2118.50000000,2046.90000000,2063.70000000,1587.87448298
2023-12-25T00:00:00Z,2063.90000000,2097.20000000,2051.50000000,2062.90000000,1833.69583937
2023-12-26T00:00:00Z,2062.80000000,2065.20000000,1975.40000000,2021.60000000,2134.36723569
2023-12-27T00:00:00Z,2021.60000000,2155.00000000,2006.80000000,2144.40000000,3431.98663430
2023-12-28T00:00:00Z,2144.90000000,2201.60000000,2114.00000000,2121.10000000,3777.16656925
2023-12-29T00:00:00Z,2121.30000000,2160.50000000,2051.30000000,2090.10000000,3849.20102552
2023-12-30T00:00:00Z,2088.80000000,2109.90000000,2061.10000000,2082.80000000,1500.43140881
2023-12-31T00:00:00Z,2082.20000000,2108.00000000,2049.50000000,2073.10000000,1446.84784320
2024-01-01T00:00:00Z,2073.30000000,2133.90000000,2059.20000000,2133.90000000,1434.72456794
2024-01-02T00:00:00Z,2133.40000000,2206.40000000,2129.10000000,2154.80000000,3600.90196630
2024-01-03T00:00:00Z,2154.70000000,2180.60000000,1930.00000000,2030.40000000,6314.35023889
2024-01-04T00:00:00Z,2029.80000000,2099.80000000,2015.80000000,2074.80000000,3985.04472021
2024-01-05T00:00:00Z,2075.80000000,2084.60000000,2017.60000000,2076.90000000,5288.05479880
2024-01-06T00:00:00Z,2077.20000000,2078.60000000,2030.00000000,2051.40000000,1866.70373066
2024-01-07T00:00:00Z,2051.60000000,2067.40000000,2020.00000000,2032.90000000,3256.88002919
2024-01-08T00:00:00Z,2033.10000000,2154.20000000,1983.80000000,2130.80000000,4313.44395825
2024-01-09T00:00:00Z,2130.40000000,2172.00000000,2040.00000000,2147.00000000,5589.42044517
2024-01-10T00:00:00Z,2147.20000000,2410.00000000,2141.70000000,2357.50000000,7806.19984395
2024-01-11T00:00:00Z,2357.70000000,2461.60000000,2341.30000000,2386.20000000,6592.91965371
2024-01-12T00:00:00Z,2386.70000000,2475.70000000,2245.50000000,2307.40000000,5553.82308829
2024-01-13T00:00:00Z,2307.60000000,2371.50000000,2287.60000000,2358.30000000,2014.77240795
2024-01-14T00:00:00Z,2360.00000000,2360.00000000,2257.20000000,2259.90000000,2559.24513387
2024-01-15T00:00:00Z,2260.20000000,2333.00000000,2259.90000000,2296.00000000,2555.77865212
2024-01-16T00:00:00Z,2296.20000000,2405.00000000,2292.50000000,2380.00000000,3082.35386806
2024-01-17T00:00:00Z,2380.00000000,2385.30000000,2304.40000000,2323.70000000,2219.21620527
2024-01-18T00:00:00Z,2323.70000000,2341.80000000,2232.70000000,2270.90000000,3229.09973456
2024-01-19T00:00:00Z,2271.00000000,2299.30000000,2218.90000000,2287.50000000,2938.52247286
2024-01-20T00:00:00Z,2287.50000000,2287.50000000,2253.20000000,2269.90000000,1149.77982506
2024-01-21T00:00:00Z,2269.70000000,2278.00000000,2252.10000000,2255.50000000,669.72665611
2024-01-22T00:00:00Z,2255.40000000,2261.40000000,2116.40000000,2125.80000000,2932.99896628
2024-01-23T00:00:00Z,2129.50000000,2157.00000000,1994.80000000,2066.10000000,5226.97303529
2024-01-24T00:00:00Z,2065.60000000,2078.60000000,2018.30000000,2053.70000000,3578.99405911
2024-01-25T00:00:00Z,2054.00000000,2058.80000000,2004.70000000,2046.00000000,4715.80643783
2024-01-26T00:00:00Z,2045.60000000,2102.80000000,2029.10000000,2090.30000000,3223.67888782
2024-01-27T00:00:00Z,2090.80000000,2103.80000000,2075.40000000,2091.80000000,1311.58129046
2024-01-28T00:00:00Z,2091.70000000,2127.10000000,2067.50000000,2082.10000000,1678.08908582
2024-01-29T00:00:00Z,2082.00000000,2143.70000000,2067.70000000,2139.80000000,3083.81101383
2024-01-30T00:00:00Z,2139.60000000,2206.30000000,2120.50000000,2162.80000000,2534.30810587
2024-01-31T00:00:00Z,2161.90000000,2170.20000000,2093.50000000,2112.30000000,2370.20915612
2024-02-01T00:00:00Z,2112.20000000,2132.80000000,2072.30000000,2118.70000000,2766.03666851
2024-02-02T00:00:00Z,2119.40000000,2149.00000000,2111.00000000,2137.70000000,1643.23127346
2024-02-03T00:00:00Z,2138.20000000,2156.00000000,2124.70000000,2127.30000000,904.87890596
2024-02-04T00:00:00Z,2127.50000000,2140.60000000,2102.50000000,2123.10000000,1147.85912005
2024-02-05T00:00:00Z,2123.70000000,2173.40000000,2105.50000000,2141.30000000,2232.68816267
2024-02-06T00:00:00Z,2140.50000000,2224.40000000,2138.00000000,2205.40000000,3070.10523139
2024-02-07T00:00:00Z,2205.00000000,2268.70000000,2186.00000000,2248.40000000,2907.56756407
2024-02-08T00:00:00Z,2249.50000000,2288.40000000,2234.80000000,2245.20000000,3891.49133306
2024-02-09T00:00:00Z,2246.60000000,2342.10000000,2244.50000000,2304.00000000,4123.85703683
2024-02-10T00:00:00Z,2303.90000000,2329.20000000,2288.60000000,2309.60000000,1318.78465677
2024-02-11T00:00:00Z,2309.90000000,2343.90000000,2303.40000000,2319.90000000,942.80361685
2024-02-12T00:00:00Z,2320.30000000,2470.00000000,2291.10000000,2464.00000000,3177.59979887
2024-02-13T00:00:00Z,2466.60000000,2492.90000000,2418.70000000,2467.50000000,3966.11930510
2024-02-14T00:00:00Z,2466.70000000,2598.90000000,2447.00000000,2588.00000000,3694.96826879
2024-02-15T00:00:00Z,2587.80000000,2659.80000000,2574.50000000,2623.10000000,3076.24267913
2024-02-16T00:00:00Z,2623.00000000,2656.30000000,2551.60000000,2601.70000000,2010.81149978
2024-02-17T00:00:00Z,2601.20000000,2604.40000000,2523.50000000,2586.60000000,1396.96433350
2024-02-18T00:00:00Z,2586.50000000,2686.70000000,2567.30000000,2672.30000000,1495.78090546
2024-02-19T00:00:00Z,2673.10000000,2769.90000000,2651.30000000,2733.10000000,3459.05533089
2024-02-20T00:00:00Z,2732.80000000,2806.40000000,2666.00000000,2789.90000000,2635.81094178
2024-02-21T00:00:00Z,2790.70000000,2792.30000000,2654.60000000,2745.90000000,3420.50093151
2024-02-22T00:00:00Z,2744.40000000,2805.00000000,2684.70000000,2743.30000000,4162.57742475
2024-02-23T00:00:00Z,2744.20000000,2766.00000000,2685.40000000,2699.30000000,2342.79381975
2024-02-24T00:00:00Z,2699.60000000,2775.50000000,2685.20000000,2763.40000000,1147.34937006
2024-02-25T00:00:00Z,2763.60000000,2879.40000000,2755.00000000,2875.00000000,2176.73153267
2024-02-26T00:00:00Z,2877.80000000,2943.90000000,2797.60000000,2924.10000000,3623.10687707
2024-02-27T00:00:00Z,2925.70000000,3028.20000000,2917.60000000,2990.40000000,3275.79631841
2024-02-28T00:00:00Z,2992.40000000,3217.80000000,2920.00000000,3122.50000000,5635.61116668
2024-02-29T00:00:00Z,3122.40000000,3250.00000000,3053.00000000,3090.20000000,5418.41064153
2024-03-01T00:00:00Z,3091.00000000,3192.30000000,3089.50000000,3168.30000000,2607.64044985
2024-03-02T00:00:00Z,3168.40000000,3192.20000000,3132.40000000,3158.30000000,1342.35114476
2024-03-03T00:00:00Z,3156.80000000,3222.70000000,3104.00000000,3217.20000000,1684.48607529
2024-03-04T00:00:00Z,3217.50000000,3354.50000000,3162.30000000,3342.30000000,4922.48743587
2024-03-05T00:00:00Z,3343.60000000,3517.90000000,2911.10000000,3278.80000000,10422.30589808
2024-03-06T00:00:00Z,3278.50000000,3587.10000000,3227.90000000,3504.30000000,4483.65408068
2024-03-07T00:00:00Z,3507.60000000,3598.90000000,3428.60000000,3538.60000000,2486.15942210
2024-03-08T00:00:00Z,3541.80000000,3653.00000000,3494.90000000,3558.00000000,3620.56174643
2024-03-09T00:00:00Z,3560.30000000,3611.70000000,3547.80000000,3578.10000000,1350.00331574
2024-03-10T00:00:00Z,3580.30000000,3627.80000000,3470.60000000,3548.40000000,2535.01581453
2024-03-11T00:00:00Z,3547.40000000,3739.90000000,3410.00000000,3715.90000000,3998.28312057
2024-03-12T00:00:00Z,3720.00000000,3739.00000000,3510.00000000,3643.40000000,4029.98501383
2024-03-13T00:00:00Z,3645.60000000,3736.60000000,3597.80000000,3659.40000000,3171.93413448
2024-03-14T00:00:00Z,3658.80000000,3665.00000000,3418.40000000,3568.40000000,3605.79560456
2024-03-15T00:00:00Z,3568.50000000,3617.20000000,3269.70000000,3438.80000000,6252.91888565
2024-03-16T00:00:00Z,3440.00000000,3473.40000000,3184.90000000,3231.80000000,3209.60085473
2024-03-17T00:00:00Z,3231.10000000,3378.70000000,3129.00000000,3347.20000000,4275.53503051
2024-03-18T00:00:00Z,3346.00000000,3346.00000000,3178.80000000,3236.50000000,2187.33758242
2024-03-19T00:00:00Z,3237.20000000,3260.80000000,2898.20000000,2912.90000000,6767.36424027
2024-03-20T00:00:00Z,2905.90000000,3236.00000000,2814.10000000,3216.60000000,5282.11245048
2024-03-21T00:00:00Z,3219.00000000,3297.30000000,3142.60000000,3216.30000000,3289.93217457
2024-03-22T00:00:00Z,3217.20000000,3269.90000000,3010.00000000,3089.30000000,3366.11734477
2024-03-23T00:00:00Z,3088.60000000,3180.80000000,3030.40000000,3084.70000000,1311.08849915
2024-03-24T00:00:00Z,3084.20000000,3210.80000000,3056.30000000,3196.50000000,1272.13897412
2024-03-25T00:00:00Z,3198.50000000,3375.70000000,3163.70000000,3311.20000000,2469.95146926
2024-03-26T00:00:00Z,3312.80000000,3390.60000000,3272.20000000,3310.80000000,1918.12425812
2024-03-27T00:00:00Z,3310.90000000,3387.70000000,3195.50000000,3235.60000000,1920.91100514
2024-03-28T00:00:00Z,3235.40000000,3344.00000000,3200.30000000,3300.10000000,1570.53348355
2024-03-29T00:00:00Z,3300.60000000,3325.00000000,3219.40000000,3254.60000000,1590.18871764
2024-03-30T00:00:00Z,3254.60000000,3304.60000000,3233.70000000,3253.00000000,928.66387397
2024-03-31T00:00:00Z,3253.00000000,3389.80000000,3251.80000000,3379.20000000,1453.72191112
2024-04-01T00:00:00Z,3379.20000000,3379.50000000,3180.00000000,3263.90000000,2038.29165840
2024-04-02T00:00:00Z,3265.00000000,3267.10000000,2984.20000000,3047.70000000,3288.09577667
2024-04-03T00:00:00Z,3052.30000000,3120.00000000,2980.00000000,3059.00000000,2722.06591514
2024-04-04T00:00:00Z,3058.10000000,3175.10000000,3002.30000000,3073.60000000,2162.77006945
2024-04-05T00:00:00Z,3074.00000000,3089.70000000,2963.00000000,3063.60000000,1808.41547748
2024-04-06T00:00:00Z,3065.10000000,3135.10000000,3054.30000000,3096.40000000,1019.18653021
2024-04-07T00:00:00Z,3094.90000000,3194.20000000,3089.10000000,3190.00000000,974.14826733
2024-04-08T00:00:00Z,3189.50000000,3432.30000000,3146.00000000,3400.50000000,2899.32546013
2024-04-09T00:00:00Z,3400.20000000,3428.70000000,3183.20000000,3230.20000000,2103.91338985
2024-04-10T00:00:00Z,3226.40000000,3316.50000000,3168.00000000,3298.00000000,2041.90038467
2024-04-11T00:00:00Z,3301.80000000,3367.20000000,3242.30000000,3266.30000000,1752.01628644
2024-04-12T00:00:00Z,3265.20000000,3325.20000000,2916.60000000,3056.20000000,3099.21550150
2024-04-13T00:00:00Z,3054.50000000,3112.20000000,2663.70000000,2879.50000000,4575.30171079
2024-04-14T00:00:00Z,2875.70000000,2990.40000000,2769.70000000,2971.20000000,3684.96755603
2024-04-15T00:00:00Z,2969.40000000,3077.60000000,2850.00000000,2920.60000000,2137.97816301
2024-04-16T00:00:00Z,2923.60000000,2948.70000000,2820.60000000,2906.90000000,1641.71125855
2024-04-17T00:00:00Z,2907.00000000,2942.20000000,2743.00000000,2801.70000000,2121.72050556
2024-04-18T00:00:00Z,2802.10000000,2908.60000000,2767.40000000,2882.00000000,1409.37520827
2024-04-19T00:00:00Z,2882.10000000,2938.80000000,2700.20000000,2873.70000000,2296.60622675
2024-04-20T00:00:00Z,2874.50000000,2980.20000000,2839.00000000,2967.60000000,1307.29576510
2024-04-21T00:00:00Z,2968.30000000,3002.60000000,2929.90000000,2955.90000000,1236.47610535
2024-04-22T00:00:00Z,2955.50000000,3036.20000000,2937.10000000,3005.90000000,926.16759386
2024-04-23T00:00:00Z,3005.60000000,3052.40000000,2953.30000000,3009.70000000,1337.43947838
2024-04-24T00:00:00Z,3009.10000000,3079.70000000,2908.00000000,2935.00000000,1287.58861080
2024-04-25T00:00:00Z,2933.10000000,2974.90000000,2867.40000000,2942.90000000,1587.79237707
2024-04-26T00:00:00Z,2943.10000000,2959.60000000,2904.70000000,2930.10000000,1028.58846450
2024-04-27T00:00:00Z,2930.00000000,3073.20000000,2871.40000000,3046.00000000,1367.29635982
2024-04-28T00:00:00Z,3050.40000000,3140.00000000,3041.30000000,3048.00000000,1210.64582684
2024-04-29T00:00:00Z,3046.70000000,3067.90000000,2914.70000000,2999.50000000,991.81571053
2024-04-30T00:00:00Z,2999.10000000,3031.80000000,2735.00000000,2824.10000000,2038.30983225
2024-05-01T00:00:00Z,2823.00000000,2832.40000000,2640.00000000,2770.30000000,3150.98317965
2024-05-02T00:00:00Z,2770.10000000,2814.40000000,2699.40000000,2786.10000000,1472.49898347
2024-05-03T00:00:00Z,2786.80000000,2908.30000000,2756.70000000,2885.80000000,1043.28336024
2024-05-04T00:00:00Z,2885.10000000,2943.70000000,2876.60000000,2897.70000000,679.80795396
2024-05-05T00:00:00Z,2897.30000000,2948.10000000,2858.00000000,2915.10000000,562.77131327
2024-05-06T00:00:00Z,2918.70000000,2990.00000000,2829.30000000,2844.10000000,1012.46875165
2024-05-07T00:00:00Z,2845.00000000,2907.90000000,2790.60000000,2796.70000000,888.76437443
2024-05-08T00:00:00Z,2795.30000000,2826.60000000,2734.60000000,2768.30000000,1349.15219148
2024-05-09T00:00:00Z,2770.10000000,2836.10000000,2745.90000000,2816.00000000,1215.18068091
2024-05-10T00:00:00Z,2817.00000000,2830.70000000,2674.50000000,2705.20000000,1219.46786489
2024-05-11T00:00:00Z,2704.00000000,2738.30000000,2683.20000000,2705.50000000,706.60820423
2024-05-12T00:00:00Z,2704.60000000,2741.80000000,2696.30000000,2719.90000000,505.41719794
2024-05-13T00:00:00Z,2720.70000000,2776.50000000,2660.80000000,2732.60000000,1058.52779000
2024-05-14T00:00:00Z,2732.70000000,2742.80000000,2644.50000000,2664.20000000,1320.76374036
2024-05-15T00:00:00Z,2665.50000000,2791.10000000,2648.30000000,2785.30000000,1537.28341535
2024-05-16T00:00:00Z,2783.60000000,2791.50000000,2690.90000000,2709.90000000,1256.32684973
2024-05-17T00:00:00Z,2709.40000000,2870.40000000,2702.10000000,2846.50000000,1347.30065007
2024-05-18T00:00:00Z,2846.00000000,2896.40000000,2840.70000000,2874.80000000,620.70251550
2024-05-19T00:00:00Z,2874.80000000,2886.00000000,2813.00000000,2824.50000000,490.22277390
2024-05-20T00:00:00Z,2824.00000000,3394.00000000,2805.00000000,3366.70000000,3142.59492150
2024-05-21T00:00:00Z,3366.90000000,3530.20000000,3333.00000000,3487.00000000,4450.70013958
2024-05-22T00:00:00Z,3488.60000000,3504.70000000,3370.10000000,3449.50000000,1978.04590058
2024-05-23T00:00:00Z,3453.60000000,3636.60000000,3271.50000000,3499.60000000,4183.97795249
2024-05-24T00:00:00Z,3498.50000000,3540.00000000,3355.00000000,3438.70000000,2329.33939420
2024-05-25T00:00:00Z,3438.60000000,3483.60000000,3422.70000000,3458.90000000,618.32210068
2024-05-26T00:00:00Z,3459.70000000,3579.30000000,3444.40000000,3525.20000000,1190.13295935
2024-05-27T00:00:00Z,3525.10000000,3657.70000000,3522.80000000,3581.90000000,1926.94717667
2024-05-28T00:00:00Z,3581.90000000,3610.00000000,3472.00000000,3539.40000000,1336.09209793
2024-05-29T00:00:00Z,3537.30000000,3576.60000000,3461.20000000,3485.40000000,1511.89654694
2024-05-30T00:00:00Z,3485.70000000,3526.20000000,3425.00000000,3460.00000000,1114.16237253
2024-05-31T00:00:00Z,3459.60000000,3542.80000000,3433.20000000,3466.30000000,1422.29928687
2024-06-01T00:00:00Z,3469.70000000,3530.00000000,3457.20000000,3515.50000000,592.82757601
2024-06-02T00:00:00Z,3516.10000000,3535.90000000,3458.10000000,3484.30000000,584.57397264
2024-06-03T00:00:00Z,3483.20000000,3545.20000000,3447.00000000,3452.90000000,1434.06289294
2024-06-04T00:00:00Z,3450.10000000,3520.00000000,3419.10000000,3500.20000000,1206.70772877
2024-06-05T00:00:00Z,3502.10000000,3572.20000000,3471.40000000,3552.40000000,1535.95681520
2024-06-06T00:00:00Z,3554.20000000,3559.70000000,3454.00000000,3500.20000000,1209.26162291
2024-06-07T00:00:00Z,3501.50000000,3538.00000000,3318.00000000,3407.80000000,2015.52677820
2024-06-08T00:00:00Z,3407.10000000,3437.70000000,3392.80000000,3414.30000000,800.98186313
2024-06-09T00:00:00Z,3412.30000000,3454.50000000,3400.60000000,3440.10000000,1184.20887128
2024-06-10T00:00:00Z,3440.70000000,3455.00000000,3383.40000000,3404.00000000,1137.04529828
2024-06-11T00:00:00Z,3404.20000000,3410.10000000,3196.20000000,3258.50000000,2478.25875437
2024-06-12T00:00:00Z,3258.80000000,3381.80000000,3226.60000000,3292.00000000,3106.59484422
2024-06-13T00:00:00Z,3292.60000000,3293.10000000,3187.10000000,3231.90000000,1583.36570315
2024-06-14T00:00:00Z,3232.20000000,3297.90000000,3145.80000000,3255.80000000,1414.99611538
2024-06-15T00:00:00Z,3256.70000000,3357.70000000,3246.80000000,3331.80000000,1220.37078476
2024-06-16T00:00:00Z,3331.10000000,3410.30000000,3308.70000000,3385.80000000,526.71219276
2024-06-17T00:00:00Z,3384.90000000,3396.20000000,3232.40000000,3268.10000000,1433.55162822
2024-06-18T00:00:00Z,3268.00000000,3272.80000000,3127.00000000,3243.60000000,1805.12024596
2024-06-19T00:00:00Z,3243.20000000,3338.90000000,3228.00000000,3312.80000000,1497.74924154
2024-06-20T00:00:00Z,3313.10000000,3376.00000000,3254.00000000,3279.70000000,1145.13438595
2024-06-21T00:00:00Z,3279.20000000,3315.50000000,3222.30000000,3290.30000000,1709.35899190
2024-06-22T00:00:00Z,3290.10000000,3292.70000000,3250.00000000,3262.40000000,533.86348506
2024-06-23T00:00:00Z,3262.60000000,3287.00000000,3187.00000000,3197.40000000,811.18895976
2024-06-24T00:00:00Z,3198.00000000,3208.70000000,3016.50000000,3121.60000000,2194.09530549
2024-06-25T00:00:00Z,3122.90000000,3198.90000000,3108.90000000,3171.30000000,861.04167241
2024-06-26T00:00:00Z,3170.50000000,3195.70000000,3112.50000000,3152.20000000,969.86764108
2024-06-27T00:00:00Z,3153.60000000,3240.00000000,3144.30000000,3218.70000000,1053.32276416
2024-06-28T00:00:00Z,3218.60000000,3259.40000000,3140.40000000,3151.10000000,1319.21916348
2024-06-29T00:00:00Z,3151.20000000,3178.00000000,3144.80000000,3150.90000000,515.29592176
2024-06-30T00:00:00Z,3151.00000000,3217.40000000,3128.30000000,3198.10000000,1214.36091795
2024-07-01T00:00:00Z,3198.50000000,3274.50000000,3188.10000000,3204.20000000,1283.02272287
2024-07-02T00:00:00Z,3202.50000000,3224.40000000,3167.10000000,3178.50000000,1169.87480258
2024-07-03T00:00:00Z,3179.30000000,3188.00000000,3012.10000000,3051.30000000,1473.57626443
2024-07-04T00:00:00Z,3054.60000000,3067.30000000,2824.10000000,2830.30000000,2252.67367437
2024-07-05T00:00:00Z,2828.40000000,2873.60000000,2598.50000000,2751.70000000,4042.41507711
2024-07-06T00:00:00Z,2751.30000000,2836.50000000,2728.40000000,2828.20000000,1689.91438106
2024-07-07T00:00:00Z,2826.10000000,2831.40000000,2700.00000000,2707.60000000,1146.46643740
2024-07-08T00:00:00Z,2707.90000000,2854.30000000,2608.70000000,2785.70000000,2127.46266370
2024-07-09T00:00:00Z,2783.90000000,2875.70000000,2773.40000000,2830.80000000,1945.43930490
2024-07-10T00:00:00Z,2834.30000000,2909.80000000,2798.70000000,2863.70000000,2343.27691871
2024-07-11T00:00:00Z,2861.20000000,2948.00000000,2820.30000000,2850.10000000,2183.72121429
2024-07-12T00:00:00Z,2850.00000000,2896.10000000,2797.30000000,2873.60000000,1638.45993663
2024-07-13T00:00:00Z,2875.50000000,2935.30000000,2855.80000000,2911.50000000,678.64660305
2024-07-14T00:00:00Z,2911.80000000,3001.80000000,2903.50000000,2982.80000000,1025.82414463
2024-07-15T00:00:00Z,2982.20000000,3207.50000000,2972.60000000,3197.80000000,1538.80938617
2024-07-16T00:00:00Z,3204.10000000,3211.30000000,3070.90000000,3159.70000000,2092.84816532
2024-07-17T00:00:00Z,3162.80000000,3227.00000000,3091.90000000,3097.70000000,1388.05495234
2024-07-18T00:00:00Z,3096.60000000,3196.30000000,3089.00000000,3142.90000000,1008.90466289
2024-07-19T00:00:00Z,3142.40000000,3254.80000000,3102.80000000,3222.10000000,3936.47039756
2024-07-20T00:00:00Z,3222.50000000,3251.00000000,3199.00000000,3230.40000000,622.71062541
2024-07-21T00:00:00Z,3232.80000000,3252.70000000,3131.70000000,3242.80000000,896.71355551
2024-07-22T00:00:00Z,3243.60000000,3267.60000000,3143.90000000,3159.80000000,5522.75035884
2024-07-23T00:00:00Z,3156.90000000,3255.10000000,3126.40000000,3209.20000000,2313.76149192
2024-07-24T00:00:00Z,3206.90000000,3214.30000000,3038.10000000,3077.60000000,2033.07050394
2024-07-25T00:00:00Z,3077.50000000,3082.90000000,2848.50000000,2925.40000000,2572.47533184
2024-07-26T00:00:00Z,2926.10000000,3026.50000000,2921.70000000,3016.30000000,3413.09426061
2024-07-27T00:00:00Z,3013.80000000,3061.70000000,2945.90000000,2990.30000000,956.43300653
2024-07-28T00:00:00Z,2989.80000000,3021.90000000,2946.60000000,3012.10000000,538.14640724
2024-07-29T00:00:00Z,3012.40000000,3133.10000000,3010.00000000,3067.10000000,1979.92522252
2024-07-30T00:00:00Z,3065.10000000,3112.10000000,2990.10000000,3031.00000000,1017.08883652
2024-07-31T00:00:00Z,3030.20000000,3088.20000000,2970.00000000,2985.60000000,1337.01883607
2024-08-01T00:00:00Z,2986.00000000,2994.70000000,2854.80000000,2968.40000000,1154.22703048
2024-08-02T00:00:00Z,2966.80000000,2980.30000000,2720.30000000,2738.20000000,2070.22525151
2024-08-03T00:00:00Z,2734.90000000,2771.70000000,2626.50000000,2664.20000000,2419.43718979
2024-08-04T00:00:00Z,2663.90000000,2691.70000000,2415.30000000,2465.80000000,3390.00865678
2024-08-05T00:00:00Z,2464.00000000,2471.60000000,1942.00000000,2210.40000000,9382.62163507
2024-08-06T00:00:00Z,2211.90000000,2340.00000000,2211.20000000,2255.10000000,2978.74743168
2024-08-07T00:00:00Z,2255.50000000,2337.00000000,2117.60000000,2146.00000000,2742.77075446
2024-08-08T00:00:00Z,2145.90000000,2497.20000000,2127.40000000,2456.10000000,2152.31970834
2024-08-09T00:00:00Z,2451.70000000,2478.40000000,2339.30000000,2383.80000000,1523.44987830
2024-08-10T00:00:00Z,2383.50000000,2424.90000000,2364.30000000,2392.90000000,830.66893675
2024-08-11T00:00:00Z,2392.50000000,2493.60000000,2327.90000000,2341.80000000,1458.17161607
2024-08-12T00:00:00Z,2340.30000000,2517.70000000,2304.60000000,2490.80000000,1757.63174267
2024-08-13T00:00:00Z,2491.00000000,2505.20000000,2392.20000000,2459.10000000,1792.20864572
2024-08-14T00:00:00Z,2459.30000000,2522.40000000,2383.30000000,2419.60000000,1433.95116845
2024-08-15T00:00:00Z,2418.20000000,2436.40000000,2296.80000000,2344.40000000,1917.95938168
2024-08-16T00:00:00Z,2344.60000000,2394.40000000,2322.80000000,2354.00000000,1868.59024255
2024-08-17T00:00:00Z,2352.80000000,2383.60000000,2350.50000000,2372.90000000,978.09168436
2024-08-18T00:00:00Z,2372.60000000,2436.10000000,2357.20000000,2371.60000000,2158.62315945
2024-08-19T00:00:00Z,2370.90000000,2401.10000000,2321.40000000,2380.10000000,1579.88737071
2024-08-20T00:00:00Z,2380.00000000,2434.80000000,2300.30000000,2312.80000000,1814.77456333
2024-08-21T00:00:00Z,2312.50000000,2387.90000000,2282.00000000,2358.70000000,1784.36377847
2024-08-22T00:00:00Z,2358.40000000,2375.60000000,2320.80000000,2359.80000000,2099.93793693
2024-08-23T00:00:00Z,2361.70000000,2501.00000000,2357.30000000,2472.10000000,3247.13179132
2024-08-24T00:00:00Z,2473.80000000,2519.00000000,2440.90000000,2470.90000000,1460.09670824
2024-08-25T00:00:00Z,2471.00000000,2494.00000000,2439.80000000,2455.00000000,1202.89373342
2024-08-26T00:00:00Z,2454.70000000,2467.70000000,2390.80000000,2401.80000000,1360.66974409
2024-08-27T00:00:00Z,2401.50000000,2417.90000000,2142.00000000,2200.70000000,2550.14287555
2024-08-28T00:00:00Z,2198.50000000,2299.20000000,2166.60000000,2273.90000000,1995.71667161
2024-08-29T00:00:00Z,2274.60000000,2344.70000000,2259.40000000,2282.20000000,1354.70727134
2024-08-30T00:00:00Z,2281.60000000,2300.80000000,2202.60000000,2287.80000000,3416.42314653
2024-08-31T00:00:00Z,2287.50000000,2294.70000000,2258.00000000,2275.50000000,413.69385640
2024-09-01T00:00:00Z,2274.00000000,2278.80000000,2175.00000000,2199.10000000,1747.91532173
2024-09-02T00:00:00Z,2197.60000000,2317.20000000,2197.50000000,2293.60000000,2080.53400054
2024-09-03T00:00:00Z,2294.00000000,2306.50000000,2187.00000000,2197.20000000,1479.47838231
2024-09-04T00:00:00Z,2198.40000000,2246.80000000,2090.00000000,2210.70000000,1573.59335059
2024-09-05T00:00:00Z,2212.10000000,2225.40000000,2115.00000000,2131.50000000,1506.92527646
2024-09-06T00:00:00Z,2131.40000000,2165.40000000,1942.00000000,2010.70000000,4790.01089335
2024-09-07T00:00:00Z,2011.70000000,2088.50000000,2007.00000000,2053.80000000,1864.87548582
2024-09-08T00:00:00Z,2052.90000000,2105.10000000,2024.00000000,2073.80000000,1144.18096402
2024-09-09T00:00:00Z,2073.80000000,2157.10000000,2060.30000000,2139.30000000,2542.77899497
2024-09-10T00:00:00Z,2139.50000000,2175.40000000,2108.80000000,2167.80000000,1354.20243289
2024-09-11T00:00:00Z,2168.50000000,2168.60000000,2071.70000000,2125.60000000,2188.09421768
2024-09-12T00:00:00Z,2126.50000000,2171.90000000,2098.10000000,2132.70000000,1765.28337984
2024-09-13T00:00:00Z,2132.40000000,2225.00000000,2109.70000000,2203.60000000,2329.38461504
2024-09-14T00:00:00Z,2204.20000000,2204.30000000,2147.50000000,2182.60000000,1091.52965012
2024-09-15T00:00:00Z,2182.50000000,2192.80000000,2061.50000000,2094.30000000,1343.88470391
2024-09-16T00:00:00Z,2086.40000000,2098.40000000,2031.60000000,2062.30000000,1584.18816834
2024-09-17T00:00:00Z,2062.20000000,2151.00000000,2035.70000000,2105.80000000,1624.92768849
2024-09-18T00:00:00Z,2103.50000000,2137.60000000,2045.10000000,2135.80000000,2878.03487316
2024-09-19T00:00:00Z,2137.60000000,2234.70000000,2137.60000000,2209.10000000,2242.28698875
2024-09-20T00:00:00Z,2210.00000000,2304.80000000,2185.10000000,2295.10000000,2228.74711068
2024-09-21T00:00:00Z,2295.70000000,2350.20000000,2266.10000000,2342.60000000,990.13709629
2024-09-22T00:00:00Z,2343.80000000,2357.80000000,2264.60000000,2312.90000000,1869.13747678
2024-09-23T00:00:00Z,2313.10000000,2428.80000000,2277.30000000,2383.60000000,2122.50329101
2024-09-24T00:00:00Z,2382.80000000,2394.10000000,2324.00000000,2370.10000000,2822.54160589
2024-09-25T00:00:00Z,2371.50000000,2387.20000000,2296.30000000,2318.20000000,1454.57329715
2024-09-26T00:00:00Z,2318.10000000,2386.40000000,2299.70000000,2355.60000000,1986.03180701
2024-09-27T00:00:00Z,2355.60000000,2445.60000000,2341.90000000,2414.50000000,2035.09495207
2024-09-28T00:00:00Z,2414.40000000,2422.00000000,2376.60000000,2397.00000000,760.49777242
2024-09-29T00:00:00Z,2397.00000000,2403.60000000,2360.50000000,2382.40000000,1106.15105534
2024-09-30T00:00:00Z,2380.20000000,2384.00000000,2314.50000000,2336.10000000,3990.15772713
2024-10-01T00:00:00Z,2336.60000000,2387.30000000,2180.70000000,2213.30000000,2657.24120278
2024-10-02T00:00:00Z,2210.30000000,2257.80000000,2131.00000000,2140.70000000,1819.30461467
2024-10-03T00:00:00Z,2140.40000000,2177.20000000,2098.00000000,2129.20000000,1681.06211646
2024-10-04T00:00:00Z,2129.80000000,2228.10000000,2120.90000000,2199.60000000,2604.62168021
2024-10-05T00:00:00Z,2199.60000000,2212.10000000,2175.50000000,2199.20000000,830.49851276
2024-10-06T00:00:00Z,2198.70000000,2236.20000000,2191.30000000,2222.80000000,640.27645490
2024-10-07T00:00:00Z,2223.30000000,2295.00000000,2190.30000000,2207.10000000,1420.00337658
2024-10-08T00:00:00Z,2209.70000000,2245.20000000,2190.00000000,2222.90000000,1422.01241832
2024-10-09T00:00:00Z,2223.70000000,2253.50000000,2148.30000000,2165.00000000,1264.86930733
2024-10-10T00:00:00Z,2165.00000000,2213.30000000,2133.40000000,2180.70000000,1347.96262378
2024-10-11T00:00:00Z,2179.70000000,2259.00000000,2177.40000000,2230.10000000,1172.71707948
2024-10-12T00:00:00Z,2229.60000000,2273.80000000,2226.30000000,2262.20000000,875.49112687
2024-10-13T00:00:00Z,2262.10000000,2270.30000000,2226.10000000,2258.80000000,580.65428395
2024-10-14T00:00:00Z,2257.90000000,2429.80000000,2238.00000000,2407.30000000,2446.88694171
2024-10-15T00:00:00Z,2407.00000000,2461.60000000,2325.10000000,2394.40000000,2909.33309480
2024-10-16T00:00:00Z,2393.90000000,2427.80000000,2377.70000000,2404.20000000,1047.12707760
2024-10-17T00:00:00Z,2404.20000000,2437.40000000,2376.20000000,2404.80000000,961.36605902
2024-10-18T00:00:00Z,2403.70000000,2461.10000000,2395.50000000,2431.40000000,988.05974849
2024-10-19T00:00:00Z,2431.00000000,2447.90000000,2421.10000000,2434.70000000,401.75561984
2024-10-20T00:00:00Z,2435.00000000,2534.60000000,2423.80000000,2525.30000000,805.17607230
2024-10-21T00:00:00Z,2524.30000000,2544.10000000,2453.00000000,2464.50000000,881.81892393
2024-10-22T00:00:00Z,2466.20000000,2468.20000000,2410.10000000,2426.40000000,858.91833608
2024-10-23T00:00:00Z,2427.40000000,2432.40000000,2274.90000000,2340.90000000,1088.75164804
2024-10-24T00:00:00Z,2338.40000000,2371.30000000,2320.30000000,2341.40000000,1270.57271650
2024-10-25T00:00:00Z,2341.30000000,2367.60000000,2206.60000000,2259.50000000,1812.97696377
2024-10-26T00:00:00Z,2259.20000000,2321.50000000,2249.80000000,2298.70000000,1616.36527993
2024-10-27T00:00:00Z,2297.30000000,2337.70000000,2281.80000000,2319.20000000,667.21706660
2024-10-28T00:00:00Z,2319.50000000,2392.00000000,2289.80000000,2371.60000000,1551.28577954
2024-10-29T00:00:00Z,2371.50000000,2478.50000000,2365.70000000,2435.40000000,1796.28577181
2024-10-30T00:00:00Z,2435.70000000,2508.50000000,2400.50000000,2447.10000000,1850.21077964
2024-10-31T00:00:00Z,2447.20000000,2458.70000000,2297.10000000,2311.00000000,2170.93631601
2024-11-01T00:00:00Z,2310.30000000,2379.70000000,2268.80000000,2318.90000000,2145.09905436
2024-11-02T00:00:00Z,2318.20000000,2329.60000000,2282.10000000,2304.30000000,917.61664473
2024-11-03T00:00:00Z,2305.10000000,2307.30000000,2228.00000000,2262.90000000,3166.03153530
2024-11-04T00:00:00Z,2262.90000000,2280.40000000,2166.40000000,2205.00000000,3118.51949174
2024-11-05T00:00:00Z,2204.30000000,2274.50000000,2190.50000000,2217.00000000,3389.36192960
2024-11-06T00:00:00Z,2216.30000000,2555.00000000,2216.30000000,2535.40000000,7617.90371466
2024-11-07T00:00:00Z,2535.50000000,2701.90000000,2515.40000000,2681.50000000,5045.36758702
2024-11-08T00:00:00Z,2683.60000000,2786.90000000,2679.70000000,2764.90000000,3481.05930943
2024-11-09T00:00:00Z,2764.80000000,2946.30000000,2760.00000000,2920.80000000,2826.57945490
2024-11-10T00:00:00Z,2919.70000000,3024.60000000,2814.00000000,2967.40000000,5530.56267574
2024-11-11T00:00:00Z,2966.40000000,3140.90000000,2897.40000000,3123.80000000,6401.38802851
2024-11-12T00:00:00Z,3126.40000000,3225.90000000,2925.30000000,3042.20000000,5283.81491615
2024-11-13T00:00:00Z,3043.50000000,3145.60000000,2930.70000000,3014.30000000,6066.50939335
2024-11-14T00:00:00Z,3013.00000000,3068.20000000,2874.50000000,2905.20000000,4644.71108499
2024-11-15T00:00:00Z,2903.90000000,2962.60000000,2860.30000000,2928.40000000,4097.41514431
2024-11-16T00:00:00Z,2928.40000000,3049.80000000,2911.70000000,2963.70000000,1784.03066755
2024-11-17T00:00:00Z,2964.70000000,2988.00000000,2875.00000000,2915.00000000,3284.75708790
2024-11-18T00:00:00Z,2913.40000000,3043.00000000,2892.30000000,3029.30000000,3969.84930240
2024-11-19T00:00:00Z,3028.90000000,3042.20000000,2899.00000000,2932.00000000,4223.39007762
2024-11-20T00:00:00Z,2933.10000000,2995.00000000,2875.70000000,2905.60000000,3145.88387009
2024-11-21T00:00:00Z,2905.50000000,3227.30000000,2875.00000000,3196.00000000,7115.25894629
2024-11-22T00:00:00Z,3196.30000000,3260.90000000,3123.50000000,3190.80000000,3487.85773507
2024-11-23T00:00:00Z,3191.40000000,3345.60000000,3167.80000000,3241.70000000,3756.23608918
2024-11-24T00:00:00Z,3241.60000000,3294.50000000,3135.20000000,3203.90000000,5246.57649323
2024-11-25T00:00:00Z,3204.20000000,3375.30000000,3149.00000000,3263.60000000,5946.62725693
2024-11-26T00:00:00Z,3265.60000000,3308.00000000,3110.00000000,3167.70000000,4912.91460908
2024-11-27T00:00:00Z,3166.40000000,3489.70000000,3150.00000000,3462.10000000,4306.52658036
2024-11-28T00:00:00Z,3466.00000000,3471.20000000,3346.40000000,3389.70000000,3880.46708406
2024-11-29T00:00:00Z,3389.40000000,3457.00000000,3342.80000000,3397.00000000,2422.50465328
2024-11-30T00:00:00Z,3397.40000000,3534.50000000,3378.20000000,3502.00000000,1921.27404454
2024-12-01T00:00:00Z,3502.30000000,3542.60000000,3460.50000000,3517.30000000,1962.38272343
2024-12-02T00:00:00Z,3520.80000000,3570.00000000,3391.00000000,3469.60000000,2693.27535689
2024-12-03T00:00:00Z,3470.00000000,3499.00000000,3325.50000000,3441.90000000,1907.99874825
2024-12-04T00:00:00Z,3443.00000000,3702.20000000,3443.00000000,3648.70000000,4515.28012301
2024-12-05T00:00:00Z,3649.50000000,3742.10000000,3462.10000000,3580.30000000,3819.46859359
2024-12-06T00:00:00Z,3581.50000000,3876.30000000,3572.00000000,3788.30000000,3016.72658441
2024-12-07T00:00:00Z,3790.10000000,3814.00000000,3760.00000000,3779.40000000,1301.66599959
2024-12-08T00:00:00Z,3779.70000000,3799.90000000,3715.60000000,3789.70000000,1381.28709812
2024-12-09T00:00:00Z,3787.00000000,3789.70000000,3310.00000000,3522.60000000,4379.39600682
2024-12-10T00:00:00Z,3522.00000000,3584.90000000,3342.70000000,3448.50000000,3255.65327421
2024-12-11T00:00:00Z,3448.00000000,3664.30000000,3387.40000000,3647.20000000,2414.42416950
2024-12-12T00:00:00Z,3647.50000000,3801.00000000,3613.90000000,3704.70000000,1942.81748918
2024-12-13T00:00:00Z,3705.10000000,3782.30000000,3679.30000000,3719.80000000,1415.17897672
2024-12-14T00:00:00Z,3720.60000000,3755.40000000,3642.60000000,3683.60000000,944.99509517
2024-12-15T00:00:00Z,3680.00000000,3768.80000000,3646.40000000,3755.40000000,1335.33265368
2024-12-16T00:00:00Z,3756.20000000,3900.00000000,3697.90000000,3787.10000000,3630.25944515
2024-12-17T00:00:00Z,3787.90000000,3842.10000000,3668.80000000,3709.80000000,1628.26724161
2024-12-18T00:00:00Z,3709.80000000,3733.20000000,3496.70000000,3503.40000000,2441.08228643
2024-12-19T00:00:00Z,3505.20000000,3572.50000000,3208.50000000,3298.80000000,2904.42184845
2024-12-20T00:00:00Z,3298.10000000,3354.50000000,2975.10000000,3332.40000000,4243.73092471
2024-12-21T00:00:00Z,3332.20000000,3418.60000000,3167.10000000,3208.20000000,1927.28440887
2024-12-22T00:00:00Z,3207.80000000,3267.70000000,3090.10000000,3143.80000000,1819.08601057
2024-12-23T00:00:00Z,3144.40000000,3329.90000000,3083.00000000,3286.60000000,2322.05513964
2024-12-24T00:00:00Z,3286.80000000,3403.40000000,3224.60000000,3358.70000000,1206.24330764
2024-12-25T00:00:00Z,3357.60000000,3410.10000000,3310.60000000,3361.40000000,812.19857005
2024-12-26T00:00:00Z,3361.80000000,3378.50000000,3170.00000000,3197.90000000,835.80417965
2024-12-27T00:00:00Z,3196.60000000,3303.60000000,3171.80000000,3195.00000000,1204.94009716
2024-12-28T00:00:00Z,3196.50000000,3281.30000000,3184.00000000,3259.70000000,1562.45312243
2024-12-29T00:00:00Z,3258.60000000,3266.40000000,3182.30000000,3213.00000000,1167.79934614
2024-12-30T00:00:00Z,3210.60000000,3287.70000000,3170.00000000,3225.10000000,1211.64447222
2024-12-31T00:00:00Z,3225.20000000,3321.30000000,3182.20000000,3216.50000000,1491.97681945
2025-01-01T00:00:00Z,3215.70000000,3251.20000000,3198.70000000,3239.20000000,989.27106648
2025-01-02T00:00:00Z,3239.30000000,3402.20000000,3234.90000000,3362.60000000,1820.76691315
2025-01-03T00:00:00Z,3363.30000000,3523.70000000,3327.70000000,3500.90000000,1666.61057879
2025-01-04T00:00:00Z,3503.10000000,3561.00000000,3463.20000000,3548.10000000,1015.06567277
2025-01-05T00:00:00Z,3549.20000000,3565.30000000,3488.70000000,3528.40000000,597.51220598
2025-01-06T00:00:00Z,3531.80000000,3601.50000000,3478.40000000,3552.50000000,1171.63590101
2025-01-07T00:00:00Z,3551.20000000,3564.70000000,3248.60000000,3271.10000000,1812.16270618
2025-01-08T00:00:00Z,3270.60000000,3302.30000000,3119.60000000,3227.50000000,1534.01590537
2025-01-09T00:00:00Z,3225.80000000,3256.80000000,3067.00000000,3129.00000000,1654.38515892
2025-01-10T00:00:00Z,3132.30000000,3244.20000000,3117.40000000,3190.20000000,1424.15742620
2025-01-11T00:00:00Z,3190.20000000,3239.20000000,3144.10000000,3201.20000000,735.21992150
2025-01-12T00:00:00Z,3202.80000000,3217.90000000,3147.50000000,3187.80000000,655.57941309
2025-01-13T00:00:00Z,3188.90000000,3256.30000000,2865.40000000,3056.50000000,2583.22341888
2025-01-14T00:00:00Z,3058.60000000,3172.60000000,3050.90000000,3129.20000000,1532.41694188
2025-01-15T00:00:00Z,3132.80000000,3374.80000000,3091.60000000,3351.40000000,1709.46992894
2025-01-16T00:00:00Z,3354.50000000,3356.70000000,3171.30000000,3209.50000000,1153.33118742
2025-01-17T00:00:00Z,3209.40000000,3426.90000000,3208.40000000,3375.40000000,2268.56722396
2025-01-18T00:00:00Z,3375.30000000,3392.90000000,3135.00000000,3212.80000000,2546.02699379
2025-01-19T00:00:00Z,3210.20000000,3356.60000000,3048.00000000,3125.60000000,4704.02857438
2025-01-20T00:00:00Z,3125.90000000,3337.30000000,3055.00000000,3149.70000000,3234.15003835
2025-01-21T00:00:00Z,3147.10000000,3232.60000000,3088.20000000,3198.90000000,1796.78044139
2025-01-22T00:00:00Z,3200.00000000,3229.00000000,3097.00000000,3115.00000000,1924.93424417
2025-01-23T00:00:00Z,3114.90000000,3215.00000000,3060.00000000,3206.60000000,1628.68143291
2025-01-24T00:00:00Z,3211.40000000,3272.00000000,3140.30000000,3156.60000000,1490.94955759
2025-01-25T00:00:00Z,3149.90000000,3194.80000000,3118.30000000,3164.80000000,794.24243143
2025-01-26T00:00:00Z,3164.60000000,3203.80000000,3086.70000000,3089.20000000,845.44027997
2025-01-27T00:00:00Z,3085.00000000,3109.80000000,2886.00000000,3048.80000000,2446.40867375
2025-01-28T00:00:00Z,3048.50000000,3091.70000000,2913.30000000,2950.30000000,1381.46093115
2025-01-29T00:00:00Z,2950.70000000,3050.00000000,2937.20000000,2986.90000000,1128.46663953
2025-01-30T00:00:00Z,2988.40000000,3150.00000000,2970.00000000,3123.10000000,1711.07831698
2025-01-31T00:00:00Z,3124.00000000,3306.20000000,3096.00000000,3184.80000000,2295.52889727
2025-02-01T00:00:00Z,3186.20000000,3215.20000000,3000.00000000,3013.30000000,996.96108035
2025-02-02T00:00:00Z,3014.20000000,3060.30000000,2681.80000000,2802.10000000,4431.41416355
2025-02-03T00:00:00Z,2800.70000000,2826.00000000,2094.60000000,2794.20000000,9501.31560062
2025-02-04T00:00:00Z,2793.60000000,2803.00000000,2540.00000000,2635.70000000,4292.75399540
2025-02-05T00:00:00Z,2639.90000000,2716.00000000,2602.50000000,2683.00000000,2503.11097556
2025-02-06T00:00:00Z,2683.70000000,2760.00000000,2560.00000000,2589.00000000,2535.81522476
2025-02-07T00:00:00Z,2588.30000000,2701.10000000,2485.00000000,2542.10000000,2544.57426247
2025-02-08T00:00:00Z,2541.80000000,2583.70000000,2511.20000000,2552.60000000,1888.95917830
2025-02-09T00:00:00Z,2554.50000000,2615.50000000,2452.20000000,2549.50000000,1862.34138148
2025-02-10T00:00:00Z,2548.80000000,2614.00000000,2490.20000000,2584.50000000,1810.68268970
2025-02-11T00:00:00Z,2587.40000000,2644.70000000,2472.10000000,2512.80000000,1960.23845711
2025-02-12T00:00:00Z,2509.50000000,2691.50000000,2466.50000000,2635.80000000,2526.99149606
2025-02-13T00:00:00Z,2638.40000000,2651.40000000,2509.50000000,2558.50000000,1647.66066945
2025-02-14T00:00:00Z,2559.10000000,2658.70000000,2548.40000000,2599.90000000,1947.75974132
2025-02-15T00:00:00Z,2600.20000000,2611.70000000,2540.00000000,2570.40000000,739.80885974
2025-02-16T00:00:00Z,2568.70000000,2599.60000000,2530.80000000,2539.90000000,912.78627800
2025-02-17T00:00:00Z,2537.70000000,2719.90000000,2515.80000000,2618.10000000,2117.40210899
2025-02-18T00:00:00Z,2618.30000000,2626.30000000,2497.10000000,2555.00000000,1539.25156426
2025-02-19T00:00:00Z,2554.90000000,2623.50000000,2542.10000000,2605.50000000,1193.74569070
2025-02-20T00:00:00Z,2604.70000000,2653.20000000,2586.90000000,2608.50000000,1107.94748072
2025-02-21T00:00:00Z,2608.80000000,2717.00000000,2503.00000000,2545.70000000,3434.39551805
2025-02-22T00:00:00Z,2539.80000000,2675.00000000,2539.00000000,2643.00000000,851.55414090
2025-02-23T00:00:00Z,2642.90000000,2725.90000000,2626.30000000,2692.00000000,1102.17576856
2025-02-24T00:00:00Z,2696.10000000,2707.30000000,2363.30000000,2403.30000000,2664.69151590
2025-02-25T00:00:00Z,2406.70000000,2418.30000000,2214.00000000,2371.60000000,4411.35801288
2025-02-26T00:00:00Z,2373.20000000,2385.40000000,2148.00000000,2224.00000000,2960.41933390
2025-02-27T00:00:00Z,2224.30000000,2271.60000000,2143.60000000,2217.10000000,1618.82816411
2025-02-28T00:00:00Z,2218.40000000,2222.90000000,1992.90000000,2155.10000000,4462.32473183
2025-03-01T00:00:00Z,2157.10000000,2197.70000000,2067.50000000,2139.20000000,1486.68526872
2025-03-02T00:00:00Z,2137.60000000,2452.40000000,2095.90000000,2420.60000000,4625.83011769
2025-03-03T00:00:00Z,2423.80000000,2424.80000000,2003.10000000,2047.20000000,3264.04196030
2025-03-04T00:00:00Z,2046.80000000,2091.90000000,1895.10000000,2045.10000000,3982.16086493
2025-03-05T00:00:00Z,2043.40000000,2127.00000000,2009.90000000,2077.80000000,1937.65670613
2025-03-06T00:00:00Z,2076.10000000,2147.70000000,2019.60000000,2042.60000000,2087.68413121
2025-03-07T00:00:00Z,2042.90000000,2083.30000000,1950.00000000,1976.90000000,3020.94770747
2025-03-08T00:00:00Z,1976.50000000,2063.00000000,1940.50000000,2035.20000000,1430.34540733
2025-03-09T00:00:00Z,2034.20000000,2042.20000000,1833.80000000,1858.90000000,2697.60792895
2025-03-10T00:00:00Z,1860.60000000,1987.10000000,1671.70000000,1720.50000000,4778.52599200
2025-03-11T00:00:00Z,1720.60000000,1796.10000000,1616.20000000,1761.10000000,4359.25535456
2025-03-12T00:00:00Z,1762.10000000,1791.00000000,1679.00000000,1754.80000000,3367.57164010
2025-03-13T00:00:00Z,1753.70000000,1769.80000000,1678.00000000,1717.10000000,2461.84820786
2025-03-14T00:00:00Z,1717.20000000,1789.00000000,1714.10000000,1757.10000000,2013.12179276
2025-03-15T00:00:00Z,1757.70000000,1800.00000000,1751.80000000,1782.00000000,1306.96484270
2025-03-16T00:00:00Z,1782.00000000,1785.20000000,1712.50000000,1735.30000000,2068.93785225
2025-03-17T00:00:00Z,1733.80000000,1787.10000000,1728.00000000,1764.30000000,1593.53761991
2025-03-18T00:00:00Z,1764.60000000,1767.80000000,1711.70000000,1766.80000000,1247.39295242
2025-03-19T00:00:00Z,1767.30000000,1900.00000000,1762.50000000,1885.60000000,2822.27869430
2025-03-20T00:00:00Z,1886.00000000,1894.10000000,1799.00000000,1826.80000000,1089.72309557
2025-03-21T00:00:00Z,1826.50000000,1838.10000000,1787.00000000,1816.20000000,932.62085073
2025-03-22T00:00:00Z,1816.40000000,1853.00000000,1816.40000000,1830.40000000,548.12161569
2025-03-23T00:00:00Z,1830.50000000,1867.40000000,1830.30000000,1847.80000000,767.99461872
2025-03-24T00:00:00Z,1850.20000000,1944.30000000,1827.10000000,1928.40000000,2036.04169070
2025-03-25T00:00:00Z,1926.40000000,1941.00000000,1887.50000000,1917.30000000,1127.54153971
2025-03-26T00:00:00Z,1913.40000000,1926.20000000,1844.00000000,1870.40000000,1204.25184137
2025-03-27T00:00:00Z,1870.80000000,1890.20000000,1843.20000000,1854.30000000,765.35194453
2025-03-28T00:00:00Z,1850.80000000,1865.50000000,1720.60000000,1750.70000000,1967.65966672
2025-03-29T00:00:00Z,1751.30000000,1766.60000000,1664.00000000,1689.00000000,1788.62854846
2025-03-30T00:00:00Z,1688.70000000,1707.00000000,1637.40000000,1669.00000000,1940.91783467
2025-03-31T00:00:00Z,1669.40000000,1715.40000000,1641.90000000,1685.10000000,2388.16467700
2025-04-01T00:00:00Z,1684.00000000,1783.60000000,1681.20000000,1764.90000000,1444.77644759
2025-04-02T00:00:00Z,1763.50000000,1789.20000000,1643.60000000,1648.10000000,5668.98503498
2025-04-03T00:00:00Z,1646.80000000,1688.10000000,1575.40000000,1644.00000000,2884.41617065
2025-04-04T00:00:00Z,1645.60000000,1669.10000000,1594.80000000,1656.50000000,2691.06536769
2025-04-05T00:00:00Z,1656.20000000,1666.20000000,1609.70000000,1647.30000000,416.56715678
2025-04-06T00:00:00Z,1646.40000000,1656.10000000,1397.00000000,1435.60000000,4904.82742517
2025-04-07T00:00:00Z,1436.60000000,1494.40000000,1282.90000000,1423.50000000,7298.94020045
2025-04-08T00:00:00Z,1421.20000000,1474.60000000,1318.70000000,1341.70000000,3773.84738548
2025-04-09T00:00:00Z,1341.40000000,1541.30000000,1256.00000000,1524.60000000,5300.83099284
2025-04-10T00:00:00Z,1521.70000000,1521.70000000,1316.60000000,1353.10000000,4308.32305246
2025-04-11T00:00:00Z,1352.10000000,1404.60000000,1330.80000000,1379.60000000,4965.73432993
2025-04-12T00:00:00Z,1379.00000000,1468.50000000,1361.60000000,1448.90000000,1427.93930550
2025-04-13T00:00:00Z,1448.90000000,1452.20000000,1379.90000000,1409.30000000,2560.84879182
2025-04-14T00:00:00Z,1411.50000000,1486.70000000,1410.50000000,1432.20000000,3033.15170679
2025-04-15T00:00:00Z,1434.90000000,1467.00000000,1402.50000000,1407.60000000,1872.90522996
2025-04-16T00:00:00Z,1408.40000000,1420.50000000,1352.90000000,1384.20000000,1933.25898283
2025-04-17T00:00:00Z,1385.50000000,1424.00000000,1375.00000000,1392.60000000,1383.88673551
2025-04-18T00:00:00Z,1393.30000000,1404.40000000,1384.20000000,1395.50000000,788.67854157
2025-04-19T00:00:00Z,1394.70000000,1431.10000000,1392.40000000,1414.90000000,696.29603918
2025-04-20T00:00:00Z,1415.80000000,1420.80000000,1375.00000000,1387.40000000,992.82879548
2025-04-21T00:00:00Z,1387.30000000,1439.60000000,1358.10000000,1372.50000000,1635.28158419
2025-04-22T00:00:00Z,1371.30000000,1561.90000000,1341.40000000,1547.60000000,3400.01731524
2025-04-23T00:00:00Z,1548.20000000,1611.70000000,1534.40000000,1584.70000000,4441.89358435
2025-04-24T00:00:00Z,1586.40000000,1588.00000000,1514.90000000,1556.30000000,1982.82305825
2025-04-25T00:00:00Z,1555.60000000,1608.20000000,1533.80000000,1571.60000000,2926.93416093
2025-04-26T00:00:00Z,1575.00000000,1620.00000000,1569.10000000,1603.30000000,2533.57316681
2025-04-27T00:00:00Z,1604.30000000,1635.00000000,1569.90000000,1581.00000000,1041.13638255
2025-04-28T00:00:00Z,1580.30000000,1610.50000000,1533.20000000,1577.20000000,1960.78370329
2025-04-29T00:00:00Z,1579.10000000,1619.10000000,1564.90000000,1580.20000000,1585.10703472
2025-04-30T00:00:00Z,1579.80000000,1598.00000000,1524.80000000,1584.40000000,1119.42577753
2025-05-01T00:00:00Z,1584.70000000,1659.50000000,1583.60000000,1626.90000000,2247.56107183
2025-05-02T00:00:00Z,1629.20000000,1651.80000000,1601.70000000,1630.90000000,1311.72127473
2025-05-03T00:00:00Z,1630.50000000,1636.10000000,1605.00000000,1623.80000000,670.18894361
2025-05-04T00:00:00Z,1623.20000000,1637.40000000,1594.50000000,1596.80000000,556.20237766
2025-05-05T00:00:00Z,1597.20000000,1619.20000000,1572.90000000,1607.40000000,1475.31348209
2025-05-06T00:00:00Z,1609.50000000,1613.40000000,1545.00000000,1600.40000000,1250.53866619
2025-05-07T00:00:00Z,1602.50000000,1631.00000000,1577.10000000,1602.00000000,1157.43154541
2025-05-08T00:00:00Z,1602.20000000,1980.90000000,1598.30000000,1962.30000000,4831.08892363
2025-05-09T00:00:00Z,1956.90000000,2212.00000000,1946.30000000,2083.30000000,4198.69274033
2025-05-10T00:00:00Z,2083.00000000,2307.30000000,2060.70000000,2294.70000000,3119.66841891
2025-05-11T00:00:00Z,2294.30000000,2314.70000000,2165.70000000,2237.80000000,2917.62834237
2025-05-12T00:00:00Z,2237.50000000,2354.30000000,2173.00000000,2249.60000000,4879.61764297
2025-05-13T00:00:00Z,2247.40000000,2447.50000000,2176.50000000,2398.00000000,3133.47192429
2025-05-14T00:00:00Z,2395.90000000,2431.60000000,2276.30000000,2335.70000000,1895.99464779
2025-05-15T00:00:00Z,2335.20000000,2365.30000000,2217.40000000,2272.10000000,2097.69781205
2025-05-16T00:00:00Z,2275.90000000,2362.50000000,2265.00000000,2272.50000000,2307.11694010
2025-05-17T00:00:00Z,2269.40000000,2270.60000000,2191.60000000,2217.20000000,1405.06360204
2025-05-18T00:00:00Z,2218.80000000,2315.10000000,2080.30000000,2232.20000000,1593.11883985
2025-05-19T00:00:00Z,2234.10000000,2266.60000000,2095.40000000,2251.30000000,2312.72844198
2025-05-20T00:00:00Z,2253.40000000,2301.00000000,2168.10000000,2235.50000000,1876.06732109
2025-05-21T00:00:00Z,2236.80000000,2304.30000000,2165.00000000,2254.00000000,2435.58582092
2025-05-22T00:00:00Z,2251.40000000,2381.60000000,2246.20000000,2360.60000000,2899.94129686
2025-05-23T00:00:00Z,2360.00000000,2413.20000000,2205.00000000,2224.20000000,2817.86751976
2025-05-24T00:00:00Z,2225.30000000,2267.40000000,2216.30000000,2227.50000000,622.79346799
2025-05-25T00:00:00Z,2227.50000000,2245.80000000,2172.00000000,2245.40000000,860.61280481
2025-05-26T00:00:00Z,2242.80000000,2280.70000000,2220.60000000,2252.00000000,771.77507866
2025-05-27T00:00:00Z,2251.90000000,2392.70000000,2202.00000000,2349.80000000,1633.42760657
2025-05-28T00:00:00Z,2344.70000000,2389.00000000,2303.70000000,2387.70000000,1108.20374922
2025-05-29T00:00:00Z,2387.00000000,2476.70000000,2303.60000000,2315.50000000,2651.15717878
2025-05-30T00:00:00Z,2313.10000000,2334.50000000,2211.90000000,2232.50000000,2030.62134148
2025-05-31T00:00:00Z,2231.40000000,2250.40000000,2187.00000000,2231.20000000,1242.95183077
2025-06-01T00:00:00Z,2230.60000000,2247.90000000,2180.00000000,2237.10000000,1306.03757722
2025-06-02T00:00:00Z,2237.50000000,2284.30000000,2167.40000000,2277.80000000,1360.76433527
2025-06-03T00:00:00Z,2277.20000000,2331.50000000,2268.70000000,2279.90000000,988.13067439
2025-06-04T00:00:00Z,2279.80000000,2344.90000000,2271.70000000,2284.70000000,1629.48814156
2025-06-05T00:00:00Z,2286.40000000,2311.60000000,2090.60000000,2109.70000000,3255.26031968
2025-06-06T00:00:00Z,2108.00000000,2224.00000000,2080.70000000,2175.50000000,1712.89217093
2025-06-07T00:00:00Z,2175.30000000,2233.50000000,2158.40000000,2216.90000000,632.02248378
2025-06-08T00:00:00Z,2214.80000000,2235.90000000,2187.80000000,2199.70000000,1062.09446802
2025-06-09T00:00:00Z,2200.50000000,2357.60000000,2171.00000000,2346.00000000,1232.07080967
2025-06-10T00:00:00Z,2346.60000000,2470.60000000,2329.10000000,2460.20000000,2371.66729631
2025-06-11T00:00:00Z,2461.30000000,2505.50000000,2388.00000000,2408.90000000,1884.21062058
2025-06-12T00:00:00Z,2412.10000000,2420.60000000,2260.40000000,2278.40000000,1779.60111896
2025-06-13T00:00:00Z,2278.50000000,2279.70000000,2115.00000000,2234.90000000,3627.33552708
2025-06-14T00:00:00Z,2232.20000000,2232.20000000,2157.40000000,2194.70000000,1122.24969944
2025-06-15T00:00:00Z,2194.10000000,2215.20000000,2160.00000000,2207.30000000,2324.98982978
2025-06-16T00:00:00Z,2205.30000000,2318.70000000,2180.40000000,2202.60000000,1551.62471413
2025-06-17T00:00:00Z,2202.40000000,2265.00000000,2134.00000000,2189.00000000,1822.04982426
2025-06-18T00:00:00Z,2189.40000000,2213.20000000,2145.70000000,2199.90000000,1362.05179860
2025-06-19T00:00:00Z,2200.90000000,2218.20000000,2170.50000000,2190.20000000,930.83602323
2025-06-20T00:00:00Z,2189.40000000,2230.60000000,2053.60000000,2089.50000000,1955.40009607
2025-06-21T00:00:00Z,2087.80000000,2126.10000000,1925.00000000,1992.20000000,2739.46496753
2025-06-22T00:00:00Z,1995.10000000,2006.60000000,1840.00000000,1936.00000000,4106.82927567
2025-06-23T00:00:00Z,1937.20000000,2100.00000000,1900.00000000,2081.70000000,2636.01854424
2025-06-24T00:00:00Z,2082.20000000,2134.70000000,2052.70000000,2107.70000000,1578.40685207
2025-06-25T00:00:00Z,2108.50000000,2122.30000000,2061.90000000,2071.60000000,775.08615780
2025-06-26T00:00:00Z,2071.00000000,2154.70000000,2047.00000000,2067.00000000,1096.54094720
2025-06-27T00:00:00Z,2066.30000000,2103.60000000,2038.00000000,2070.50000000,2500.49634269
2025-06-28T00:00:00Z,2070.50000000,2090.00000000,2055.50000000,2080.20000000,429.17033149
2025-06-29T00:00:00Z,2080.70000000,2152.90000000,2058.50000000,2132.70000000,922.75971630
2025-06-30T00:00:00Z,2132.20000000,2152.70000000,2075.60000000,2110.60000000,2789.86575465
2025-07-01T00:00:00Z,2111.00000000,2119.80000000,2023.80000000,2038.90000000,1531.00862891
2025-07-02T00:00:00Z,2039.40000000,2219.60000000,2012.60000000,2178.70000000,1531.08209781
2025-07-03T00:00:00Z,2180.00000000,2240.10000000,2168.20000000,2202.50000000,1606.49859391
2025-07-04T00:00:00Z,2203.60000000,2210.00000000,2102.60000000,2131.90000000,1215.70670934
2025-07-05T00:00:00Z,2130.60000000,2149.70000000,2114.90000000,2138.00000000,469.21405398
2025-07-06T00:00:00Z,2137.30000000,2210.50000000,2128.10000000,2184.80000000,787.47603666
2025-07-07T00:00:00Z,2182.60000000,2206.00000000,2144.20000000,2166.40000000,640.53199017
2025-07-08T00:00:00Z,2165.10000000,2240.80000000,2149.60000000,2231.40000000,909.32976934
2025-07-09T00:00:00Z,2229.90000000,2382.90000000,2214.00000000,2360.50000000,1510.49114269
2025-07-10T00:00:00Z,2359.10000000,2560.00000000,2347.00000000,2514.80000000,1661.11339579
2025-07-11T00:00:00Z,2515.50000000,2590.00000000,2487.50000000,2518.40000000,1851.27664745
2025-07-12T00:00:00Z,2520.00000000,2537.90000000,2470.80000000,2504.10000000,511.69543495
2025-07-13T00:00:00Z,2504.90000000,2567.40000000,2499.50000000,2537.50000000,639.86550093
2025-07-14T00:00:00Z,2534.20000000,2628.20000000,2528.30000000,2581.30000000,2263.63804764
2025-07-15T00:00:00Z,2579.00000000,2706.50000000,2510.60000000,2702.90000000,2389.19529160
2025-07-16T00:00:00Z,2702.70000000,2940.00000000,2668.90000000,2900.00000000,2100.89809751
2025-07-17T00:00:00Z,2897.80000000,3030.00000000,2835.10000000,2991.40000000,2185.76500244
2025-07-18T00:00:00Z,2988.00000000,3160.70000000,2976.00000000,3049.60000000,2117.22819694
2025-07-19T00:00:00Z,3050.00000000,3102.60000000,3017.00000000,3089.90000000,690.93149125
2025-07-20T00:00:00Z,3090.10000000,3285.90000000,3079.50000000,3230.90000000,1929.44938382
2025-07-21T00:00:00Z,3226.20000000,3300.40000000,3180.60000000,3219.60000000,1757.09715481
2025-07-22T00:00:00Z,3218.90000000,3251.00000000,3094.10000000,3193.00000000,2318.20018395
2025-07-23T00:00:00Z,3188.10000000,3207.70000000,2996.10000000,3083.10000000,1489.03288384
2025-07-24T00:00:00Z,3076.00000000,3207.10000000,2982.40000000,3154.50000000,1306.29695808
2025-07-25T00:00:00Z,3151.50000000,3197.00000000,3047.10000000,3173.80000000,1268.29011343
2025-07-26T00:00:00Z,3169.10000000,3229.10000000,3149.70000000,3184.80000000,840.36297019
2025-07-27T00:00:00Z,3185.20000000,3300.00000000,3178.10000000,3292.70000000,855.80669044
2025-07-28T00:00:00Z,3288.50000000,3354.40000000,3238.90000000,3270.90000000,1641.12354127
2025-07-29T00:00:00Z,3272.10000000,3361.20000000,3219.00000000,3283.60000000,1042.38273861
2025-07-30T00:00:00Z,3279.80000000,3335.50000000,3222.00000000,3330.80000000,1081.02008782
2025-07-31T00:00:00Z,3328.40000000,3385.00000000,3230.20000000,3237.40000000,1122.73006791
2025-08-01T00:00:00Z,3239.40000000,3262.90000000,2965.60000000,3014.30000000,2817.89923478
2025-08-02T00:00:00Z,3012.70000000,3054.80000000,2910.00000000,2930.90000000,1469.23087474
2025-08-03T00:00:00Z,2931.30000000,3041.90000000,2895.70000000,3021.60000000,755.63633494
2025-08-04T00:00:00Z,3021.50000000,3226.60000000,3018.10000000,3210.80000000,1284.08890805
2025-08-05T00:00:00Z,3212.00000000,3212.00000000,3064.80000000,3120.80000000,1424.04550291
2025-08-06T00:00:00Z,3116.00000000,3173.80000000,3077.20000000,3159.20000000,1582.37902227
2025-08-07T00:00:00Z,3158.50000000,3362.70000000,3132.00000000,3350.10000000,1124.84315711
2025-08-08T00:00:00Z,3347.00000000,3493.00000000,3327.00000000,3440.00000000,2222.86241487
2025-08-09T00:00:00Z,3440.70000000,3699.70000000,3437.40000000,3647.50000000,2874.72302573
2025-08-10T00:00:00Z,3645.20000000,3704.40000000,3545.60000000,3649.50000000,819.80985274
2025-08-11T00:00:00Z,3644.70000000,3755.90000000,3583.70000000,3638.00000000,2401.38292667
2025-08-12T00:00:00Z,3635.50000000,3969.00000000,3634.70000000,3928.90000000,3711.86297048
2025-08-13T00:00:00Z,3927.70000000,4075.40000000,3904.40000000,4056.40000000,4579.20688085
2025-08-14T00:00:00Z,4047.20000000,4090.00000000,3817.20000000,3906.20000000,3997.07548545
2025-08-15T00:00:00Z,3913.50000000,4001.40000000,3737.70000000,3799.20000000,1814.55076690
2025-08-16T00:00:00Z,3799.70000000,3843.20000000,3744.20000000,3787.00000000,675.95883239
2025-08-17T00:00:00Z,3785.70000000,3911.80000000,3764.80000000,3822.40000000,791.76876207
2025-08-18T00:00:00Z,3821.20000000,3831.40000000,3620.60000000,3698.40000000,2089.96389494
2025-08-19T00:00:00Z,3698.90000000,3733.00000000,3496.00000000,3498.90000000,2073.69782303
2025-08-20T00:00:00Z,3503.20000000,3757.20000000,3496.00000000,3720.80000000,2927.09363838
2025-08-21T00:00:00Z,3720.00000000,3722.60000000,3624.60000000,3637.40000000,890.32799935
2025-08-22T00:00:00Z,3644.70000000,4162.90000000,3626.00000000,4101.20000000,3870.44527768
2025-08-23T00:00:00Z,4103.80000000,4103.80000000,3957.70000000,4055.10000000,1031.15882083
2025-08-24T00:00:00Z,4055.30000000,4200.00000000,4006.00000000,4078.40000000,1531.96320734
2025-08-25T00:00:00Z,4076.40000000,4094.50000000,3738.00000000,3769.60000000,1704.35172437
2025-08-26T00:00:00Z,3767.80000000,3980.70000000,3705.00000000,3953.70000000,2529.78652233
2025-08-27T00:00:00Z,3944.80000000,4022.00000000,3855.00000000,3861.10000000,1301.63308698
2025-08-28T00:00:00Z,3868.60000000,3980.80000000,3790.50000000,3859.60000000,1401.38031643
2025-08-29T00:00:00Z,3865.00000000,3865.00000000,3655.80000000,3733.70000000,1801.04858245
2025-08-30T00:00:00Z,3735.30000000,3782.90000000,3645.40000000,3746.50000000,778.30782303
2025-08-31T00:00:00Z,3746.60000000,3850.00000000,3746.60000000,3757.90000000,785.11347933
2025-09-01T00:00:00Z,3753.50000000,3830.00000000,3600.00000000,3676.30000000,2255.61386030
2025-09-02T00:00:00Z,3685.90000000,3788.50000000,3658.60000000,3718.10000000,1373.02696480
2025-09-03T00:00:00Z,3717.60000000,3848.20000000,3683.20000000,3817.00000000,1177.18481924
2025-09-04T00:00:00Z,3817.10000000,3846.70000000,3662.10000000,3687.00000000,1246.90037329
2025-09-05T00:00:00Z,3692.50000000,3825.70000000,3628.50000000,3677.50000000,1924.31591315
2025-09-06T00:00:00Z,3678.10000000,3694.20000000,3600.00000000,3649.80000000,429.10540234
2025-09-07T00:00:00Z,3650.50000000,3703.10000000,3646.50000000,3675.70000000,379.70472246
2025-09-08T00:00:00Z,3675.40000000,3731.20000000,3641.20000000,3659.60000000,1465.80319876
2025-09-09T00:00:00Z,3659.00000000,3725.80000000,3635.10000000,3682.80000000,1805.00586022
2025-09-10T00:00:00Z,3686.80000000,3799.50000000,3662.60000000,3714.80000000,1497.14441552
2025-09-11T00:00:00Z,3716.10000000,3832.00000000,3700.00000000,3802.60000000,1149.01159600
2025-09-12T00:00:00Z,3803.10000000,4045.00000000,3797.00000000,4015.00000000,2261.75801996
2025-09-13T00:00:00Z,4015.50000000,4057.20000000,3909.70000000,3962.10000000,786.38876866
2025-09-14T00:00:00Z,3966.60000000,3984.00000000,3887.20000000,3931.20000000,500.15389633
2025-09-15T00:00:00Z,3927.70000000,3984.00000000,3798.00000000,3848.90000000,2087.22046825
2025-09-16T00:00:00Z,3846.70000000,3859.60000000,3738.00000000,3792.50000000,2438.89994224
2025-09-17T00:00:00Z,3794.50000000,3906.80000000,3720.00000000,3883.20000000,2917.19790223
2025-09-18T00:00:00Z,3886.00000000,3937.60000000,3863.80000000,3893.00000000,2549.12888749
2025-09-19T00:00:00Z,3897.50000000,3923.70000000,3779.50000000,3809.00000000,1822.92106151
2025-09-20T00:00:00Z,3808.60000000,3843.40000000,3789.30000000,3819.30000000,503.57459545
2025-09-21T00:00:00Z,3818.00000000,3831.90000000,3787.90000000,3795.30000000,522.73208839
2025-09-22T00:00:00Z,3787.50000000,3798.50000000,3469.00000000,3562.50000000,4609.48797454
2025-09-23T00:00:00Z,3561.90000000,3581.50000000,3492.70000000,3529.60000000,2124.85691488
2025-09-24T00:00:00Z,3526.10000000,3583.60000000,3450.90000000,3538.70000000,1367.75681375
2025-09-25T00:00:00Z,3536.30000000,3546.10000000,3280.70000000,3313.80000000,2942.90346369
2025-09-26T00:00:00Z,3335.70000000,3479.80000000,3319.00000000,3450.00000000,1883.17467756
2025-09-27T00:00:00Z,3443.60000000,3457.50000000,3394.30000000,3436.40000000,808.26357329
2025-09-28T00:00:00Z,3442.00000000,3540.73000000,3393.63000000,3540.73000000,580.02850282
2025-09-29T00:00:00Z,3542.40000000,3611.85000000,3480.44000000,3598.35000000,816.37576400
2025-09-30T00:00:00Z,3591.73000000,3622.70000000,3482.05000000,3531.54000000,660.21894500
2025-10-01T00:00:00Z,3539.23000000,3711.90000000,3505.38000000,3711.17000000,1550.86775900
2025-10-02T00:00:00Z,3712.73000000,3852.52000000,3696.03000000,3824.69000000,1145.78294500
2025-10-03T00:00:00Z,3817.41000000,3908.30000000,3772.61000000,3839.20000000,1470.28419000
2025-10-04T00:00:00Z,3840.62000000,3842.62000000,3773.62000000,3811.91000000,585.72528400
2025-10-05T00:00:00Z,3813.49000000,3905.00000000,3796.43000000,3842.50000000,1083.11603100
2025-10-06T00:00:00Z,3842.91000000,4036.24000000,3826.92000000,3995.69000000,2474.57137600
2025-10-07T00:00:00Z,3996.76000000,4076.11000000,3801.01000000,3819.37000000,2874.61364100
2025-10-08T00:00:00Z,3817.59000000,3927.26000000,3798.26000000,3892.42000000,3708.75407400
2025-10-09T00:00:00Z,3893.77000000,3894.26000000,3686.18000000,3776.20000000,4288.01770300
2025-10-10T00:00:00Z,3777.76000000,3798.47000000,3010.00000000,3333.67000000,7560.89842900
2025-10-11T00:00:00Z,3333.67000000,3393.79000000,3178.01000000,3268.38000000,6620.82577800
2025-10-12T00:00:00Z,3268.80000000,3632.45000000,3222.92000000,3586.87000000,3560.95284100
2025-10-13T00:00:00Z,3572.91000000,3712.70000000,3494.52000000,3671.29000000,1911.57985300
2025-10-14T00:00:00Z,3672.71000000,3688.02000000,3372.00000000,3557.57000000,2828.97135400
2025-10-15T00:00:00Z,3559.74000000,3625.69000000,3374.51000000,3423.71000000,1057.78439100
2025-10-16T00:00:00Z,3424.77000000,3507.71000000,3276.89000000,3329.26000000,2218.26146100
2025-10-17T00:00:00Z,3329.54000000,3372.15000000,3148.32000000,3292.66000000,1533.27507700
2025-10-18T00:00:00Z,3293.08000000,3371.58000000,3281.16000000,3340.95000000,660.45058600
2025-10-19T00:00:00Z,3342.95000000,3462.72000000,3285.09000000,3419.26000000,1068.39741600
2025-10-20T00:00:00Z,3417.18000000,3504.91000000,3357.26000000,3418.93000000,1070.04099200
2025-10-21T00:00:00Z,3417.96000000,3538.09000000,3303.94000000,3341.71000000,1563.65540100
2025-10-22T00:00:00Z,3338.67000000,3352.60000000,3191.56000000,3278.34000000,2625.51162200
2025-10-23T00:00:00Z,3279.02000000,3387.89000000,3273.53000000,3319.81000000,1536.32443700
2025-10-24T00:00:00Z,3321.70000000,3454.55000000,3311.88000000,3383.35000000,1386.60904600
2025-10-25T00:00:00Z,3385.31000000,3410.70000000,3368.67000000,3399.64000000,696.17290600
2025-10-26T00:00:00Z,3398.16000000,3586.40000000,3371.73000000,3573.61000000,624.32526500
2025-10-27T00:00:00Z,3571.63000000,3656.77000000,3515.96000000,3536.03000000,1194.79416700
2025-10-28T00:00:00Z,3531.61000000,3581.71000000,3379.00000000,3419.53000000,808.53834800
2025-10-29T00:00:00Z,3414.99000000,3472.74000000,3322.75000000,3363.86000000,1440.61339100
2025-10-30T00:00:00Z,3365.53000000,3400.08000000,3185.99000000,3288.78000000,1397.56877400
2025-10-31T00:00:00Z,3290.44000000,3383.45000000,3282.86000000,3331.24000000,1138.14520900
2025-11-01T00:00:00Z,3331.62000000,3381.40000000,3317.26000000,3351.84000000,445.42338200
2025-11-02T00:00:00Z,3348.86000000,3394.12000000,3326.44000000,3389.20000000,1568.82712400
2025-11-03T00:00:00Z,3386.35000000,3392.54000000,3090.00000000,3126.14000000,2288.97040600
2025-11-04T00:00:00Z,3126.43000000,3175.55000000,2660.91000000,2867.51000000,4186.51914500
2025-11-05T00:00:00Z,2861.06000000,3031.06000000,2758.34000000,2979.31000000,2112.48573200
2025-11-06T00:00:00Z,2977.84000000,3001.70000000,2813.30000000,2867.84000000,2189.09249600
2025-11-07T00:00:00Z,2868.87000000,3000.33000000,2760.00000000,2968.35000000,1687.33132300
2025-11-08T00:00:00Z,2970.14000000,3011.57000000,2901.00000000,2939.25000000,859.33198100
2025-11-09T00:00:00Z,2938.62000000,3132.70000000,2905.95000000,3094.81000000,936.56544600
2025-11-10T00:00:00Z,3098.52000000,3165.32000000,3036.35000000,3086.64000000,1397.67911800
2025-11-11T00:00:00Z,3085.66000000,3152.04000000,2940.38000000,2949.49000000,1239.22498600
2025-11-12T00:00:00Z,2949.86000000,3100.71000000,2910.00000000,2946.78000000,1513.87916200
2025-11-13T00:00:00Z,2946.15000000,3075.74000000,2711.00000000,2779.14000000,2643.72078300
2025-11-14T00:00:00Z,2769.45000000,2801.48000000,2638.89000000,2675.56000000,2803.95357700
2025-11-15T00:00:00Z,2678.32000000,2779.58000000,2678.32000000,2725.49000000,841.89976900
2025-11-16T00:00:00Z,2725.78000000,2795.38000000,2584.46000000,2659.90000000,1825.06681700
2025-11-17T00:00:00Z,2659.77000000,2770.10000000,2549.52000000,2606.00000000,1739.05988200
2025-11-18T00:00:00Z,2610.11000000,2733.59000000,2538.95000000,2689.18000000,1265.60032900
2025-11-19T00:00:00Z,2694.16000000,2695.35000000,2489.99000000,2619.66000000,1955.56341700
2025-11-20T00:00:00Z,2619.54000000,2656.26000000,2419.77000000,2455.94000000,2459.12337100
2025-11-21T00:00:00Z,2457.42000000,2495.90000000,2280.00000000,2401.55000000,2351.09316800
2025-11-22T00:00:00Z,2400.61000000,2430.34000000,2350.63000000,2404.28000000,789.74208000
2025-11-23T00:00:00Z,2406.28000000,2487.01000000,2406.17000000,2436.39000000,1839.87347900
2025-11-24T00:00:00Z,2427.71000000,2590.21000000,2405.14000000,2562.38000000,1510.35391600
2025-11-25T00:00:00Z,2560.69000000,2574.59000000,2471.42000000,2560.62000000,1382.73577100
2025-11-26T00:00:00Z,2558.51000000,2627.39000000,2498.31000000,2609.19000000,965.42858600
2025-11-27T00:00:00Z,2606.59000000,2643.62000000,2576.64000000,2599.27000000,855.71263400
2025-11-28T00:00:00Z,2601.34000000,2678.86000000,2584.56000000,2616.03000000,1415.81370700
2025-11-29T00:00:00Z,2615.44000000,2633.53000000,2560.00000000,2580.60000000,1153.15084500
2025-11-30T00:00:00Z,2580.66000000,2634.17000000,2569.06000000,2581.70000000,566.72083900
2025-12-01T00:00:00Z,2579.21000000,2585.14000000,2339.83000000,2412.42000000,2449.18210900
2025-12-02T00:00:00Z,2411.82000000,2615.40000000,2397.44000000,2579.23000000,1975.07835300
2025-12-03T00:00:00Z,2575.94000000,2753.97000000,2568.58000000,2735.33000000,2591.00648000
2025-12-04T00:00:00Z,2735.57000000,2777.00000000,2633.70000000,2692.39000000,1567.34682800
2025-12-05T00:00:00Z,2691.51000000,2740.06000000,2563.96000000,2599.61000000,2196.93016200
2025-12-06T00:00:00Z,2596.07000000,2636.05000000,2591.52000000,2612.36000000,450.77193200
2025-12-07T00:00:00Z,2612.70000000,2707.54000000,2505.00000000,2630.25000000,1637.52936500
2025-12-08T00:00:00Z,2627.69000000,2731.81000000,2614.34000000,2685.72000000,1569.58094700
2025-12-09T00:00:00Z,2685.21000000,2919.66000000,2656.89000000,2854.68000000,2595.51170400
2025-12-10T00:00:00Z,2853.39000000,2946.67000000,2829.81000000,2841.38000000,1813.38298400
2025-12-11T00:00:00Z,2839.27000000,2844.09000000,2685.11000000,2758.29000000,1969.51475500
2025-12-12T00:00:00Z,2757.38000000,2781.72000000,2594.63000000,2629.80000000,1448.63595700
2025-12-13T00:00:00Z,2630.97000000,2672.89000000,2625.46000000,2656.29000000,407.88678500
2025-12-14T00:00:00Z,2655.44000000,2666.24000000,2550.00000000,2610.71000000,1192.48304600
2025-12-15T00:00:00Z,2618.80000000,2705.31000000,2466.00000000,2523.50000000,1934.08916600
2025-12-16T00:00:00Z,2520.34000000,2533.40000000,2449.26000000,2522.29000000,1882.97674000
2025-12-17T00:00:00Z,2516.52000000,2574.26000000,2374.69000000,2409.15000000,1807.85314700
2025-12-18T00:00:00Z,2412.15000000,2552.40000000,2367.01000000,2410.88000000,2592.16719000
2025-12-19T00:00:00Z,2410.77000000,2571.00000000,2394.98000000,2542.95000000,2265.97492400
2025-12-20T00:00:00Z,2543.12000000,2555.84000000,2533.61000000,2543.05000000,445.00054800
2025-12-21T00:00:00Z,2542.10000000,2571.65000000,2513.98000000,2563.55000000,517.72056900
2025-12-22T00:00:00Z,2565.41000000,2620.00000000,2520.79000000,2556.91000000,1174.32285100
2025-12-23T00:00:00Z,2556.10000000,2576.94000000,2463.51000000,2513.68000000,1168.45032000
2025-12-24T00:00:00Z,2513.80000000,2520.22000000,2454.77000000,2500.94000000,791.19127700
2025-12-25T00:00:00Z,2501.34000000,2520.16000000,2455.33000000,2464.57000000,788.23550400
2025-12-26T00:00:00Z,2464.33000000,2540.00000000,2455.15000000,2485.92000000,881.81536300
2025-12-27T00:00:00Z,2486.77000000,2511.15000000,2477.14000000,2504.67000000,340.28942800
2025-12-28T00:00:00Z,2502.41000000,2509.35000000,2482.52000000,2503.23000000,634.11584800
2025-12-29T00:00:00Z,2500.67000000,2590.48000000,2473.44000000,2493.40000000,2204.72460100
2025-12-30T00:00:00Z,2492.74000000,2551.76000000,2476.99000000,2528.86000000,1457.12590100
2025-12-31T00:00:00Z,2525.17000000,2574.92000000,2517.49000000,2524.96000000,1227.72425500
2026-01-01T00:00:00Z,2525.91000000,2558.23000000,2525.53000000,2554.03000000,758.85510300
2026-01-02T00:00:00Z,2550.74000000,2683.69000000,2542.65000000,2666.28000000,1518.76888100
2026-01-03T00:00:00Z,2668.39000000,2675.31000000,2628.17000000,2669.68000000,449.91983800
2026-01-04T00:00:00Z,2668.94000000,2701.85000000,2661.58000000,2687.15000000,921.72507800
2026-01-05T00:00:00Z,2688.59000000,2786.11000000,2682.49000000,2755.52000000,1787.10729900
2026-01-06T00:00:00Z,2754.86000000,2825.32000000,2718.92000000,2820.89000000,1332.12619800
2026-01-07T00:00:00Z,2819.89000000,2819.89000000,2675.00000000,2713.18000000,1332.74569900
2026-01-08T00:00:00Z,2710.83000000,2724.83000000,2618.59000000,2664.65000000,1339.25202900
2026-01-09T00:00:00Z,2663.78000000,2698.57000000,2631.51000000,2651.18000000,1321.84349100
2026-01-10T00:00:00Z,2650.90000000,2666.55000000,2644.11000000,2652.47000000,348.36994900
2026-01-11T00:00:00Z,2650.82000000,2700.00000000,2650.82000000,2682.76000000,611.26740000
2026-01-12T00:00:00Z,2683.67000000,2716.68000000,2618.96000000,2649.60000000,902.53198400
2026-01-13T00:00:00Z,2649.73000000,2892.12000000,2649.69000000,2853.18000000,1833.67284600
2026-01-14T00:00:00Z,2854.66000000,2920.99000000,2815.57000000,2880.83000000,1794.22978000
2026-01-15T00:00:00Z,2880.99000000,2914.52000000,2816.60000000,2857.06000000,764.54285200
2026-01-16T00:00:00Z,2857.93000000,2865.33000000,2805.67000000,2840.89000000,846.55548900
2026-01-17T00:00:00Z,2841.17000000,2870.55000000,2831.58000000,2855.00000000,381.37072400
2026-01-18T00:00:00Z,2856.46000000,2903.40000000,2825.00000000,2825.30000000,769.71578800
2026-01-19T00:00:00Z,2825.24000000,2825.24000000,2718.44000000,2737.93000000,1027.60111600
2026-01-20T00:00:00Z,2738.88000000,2747.50000000,2483.72000000,2503.09000000,1377.32936200
2026-01-21T00:00:00Z,2506.20000000,2624.58000000,2447.00000000,2553.00000000,1377.41430500
2026-01-22T00:00:00Z,2553.88000000,2597.16000000,2477.15000000,2508.38000000,704.24131800
2026-01-23T00:00:00Z,2510.84000000,2557.86000000,2461.08000000,2497.83000000,1620.00475500
2026-01-24T00:00:00Z,2498.41000000,2507.61000000,2487.77000000,2494.98000000,214.20929800
2026-01-25T00:00:00Z,2495.30000000,2499.45000000,2344.00000000,2375.72000000,2104.18908600
2026-01-26T00:00:00Z,2371.69000000,2482.50000000,2370.83000000,2465.97000000,1708.02799600
2026-01-27T00:00:00Z,2463.22000000,2520.38000000,2430.79000000,2516.10000000,1439.68684900
2026-01-28T00:00:00Z,2511.84000000,2542.43000000,2485.35000000,2509.61000000,1343.94312400
2026-01-29T00:00:00Z,2511.76000000,2512.11000000,2300.88000000,2356.58000000,1596.87437800
2026-01-30T00:00:00Z,2357.43000000,2360.25000000,2221.04000000,2280.97000000,3267.60042800
2026-01-31T00:00:00Z,2281.41000000,2288.25000000,1895.28000000,2074.96000000,5675.45696400
2026-02-01T00:00:00Z,2070.15000000,2093.44000000,1876.00000000,1913.55000000,6572.47635200
2026-02-02T00:00:00Z,1917.36000000,2028.27000000,1822.84000000,1988.01000000,5271.69134700
2026-02-03T00:00:00Z,1989.36000000,1998.02000000,1784.35000000,1888.50000000,4180.29835900
2026-02-04T00:00:00Z,1887.77000000,1939.76000000,1757.94000000,1816.65000000,4833.35933500
2026-02-05T00:00:00Z,1814.59000000,1835.25000000,1541.12000000,1549.32000000,4387.55369800
2026-02-06T00:00:00Z,1549.43000000,1771.27000000,1485.12000000,1749.00000000,4769.25795900
2026-02-07T00:00:00Z,1749.02000000,1815.00000000,1692.92000000,1773.45000000,3032.83029500
2026-02-08T00:00:00Z,1770.07000000,1820.45000000,1750.74000000,1767.59000000,1925.78399900
2026-02-09T00:00:00Z,1767.95000000,1800.00000000,1687.06000000,1765.91000000,1275.15821700
2026-02-10T00:00:00Z,1768.10000000,1781.14000000,1668.41000000,1700.79000000,1947.58512500
2026-02-11T00:00:00Z,1699.77000000,1706.35000000,1605.04000000,1635.37000000,3742.00749000
2026-02-12T00:00:00Z,1634.68000000,1683.75000000,1600.00000000,1640.89000000,2100.85073200
2026-02-13T00:00:00Z,1641.46000000,1745.63000000,1622.33000000,1726.28000000,1768.81971500
2026-02-14T00:00:00Z,1726.06000000,1778.18000000,1722.13000000,1760.30000000,1905.36243700
2026-02-15T00:00:00Z,1760.38000000,1775.00000000,1626.63000000,1657.77000000,3467.69449400
2026-02-16T00:00:00Z,1656.93000000,1706.27000000,1635.27000000,1686.33000000,1345.17800500
2026-02-17T00:00:00Z,1685.05000000,1701.21000000,1644.91000000,1681.37000000,1408.98900900
2026-02-18T00:00:00Z,1680.22000000,1722.24000000,1632.37000000,1659.39000000,2094.11454200
2026-02-19T00:00:00Z,1658.31000000,1683.79000000,1620.84000000,1654.98000000,1940.39141200
2026-02-20T00:00:00Z,1655.12000000,1680.18000000,1636.00000000,1670.67000000,2524.52081700
2026-02-21T00:00:00Z,1670.12000000,1693.84000000,1659.28000000,1675.06000000,702.49962300
2026-02-22T00:00:00Z,1675.03000000,1683.00000000,1642.73000000,1655.95000000,789.88683300
2026-02-23T00:00:00Z,1654.93000000,1654.93000000,1558.45000000,1573.51000000,2274.92060000
2026-02-24T00:00:00Z,1574.26000000,1582.93000000,1530.00000000,1573.48000000,2137.39053400
2026-02-25T00:00:00Z,1573.64000000,1819.23000000,1568.73000000,1739.57000000,3558.19909200
2026-02-26T00:00:00Z,1742.23000000,1767.33000000,1678.82000000,1719.28000000,1878.50492900
2026-02-27T00:00:00Z,1718.75000000,1748.85000000,1599.00000000,1635.33000000,1875.21028000
2026-02-28T00:00:00Z,1633.95000000,1681.72000000,1556.00000000,1664.82000000,3117.23834100
2026-03-01T00:00:00Z,1668.21000000,1740.00000000,1619.19000000,1649.56000000,2426.22820700
2026-03-02T00:00:00Z,1649.45000000,1787.18000000,1641.78000000,1732.57000000,2597.43332800
2026-03-03T00:00:00Z,1734.00000000,1744.85000000,1667.74000000,1707.73000000,1727.70915600
2026-03-04T00:00:00Z,1706.40000000,1891.17000000,1678.42000000,1828.86000000,2271.97400500
2026-03-05T00:00:00Z,1827.97000000,1863.81000000,1773.42000000,1785.44000000,4417.03844800
2026-03-06T00:00:00Z,1786.82000000,1801.47000000,1687.76000000,1704.92000000,2381.51370300
2026-03-07T00:00:00Z,1704.73000000,1719.25000000,1679.86000000,1698.98000000,463.73289000
2026-03-08T00:00:00Z,1700.86000000,1707.37000000,1660.00000000,1682.26000000,1958.91703100
2026-03-09T00:00:00Z,1682.65000000,1766.58000000,1679.58000000,1717.75000000,1877.79990500
2026-03-10T00:00:00Z,1716.07000000,1793.16000000,1715.67000000,1755.59000000,2829.23467400
2026-03-11T00:00:00Z,1750.16000000,1802.12000000,1727.45000000,1777.86000000,1064.70107400
2026-03-12T00:00:00Z,1777.57000000,1816.28000000,1750.00000000,1800.62000000,1083.37514200
2026-03-13T00:00:00Z,1798.45000000,1925.59000000,1796.83000000,1833.33000000,1964.91050200
2026-03-14T00:00:00Z,1830.59000000,1843.64000000,1807.44000000,1839.13000000,355.74474400
2026-03-15T00:00:00Z,1837.85000000,1926.25000000,1827.73000000,1905.24000000,908.30370700
2026-03-16T00:00:00Z,1909.93000000,2072.51000000,1892.44000000,2046.02000000,3778.28953600
2026-03-17T00:00:00Z,2044.68000000,2067.74000000,1998.29000000,2009.65000000,2692.84562300
2026-03-18T00:00:00Z,2012.17000000,2038.64000000,1879.71000000,1923.73000000,2763.77879200
2026-03-19T00:00:00Z,1921.79000000,1945.31000000,1825.00000000,1846.45000000,2341.78956300
2026-03-20T00:00:00Z,1847.23000000,1878.66000000,1831.03000000,1855.91000000,1057.94805300
2026-03-21T00:00:00Z,1856.62000000,1873.20000000,1792.61000000,1803.59000000,569.64051200
2026-03-22T00:00:00Z,1798.45000000,1839.36000000,1757.00000000,1776.55000000,1145.66880200
2026-03-23T00:00:00Z,1779.73000000,1899.00000000,1755.00000000,1854.78000000,2952.38719100
2026-03-24T00:00:00Z,1855.22000000,1875.29000000,1818.00000000,1857.35000000,1424.27909500
2026-03-25T00:00:00Z,1856.43000000,1897.56000000,1848.93000000,1875.94000000,1252.90493400
2026-03-26T00:00:00Z,1875.65000000,1878.58000000,1764.57000000,1785.74000000,1350.47031900
2026-03-27T00:00:00Z,1785.13000000,1798.52000000,1709.10000000,1731.23000000,1817.29305500
2026-03-28T00:00:00Z,1730.72000000,1778.76000000,1722.98000000,1733.64000000,922.53665300
2026-03-29T00:00:00Z,1735.50000000,1753.92000000,1689.00000000,1727.62000000,499.31515300
2026-03-30T00:00:00Z,1724.06000000,1814.56000000,1723.90000000,1767.17000000,1159.79991400
2026-03-31T00:00:00Z,1766.07000000,1836.82000000,1755.00000000,1818.80000000,1587.26597300
2026-04-01T00:00:00Z,1818.02000000,1868.67000000,1799.53000000,1845.88000000,1375.96131400
2026-04-02T00:00:00Z,1846.20000000,1860.48000000,1750.81000000,1782.33000000,1264.41268000
2026-04-03T00:00:00Z,1782.93000000,1805.33000000,1771.71000000,1782.83000000,538.55314700
2026-04-04T00:00:00Z,1781.78000000,1808.35000000,1775.77000000,1793.17000000,247.47170000
2026-04-05T00:00:00Z,1793.07000000,1842.97000000,1755.80000000,1832.45000000,610.94670000
2026-04-06T00:00:00Z,1833.62000000,1880.93000000,1809.13000000,1828.07000000,1653.95404600
2026-04-07T00:00:00Z,1825.90000000,1944.43000000,1784.37000000,1917.23000000,2139.36419300
2026-04-08T00:00:00Z,1916.95000000,1939.88000000,1871.37000000,1878.87000000,1390.42409300
2026-04-09T00:00:00Z,1879.88000000,1919.01000000,1848.47000000,1873.57000000,1002.13430700
2026-04-10T00:00:00Z,1872.03000000,1929.31000000,1863.77000000,1915.67000000,1647.10317500
2026-04-11T00:00:00Z,1914.33000000,1988.00000000,1902.89000000,1950.82000000,795.79851100
2026-04-12T00:00:00Z,1950.40000000,1953.45000000,1858.92000000,1878.58000000,877.28737900
2026-04-13T00:00:00Z,1878.36000000,2035.15000000,1861.95000000,2015.83000000,1374.37720300
2026-04-14T00:00:00Z,2016.07000000,2047.25000000,1954.00000000,1969.39000000,1588.39674200
2026-04-15T00:00:00Z,1977.70000000,2020.66000000,1960.00000000,1999.43000000,978.78315800
2026-04-16T00:00:00Z,1998.77000000,2007.95000000,1942.13000000,1992.25000000,1104.41234800
2026-04-17T00:00:00Z,1993.96000000,2089.58000000,1967.82000000,2058.30000000,1353.70187000
2026-04-18T00:00:00Z,2057.97000000,2064.43000000,1991.79000000,1999.72000000,682.54248000
2026-04-19T00:00:00Z,1999.44000000,2002.13000000,1922.00000000,1929.83000000,705.39086400
2026-04-20T00:00:00Z,1928.26000000,1991.66000000,1927.89000000,1964.74000000,924.17341100
2026-04-21T00:00:00Z,1965.85000000,1989.79000000,1949.74000000,1981.83000000,868.84551100
2026-04-22T00:00:00Z,1982.04000000,2065.94000000,1971.43000000,2029.32000000,1332.53029800
2026-04-23T00:00:00Z,2030.00000000,2033.04000000,1959.65000000,1995.53000000,951.76229400
2026-04-24T00:00:00Z,1994.43000000,1999.52000000,1968.00000000,1976.56000000,634.47810300
2026-04-25T00:00:00Z,1975.23000000,1982.31000000,1965.28000000,1980.15000000,236.48843200
2026-04-26T00:00:00Z,1980.73000000,2033.00000000,1971.18000000,2025.13000000,546.41883900
2026-04-27T00:00:00Z,2028.78000000,2050.75000000,1933.38000000,1967.95000000,837.13571100
2026-04-28T00:00:00Z,1965.67000000,1970.69000000,1931.66000000,1954.18000000,529.98376600
2026-04-29T00:00:00Z,1953.46000000,2005.58000000,1901.89000000,1928.61000000,869.02868500
2026-04-30T00:00:00Z,1928.14000000,1949.32000000,1916.99000000,1923.89000000,734.90741600
2026-05-01T00:00:00Z,1925.12000000,1975.71000000,1924.91000000,1957.36000000,550.42576400
2026-05-02T00:00:00Z,1959.76000000,1997.50000000,1956.40000000,1976.49000000,328.74376600
2026-05-03T00:00:00Z,1975.13000000,2005.43000000,1960.58000000,1979.74000000,572.61199000
2026-05-04T00:00:00Z,1977.88000000,2044.14000000,1969.04000000,2007.40000000,1466.69954600
2026-05-05T00:00:00Z,2006.28000000,2050.50000000,2006.28000000,2016.09000000,831.51029800
2026-05-06T00:00:00Z,2014.90000000,2057.29000000,1990.42000000,2000.64000000,1019.14800700
2026-05-07T00:00:00Z,2001.47000000,2001.66000000,1940.20000000,1953.34000000,896.23171900
2026-05-08T00:00:00Z,1953.15000000,1970.69000000,1927.86000000,1958.43000000,827.03992700
2026-05-09T00:00:00Z,1958.44000000,1984.35000000,1953.00000000,1975.69000000,259.23904200
2026-05-10T00:00:00Z,1975.87000000,2024.44000000,1964.15000000,2014.55000000,690.91896200
2026-05-11T00:00:00Z,2016.68000000,2016.68000000,1956.00000000,1986.21000000,760.64899100
2026-05-12T00:00:00Z,1985.66000000,1986.66000000,1924.27000000,1938.79000000,868.66595500
2026-05-13T00:00:00Z,1938.22000000,1985.68000000,1906.77000000,1926.00000000,941.00496300
2026-05-14T00:00:00Z,1929.43000000,1985.22000000,1910.89000000,1956.00000000,1257.90887700
2026-05-15T00:00:00Z,1959.71000000,1972.00000000,1896.91000000,1913.17000000,779.49813200
2026-05-16T00:00:00Z,1913.08000000,1918.73000000,1861.68000000,1877.05000000,725.18022800
2026-05-17T00:00:00Z,1877.34000000,1891.56000000,1800.00000000,1831.68000000,629.36860600
2026-05-18T00:00:00Z,1831.40000000,1849.65000000,1785.75000000,1826.07000000,1393.43414900
2026-05-19T00:00:00Z,1826.54000000,1841.62000000,1804.83000000,1818.99000000,807.18837200
2026-05-20T00:00:00Z,1817.67000000,1846.74000000,1811.70000000,1829.23000000,1059.85709700
2026-05-21T00:00:00Z,1831.19000000,1851.37000000,1816.71000000,1835.48000000,842.57358900
2026-05-22T00:00:00Z,1834.58000000,1841.85000000,1771.93000000,1780.59000000,808.30618300
2026-05-23T00:00:00Z,1777.90000000,1850.69000000,1733.84000000,1822.80000000,1320.11296100
2026-05-24T00:00:00Z,1823.31000000,1833.94000000,1771.88000000,1803.11000000,1053.26206500
2026-05-25T00:00:00Z,1803.09000000,1837.07000000,1796.64000000,1814.55000000,895.37080800
2026-05-26T00:00:00Z,1813.42000000,1839.38000000,1768.00000000,1779.29000000,1429.04777900
2026-05-27T00:00:00Z,1780.19000000,1796.26000000,1731.17000000,1740.64000000,1156.06416800
2026-05-28T00:00:00Z,1740.21000000,1743.65000000,1689.77000000,1722.92000000,1431.08464600
2026-05-29T00:00:00Z,1724.22000000,1748.83000000,1696.53000000,1725.82000000,1044.48675800
2026-05-30T00:00:00Z,1725.96000000,1739.71000000,1715.38000000,1732.40000000,565.33633700
2026-05-31T00:00:00Z,1733.11000000,1745.26000000,1706.70000000,1720.19000000,587.95843400
2026-06-01T00:00:00Z,1720.53000000,1730.62000000,1683.80000000,1722.39000000,1590.23193100
2026-06-02T00:00:00Z,1721.80000000,1721.80000000,1581.65000000,1598.43000000,3286.91431000
2026-06-03T00:00:00Z,1599.21000000,1627.33000000,1525.00000000,1560.44000000,3178.31113100
2026-06-04T00:00:00Z,1560.51000000,1565.29000000,1479.78000000,1523.68000000,4246.13480900
2026-06-05T00:00:00Z,1523.03000000,1526.03000000,1337.85000000,1375.62000000,15732.53102800
2026-06-06T00:00:00Z,1374.68000000,1389.69000000,1309.51000000,1362.63000000,4054.62763400
2026-06-07T00:00:00Z,1364.25000000,1493.60000000,1359.62000000,1467.01000000,4829.84204700
2026-06-08T00:00:00Z,1467.05000000,1485.42000000,1426.94000000,1466.39000000,4028.41442000
2026-06-09T00:00:00Z,1465.29000000,1471.52000000,1398.72000000,1421.16000000,3634.97974600
2026-06-10T00:00:00Z,1423.43000000,1440.29000000,1388.69000000,1405.00000000,3171.44887300
2026-06-11T00:00:00Z,1406.64000000,1464.57000000,1405.42000000,1445.21000000,3291.27124700
2026-06-12T00:00:00Z,1443.71000000,1459.86000000,1427.88000000,1440.03000000,2401.26583300
2026-06-13T00:00:00Z,1440.06000000,1468.40000000,1437.34000000,1454.07000000,924.46765100
2026-06-14T00:00:00Z,1453.84000000,1491.64000000,1431.78000000,1486.90000000,1925.93445600
2026-06-15T00:00:00Z,1487.79000000,1592.54000000,1473.73000000,1549.03000000,3254.26061600
2026-06-16T00:00:00Z,1547.80000000,1585.22000000,1518.83000000,1541.95000000,2995.34560900
2026-06-17T00:00:00Z,1544.97000000,1556.62000000,1499.57000000,1519.65000000,5195.01833100
2026-06-18T00:00:00Z,1520.36000000,1529.18000000,1455.80000000,1492.28000000,11261.51982400
2026-06-19T00:00:00Z,1491.77000000,1498.19000000,1463.50000000,1490.84000000,2283.93403200
2026-06-20T00:00:00Z,1490.77000000,1523.78000000,1485.17000000,1517.03000000,1826.40975000
2026-06-21T00:00:00Z,1516.64000000,1516.82000000,1484.25000000,1487.96000000,6256.23131200
2026-06-22T00:00:00Z,1487.63000000,1553.99000000,1487.63000000,1511.69000000,5081.63104900
2026-06-23T00:00:00Z,1510.50000000,1517.08000000,1432.70000000,1463.49000000,3988.90653400
2026-06-24T00:00:00Z,1463.24000000,1489.12000000,1367.26000000,1426.26000000,4683.49484900
2026-06-25T00:00:00Z,1427.23000000,1459.60000000,1347.35000000,1377.92000000,4052.84794600
2026-06-26T00:00:00Z,1379.14000000,1396.11000000,1330.00000000,1384.70000000,3107.34418800
2026-06-27T00:00:00Z,1384.94000000,1411.79000000,1372.70000000,1381.55000000,1100.00732000
2026-06-28T00:00:00Z,1380.10000000,1392.32000000,1357.70000000,1378.83000000,1291.08162800
2026-06-29T00:00:00Z,1378.58000000,1429.46000000,1362.49000000,1410.64000000,2739.37646300
2026-06-30T00:00:00Z,1409.81000000,1411.49000000,1359.48000000,1375.98000000,2066.57668200
2026-07-01T00:00:00Z,1376.68000000,1444.00000000,1360.92000000,1413.61000000,2245.64973200
2026-07-02T00:00:00Z,1410.85000000,1504.12000000,1404.73000000,1486.45000000,2980.51119200
2026-07-03T00:00:00Z,1487.09000000,1551.07000000,1481.08000000,1536.54000000,2692.14602800
2026-07-04T00:00:00Z,1536.07000000,1579.34000000,1524.54000000,1556.60000000,1105.83181700
2026-07-05T00:00:00Z,1557.04000000,1579.62000000,1527.57000000,1560.11000000,912.15937500
2026-07-06T00:00:00Z,1560.45000000,1600.93000000,1513.50000000,1571.69000000,2319.17058500
2026-07-07T00:00:00Z,1572.44000000,1586.07000000,1536.88000000,1552.70000000,1018.46375800
2026-07-08T00:00:00Z,1553.49000000,1562.66000000,1501.97000000,1526.50000000,1158.54120800
2026-07-09T00:00:00Z,1524.52000000,1539.21000000,1506.39000000,1526.13000000,1837.71767600
2026-07-10T00:00:00Z,1526.26000000,1585.00000000,1518.94000000,1572.28000000,1297.05861100
2026-07-11T00:00:00Z,1573.37000000,1602.42000000,1565.06000000,1568.27000000,2066.43831500
2026-07-12T00:00:00Z,1565.66000000,1598.07000000,1559.31000000,1583.56000000,936.76241100
2026-07-13T00:00:00Z,1582.88000000,1617.32000000,1536.48000000,1559.24000000,2839.46605300
2026-07-14T00:00:00Z,1559.12000000,1660.00000000,1556.81000000,1654.67000000,2980.06109900
2026-07-15T00:00:00Z,1655.26000000,1700.59000000,1629.36000000,1672.11000000,2739.16890200
2026-07-16T00:00:00Z,1671.96000000,1681.70000000,1622.88000000,1628.29000000,2687.69315600
2026-07-17T00:00:00Z,1628.73000000,1633.20000000,1577.19000000,1610.02000000,2748.34946100
2026-07-18T00:00:00Z,1609.84000000,1631.80000000,1606.40000000,1628.24000000,2501.24533500
2026-07-19T00:00:00Z,1628.42000000,1641.70000000,1619.54000000,1637.93000000,2836.01272300
2026-07-20T00:00:00Z,1637.70000000,1678.58000000,1610.67000000,1666.72000000,2881.74835200
2026-07-21T00:00:00Z,1666.94000000,1707.36000000,1664.36000000,1691.73000000,2013.74660500
2026-07-22T00:00:00Z,1692.13000000,1713.99000000,1674.43000000,1694.25000000,1481.85547900
2026-07-23T00:00:00Z,1694.51000000,1698.96000000,1641.94000000,1650.08000000,1926.10548400
2026-07-24T00:00:00Z,1650.06000000,1671.48000000,1623.13000000,1636.06000000,2545.79280100
2026-07-25T00:00:00Z,1635.84000000,1649.94000000,1627.37000000,1648.50000000,1864.11840900
2026-07-26T00:00:00Z,1648.52000000,1722.23000000,1648.52000000,1714.63000000,2710.88871200
2026-07-27T00:00:00Z,1712.57000000,1735.40000000,1655.00000000,1663.64000000,2671.64428500
2026-07-28T00:00:00Z,1664.87000000,1691.29000000,1631.87000000,1686.28000000,2804.00917400
2026-07-29T00:00:00Z,1687.50000000,1691.71000000,1633.33000000,1664.38000000,2510.87224800
2026-07-30T00:00:00Z,1664.37000000,1682.62000000,1651.55000000,1663.85000000,2503.65025100
2026-07-31T00:00:00Z,1664.90000000,1679.47000000,1610.43000000,1614.62000000,3200.12897800
2026-08-01T00:00:00Z,1615.70000000,1625.07000000,1581.46000000,1600.13000000,1862.53310900
2026-08-02T00:00:00Z,1600.85000000,1642.56000000,1599.28000000,1631.83000000,2418.16727300
2026-08-03T00:00:00Z,1631.83000000,1632.61000000,1585.37000000,1615.12000000,2909.52269000
2026-08-04T00:00:00Z,1613.31000000,1631.51000000,1604.26000000,1621.42000000,2501.16759800
2026-08-05T00:00:00Z,1620.51000000,1667.05000000,1606.23000000,1650.13000000,1903.07349500
2026-08-06T00:00:00Z,1650.64000000,1664.00000000,1638.70000000,1649.83000000,972.44349700
2026-08-07T00:00:00Z,1650.64000000,1681.75000000,1643.19000000,1655.83000000,1565.44593500
2026-08-08T00:00:00Z,1655.35000000,1665.99000000,1654.81000000,1658.84000000,289.69103400
2026-08-09T00:00:00Z,1658.14000000,1675.00000000,1650.25000000,1651.70000000,837.24579400
2026-08-10T00:00:00Z,1652.58000000,1669.47000000,1616.75000000,1621.01000000,1643.91854000
2026-08-11T00:00:00Z,1619.68000000,1643.32000000,1606.30000000,1630.29000000,1241.02072800
2026-08-12T00:00:00Z,1629.00000000,1665.35000000,1624.48000000,1629.38000000,1253.34247500
2026-08-13T00:00:00Z,1629.05000000,1647.09000000,1615.64000000,1633.92000000,915.39806600
2026-08-14T00:00:00Z,1634.61000000,1638.28000000,1608.53000000,1626.08000000,803.77986000
2026-08-15T00:00:00Z,1625.51000000,1629.79000000,1620.65000000,1626.88000000,398.21499300
2026-08-16T00:00:00Z,1627.28000000,1634.87000000,1614.42000000,1619.47000000,694.32546000
2026-08-17T00:00:00Z,1619.07000000,1655.14000000,1615.63000000,1651.21000000,1437.77496300
2026-08-18T00:00:00Z,1650.18000000,1658.54000000,1628.79000000,1656.38000000,724.41068500
2026-08-19T00:00:00Z,1655.90000000,1996.80000000,1643.73000000,1928.55000000,6960.80532300
2026-08-20T00:00:00Z,1928.02000000,2020.51000000,1903.46000000,1990.88000000,3190.83139100
2026-08-21T00:00:00Z,1991.10000000,2178.57000000,1989.57000000,2151.63000000,6244.96885200
2026-08-22T00:00:00Z,2152.44000000,2162.16000000,2040.00000000,2068.31000000,4078.77448700
2026-08-23T00:00:00Z,2069.68000000,2126.44000000,2011.00000000,2107.60000000,2717.34007300
2026-08-24T00:00:00Z,2107.67000000,2170.00000000,2075.02000000,2127.11000000,5918.77694000
2026-08-25T00:00:00Z,2126.90000000,2170.00000000,2068.73000000,2091.51000000,2368.48921800
2026-08-26T00:00:00Z,2090.76000000,2158.99000000,2086.33000000,2151.11000000,2246.43276700
2026-08-27T00:00:00Z,2151.16000000,2202.49000000,2129.55000000,2154.13000000,1473.96436200
2026-08-28T00:00:00Z,2153.80000000,2176.40000000,2078.01000000,2108.54000000,1596.10700000
2026-08-29T00:00:00Z,2109.17000000,2124.43000000,2098.30000000,2123.17000000,378.63836800
2026-08-30T00:00:00Z,2123.32000000,2188.32000000,2061.08000000,2085.41000000,1290.48395400
2026-08-31T00:00:00Z,2084.15000000,2143.01000000,2072.95000000,2123.53000000,927.59650300
2026-09-01T00:00:00Z,2123.10000000,2139.90000000,2056.91000000,2085.98000000,1336.19000200
2026-09-02T00:00:00Z,2086.65000000,2097.90000000,2037.18000000,2064.42000000,1373.30928700
2026-09-03T00:00:00Z,2066.22000000,2173.64000000,2045.32000000,2156.47000000,2129.06472600
2026-09-04T00:00:00Z,2155.04000000,2190.00000000,2094.00000000,2116.22000000,1764.33542600
2026-09-05T00:00:00Z,2115.54000000,2148.18000000,2105.57000000,2137.08000000,627.97244200
2026-09-06T00:00:00Z,2137.77000000,2175.00000000,2121.00000000,2165.26000000,880.37831800
2026-09-07T00:00:00Z,2163.71000000,2184.00000000,2121.40000000,2142.63000000,910.98571300
2026-09-08T00:00:00Z,2140.69000000,2156.45000000,2100.93000000,2137.93000000,1154.86616000
2026-09-09T00:00:00Z,2140.40000000,2168.21000000,2101.41000000,2121.52000000,819.31166200
2026-09-10T00:00:00Z,2122.85000000,2133.45000000,2075.92000000,2100.09000000,1105.32464500
2026-09-11T00:00:00Z,2100.71000000,2296.75000000,2100.71000000,2169.42000000,3244.85454900
2026-09-12T00:00:00Z,2169.23000000,2195.48000000,2163.83000000,2178.82000000,1037.22841300
2026-09-13T00:00:00Z,2178.39000000,2180.16000000,2124.01000000,2137.04000000,1075.67598500
2026-09-14T00:00:00Z,2136.82000000,2263.25000000,2128.17000000,2177.57000000,2658.37834400
2026-09-15T00:00:00Z,2176.76000000,2183.17000000,2043.11000000,2079.17000000,3141.30566100
2026-09-16T00:00:00Z,2077.27000000,2109.60000000,2054.33000000,2106.96000000,2050.66844200
2026-09-17T00:00:00Z,2107.06000000,2159.14000000,2105.77000000,2132.00000000,1965.78860500
2026-09-18T00:00:00Z,2131.09000000,2301.26000000,2121.72000000,2270.92000000,3188.70913800
2026-09-19T00:00:00Z,2269.63000000,2320.00000000,2264.65000000,2288.79000000,1528.69737800
2026-09-20T00:00:00Z,2288.84000000,2306.11000000,2232.00000000,2303.16000000,1396.94225900
2026-09-21T00:00:00Z,2302.91000000,2447.86000000,2301.06000000,2421.04000000,2684.80186600
2026-09-22T00:00:00Z,2420.36000000,2423.21000000,2366.93000000,2405.04000000,1812.85952700
2026-09-23T00:00:00Z,2403.14000000,2437.58000000,2315.67000000,2358.95000000,1682.79302100
2026-09-24T00:00:00Z,2358.71000000,2375.26000000,2310.00000000,2362.37000000,809.46904600
2026-09-25T00:00:00Z,2362.80000000,2403.25000000,2343.27000000,2363.05000000,700.35750300
2026-09-26T00:00:00Z,2361.94000000,2368.26000000,2341.10000000,2368.26000000,309.46319300
2026-09-27T00:00:00Z,2366.56000000,2391.16000000,2346.92000000,2361.42000000,615.89795600
2026-09-28T00:00:00Z,2363.90000000,2388.96000000,2315.00000000,2364.85000000,1494.97397100
2026-09-29T00:00:00Z,2364.59000000,2420.00000000,2332.80000000,2360.58000000,1596.83185400
2026-09-30T00:00:00Z,2361.27000000,2407.90000000,2342.52000000,2368.95000000,1055.29639400
