timestamp,Open,High,Low,Close,Volume
2017-11-11T00:00:00Z,256.01132202,273.90295410,255.67349243,269.81137085,722199256
2017-11-12T00:00:00Z,269.81909180,273.73962402,255.94873047,264.07202148,1383773530
2017-11-13T00:00:00Z,263.31475830,281.94970703,263.40512085,271.55621338,893329318
2017-11-14T00:00:00Z,271.59649658,290.87387085,271.57321167,286.39495850,907354313
2017-11-15T00:00:00Z,286.67739868,289.07995605,279.64471436,282.93753052,613364441
2017-11-16T00:00:00Z,283.01052856,285.60662842,274.87130737,280.96792603,676901015
2017-11-17T00:00:00Z,280.32516479,284.25320435,277.63244629,281.85705566,527205115
2017-11-18T00:00:00Z,281.50598145,296.46060181,277.86569214,294.76129150,550868291
2017-11-19T00:00:00Z,294.58236694,314.84014893,292.32595825,301.99060059,1006842764
2017-11-20T00:00:00Z,301.74179077,317.19824219,300.77389526,312.48297119,687650825
2017-11-21T00:00:00Z,313.09048462,317.45504761,298.79269409,306.98553467,809124361
2017-11-22T00:00:00Z,306.90972900,322.77227783,306.82144165,322.20416260,677855940
2017-11-23T00:00:00Z,322.87033081,359.11224365,318.20629883,346.16085815,1557667314
2017-11-24T00:00:00Z,348.13150024,403.16259766,339.93753052,398.08132935,1921902726
2017-11-25T00:00:00Z,398.72253418,406.69906616,386.46520996,390.84326172,1192020117
2017-11-26T00:00:00Z,390.59011841,396.24728394,378.54650879,395.17898560,1004259217
2017-11-27T00:00:00Z,395.34753418,413.86093140,392.79364014,403.52404785,1173118280
2017-11-28T00:00:00Z,403.66094971,405.41131592,392.48190308,399.14077759,1136478704
2017-11-29T00:00:00Z,399.46066284,441.58523560,358.73999023,360.71801758,2257796234
2017-11-30T00:00:00Z,363.83309937,392.42709351,338.25915527,375.78921509,1599462094
2017-12-01T00:00:00Z,374.18811035,397.51788330,359.44277954,392.41314697,1049608828
2017-12-02T00:00:00Z,392.67474365,400.57113647,384.09707642,389.81326294,793716868
2017-12-03T00:00:00Z,390.02859497,407.33483887,380.82763672,392.92593384,835490040
2017-12-04T00:00:00Z,393.09545898,400.38540649,382.15478516,396.22821045,847349807
2017-12-05T00:00:00Z,396.30404663,399.66073608,387.22396851,391.61538696,1028503804
2017-12-06T00:00:00Z,391.04312134,391.29641724,356.07998657,363.08709717,1692866798
2017-12-07T00:00:00Z,361.20721436,374.19210815,351.82189941,369.01800537,1809012953
2017-12-08T00:00:00Z,369.51156616,396.51354980,358.97247314,387.64962769,1986042081
2017-12-09T00:00:00Z,388.76571655,428.55065918,387.83831787,402.50085449,1703374689
2017-12-10T00:00:00Z,401.89477539,401.89477539,365.10882568,375.38964844,1193320275
2017-12-11T00:00:00Z,374.23132324,439.00219727,373.13391113,437.48278809,1504407643
2017-12-12T00:00:00Z,443.55499268,559.80072021,428.51779175,554.83435059,4411744962
2017-12-13T00:00:00Z,549.27691650,636.69812012,508.93750000,593.75384521,3822693396
2017-12-14T00:00:00Z,591.91784668,636.56579590,564.17156982,590.97668457,3245778862
2017-12-15T00:00:00Z,591.45233154,592.04418945,526.85864258,582.40979004,2347438747
2017-12-16T00:00:00Z,583.89379883,611.28747559,579.29376221,592.41741943,1842826848
2017-12-17T00:00:00Z,592.44128418,626.60736084,592.44128418,613.10992432,1828655328
2017-12-18T00:00:00Z,614.60614014,682.33575439,586.42987061,674.39959717,2757557566
2017-12-19T00:00:00Z,673.76812744,747.53686523,666.67401123,698.56622314,3461093180
2017-12-20T00:00:00Z,699.15173340,713.79510498,638.40905762,689.64050293,3342544387
2017-12-21T00:00:00Z,690.60876465,742.13488770,668.31549072,692.76324463,3011356814
2017-12-22T00:00:00Z,694.09637451,698.46667480,458.79348755,569.16589355,4198119322
2017-12-23T00:00:00Z,574.61077881,644.25659180,573.27404785,606.71923828,2091878188
2017-12-24T00:00:00Z,608.72814941,608.72814941,518.61517334,585.87780762,1941720027
2017-12-25T00:00:00Z,589.86328125,659.02056885,589.86328125,645.13012695,2099031360
2017-12-26T00:00:00Z,643.05450439,662.83905029,641.32745361,652.69567871,1856578893
2017-12-27T00:00:00Z,653.65216064,664.91406250,620.61944580,641.09753418,1764879361
2017-12-28T00:00:00Z,640.56475830,641.49841309,587.80035400,617.32391357,2001130708
2017-12-29T00:00:00Z,620.14318848,640.96295166,608.97082520,628.20269775,2208211057
2017-12-30T00:00:00Z,628.38861084,628.38861084,571.21624756,597.91351318,2657369203
2017-12-31T00:00:00Z,593.70788574,633.46496582,591.96319580,630.50573730,2128203593
2018-01-01T00:00:00Z,629.69256592,652.10833740,617.87329102,643.38494873,2161512306
2018-01-02T00:00:00Z,643.13934326,761.78698730,643.19287109,733.30895996,4795083127
2018-01-03T00:00:00Z,734.59912109,811.45056152,721.96441650,801.59863281,4240765975
2018-01-04T00:00:00Z,800.76019287,866.06445312,784.15747070,812.96368408,5389408069
2018-01-05T00:00:00Z,808.67724609,892.95855713,794.15795898,829.49780273,5556326758
2018-01-06T00:00:00Z,827.36450195,881.86724854,826.92218018,866.04595947,3876138823
2018-01-07T00:00:00Z,867.15167236,958.02111816,867.15167236,958.02111816,4627299214
2018-01-08T00:00:00Z,962.24975586,1053.49243164,849.54010010,959.58728027,7060715274
2018-01-09T00:00:00Z,957.47344971,1106.62646484,957.12731934,1089.74597168,6678510915
2018-01-10T00:00:00Z,1090.24902344,1187.48327637,1026.01416016,1050.45581055,7708030448
2018-01-11T00:00:00Z,1060.71936035,1118.51794434,943.45916748,959.16455078,6009384523
2018-01-12T00:00:00Z,961.95501709,1070.04626465,928.84149170,1044.11999512,4282680138
2018-01-13T00:00:00Z,1041.88122559,1175.06970215,1041.88122559,1145.16979980,4712776933
2018-01-14T00:00:00Z,1146.03906250,1148.56494141,1054.78918457,1121.22229004,3971804929
2018-01-15T00:00:00Z,1119.94250488,1140.95007324,1052.43408203,1053.33874512,3898165538
2018-01-16T00:00:00Z,1053.91760254,1054.69152832,714.20587158,858.75299072,6850154823
2018-01-17T00:00:00Z,864.98773193,896.34954834,640.78277588,832.78594971,7016306915
2018-01-18T00:00:00Z,834.58410645,901.74566650,793.63537598,847.11846924,4854344700
2018-01-19T00:00:00Z,841.02014160,892.13317871,818.62005615,850.32733154,3342430481
2018-01-20T00:00:00Z,855.11450195,955.08184814,855.11450195,945.29461670,3253019653
2018-01-21T00:00:00Z,945.72833252,945.72833252,832.31481934,856.38049316,2756274465
2018-01-22T00:00:00Z,861.08843994,888.77099609,760.34722900,818.58685303,3108763029
2018-01-23T00:00:00Z,819.32928467,832.02960205,750.48095703,801.35614014,2889981233
2018-01-24T00:00:00Z,802.37017822,862.93041992,784.50817871,854.47503662,3182987601
2018-01-25T00:00:00Z,858.05822754,888.70477295,827.59338379,852.25567627,3268654733
2018-01-26T00:00:00Z,849.56817627,868.37030029,801.08013916,849.64172363,2913028514
2018-01-27T00:00:00Z,850.10870361,903.43829346,839.13360596,891.43243408,2417964422
2018-01-28T00:00:00Z,895.22509766,1012.77880859,895.22509766,1002.50219727,4322415306
2018-01-29T00:00:00Z,1003.05731201,1011.50994873,944.10076904,955.05651855,3000872323
2018-01-30T00:00:00Z,956.48626709,957.58630371,854.35253906,863.25756836,3310654391
2018-01-31T00:00:00Z,863.22528076,906.40863037,833.53479004,900.70074463,3026385361
2018-02-01T00:00:00Z,901.55444336,928.26312256,787.09954834,828.83526611,4206315555
2018-02-02T00:00:00Z,828.01983643,828.21844482,606.38397217,734.97991943,5387873387
2018-02-03T00:00:00Z,737.72955322,796.10192871,680.32904053,773.69097900,2603114016
2018-02-04T00:00:00Z,774.21105957,777.71429443,647.36572266,670.64276123,2408074922
2018-02-05T00:00:00Z,670.86456299,687.90332031,520.00567627,564.45690918,3452915578
2018-02-06T00:00:00Z,572.37121582,643.27520752,463.42800903,640.69958496,5265586842
2018-02-07T00:00:00Z,638.52331543,689.84521484,583.88458252,617.05761719,3175629610
2018-02-08T00:00:00Z,616.05920410,690.20416260,615.85839844,667.05303955,3024624757
2018-02-09T00:00:00Z,667.60192871,722.63879395,643.78845215,722.52514648,2040235455
2018-02-10T00:00:00Z,721.38232422,749.93872070,674.87701416,703.35565186,2395593925
2018-02-11T00:00:00Z,702.43444824,702.43444824,644.34069824,665.02856445,2029918459
2018-02-12T00:00:00Z,667.35345459,712.49145508,667.19006348,706.32324219,1824091481
2018-02-13T00:00:00Z,706.79974365,708.06616211,672.86651611,684.36401367,1685021495
2018-02-14T00:00:00Z,683.57135010,743.34350586,683.46069336,740.80450439,2260664192
2018-02-15T00:00:00Z,740.93847656,762.41229248,731.69854736,749.52087402,2319894485
2018-02-16T00:00:00Z,747.76898193,757.88195801,732.52038574,761.15277100,1910076569
2018-02-17T00:00:00Z,761.58642578,787.25915527,758.36682129,785.25994873,2036050031
2018-02-18T00:00:00Z,784.64245605,792.36840820,737.96453857,744.43719482,2068560238
2018-02-19T00:00:00Z,742.62188721,772.58770752,742.29077148,761.30426025,1749491776
2018-02-20T00:00:00Z,761.06390381,780.89556885,723.91888428,725.93719482,2063612804
2018-02-21T00:00:00Z,724.93511963,739.60357666,675.85888672,692.21514893,2061837218
2018-02-22T00:00:00Z,691.63775635,713.87615967,650.98785400,659.50909424,1744722148
2018-02-23T00:00:00Z,658.48681641,720.81817627,645.07019043,702.99279785,1899308628
2018-02-24T00:00:00Z,700.88098145,715.47302246,665.86676025,683.73468018,1567217089
2018-02-25T00:00:00Z,682.87561035,694.00958252,668.98315430,687.56408691,1340408562
2018-02-26T00:00:00Z,687.94500732,715.06823730,683.53399658,706.01397705,1660423942
2018-02-27T00:00:00Z,706.86669922,726.71612549,702.78570557,718.35839844,1680009841
2018-02-28T00:00:00Z,718.08770752,728.28338623,701.32373047,701.55780029,1611140305
2018-03-01T00:00:00Z,702.22479248,717.85205078,699.15466309,710.78155518,1522712033
2018-03-02T00:00:00Z,710.42620850,714.18627930,691.56414795,695.66699219,1538053071
2018-03-03T00:00:00Z,695.55169678,705.08563232,694.33056641,695.96899414,1379694718
2018-03-04T00:00:00Z,695.12542725,702.73663330,682.21160889,703.64373779,1378533708
2018-03-05T00:00:00Z,703.78015137,706.44793701,691.78149414,692.02661133,1538983450
2018-03-06T00:00:00Z,692.13439941,692.19055176,652.85430908,658.03546143,1565098632
2018-03-07T00:00:00Z,657.48773193,665.11480713,586.25592041,606.58367920,1752815973
2018-03-08T00:00:00Z,606.37341309,624.96325684,565.48535156,572.60949707,1537293835
2018-03-09T00:00:00Z,570.65991211,592.56890869,526.23175049,592.37384033,1814725643
2018-03-10T00:00:00Z,593.38476562,607.90814209,554.81103516,558.22027588,1245802519
2018-03-11T00:00:00Z,556.93786621,597.70202637,542.96868896,587.69824219,1269645811
2018-03-12T00:00:00Z,588.56518555,603.13049316,553.92620850,567.21594238,1430539744
2018-03-13T00:00:00Z,565.85589600,578.76660156,550.90423584,557.43322754,1150617232
2018-03-14T00:00:00Z,557.74951172,566.71557617,480.43020630,496.43688965,1463197026
2018-03-15T00:00:00Z,496.87973022,503.25659180,468.21121216,496.75280762,1438696597
2018-03-16T00:00:00Z,497.13800049,507.63116455,477.89773560,489.67691040,1153536271
2018-03-17T00:00:00Z,489.68664551,495.76870728,446.89184570,449.88931274,1031830429
2018-03-18T00:00:00Z,448.96234131,448.96234131,374.45104980,438.63516235,2186889173
2018-03-19T00:00:00Z,445.13516235,452.70925903,422.22283936,451.30187988,1659200726
2018-03-20T00:00:00Z,451.29861450,463.23315430,422.40374756,454.94815063,1497248306
2018-03-21T00:00:00Z,456.51995850,480.84078979,448.67739868,455.02795410,1442908073
2018-03-22T00:00:00Z,455.32849121,467.47549438,425.03372192,437.96316528,1236273609
2018-03-23T00:00:00Z,438.09463501,438.17349243,415.58630371,436.90310669,1292486399
2018-03-24T00:00:00Z,439.29400635,441.56912231,425.94122314,426.23190308,1052554436
2018-03-25T00:00:00Z,423.20703125,433.33682251,417.50384521,424.45513916,931970570
2018-03-26T00:00:00Z,424.45513916,425.80410767,377.80276489,393.34536743,1315735389
2018-03-27T00:00:00Z,393.05554199,394.80963135,362.73358154,362.79196167,1304054137
2018-03-28T00:00:00Z,362.93301392,376.15863037,358.38314819,362.50427246,1229940677
2018-03-29T00:00:00Z,363.96313477,366.00875854,313.64358521,313.74411011,1601552606
2018-03-30T00:00:00Z,313.69290161,332.65356445,299.40951538,320.30273438,1524332480
2018-03-31T00:00:00Z,320.59411621,339.63800049,318.92947388,321.77340698,1074523172
2018-04-01T00:00:00Z,322.42025757,325.07751465,295.27227783,308.32278442,1020898350
2018-04-02T00:00:00Z,308.39749146,320.33966064,306.56246948,314.34555054,896656608
2018-04-03T00:00:00Z,315.06710815,341.45721436,311.68792725,339.57238770,1110531837
2018-04-04T00:00:00Z,339.24002075,340.09936523,305.32867432,309.73709106,1048127990
2018-04-05T00:00:00Z,309.25198364,316.83911133,301.12857056,312.89352417,988471639
2018-04-06T00:00:00Z,312.48446655,314.47058105,298.86047363,301.51046753,787481462
2018-04-07T00:00:00Z,301.58782959,320.05453491,301.22628784,313.74804688,774753691
2018-04-08T00:00:00Z,314.09738159,327.81530762,313.98257446,326.41238403,773013855
2018-04-09T00:00:00Z,326.69680786,349.52447510,317.07928467,323.53143311,1200186732
2018-04-10T00:00:00Z,324.24987793,336.58789062,319.52542114,335.12094116,967559259
2018-04-11T00:00:00Z,335.75274658,348.05175781,333.14837646,348.05175781,1163330639
2018-04-12T00:00:00Z,347.74536133,399.98217773,337.63082886,399.82238770,2043442291
2018-04-13T00:00:00Z,400.00000000,427.46832275,391.67327881,399.65527344,1962243426
2018-04-14T00:00:00Z,399.52954102,415.30050659,396.04104614,406.74670410,1232119341
2018-04-15T00:00:00Z,407.88385010,431.19131470,407.88385010,431.19131470,1399797246
2018-04-16T00:00:00Z,431.49295044,433.03909302,403.81820679,412.78125000,1420479664
2018-04-17T00:00:00Z,412.77960205,419.39038086,406.30932617,406.51040649,1422973030
2018-04-18T00:00:00Z,406.84585571,424.21389771,406.66534424,424.00338745,1424367805
2018-04-19T00:00:00Z,423.39663696,460.16445923,422.76968384,460.16445923,1828757708
2018-04-20T00:00:00Z,460.24554443,503.59353638,454.11169434,501.15417480,2319282071
2018-04-21T00:00:00Z,501.38696289,506.17614746,470.90182495,492.75192261,2126371506
2018-04-22T00:00:00Z,493.34121704,521.54241943,483.37051392,506.73074341,1977077862
2018-04-23T00:00:00Z,506.19213867,529.21441650,506.18222046,526.33355713,1955136042
2018-04-24T00:00:00Z,527.02984619,579.52502441,527.24578857,578.74963379,2927312926
2018-04-25T00:00:00Z,577.85388184,578.04284668,493.10876465,505.72439575,3464656120
2018-04-26T00:00:00Z,507.91271973,547.72137451,496.26736450,547.41412354,2464494536
2018-04-27T00:00:00Z,546.83599854,567.41339111,533.50262451,533.50262451,2142257520
2018-04-28T00:00:00Z,531.53527832,570.12042236,531.53527832,563.71862793,2058591662
2018-04-29T00:00:00Z,563.91162109,575.32647705,552.86364746,568.24298096,2260628452
2018-04-30T00:00:00Z,568.96887207,572.59155273,551.51269531,554.61877441,2362033307
2018-05-01T00:00:00Z,555.06500244,562.37744141,528.07086182,561.81231689,2234328714
2018-05-02T00:00:00Z,562.19769287,576.29211426,556.32238770,575.02008057,2361732177
2018-05-03T00:00:00Z,574.55316162,654.43554688,574.64929199,650.26947021,3512629216
2018-05-04T00:00:00Z,647.96051025,671.91601562,636.58764648,656.98614502,2954850350
2018-05-05T00:00:00Z,656.11560059,691.96771240,655.82623291,682.48870850,2538083292
2018-05-06T00:00:00Z,682.46197510,698.32495117,639.64123535,662.85534668,2598151132
2018-05-07T00:00:00Z,663.71539307,665.34948730,595.93688965,631.63073730,3616961421
2018-05-08T00:00:00Z,632.70672607,649.31988525,613.78155518,634.41223145,2461017935
2018-05-09T00:00:00Z,634.45013428,640.41229248,606.20318604,635.04559326,2429402397
2018-05-10T00:00:00Z,635.30218506,646.71728516,609.92443848,610.54144287,2307714923
2018-05-11T00:00:00Z,610.31982422,618.94433594,560.89849854,569.07220459,2755049405
2018-05-12T00:00:00Z,569.31585693,578.97424316,539.32843018,574.48333740,2234533579
2018-05-13T00:00:00Z,575.42706299,620.70837402,565.49908447,613.70147705,1976656707
2018-05-14T00:00:00Z,613.06304932,622.41693115,582.10656738,612.36297607,2518952235
2018-05-15T00:00:00Z,612.86083984,620.11413574,593.30932617,599.82312012,2134938189
2018-05-16T00:00:00Z,599.15972900,603.14227295,577.20172119,598.58618164,2096283481
2018-05-17T00:00:00Z,599.99835205,607.78979492,567.19299316,570.58020020,1993909495
2018-05-18T00:00:00Z,570.10943604,590.25988770,562.50231934,589.69598389,1958165632
2018-05-19T00:00:00Z,590.29473877,607.70953369,583.26202393,591.53295898,1716815246
2018-05-20T00:00:00Z,592.71588135,615.17468262,588.25390625,608.04846191,1833327735
2018-05-21T00:00:00Z,609.59881592,613.45672607,588.40515137,593.21453857,1701170822
2018-05-22T00:00:00Z,594.02557373,594.55133057,546.61859131,549.67840576,1892795221
2018-05-23T00:00:00Z,548.76953125,553.12451172,490.66714478,498.40722656,2558228617
2018-05-24T00:00:00Z,499.21942139,521.70996094,475.06692505,513.39904785,2381281379
2018-05-25T00:00:00Z,513.72753906,527.37414551,494.09786987,503.63433838,1811948443
2018-05-26T00:00:00Z,504.22836304,520.32189941,500.86868286,504.10302734,1454334791
2018-05-27T00:00:00Z,505.16738892,506.71932983,481.82333374,489.96237183,1530450048
2018-05-28T00:00:00Z,490.28488159,491.71917725,440.86703491,443.94012451,2027615361
2018-05-29T00:00:00Z,444.03649902,496.19699097,443.99829102,490.10748291,2020475118
2018-05-30T00:00:00Z,491.35751343,505.40472412,467.98028564,479.84054565,1761250256
2018-05-31T00:00:00Z,478.90328979,501.53149414,477.84008789,494.17831421,1698211994
2018-06-01T00:00:00Z,495.05688477,504.31729126,487.01525879,497.46401978,1668859389
2018-06-02T00:00:00Z,497.79504395,512.07293701,495.13037109,507.55401611,1612684405
2018-06-03T00:00:00Z,507.08316040,535.60290527,507.08316040,530.02655029,1570846919
2018-06-04T00:00:00Z,530.97637939,533.89483643,499.27044678,506.91143799,1627141405
2018-06-05T00:00:00Z,507.27133179,521.30126953,497.11816406,519.61706543,1572803984
2018-06-06T00:00:00Z,520.43493652,519.66271973,506.70858765,515.42919922,1491238686
2018-06-07T00:00:00Z,515.90710449,522.28869629,510.03900146,513.26184082,1594555196
2018-06-08T00:00:00Z,513.47894287,515.76666260,506.45663452,510.85928345,1391959857
2018-06-09T00:00:00Z,510.71310425,517.23864746,507.87185669,507.87185669,1291271419
2018-06-10T00:00:00Z,505.13766479,505.13766479,434.76220703,446.81234741,1896698634
2018-06-11T00:00:00Z,445.43579102,455.11865234,437.22442627,453.04901123,1683901059
2018-06-12T00:00:00Z,452.56140137,457.20648193,418.21469116,422.95309448,1645322264
2018-06-13T00:00:00Z,423.95336914,427.29864502,389.51458740,404.58734131,1762523342
2018-06-14T00:00:00Z,405.33892822,452.30667114,401.91384888,449.52603149,2126492053
2018-06-15T00:00:00Z,450.16430664,450.91687012,419.97845459,423.02404785,1557913287
2018-06-16T00:00:00Z,422.51571655,433.55130005,421.16912842,430.46609497,1132170201
2018-06-17T00:00:00Z,430.30929565,437.35763550,429.60974121,431.75567627,1091251847
2018-06-18T00:00:00Z,430.83685303,449.63034058,426.65457153,446.20431519,1301805789
2018-06-19T00:00:00Z,446.31784058,469.32592773,443.79577637,464.27630615,1490092331
2018-06-20T00:00:00Z,464.75012207,466.91552734,449.00927734,463.21844482,1378846029
2018-06-21T00:00:00Z,463.37307739,470.14007568,451.20834351,454.50918579,1260079304
2018-06-22T00:00:00Z,454.36004639,454.24261475,392.00088501,399.67138672,1909935719
2018-06-23T00:00:00Z,400.06347656,411.09307861,396.73358154,407.13854980,1416885429
2018-06-24T00:00:00Z,407.35134888,407.85842896,365.91076660,392.54824829,2136186609
2018-06-25T00:00:00Z,391.05926514,402.58837891,385.41769409,393.46096802,3425891170
2018-06-26T00:00:00Z,393.82254028,394.23284912,371.54190063,371.54190063,1164629121
2018-06-27T00:00:00Z,371.08859253,384.35977173,366.05117798,382.60247803,1183999336
2018-06-28T00:00:00Z,382.53762817,383.71942139,362.92199707,365.27285767,1176848583
2018-06-29T00:00:00Z,365.46484375,378.15029907,350.53015137,373.19952393,1339125197
2018-06-30T00:00:00Z,373.37072754,392.70477295,373.37072754,389.60882568,1263322749
2018-07-01T00:00:00Z,389.66189575,391.28564453,382.08081055,388.69497681,1294511088
2018-07-02T00:00:00Z,388.61450195,412.90072632,384.04998779,408.37368774,1396726763
2018-07-03T00:00:00Z,408.40719604,416.03955078,396.79360962,398.14306641,1444326244
2018-07-04T00:00:00Z,398.10531616,413.56927490,390.14743042,400.85604858,1329361798
2018-07-05T00:00:00Z,400.82946777,413.29541016,398.58367920,405.79248047,1564117738
2018-07-06T00:00:00Z,405.74545288,408.63180542,390.99026489,403.58621216,1385789684
2018-07-07T00:00:00Z,403.62454224,418.61218262,397.47637939,418.61218262,1156543264
2018-07-08T00:00:00Z,418.95956421,428.43679810,415.88641357,416.23605347,1144209003
2018-07-09T00:00:00Z,416.03097534,417.74636841,404.30102539,405.47976685,1304695420
2018-07-10T00:00:00Z,405.03741455,406.73300171,370.11514282,370.44769287,1525599004
2018-07-11T00:00:00Z,370.52529907,380.79168701,365.91156006,382.48928833,1218494103
2018-07-12T00:00:00Z,382.47558594,382.54113770,362.55358887,368.78237915,1282318642
2018-07-13T00:00:00Z,369.35430908,379.93902588,369.22766113,371.43945312,1274856668
2018-07-14T00:00:00Z,371.85363770,376.06674194,369.25460815,373.20153809,1057612351
2018-07-15T00:00:00Z,373.02780151,388.49990845,371.34872437,385.21151733,1156156876
2018-07-16T00:00:00Z,385.70388794,410.57315063,382.40158081,410.57315063,1587665554
2018-07-17T00:00:00Z,410.07687378,436.57113647,401.26220703,429.97082520,1963697302
2018-07-18T00:00:00Z,429.83007812,440.67718506,407.41992188,412.70547485,2036897652
2018-07-19T00:00:00Z,412.80426025,417.08956909,399.91574097,402.96807861,1775132974
2018-07-20T00:00:00Z,402.70037842,402.73492432,378.64224243,384.62023926,1554318157
2018-07-21T00:00:00Z,384.60400391,399.45639038,380.41986084,394.63732910,1283760041
2018-07-22T00:00:00Z,394.63900757,401.85867310,390.68649292,391.56402588,1140292999
2018-07-23T00:00:00Z,391.37829590,400.31188965,384.77755737,385.60809326,1365891153
2018-07-24T00:00:00Z,385.85012817,411.05682373,385.36178589,410.31668091,1957990242
2018-07-25T00:00:00Z,410.77291870,413.34362793,399.58367920,402.56710815,1645037090
2018-07-26T00:00:00Z,402.42907715,412.35806274,396.48049927,398.52026367,1392614277
2018-07-27T00:00:00Z,398.49621582,405.99002075,393.48413086,402.93923950,1487868881
2018-07-28T00:00:00Z,402.94955444,404.59332275,397.21087646,400.56451416,1314250213
2018-07-29T00:00:00Z,400.57910156,403.53121948,396.97323608,400.26159668,1399699816
2018-07-30T00:00:00Z,400.40054321,401.64105225,383.06097412,390.53399658,1829793233
2018-07-31T00:00:00Z,390.67413330,390.50729370,368.31008911,371.23898315,1557867716
2018-08-01T00:00:00Z,371.24069214,372.53570557,351.99725342,360.78460693,1618984737
2018-08-02T00:00:00Z,360.83520508,364.39816284,353.74514771,356.16833496,1354596461
2018-08-03T00:00:00Z,356.12170410,363.32525635,345.10699463,361.59936523,1489011844
2018-08-04T00:00:00Z,361.57775879,363.26272583,349.07580566,352.08093262,1267865479
2018-08-05T00:00:00Z,352.16220093,357.63830566,347.91387939,355.11764526,1208321799
2018-08-06T00:00:00Z,355.16177368,358.59860229,349.03936768,351.84115601,1198200381
2018-08-07T00:00:00Z,351.96487427,355.11868286,324.31613159,327.74328613,1576027929
2018-08-08T00:00:00Z,327.46487427,328.16464233,304.70669556,307.23959351,1736951839
2018-08-09T00:00:00Z,307.54803467,322.05764771,305.23434448,317.24053955,1402820201
2018-08-10T00:00:00Z,317.40368652,318.20114136,288.85714722,292.87994385,1489395267
2018-08-11T00:00:00Z,292.95706177,292.95706177,270.36633301,282.30676270,1569123576
2018-08-12T00:00:00Z,281.17703247,287.98422241,279.23049927,280.49679565,1426683051
2018-08-13T00:00:00Z,281.05853271,284.09078979,249.83253479,251.33345032,1536266339
2018-08-14T00:00:00Z,251.21940613,251.24143982,224.14399719,245.84170532,1884232329
2018-08-15T00:00:00Z,247.12409973,267.69244385,247.08387756,248.97628784,1656070893
2018-08-16T00:00:00Z,249.30870056,262.58114624,247.68823242,253.33860779,1365848725
2018-08-17T00:00:00Z,253.01934814,276.44488525,252.78965759,276.05929565,1744740754
2018-08-18T00:00:00Z,276.98785400,280.18362427,250.54734802,258.64474487,1542379995
2018-08-19T00:00:00Z,258.52059937,268.51272583,254.72763062,263.03576660,1265987584
2018-08-20T00:00:00Z,263.51403809,266.29220581,238.02192688,238.72160339,1230345488
2018-08-21T00:00:00Z,237.86528015,247.95803833,237.94812012,243.62222290,1005893027
2018-08-22T00:00:00Z,243.64295959,257.00735474,228.52536011,234.23774719,1301502072
2018-08-23T00:00:00Z,234.58908081,242.24090576,234.18278503,240.12478638,1101525130
2018-08-24T00:00:00Z,240.99740601,243.78453064,235.76101685,243.49626160,1247887445
2018-08-25T00:00:00Z,243.76646423,243.96781921,239.62739563,240.63850403,1039807246
2018-08-26T00:00:00Z,240.53437805,240.53437805,234.44110107,236.32202148,1036195792
2018-08-27T00:00:00Z,236.45341492,244.48124695,235.49914551,244.48124695,1204237288
2018-08-28T00:00:00Z,245.37664795,254.38371277,242.88822937,253.56965637,1294235868
2018-08-29T00:00:00Z,253.28230286,254.23277283,245.67042542,247.10624695,1259361121
2018-08-30T00:00:00Z,247.48292542,248.84056091,235.86817932,243.59512329,1297350596
2018-08-31T00:00:00Z,243.60798645,244.04031372,239.53987122,243.99000549,1217268730
2018-09-01T00:00:00Z,244.41416931,259.62927246,244.41416931,254.62626648,1333416674
2018-09-02T00:00:00Z,254.72282410,257.51013184,250.81990051,253.85563660,1139229044
2018-09-03T00:00:00Z,254.55415344,254.86376953,247.72213745,249.10351562,1200904237
2018-09-04T00:00:00Z,249.13623047,251.34040833,245.34352112,246.63185120,1342140699
2018-09-05T00:00:00Z,246.90979004,248.35215759,199.71717834,199.71717834,2054835382
2018-09-06T00:00:00Z,199.13006592,198.98257446,187.27827454,198.13667297,1805069283
2018-09-07T00:00:00Z,197.55142212,201.28742981,187.82987976,188.03826904,1452913168
2018-09-08T00:00:00Z,188.65206909,190.77742004,167.30932617,171.37130737,1313479352
2018-09-09T00:00:00Z,171.74703979,179.78182983,163.02137756,170.36421204,1372073709
2018-09-10T00:00:00Z,171.16618347,174.74508667,163.49085999,170.01293945,1296549344
2018-09-11T00:00:00Z,170.96014404,171.34742737,155.88778687,159.63598633,1353316657
2018-09-12T00:00:00Z,159.94393921,160.11302185,147.02676392,157.73121643,1613051708
2018-09-13T00:00:00Z,158.03062439,183.03283691,157.92193604,180.81443787,1993943023
2018-09-14T00:00:00Z,181.93942261,190.50363159,175.16329956,182.10267639,1919668043
2018-09-15T00:00:00Z,180.43859863,194.87788391,180.25971985,191.84210205,1436609907
2018-09-16T00:00:00Z,191.60905457,191.60905457,181.56002808,189.78663635,1292489030
2018-09-17T00:00:00Z,190.64097595,192.87950134,167.17282104,169.58776855,1731153582
2018-09-18T00:00:00Z,168.91926575,183.06048584,167.59387207,179.81930542,1542039908
2018-09-19T00:00:00Z,179.38853455,183.34419250,172.76901245,179.89118958,1485032557
2018-09-20T00:00:00Z,180.16448975,190.96067810,177.93200684,190.71661377,1513285705
2018-09-21T00:00:00Z,191.27706909,211.35806274,188.11936951,209.71968079,2412188035
2018-09-22T00:00:00Z,210.36010742,213.80203247,199.00416565,204.52822876,1634507866
2018-09-23T00:00:00Z,204.96368408,210.62557983,202.44871521,207.97639465,1441500327
2018-09-24T00:00:00Z,208.41390991,208.81581116,193.60850525,194.62498474,1487992325
2018-09-25T00:00:00Z,194.28207397,194.27125549,175.24400330,185.71264648,1802144865
2018-09-26T00:00:00Z,185.83332825,188.45701599,177.77182007,183.68710327,1494451667
2018-09-27T00:00:00Z,183.34072876,198.18408203,181.52282715,196.38784790,1745035668
2018-09-28T00:00:00Z,196.85798645,199.11332703,188.36161804,191.53259277,1738004910
2018-09-29T00:00:00Z,190.93234253,201.61454773,186.16180420,199.48405457,1902149627
2018-09-30T00:00:00Z,199.22053528,204.17506409,196.64715576,200.62998962,1521268326
2018-10-01T00:00:00Z,200.95051575,201.84913635,196.16647339,199.30738831,1379712792
2018-10-02T00:00:00Z,199.59413147,200.09262085,195.59848022,196.64924622,1334833755
2018-10-03T00:00:00Z,195.97926331,196.03358459,185.40074158,192.14514160,1467460763
2018-10-04T00:00:00Z,192.10766602,197.28517151,191.81628418,192.97856140,1284827379
2018-10-05T00:00:00Z,193.02110291,198.06674194,192.30374146,197.44386292,1342308793
2018-10-06T00:00:00Z,197.40136719,197.81808472,194.62419128,195.29159546,1305648243
2018-10-07T00:00:00Z,195.56486511,196.51879883,193.53932190,196.24394226,1276198756
2018-10-08T00:00:00Z,196.58241272,200.80490112,195.70942688,199.48234558,1279739457
2018-10-09T00:00:00Z,199.87826538,200.27932739,197.67834473,198.12045288,1221083239
2018-10-10T00:00:00Z,197.80152893,197.81686401,194.75579834,195.78054810,1200200694
2018-10-11T00:00:00Z,195.64266968,195.55343628,163.31579590,163.48648071,1870070885
2018-10-12T00:00:00Z,162.80319214,172.53698730,162.81880188,170.10984802,1286587168
2018-10-13T00:00:00Z,169.79595947,174.10171509,169.85035706,172.80252075,1009632397
2018-10-14T00:00:00Z,172.67280579,174.57572937,169.01229858,169.40580750,1012081021
2018-10-15T00:00:00Z,169.02062988,192.11036682,168.07392883,181.02803040,2473942092
2018-10-16T00:00:00Z,180.96241760,183.38537598,179.77699280,181.55355835,1323961925
2018-10-17T00:00:00Z,181.63735962,182.68148804,179.02111816,180.09780884,1255943996
2018-10-18T00:00:00Z,180.37698364,181.32556152,176.14860535,177.52243042,1192369829
2018-10-19T00:00:00Z,177.43949890,177.85955811,176.09841919,176.72094727,1096860530
2018-10-20T00:00:00Z,176.53704834,179.12098694,176.16404724,178.19819641,1074567322
2018-10-21T00:00:00Z,178.16349792,180.79997253,177.82305908,178.23210144,1034160054
2018-10-22T00:00:00Z,178.25990295,180.09747314,177.35850525,177.97288513,1159173525
2018-10-23T00:00:00Z,177.94845581,178.82757568,175.98797607,178.09803772,1078588905
2018-10-24T00:00:00Z,177.91587830,179.27670288,178.43865967,178.88929749,967247652
2018-10-25T00:00:00Z,178.90335083,179.44093323,176.88313293,178.19952393,969500891
2018-10-26T00:00:00Z,177.86283875,180.01054382,177.31207275,178.17720032,1017655973
2018-10-27T00:00:00Z,178.20086670,180.58966064,178.16506958,178.94923401,950619022
2018-10-28T00:00:00Z,179.21211243,180.44682312,178.14672852,180.17950439,999433641
2018-10-29T00:00:00Z,180.01106262,180.34619141,172.13438416,173.39175415,1333734727
2018-10-30T00:00:00Z,173.35307312,174.24978638,172.54089355,174.14245605,1201903419
2018-10-31T00:00:00Z,174.22442627,175.05560303,173.61395264,174.43565369,1274704798
2018-11-01T00:00:00Z,174.57353210,179.45570374,173.96455383,174.39701843,1172193675
2018-11-02T00:00:00Z,174.49348450,176.65681458,173.63496399,176.19766235,1275032283
2018-11-03T00:00:00Z,176.28987122,176.28987122,175.22285461,175.80334473,1147939174
2018-11-04T00:00:00Z,175.77876282,185.61196899,174.72463989,182.01916504,1534590848
2018-11-05T00:00:00Z,181.68054199,185.08705139,181.29879761,183.26052856,1414181800
2018-11-06T00:00:00Z,183.59620667,191.07821655,182.24090576,191.07821655,1624250626
2018-11-07T00:00:00Z,191.46920776,193.26658630,188.82130432,189.93653870,1685976090
2018-11-08T00:00:00Z,190.06246948,190.99946594,186.70286560,186.68391418,1556128785
2018-11-09T00:00:00Z,186.46928406,188.08283997,184.80145264,185.29135132,1371334547
2018-11-10T00:00:00Z,185.20404053,188.62806702,185.05409241,187.47535706,1215322123
2018-11-11T00:00:00Z,187.42773438,187.88642883,184.22784424,186.63774109,1326087047
2018-11-12T00:00:00Z,186.79052734,187.73419189,186.18597412,187.44561768,1293816456
2018-11-13T00:00:00Z,187.20599365,187.52613831,182.59335327,182.83792114,1423498877
2018-11-14T00:00:00Z,182.57977295,183.28369141,153.60667419,160.34170532,2294082323
2018-11-15T00:00:00Z,160.78544617,162.84324646,150.62373352,159.66633606,2329929721
2018-11-16T00:00:00Z,159.71844482,160.06965637,151.59172058,153.38760376,1764653183
2018-11-17T00:00:00Z,153.54785156,154.01031494,151.39868164,152.39007568,1605166297
2018-11-18T00:00:00Z,152.54246521,156.86817932,152.54246521,155.16345215,1586905580
2018-11-19T00:00:00Z,155.26159668,155.26159668,129.10615540,130.24409485,2396788299
2018-11-20T00:00:00Z,129.92630005,132.11602783,111.13450623,114.61894226,2756371826
2018-11-21T00:00:00Z,115.32508850,122.04695129,110.62063599,120.05013275,2358770236
2018-11-22T00:00:00Z,120.14673615,120.93420410,111.11153412,111.11153412,1571579416
2018-11-23T00:00:00Z,110.85986328,111.40139771,105.48641968,108.73165131,1761994982
2018-11-24T00:00:00Z,108.73870850,111.81116486,97.73379517,100.08751678,1588221522
2018-11-25T00:00:00Z,99.76298523,104.81036377,89.72450256,102.73032379,2176127315
2018-11-26T00:00:00Z,102.63593292,104.25151062,92.61779022,95.59870911,1887963041
2018-11-27T00:00:00Z,95.22631836,99.02345276,90.53980255,97.37557220,2053561581
2018-11-28T00:00:00Z,97.54198456,110.87900543,97.54198456,107.69792938,2351616273
2018-11-29T00:00:00Z,107.94734955,108.52570343,101.25569916,103.19338989,1928005955
2018-11-30T00:00:00Z,103.35620117,104.84355927,98.73639679,99.98808289,1785351415
2018-12-01T00:00:00Z,100.18805695,106.76463318,98.61660767,104.79244995,1882762386
2018-12-02T00:00:00Z,104.46791077,106.49414062,102.57718658,102.63114929,1636787128
2018-12-03T00:00:00Z,102.62220764,102.81603241,94.59398651,95.92220306,1561135195
2018-12-04T00:00:00Z,95.81488800,99.37036896,94.42202759,97.15843964,1541038111
2018-12-05T00:00:00Z,97.26539612,97.47994995,90.31253052,90.31253052,1753941821
2018-12-06T00:00:00Z,90.29052734,91.62055206,80.83322906,80.66586304,2031318905
2018-12-07T00:00:00Z,80.56808472,84.15875244,73.37681580,81.94854736,2243662784
2018-12-08T00:00:00Z,82.05001068,85.25594330,76.26636505,80.95164490,1630071222
2018-12-09T00:00:00Z,80.84254456,86.88813019,79.97507477,83.41770172,1644441036
2018-12-10T00:00:00Z,83.28628540,84.35114288,79.82587433,80.72930908,1546545043
2018-12-11T00:00:00Z,80.63534546,81.61820221,77.44736481,78.55631256,1508058729
2018-12-12T00:00:00Z,78.26079559,81.15480804,77.91651154,79.65270996,1347909775
2018-12-13T00:00:00Z,79.70716095,80.28636169,75.25466156,76.17095184,1544270143
2018-12-14T00:00:00Z,76.25108337,76.71578217,73.63536835,74.55307007,1460399403
2018-12-15T00:00:00Z,74.52777863,75.46781921,73.24572754,74.67024994,1323055766
2018-12-16T00:00:00Z,74.69553375,77.42659760,74.69553375,75.39965820,1384695849
2018-12-17T00:00:00Z,75.50579071,85.25698853,75.50579071,83.82260132,1851594462
2018-12-18T00:00:00Z,83.79988861,89.08450317,81.74452209,88.88371277,2002066968
2018-12-19T00:00:00Z,89.38600159,95.20685577,88.47345734,88.93244171,2157243289
2018-12-20T00:00:00Z,88.77600861,102.50851440,88.40184021,101.42990112,2674011539
2018-12-21T00:00:00Z,101.09696960,103.97789764,94.72604370,96.29854584,2315237313
2018-12-22T00:00:00Z,96.26310730,102.67830658,94.54570007,102.67830658,2056716922
2018-12-23T00:00:00Z,103.13066864,116.90199280,103.13066864,114.98385620,3147697149
2018-12-24T00:00:00Z,114.87518311,138.10610962,114.86499023,122.98942566,3832813002
2018-12-25T00:00:00Z,123.65559387,123.66912842,109.86885834,113.75222015,2889511500
2018-12-26T00:00:00Z,113.79118347,119.75769806,110.93253326,116.06931305,2394581409
2018-12-27T00:00:00Z,116.12033081,116.70247650,101.15393829,101.98060608,2285681270
2018-12-28T00:00:00Z,102.26254272,120.31023407,101.05841064,120.31023407,2735949062
2018-12-29T00:00:00Z,121.02850342,128.51521301,117.62093353,120.63478851,2769887478
2018-12-30T00:00:00Z,120.29314423,122.99673462,117.10712433,122.26233673,2325394709
2018-12-31T00:00:00Z,122.41236877,122.53599548,115.51052856,116.05812836,2052263942
2019-01-01T00:00:00Z,116.10153961,123.30922699,115.55401611,122.86620331,1970744689
2019-01-02T00:00:00Z,123.47705078,138.38685608,122.80741882,136.96276855,2940031084
2019-01-03T00:00:00Z,137.09381104,137.14390564,129.09841919,130.92875671,2349461348
2019-01-04T00:00:00Z,130.73374939,137.61674500,129.80149841,135.65168762,2743355871
2019-01-05T00:00:00Z,135.43710327,141.13011169,135.43710327,136.57830811,2929397804
2019-01-06T00:00:00Z,136.72366333,139.85401917,133.45539856,138.24261475,2831780366
2019-01-07T00:00:00Z,138.29808044,138.87039185,131.73374939,132.14897156,2362585419
2019-01-08T00:00:00Z,132.38272095,134.40519714,129.87637329,131.25193787,2147215722
2019-01-09T00:00:00Z,131.42221069,134.05569458,130.10014343,130.52220154,2050611425
2019-01-10T00:00:00Z,130.55717468,131.55592346,110.01412964,111.78480530,2952882674
2019-01-11T00:00:00Z,111.07978821,113.05068207,108.67540741,111.23553467,2326414420
2019-01-12T00:00:00Z,111.21788025,112.21037292,109.37389374,109.82707214,1928682730
2019-01-13T00:00:00Z,109.77536774,110.09296417,101.31286621,102.00221252,1979232679
2019-01-14T00:00:00Z,102.07315063,114.08431244,102.06308746,112.50276184,2438951431
2019-01-15T00:00:00Z,112.59337616,114.18724823,105.42080688,106.91566467,2396589928
2019-01-16T00:00:00Z,106.71987915,111.64986420,106.50448608,108.39772034,2409697269
2019-01-17T00:00:00Z,108.42095184,109.09589386,106.06044006,108.61546326,2276984378
2019-01-18T00:00:00Z,108.53885651,108.73226166,105.74012756,106.45272827,2028051407
2019-01-19T00:00:00Z,106.98421478,110.75794983,106.58536530,109.53938293,2681555903
2019-01-20T00:00:00Z,109.63912201,110.02442169,104.37673187,105.12064362,2607988445
2019-01-21T00:00:00Z,105.26285553,105.22675323,102.11714172,103.04572296,2130014440
2019-01-22T00:00:00Z,103.00429535,105.27805328,100.93233490,104.50009918,2246255014
2019-01-23T00:00:00Z,104.47041321,105.13290405,102.22711182,103.15968323,2245794128
2019-01-24T00:00:00Z,103.16861725,104.42902374,102.25814056,103.74914551,2228433145
2019-01-25T00:00:00Z,103.95429230,104.05244446,101.54296875,102.06392670,2286238032
2019-01-26T00:00:00Z,102.05970001,103.55989075,101.71508026,102.12486267,2114742345
2019-01-27T00:00:00Z,102.14377594,102.29727936,99.36900330,99.36900330,2432313818
2019-01-28T00:00:00Z,99.26380920,99.59111786,90.42405701,93.25749207,2945757481
2019-01-29T00:00:00Z,93.37295532,93.81389618,90.94139862,92.34796143,2536479880
2019-01-30T00:00:00Z,92.18091583,95.89799500,91.69355011,94.82100677,2502587795
2019-01-31T00:00:00Z,94.81510925,96.14726257,93.08814240,93.51533508,2470888271
2019-02-01T00:00:00Z,93.59103394,94.81888580,91.82649994,93.92085266,2217998910
2019-02-02T00:00:00Z,93.79571533,96.57770538,93.18267822,96.38253784,2081744294
2019-02-03T00:00:00Z,96.43495178,96.72911835,93.03408813,93.81863403,2198852702
2019-02-04T00:00:00Z,93.93484497,94.93459320,93.50465393,94.28072357,2178942344
2019-02-05T00:00:00Z,94.11157227,94.68401337,93.70085907,94.17102051,2205079319
2019-02-06T00:00:00Z,94.28126526,94.32182312,90.41627502,92.31386566,2281509016
2019-02-07T00:00:00Z,92.24038696,93.57044220,91.97828674,92.19469452,2052085405
2019-02-08T00:00:00Z,92.29148865,105.75534821,91.90731049,105.29040527,3228285139
2019-02-09T00:00:00Z,105.24304962,106.54573822,104.17157745,105.43441772,2546589566
2019-02-10T00:00:00Z,105.41506958,110.28745270,103.35907745,110.20912170,2780486850
2019-02-11T00:00:00Z,110.26655579,110.26655579,106.24778748,107.54352570,2857055016
2019-02-12T00:00:00Z,107.43728638,108.96028137,106.05053711,108.16060638,2779258681
2019-02-13T00:00:00Z,108.13589478,110.74801636,107.87940979,108.78666687,3006157070
2019-02-14T00:00:00Z,108.66539764,110.34448242,107.43027496,107.46735382,2949572109
2019-02-15T00:00:00Z,107.52355957,109.69989014,107.45310211,108.08692932,2674936330
2019-02-16T00:00:00Z,108.34901428,109.88785553,108.25947571,109.11363983,2572330801
2019-02-17T00:00:00Z,109.04447937,119.05850220,108.96500397,118.26573944,3749906098
2019-02-18T00:00:00Z,117.76440430,130.56439209,117.72693634,129.15739441,4762809835
2019-02-19T00:00:00Z,129.42300415,132.63630676,127.98487854,128.17759705,4683515273
2019-02-20T00:00:00Z,128.02462769,131.81181335,125.61334229,131.81181335,3966221699
2019-02-21T00:00:00Z,131.63375854,131.63375854,127.52971649,128.85671997,3523427256
2019-02-22T00:00:00Z,128.80593872,131.66387939,127.97183228,131.50401306,3290941501
2019-02-23T00:00:00Z,131.13723755,140.35379028,129.95040894,140.06233215,3986306764
2019-02-24T00:00:00Z,140.15669250,146.01974487,119.77788544,119.77788544,5252768411
2019-02-25T00:00:00Z,119.46672058,125.54564667,119.48766327,123.03012848,4324173581
2019-02-26T00:00:00Z,122.87459564,123.21257782,120.25984955,121.20034790,3327591186
2019-02-27T00:00:00Z,121.14759064,124.14380646,115.73793030,119.62844086,3928071193
2019-02-28T00:00:00Z,119.76652527,121.93860626,119.24736786,120.23387146,3987775629
2019-03-01T00:00:00Z,120.31298828,122.26927948,119.86287689,120.01921844,3303981298
2019-03-02T00:00:00Z,119.93694305,120.67118073,116.49435425,118.04119110,3295814036
2019-03-03T00:00:00Z,118.55059814,119.52020264,115.44529724,116.25807953,3036678051
2019-03-04T00:00:00Z,116.17761230,116.74868011,110.62098694,112.70098877,3535339393
2019-03-05T00:00:00Z,112.71760559,122.32039642,111.80802917,121.89122009,4214071450
2019-03-06T00:00:00Z,122.01181793,123.85099030,120.53107452,122.68187714,4056462353
2019-03-07T00:00:00Z,122.81713867,124.58245850,121.31664276,123.26646423,3874963289
2019-03-08T00:00:00Z,123.51370239,124.08207703,118.88037872,120.27728271,4164638222
2019-03-09T00:00:00Z,120.06408691,123.83018494,119.87677765,122.80294800,4461108848
2019-03-10T00:00:00Z,122.99446106,123.07439423,120.72227478,121.75994873,4076307414
2019-03-11T00:00:00Z,121.84083557,122.27132416,118.42556000,118.86322021,4165200871
2019-03-12T00:00:00Z,119.02203369,119.98539734,116.27958679,119.12217712,4173251897
2019-03-13T00:00:00Z,119.27182770,119.24759674,117.47633362,117.60999298,3764176159
2019-03-14T00:00:00Z,117.55776978,119.62234497,117.44916534,118.23782349,3958485464
2019-03-15T00:00:00Z,118.11009216,122.19640350,118.11677551,121.48545837,3976404216
2019-03-16T00:00:00Z,121.67972565,127.54391479,121.67972565,125.63790894,4269452849
2019-03-17T00:00:00Z,125.49684143,125.61473846,122.92513275,123.65898132,3380432743
2019-03-18T00:00:00Z,123.75112152,125.62508392,122.25637817,122.94428253,4015153472
2019-03-19T00:00:00Z,122.83791351,124.16680145,122.62354279,123.75877380,3744391882
2019-03-20T00:00:00Z,123.72839355,123.36162567,121.86287689,123.11069489,4081453472
2019-03-21T00:00:00Z,122.92878723,123.40024567,119.69107819,120.12522888,4472514947
2019-03-22T00:00:00Z,120.06034851,123.05738068,119.75012207,121.32971191,3971962383
2019-03-23T00:00:00Z,121.20450592,123.27899170,121.09143066,122.26583862,3923909800
2019-03-24T00:00:00Z,122.33259583,122.38589478,120.41343689,121.27329254,3777399883
2019-03-25T00:00:00Z,121.35689545,121.81658936,118.01771545,119.33731842,3959777654
2019-03-26T00:00:00Z,119.35791016,120.14642334,118.52987671,120.14642334,3990624516
2019-03-27T00:00:00Z,120.14111328,125.38760376,120.05834198,125.28940582,4646086015
2019-03-28T00:00:00Z,125.30513000,125.30699158,123.28076172,124.15692902,3707536380
2019-03-29T00:00:00Z,124.09167480,127.02561951,122.90887451,126.97944641,4567424568
2019-03-30T00:00:00Z,126.85623169,133.32034302,125.67338562,126.61878967,4584408421
2019-03-31T00:00:00Z,126.66025543,126.70480347,125.37543488,126.08735657,3785852737
2019-04-01T00:00:00Z,126.04404449,127.16870880,125.54958344,126.57264709,4115854462
2019-04-02T00:00:00Z,126.58084869,147.46478271,126.38574982,146.32257080,8769485327
2019-04-03T00:00:00Z,146.36442566,158.69218445,139.92608643,143.58531189,9446550340
2019-04-04T00:00:00Z,143.56126404,146.67550659,138.37338257,140.83033752,7086511423
2019-04-05T00:00:00Z,140.80136108,148.96794128,140.27311707,147.49028015,6711156497
2019-04-06T00:00:00Z,147.48706055,153.72880554,144.17950439,147.87556458,6386528154
2019-04-07T00:00:00Z,147.90231323,156.16749573,146.97099304,155.58570862,6771588324
2019-04-08T00:00:00Z,155.51263428,164.30628967,155.23335266,160.13760376,8266307240
2019-04-09T00:00:00Z,160.10501099,160.01979065,155.45451355,156.32157898,6774732476
2019-04-10T00:00:00Z,156.28010559,162.43222046,155.46316528,157.27102661,6967882401
2019-04-11T00:00:00Z,157.27572632,157.39590454,144.01084900,146.96134949,6979132475
2019-04-12T00:00:00Z,146.81767273,146.73794556,142.69151306,145.67633057,5515542969
2019-04-13T00:00:00Z,145.57598877,147.11428833,144.15138245,145.47915649,4385510371
2019-04-14T00:00:00Z,145.44619751,149.15299988,143.95986938,148.47045898,4287050018
2019-04-15T00:00:00Z,148.52261353,149.25813293,141.18161011,142.93125916,5017823469
2019-04-16T00:00:00Z,142.88912964,148.58171082,142.30819702,148.54067993,4590386609
2019-04-17T00:00:00Z,148.47888184,149.73583984,146.32055664,147.78648376,4953726084
2019-04-18T00:00:00Z,147.75323486,156.13705444,147.53149414,154.69448853,6204707503
2019-04-19T00:00:00Z,154.67121887,154.70986938,151.83117676,154.46936035,5816598729
2019-04-20T00:00:00Z,154.47859192,157.13476562,152.76235962,154.50744629,5462247714
2019-04-21T00:00:00Z,154.47555542,155.10279846,148.87164307,151.23478699,5341193309
2019-04-22T00:00:00Z,151.20895386,153.71998596,150.15040588,152.65530396,5413336621
2019-04-23T00:00:00Z,152.77302551,157.19593811,152.27088928,152.75175476,6323823243
2019-04-24T00:00:00Z,152.66421509,152.93263245,145.19897461,148.67535400,6590988173
2019-04-25T00:00:00Z,148.75483704,149.34254456,138.15629578,138.68971252,6124003709
2019-04-26T00:00:00Z,138.79748535,141.87512207,136.59939575,140.14953613,6727735999
2019-04-27T00:00:00Z,140.08120728,143.94239807,139.49946594,142.01124573,5255327500
2019-04-28T00:00:00Z,142.06936646,142.93547058,140.92776489,141.07496643,4825125099
2019-04-29T00:00:00Z,141.07136536,141.90090942,137.28883362,138.74049377,5411682475
2019-04-30T00:00:00Z,138.71437073,144.85626221,138.71437073,144.60394287,5596152773
2019-05-01T00:00:00Z,144.62223816,146.25009155,142.57658386,143.58134460,5168671564
2019-05-02T00:00:00Z,143.61280823,145.82814026,142.91195679,145.10038757,5409551233
2019-05-03T00:00:00Z,145.05775452,152.46884155,144.13671875,149.86393738,6513264143
2019-05-04T00:00:00Z,149.80575562,152.26736450,144.36648560,146.36091614,5941022673
2019-05-05T00:00:00Z,146.35081482,147.58639526,142.44340515,146.13571167,5309335448
2019-05-06T00:00:00Z,146.03494263,156.92301941,143.03167725,154.12751770,6731044461
2019-05-07T00:00:00Z,153.92582703,161.05918884,151.64666748,151.73954773,7516564946
2019-05-08T00:00:00Z,151.83387756,153.77023315,148.71112061,152.66287231,5730227647
2019-05-09T00:00:00Z,152.66618347,154.43406677,148.98942566,151.79333496,5835821112
2019-05-10T00:00:00Z,151.81443787,156.54071045,150.45137024,154.13166809,7154465341
2019-05-11T00:00:00Z,154.12861633,181.12600708,154.12861633,172.96972656,11197230839
2019-05-12T00:00:00Z,172.84393311,179.71488953,163.45841980,166.71878052,9190143276
2019-05-13T00:00:00Z,166.80120850,182.60964966,164.94728088,175.26268005,9230422248
2019-05-14T00:00:00Z,175.16651917,194.42262268,174.50074768,193.80227661,11380146143
2019-05-15T00:00:00Z,193.67871094,220.79658508,193.51092529,220.53170776,12010202310
2019-05-16T00:00:00Z,220.34333801,246.36785889,219.66970825,236.29663086,16702553139
2019-05-17T00:00:00Z,236.15193176,238.93287659,203.95501709,218.35945129,14366118056
2019-05-18T00:00:00Z,218.49085999,220.68684387,208.80618286,210.14572144,9793690520
2019-05-19T00:00:00Z,210.01513672,236.25601196,209.39634705,234.03839111,10792465829
2019-05-20T00:00:00Z,234.01623535,234.27041626,216.64010620,225.49295044,9700110640
2019-05-21T00:00:00Z,225.29905701,234.86486816,222.48118591,228.55500793,10339007533
2019-05-22T00:00:00Z,228.35748291,231.84454346,217.57608032,219.35397339,8801321628
2019-05-23T00:00:00Z,219.32368469,221.46089172,209.98735046,219.91815186,9541544996
2019-05-24T00:00:00Z,219.93730164,227.85928345,217.48583984,222.64538574,8861224782
2019-05-25T00:00:00Z,222.83197021,229.64955139,222.29182434,224.65515137,7964112533
2019-05-26T00:00:00Z,224.62385559,240.11161804,220.62695312,238.25282288,8621493243
2019-05-27T00:00:00Z,238.31727600,248.83760071,237.11643982,243.76893616,10787215683
2019-05-28T00:00:00Z,243.52580261,245.61177063,238.97274780,243.34849548,9279152184
2019-05-29T00:00:00Z,243.35777283,245.90158081,235.61834717,241.94427490,8816598779
2019-05-30T00:00:00Z,242.03063965,257.90850830,222.25657654,229.85139465,12221421891
2019-05-31T00:00:00Z,229.99183655,240.01541138,223.85041809,239.52729797,10055012908
2019-06-01T00:00:00Z,239.81298828,244.39122009,235.42759705,237.09524536,8882761068
2019-06-02T00:00:00Z,237.20375061,243.61138916,236.78311157,241.85157776,7825971239
2019-06-03T00:00:00Z,241.72897339,241.87333679,223.45022583,224.61366272,8336687035
2019-06-04T00:00:00Z,224.52804565,224.52804565,209.82264709,214.45484924,9003834368
2019-06-05T00:00:00Z,214.59547424,220.96205139,213.46553040,220.02363586,7613665535
2019-06-06T00:00:00Z,219.91162109,221.65078735,211.52926636,221.23384094,7329532188
2019-06-07T00:00:00Z,221.11053467,224.36543274,218.81889343,221.32810974,7391000840
2019-06-08T00:00:00Z,221.60943604,222.60443115,214.53536987,216.74836731,6373546013
2019-06-09T00:00:00Z,216.57406616,216.95541382,202.48016357,205.89550781,6683745428
2019-06-10T00:00:00Z,205.66888428,218.84443665,202.54019165,218.70457458,7193390442
2019-06-11T00:00:00Z,219.00675964,219.76673889,211.84707642,216.94915771,6516255642
2019-06-12T00:00:00Z,217.07597351,231.08094788,215.81663513,230.97978210,7654017621
2019-06-13T00:00:00Z,230.98881531,232.07466125,226.58099365,227.09362793,7483902002
2019-06-14T00:00:00Z,227.10327148,236.31587219,225.41783142,235.17251587,7726858442
2019-06-15T00:00:00Z,235.03598022,241.77842712,233.42156982,239.56439209,7237044705
2019-06-16T00:00:00Z,239.45916748,247.68930054,236.93452454,239.98152161,8625706637
2019-06-17T00:00:00Z,239.86331177,245.44273376,239.28327942,244.39993286,5353700366
2019-06-18T00:00:00Z,244.37245178,244.37245178,235.06350708,236.68521118,5541138835
2019-06-19T00:00:00Z,236.68966675,240.61022949,236.40141296,239.80857849,4909987118
2019-06-20T00:00:00Z,239.78727722,242.69265747,235.22622681,240.55822754,5674499045
2019-06-21T00:00:00Z,240.60078430,259.34509277,240.60078430,258.99993896,8195401739
2019-06-22T00:00:00Z,259.17977905,276.81002808,258.84005737,271.70800781,9321329041
2019-06-23T00:00:00Z,271.73992920,280.13613892,268.31912231,270.42178345,7169362724
2019-06-24T00:00:00Z,270.32897949,274.18893433,263.13101196,272.33215332,7198780929
2019-06-25T00:00:00Z,272.55493164,279.85601807,270.09439087,279.85601807,8481870282
2019-06-26T00:00:00Z,279.73840332,317.95565796,278.25701904,296.05184937,14450432351
2019-06-27T00:00:00Z,296.23358154,302.04354858,245.03050232,258.76867676,12344607214
2019-06-28T00:00:00Z,258.65908813,275.25241089,257.69946289,273.50549316,10119080413
2019-06-29T00:00:00Z,273.55676270,283.01187134,259.02966309,281.26776123,9604734368
2019-06-30T00:00:00Z,280.85046387,283.66748047,255.86044312,255.86044312,9068437694
2019-07-01T00:00:00Z,255.48416138,265.16281128,248.09379578,260.15869141,9118653112
2019-07-02T00:00:00Z,260.06668091,261.97857666,241.21183777,258.25180054,9404177080
2019-07-03T00:00:00Z,258.40075684,268.75527954,258.31329346,268.54019165,8794858353
2019-07-04T00:00:00Z,268.47387695,269.31384277,250.54260254,252.11402893,7446294138
2019-07-05T00:00:00Z,251.98794556,260.96582031,250.52970886,256.37396240,7765609865
2019-07-06T00:00:00Z,256.28164673,263.53594971,255.23295593,256.01757812,6833093487
2019-07-07T00:00:00Z,256.06787109,276.25659180,254.73731995,272.27526855,7231914251
2019-07-08T00:00:00Z,272.30575562,280.22543335,270.43923950,279.27740479,8094243840
2019-07-09T00:00:00Z,279.34317017,283.82510376,272.43035889,275.64880371,8973335215
2019-07-10T00:00:00Z,275.62228394,279.46395874,253.94364929,257.58352661,10374302985
2019-07-11T00:00:00Z,257.53350830,257.60018921,236.45304871,238.84107971,9080879531
2019-07-12T00:00:00Z,238.83061218,247.66252136,237.79507446,244.89361572,7223273926
2019-07-13T00:00:00Z,244.90460205,245.25573730,233.18554688,238.85017395,5953844624
2019-07-14T00:00:00Z,238.69309998,239.01187134,201.63325500,201.89997864,7610428196
2019-07-15T00:00:00Z,202.24330139,208.76458740,186.66355896,204.03625488,8634418531
2019-07-16T00:00:00Z,204.01197815,208.34584045,176.06779480,177.64880371,8059418427
2019-07-17T00:00:00Z,177.54010010,194.17901611,172.91162109,188.35505676,8361019068
2019-07-18T00:00:00Z,188.31912231,203.64825439,185.38201904,201.19754028,8283380495
2019-07-19T00:00:00Z,201.27883911,201.45483398,192.20158386,197.11955261,6774289346
2019-07-20T00:00:00Z,197.19012451,208.59353638,196.99136353,204.06961060,7104203014
2019-07-21T00:00:00Z,204.11279297,204.73088074,194.97741699,201.12930298,5959143034
2019-07-22T00:00:00Z,201.18980408,202.22189331,190.40043640,194.14512634,5656625842
2019-07-23T00:00:00Z,194.15264893,196.01419067,187.47663879,190.74516296,6255182235
2019-07-24T00:00:00Z,190.58850098,195.23805237,182.95436096,194.79846191,6434140595
2019-07-25T00:00:00Z,194.72912598,200.98423767,194.04331970,197.03620911,6039150638
2019-07-26T00:00:00Z,197.04530334,197.90486145,192.13583374,197.22738647,5145407256
2019-07-27T00:00:00Z,197.21662903,200.71850586,184.00373840,186.25267029,5619418109
2019-07-28T00:00:00Z,186.25756836,190.49456787,181.69590759,189.73675537,4945767476
2019-07-29T00:00:00Z,189.68025208,192.23719788,187.75196838,189.60314941,4922700817
2019-07-30T00:00:00Z,189.66699219,191.65005493,185.71664429,188.68087769,4920339777
2019-07-31T00:00:00Z,188.65382385,197.50175476,188.60498047,197.50175476,5423023990
2019-08-01T00:00:00Z,197.41183472,197.78958130,192.73616028,196.59390259,5384408529
2019-08-02T00:00:00Z,196.66252136,200.11096191,194.48558044,195.84474182,5536720822
2019-08-03T00:00:00Z,195.86630249,201.91381836,195.35949707,199.99656677,5121751240
2019-08-04T00:00:00Z,200.07789612,201.55792236,196.40261841,200.45841980,4715997951
2019-08-05T00:00:00Z,200.44145203,210.83137512,200.30009460,208.31248474,6906298975
2019-08-06T00:00:00Z,208.33966064,213.59075928,199.55474854,201.71574402,6825350312
2019-08-07T00:00:00Z,201.63063049,204.74159241,198.36839294,202.06393433,6265964317
2019-08-08T00:00:00Z,202.17770386,202.14402771,193.37780762,197.51008606,6001529395
2019-08-09T00:00:00Z,197.48040771,197.78793335,185.85682678,186.59547424,6174214354
2019-08-10T00:00:00Z,186.63204956,189.47294617,180.65974426,183.26638794,5837287383
2019-08-11T00:00:00Z,183.26524353,191.48512268,183.06893921,192.80021667,5746372727
2019-08-12T00:00:00Z,192.76724243,192.83807373,188.09318542,188.37683105,5059015477
2019-08-13T00:00:00Z,188.42553711,188.46273804,183.59738159,186.75598145,5320850250
2019-08-14T00:00:00Z,186.66198730,187.06051636,167.22637939,167.47392273,6681138842
2019-08-15T00:00:00Z,167.54191589,170.55383301,159.75379944,169.66072083,7377905268
2019-08-16T00:00:00Z,169.78869629,170.19242859,162.72894287,167.13713074,6429798344
2019-08-17T00:00:00Z,167.21968079,168.27554321,164.57186890,167.36030579,4968593367
2019-08-18T00:00:00Z,167.49858093,178.03689575,165.56181335,175.34622192,5381380697
2019-08-19T00:00:00Z,175.40257263,183.67231750,174.13150024,183.24984741,5544767665
2019-08-20T00:00:00Z,182.99830627,183.15939331,176.25202942,177.13059998,5774804544
2019-08-21T00:00:00Z,177.18132019,177.57432556,164.51762390,168.49981689,7010566685
2019-08-22T00:00:00Z,168.54454041,175.36590576,165.37524414,172.59739685,6827875529
2019-08-23T00:00:00Z,172.39349365,176.88279724,171.04644775,173.44429016,5931091045
2019-08-24T00:00:00Z,173.41349792,173.51448059,166.98300171,170.24235535,5562091811
2019-08-25T00:00:00Z,170.19360352,170.95617676,165.94056702,167.65368652,5227685182
2019-08-26T00:00:00Z,167.55781555,173.60700989,167.55781555,170.18984985,6493040858
2019-08-27T00:00:00Z,170.20848083,170.20820618,167.22387695,169.08395386,5448372661
2019-08-28T00:00:00Z,169.06488037,169.56062317,155.41542053,156.87101746,6041194052
2019-08-29T00:00:00Z,156.93301392,156.93901062,151.06414795,153.26313782,6445971740
2019-08-30T00:00:00Z,153.23831177,154.65333557,151.18893433,153.35272217,5246813316
2019-08-31T00:00:00Z,153.40087891,158.32104492,152.39830017,156.63705444,5294998764
2019-09-01T00:00:00Z,156.62672424,157.75148010,153.97254944,156.14620972,5053684442
2019-09-02T00:00:00Z,156.20825195,164.23695374,155.21705627,162.65652466,5931280361
2019-09-03T00:00:00Z,162.66601562,166.27694702,160.80154419,163.57504272,6345030440
2019-09-04T00:00:00Z,163.56835938,164.11111450,158.87896729,159.48826599,5381243554
2019-09-05T00:00:00Z,159.46415710,159.73504639,155.58888245,157.90534973,5066139419
2019-09-06T00:00:00Z,157.86465454,161.24613953,152.65042114,152.70732117,6107722248
2019-09-07T00:00:00Z,152.70651245,162.54129028,152.24723816,160.21441650,6103922751
2019-09-08T00:00:00Z,160.23236084,164.36282349,160.10646057,164.57687378,5873838110
2019-09-09T00:00:00Z,164.58319092,166.92835999,160.80047607,163.98410034,6547560153
2019-09-10T00:00:00Z,164.04147339,166.63336182,161.34257507,162.71601868,5694088469
2019-09-11T00:00:00Z,162.76338196,164.52777100,160.45680237,162.27685547,6498446058
2019-09-12T00:00:00Z,162.34791565,164.49267578,161.47361755,163.73176575,5281106233
2019-09-13T00:00:00Z,163.69512939,164.04650879,161.19691467,162.72708130,5350604551
2019-09-14T00:00:00Z,162.91743469,169.31956482,162.06442261,169.01280212,5840866831
2019-09-15T00:00:00Z,168.97949219,170.66255188,167.22460938,171.23686218,5614576325
2019-09-16T00:00:00Z,171.14682007,180.12907410,171.14682007,179.12048340,7489688794
2019-09-17T00:00:00Z,179.12191772,193.02131653,178.64500427,188.36639404,9239671363
2019-09-18T00:00:00Z,187.86241150,195.96244812,187.86241150,191.66456604,8336536093
2019-09-19T00:00:00Z,191.53237915,201.57629395,185.44142151,200.29945374,9613097029
2019-09-20T00:00:00Z,200.10824585,200.61317444,195.24984741,197.87278748,7285105673
2019-09-21T00:00:00Z,197.73423767,200.51193237,195.10513306,195.57341003,7026782607
2019-09-22T00:00:00Z,195.54650879,196.09069824,188.48677063,191.97891235,7090220218
2019-09-23T00:00:00Z,192.13121033,192.26644897,183.60371399,183.67771912,6817529418
2019-09-24T00:00:00Z,183.60565186,185.18325806,147.68409729,152.63446045,10675321759
2019-09-25T00:00:00Z,152.65519714,158.76400757,149.90107727,156.02587891,8916983866
2019-09-26T00:00:00Z,155.90191650,157.05738831,143.72773743,152.65534973,7185890803
2019-09-27T00:00:00Z,152.58628845,160.50035095,148.97697449,159.67797852,7228756734
2019-09-28T00:00:00Z,159.65042114,160.65385437,156.07971191,159.57305908,6302947976
2019-09-29T00:00:00Z,159.60949707,160.15562439,152.63421631,155.80609131,5937039196
2019-09-30T00:00:00Z,155.76757812,165.02230835,152.60832214,165.02230835,6929361580
2019-10-01T00:00:00Z,165.33140564,169.95599365,160.83129883,162.19909668,7020875761
2019-10-02T00:00:00Z,162.09266663,164.97978210,160.41174316,164.87429810,5780388031
2019-10-03T00:00:00Z,164.86810303,164.90876770,157.16203308,159.61308289,5813694905
2019-10-04T00:00:00Z,159.64869690,162.61076355,158.20973206,161.19264221,5691336564
2019-10-05T00:00:00Z,161.15740967,161.85589600,157.63694763,160.62625122,5316707598
2019-10-06T00:00:00Z,160.63796997,161.54895020,156.04690552,157.54855347,5328319494
2019-10-07T00:00:00Z,157.44038391,166.21142578,156.11964417,165.13214111,7149263296
2019-10-08T00:00:00Z,165.06562805,167.97404480,163.63154602,166.08557129,6812609723
2019-10-09T00:00:00Z,166.09901428,176.84104919,164.79075623,175.94073486,8272254116
2019-10-10T00:00:00Z,175.84773254,176.49816895,170.74990845,174.06512451,7606996061
2019-10-11T00:00:00Z,174.19354248,177.29087830,164.56382751,165.38623047,8269346388
2019-10-12T00:00:00Z,165.35392761,168.76986694,163.10046387,163.86329651,6791285852
2019-10-13T00:00:00Z,163.89471436,167.71728516,163.40161133,165.09518433,6105259161
2019-10-14T00:00:00Z,165.05285645,169.83979797,164.67939758,169.56326294,6599404066
2019-10-15T00:00:00Z,169.57791138,170.33575439,162.68211365,164.39598083,7006493359
2019-10-16T00:00:00Z,164.33949280,164.68276978,157.17993164,158.93615723,6945016966
2019-10-17T00:00:00Z,158.83987427,160.72998047,157.59802246,160.02238464,6055826492
2019-10-18T00:00:00Z,159.98660278,160.13998413,153.68156433,155.43676758,6773790663
2019-10-19T00:00:00Z,155.46192932,157.21554565,154.17813110,154.80262756,5865274247
2019-10-20T00:00:00Z,154.85789490,158.35177612,153.27862549,157.35269165,6096640903
2019-10-21T00:00:00Z,157.34407043,159.20326233,155.32438660,156.85444641,6111855410
2019-10-22T00:00:00Z,156.84016418,157.53541565,154.78947449,154.82850647,6282027491
2019-10-23T00:00:00Z,154.79432678,154.92024231,141.61645508,145.88252258,8645839955
2019-10-24T00:00:00Z,145.98252869,147.71540833,144.49491882,146.04866028,6575191732
2019-10-25T00:00:00Z,146.06773376,165.17297363,145.86627197,163.82597351,9348703611
2019-10-26T00:00:00Z,163.95579529,176.83811951,158.95828247,162.29899597,12482992305
2019-10-27T00:00:00Z,162.38668823,169.80755615,160.35585022,166.22351074,9758153645
2019-10-28T00:00:00Z,166.36361694,169.56379700,162.39439392,164.58432007,9376758835
2019-10-29T00:00:00Z,164.59112549,172.63273621,164.32324219,171.27159119,9558435569
2019-10-30T00:00:00Z,171.26602173,172.05119324,163.23234558,165.59130859,9400554156
2019-10-31T00:00:00Z,165.68585205,169.07904053,161.23860168,164.88899231,8611567445
2019-11-01T00:00:00Z,164.74269104,165.72097778,162.17916870,164.72592163,8188943624
2019-11-02T00:00:00Z,164.76911926,166.28305054,163.67630005,164.69738770,7242440812
2019-11-03T00:00:00Z,164.75927734,165.68104553,161.01922607,163.36524963,7844977060
2019-11-04T00:00:00Z,163.27033997,168.95628357,162.81614685,167.46566772,9482343887
2019-11-05T00:00:00Z,167.42443848,172.78576660,165.55961609,170.94715881,9052122841
2019-11-06T00:00:00Z,170.77497864,174.69749451,170.41653442,173.08128357,9175101021
2019-11-07T00:00:00Z,173.00039673,173.32635498,168.90545654,170.07609558,8216467815
2019-11-08T00:00:00Z,170.02880859,170.88015747,165.62014771,167.17245483,8327956208
2019-11-09T00:00:00Z,167.26344299,168.64903259,166.89183044,167.91874695,6604461242
2019-11-10T00:00:00Z,167.84127808,173.26580811,167.60842896,171.90042114,7940832184
2019-11-11T00:00:00Z,171.92369080,172.76124573,167.74557495,168.08441162,7138253892
2019-11-12T00:00:00Z,168.15255737,170.65586853,167.25340271,169.67250061,7076084712
2019-11-13T00:00:00Z,169.76243591,172.10987854,168.98040771,170.99353027,6669731145
2019-11-14T00:00:00Z,171.00604248,171.31793213,167.87069702,168.78909302,7144206827
2019-11-15T00:00:00Z,168.84220886,168.99261475,162.34890747,163.34837341,7977051800
2019-11-16T00:00:00Z,163.32839966,166.63676453,162.86381531,165.90661621,6143972853
2019-11-17T00:00:00Z,165.90884399,170.31430054,164.99128723,167.46015930,6661820371
2019-11-18T00:00:00Z,167.38980103,168.97897339,161.72453308,163.07438660,7033512700
2019-11-19T00:00:00Z,163.02278137,164.85929871,158.11294556,160.19000244,6803416542
2019-11-20T00:00:00Z,160.15365601,161.72657776,158.21153259,158.58831787,6504064174
2019-11-21T00:00:00Z,158.56597900,159.05558777,144.11102295,145.91548157,7723441230
2019-11-22T00:00:00Z,145.95448303,147.37380981,128.72773743,136.34341431,10906835056
2019-11-23T00:00:00Z,136.29264832,139.82157898,133.92362976,139.20117188,7521071478
2019-11-24T00:00:00Z,139.21273804,139.69851685,129.58821106,129.58821106,7060995092
2019-11-25T00:00:00Z,129.46328735,136.40655518,121.36473846,133.02764893,9956197194
2019-11-26T00:00:00Z,132.96205139,136.16142273,131.90020752,135.13410950,6938374504
2019-11-27T00:00:00Z,134.61862183,140.80920410,130.40521240,139.05628967,7977550572
2019-11-28T00:00:00Z,139.10963440,142.26606750,137.23258972,137.78109741,6671694227
2019-11-29T00:00:00Z,137.82743835,142.65190125,137.55500793,140.94984436,6810335472
2019-11-30T00:00:00Z,140.93374634,142.21191406,137.25106812,138.44395447,5959211046
2019-12-01T00:00:00Z,138.40060425,138.40060425,133.47781372,137.20739746,6446071437
2019-12-02T00:00:00Z,137.19808960,138.06135559,133.36894226,134.58460999,6022809830
2019-12-03T00:00:00Z,134.58380127,135.62614441,131.72956848,133.49855042,5598106464
2019-12-04T00:00:00Z,133.46424866,135.68220520,130.90853882,132.41033936,7097427174
2019-12-05T00:00:00Z,132.35507202,138.02088928,131.23667908,134.39872742,6074692160
2019-12-06T00:00:00Z,134.53153992,134.75151062,133.27142334,134.91072083,5840410601
2019-12-07T00:00:00Z,134.91357422,135.45803833,134.16952515,134.52525330,5345297720
2019-12-08T00:00:00Z,134.50311279,137.80297852,134.11396790,136.77386475,5824622665
2019-12-09T00:00:00Z,136.73739624,137.36985779,133.42431641,133.96739197,6095481500
2019-12-10T00:00:00Z,133.92643738,134.27316284,130.60713196,131.85887146,6183808933
2019-12-11T00:00:00Z,131.90718079,132.83314514,128.42884827,128.99487305,6321097719
2019-12-12T00:00:00Z,129.00175476,130.97200012,126.99400330,130.15469360,7053174281
2019-12-13T00:00:00Z,130.20089722,130.51396179,128.63444519,130.34010315,6532807967
2019-12-14T00:00:00Z,130.34791565,130.86557007,128.08285522,128.47372437,6337903745
2019-12-15T00:00:00Z,128.46990967,129.42343140,125.37828827,128.64791870,6503773458
2019-12-16T00:00:00Z,128.66998291,128.74868774,118.85388947,119.97524261,8074385929
2019-12-17T00:00:00Z,120.00501251,120.32332611,108.86479950,109.94380951,8121923166
2019-12-18T00:00:00Z,109.99128723,120.00458527,107.77941132,119.73572540,10673854584
2019-12-19T00:00:00Z,119.70026398,120.71253204,113.15870667,116.25943756,8598645398
2019-12-20T00:00:00Z,116.31628418,116.66908264,114.68173981,116.51502228,7378752987
2019-12-21T00:00:00Z,116.54203033,116.58869934,115.20245361,115.67085266,6724680406
2019-12-22T00:00:00Z,115.64122009,120.15668488,115.48808289,119.47506714,8232366390
2019-12-23T00:00:00Z,119.41592407,121.63744354,114.90083313,115.94894409,8674931855
2019-12-24T00:00:00Z,115.96261597,118.81554413,114.81685638,116.38388062,7179602752
2019-12-25T00:00:00Z,116.38803864,116.38803864,112.47187042,113.97735596,7587413114
2019-12-26T00:00:00Z,114.00592041,117.87304688,113.03421783,113.84514618,7748955610
2019-12-27T00:00:00Z,113.85196686,114.72406006,111.96414185,113.84168243,7426949981
2019-12-28T00:00:00Z,113.84025574,116.56529999,113.55987549,114.83329773,7221045871
2019-12-29T00:00:00Z,114.78333282,122.42618561,114.54241180,120.51352692,8682520244
2019-12-30T00:00:00Z,120.54798889,122.05593872,117.42073059,118.40695953,8746111081
2019-12-31T00:00:00Z,118.38800812,119.19954681,114.82921600,115.51866150,7965187724
2020-01-01T00:00:00Z,115.53630066,118.79917908,115.21967316,116.58866882,7072964397
2020-01-02T00:00:00Z,116.60473633,116.60473633,113.62210846,114.04931641,7190359200
2020-01-03T00:00:00Z,114.05027771,120.57358551,113.18643188,120.23100281,9388280172
2020-01-04T00:00:00Z,120.22814178,121.91656494,119.21736908,121.03539276,6658818674
2020-01-05T00:00:00Z,121.03783417,124.92520142,121.01411438,122.10630798,6744029070
2020-01-06T00:00:00Z,122.13208771,128.91682434,121.85862732,128.89709473,8122825928
2020-01-07T00:00:00Z,128.90408325,130.11256409,126.07527924,128.72279358,8302052336
2020-01-08T00:00:00Z,128.67242432,131.57374573,124.44207001,127.11325073,8447208190
2020-01-09T00:00:00Z,127.02114105,127.18785095,122.71289825,125.10921478,6929139976
2020-01-10T00:00:00Z,125.09827423,129.64636230,122.11797333,129.45222473,8169066730
2020-01-11T00:00:00Z,128.95347595,131.71563721,127.87339020,128.50848389,8390766055
2020-01-12T00:00:00Z,128.60327148,131.42620850,128.31115723,131.22235107,7671598314
2020-01-13T00:00:00Z,131.53378296,132.04634094,128.46765137,129.52009583,7524187577
2020-01-14T00:00:00Z,129.54205322,150.63035583,129.36050415,149.14407349,15019360522
2020-01-15T00:00:00Z,148.94569397,153.11775208,144.71768188,149.03910828,13604430618
2020-01-16T00:00:00Z,149.13069153,149.75877380,143.16676331,147.60603333,12332774870
2020-01-17T00:00:00Z,147.69435120,156.03764343,146.13554382,153.98631287,13522352801
2020-01-18T00:00:00Z,153.95724487,160.97012329,150.38497925,158.11810303,13461011586
2020-01-19T00:00:00Z,158.21000671,159.81497192,147.57891846,150.50244141,12360892608
2020-01-20T00:00:00Z,150.44320679,152.39483643,146.44923401,150.60833740,10043405666
2020-01-21T00:00:00Z,150.55422974,153.30004883,149.47055054,153.07872009,8830696421
2020-01-22T00:00:00Z,152.99877930,154.37416077,150.44554138,151.66416931,8299758781
2020-01-23T00:00:00Z,151.66557312,151.68383789,145.07736206,147.38061523,9404716312
2020-01-24T00:00:00Z,147.35421753,148.96195984,142.04489136,147.89231873,9666827474
2020-01-25T00:00:00Z,147.90692139,148.05198669,143.87918091,146.28404236,7489035048
2020-01-26T00:00:00Z,146.18688965,152.49810791,145.37449646,152.44004822,8400184297
2020-01-27T00:00:00Z,152.37815857,156.97077942,151.44938660,155.11669922,9986364021
2020-01-28T00:00:00Z,155.07493591,160.03048706,154.94120789,160.01515198,10681152813
2020-01-29T00:00:00Z,159.99479675,162.34756470,158.93502808,158.93502808,9737888477
2020-01-30T00:00:00Z,158.81460571,168.83581543,156.47755432,167.44888306,11428081834
2020-01-31T00:00:00Z,167.49096680,168.10673523,159.50860596,162.37818909,10570990227
2020-02-01T00:00:00Z,162.33636475,165.71176147,162.01583862,165.55708313,10428508531
2020-02-02T00:00:00Z,165.42959595,174.03572083,162.40231323,170.09114075,12673971618
2020-02-03T00:00:00Z,170.08201599,174.51353455,169.57353210,171.62966919,11202613932
2020-02-04T00:00:00Z,171.62664795,172.77185059,167.87185669,171.33728027,10605396594
2020-02-05T00:00:00Z,171.38117981,188.04501343,171.02975464,185.67225647,13514642139
2020-02-06T00:00:00Z,185.58084106,195.03477478,183.56330872,193.36721802,14958012521
2020-02-07T00:00:00Z,193.34609985,203.66072083,193.33546448,203.48654175,15233158162
2020-02-08T00:00:00Z,203.29002380,206.99978638,196.76635742,203.85572815,15293942856
2020-02-09T00:00:00Z,203.70564270,209.99270630,203.70564270,208.73794556,13726634520
2020-02-10T00:00:00Z,208.71105957,209.28634644,199.18122864,204.86927795,14857250881
2020-02-11T00:00:00Z,204.74301147,216.68379211,200.38185120,216.00643921,15537269480
2020-02-12T00:00:00Z,216.04949951,250.49197388,216.04772949,244.05393982,22570375618
2020-02-13T00:00:00Z,243.72894287,252.12646484,237.87210083,247.27920532,23797638790
2020-02-14T00:00:00Z,247.20912170,263.19772339,242.43074036,262.42315674,21751759471
2020-02-15T00:00:00Z,262.74057007,265.09814453,244.00651550,244.42098999,21865748343
2020-02-16T00:00:00Z,244.58299255,251.94935608,223.88319397,239.71777344,23199662659
2020-02-17T00:00:00Z,239.71394348,246.24797058,225.39126587,245.79432678,24014448576
2020-02-18T00:00:00Z,245.92846680,262.27926636,242.09280396,261.18698120,24559622702
2020-02-19T00:00:00Z,261.27191162,262.71517944,240.29855347,240.29855347,20979932494
2020-02-20T00:00:00Z,240.35026550,243.88897705,232.60671997,239.11450195,21533633226
2020-02-21T00:00:00Z,239.06042480,245.85432434,236.99617004,244.87208557,19239002841
2020-02-22T00:00:00Z,244.82685852,245.58502197,238.69461060,241.84623718,15585840755
2020-02-23T00:00:00Z,241.79707336,252.59515381,241.50401306,252.59515381,18072157794
2020-02-24T00:00:00Z,252.54988098,254.31498718,238.83619690,244.47065735,20648606693
2020-02-25T00:00:00Z,244.53239441,244.63731384,226.82540894,227.78401184,20110193302
2020-02-26T00:00:00Z,227.71289062,229.67272949,203.31387329,207.34375000,24103973303
2020-02-27T00:00:00Z,207.34997559,216.29560852,195.16860962,206.16758728,23317294003
2020-02-28T00:00:00Z,206.38053894,213.15356445,196.70867920,205.63391113,20461354108
2020-02-29T00:00:00Z,205.70005798,210.61007690,199.35841370,199.35841370,16486781373
2020-03-01T00:00:00Z,199.27151489,205.55126953,194.17326355,198.14649963,16450907779
2020-03-02T00:00:00Z,197.91215515,208.37078857,196.62054443,206.90594482,18221584703
2020-03-03T00:00:00Z,206.86482239,208.95498657,198.41036987,200.84326172,17762757988
2020-03-04T00:00:00Z,200.91996765,204.28157043,199.43914795,201.58750916,14875046683
2020-03-05T00:00:00Z,201.69876099,209.47753906,201.69876099,204.29331970,16218570467
2020-03-06T00:00:00Z,204.20442200,215.79409790,203.85192871,215.76779175,17166396965
2020-03-07T00:00:00Z,215.96705627,221.48443604,210.47377014,210.74116516,17216715739
2020-03-08T00:00:00Z,210.67701721,210.67701721,176.16493225,176.25717163,18778800440
2020-03-09T00:00:00Z,176.80998230,181.82450867,168.29537964,177.22280884,20746499059
2020-03-10T00:00:00Z,177.99284363,180.79341125,174.50769043,177.40235901,16209983800
2020-03-11T00:00:00Z,177.40304565,179.24862671,163.40884399,173.03039551,15081372782
2020-03-12T00:00:00Z,172.91529846,173.20530701,99.41514587,100.44630432,19790030606
2020-03-13T00:00:00Z,100.75285339,122.90213776,85.10494995,119.55461884,25009753105
2020-03-14T00:00:00Z,119.89627838,120.67336273,109.84299469,110.64299011,11432356936
2020-03-15T00:00:00Z,110.58918762,118.13204193,109.33976746,112.26914978,11404284683
2020-03-16T00:00:00Z,112.07351685,112.07351685,94.18933868,99.10540771,14322842165
2020-03-17T00:00:00Z,98.92701721,106.88551331,98.92701721,103.46138763,10975586490
2020-03-18T00:00:00Z,103.38410950,105.16976929,102.31009674,104.80115509,10602058561
2020-03-19T00:00:00Z,104.79891968,131.74360657,104.70130920,128.14471436,15382515705
2020-03-20T00:00:00Z,128.19670105,140.51142883,114.91938782,123.33300781,17617082489
2020-03-21T00:00:00Z,123.67176819,126.32734680,118.14352417,123.39734650,12713416542
2020-03-22T00:00:00Z,123.42748260,126.49386597,115.01007843,115.32228851,11687080938
2020-03-23T00:00:00Z,115.36421967,125.33396912,114.09478760,125.33396912,13145349831
2020-03-24T00:00:00Z,125.59643555,131.09146118,123.56451416,128.49656677,13528362818
2020-03-25T00:00:00Z,128.63873291,130.46437073,123.44116974,125.08393860,12337113735
2020-03-26T00:00:00Z,125.07915497,125.70386505,122.70245361,125.24515533,10289667551
2020-03-27T00:00:00Z,125.25273895,126.40516663,119.94142151,119.94142151,10205374677
2020-03-28T00:00:00Z,120.02632141,120.02632141,113.67877197,117.28203583,10889912446
2020-03-29T00:00:00Z,117.30786133,117.44998932,112.77520752,112.71704865,8919922184
2020-03-30T00:00:00Z,112.71181488,121.43507385,112.59971619,120.50906372,10736749100
2020-03-31T00:00:00Z,120.43324280,121.66176605,119.53240204,121.15747070,10035193603
2020-04-01T00:00:00Z,121.17448425,123.83773804,118.75363159,123.83773804,11373154743
2020-04-02T00:00:00Z,123.92686462,135.41975403,123.92686462,130.96990967,14129731738
2020-04-03T00:00:00Z,131.04487610,136.17619324,129.43484497,131.51332092,12203075602
2020-04-04T00:00:00Z,131.62797546,134.54640198,129.68247986,134.40025330,11056608323
2020-04-05T00:00:00Z,134.43878174,135.24165344,131.51518250,132.83491516,10439183287
2020-04-06T00:00:00Z,132.89187622,156.71803284,132.83302307,156.59141541,20031655306
2020-04-07T00:00:00Z,156.60212708,160.94076538,150.63684082,151.53221130,19879164436
2020-04-08T00:00:00Z,151.65922546,159.56338501,150.99159241,158.95280457,15710159715
2020-04-09T00:00:00Z,159.06285095,159.08688354,154.66322327,156.33876038,13639433131
2020-04-10T00:00:00Z,156.35899353,156.49220276,141.51251221,144.84742737,16441218347
2020-04-11T00:00:00Z,144.96313477,147.38017273,142.01303101,144.68112183,12395492210
2020-04-12T00:00:00Z,144.69609070,150.24723816,142.94775391,147.41647339,13835497922
2020-04-13T00:00:00Z,147.03063965,147.05720520,138.95498657,143.09158325,15075826369
2020-04-14T00:00:00Z,143.16154480,146.76121521,142.70867920,143.46882629,13403313977
2020-04-15T00:00:00Z,143.44082642,146.59281921,140.15840149,140.57020569,12996065047
2020-04-16T00:00:00Z,140.49090576,159.53308105,138.12557983,158.54627991,21099121717
2020-04-17T00:00:00Z,158.65867615,160.27580261,156.15582275,157.85034180,15371943535
2020-04-18T00:00:00Z,157.83148193,172.81878662,157.83148193,171.87490845,18538223819
2020-04-19T00:00:00Z,171.82707214,172.96447754,165.62829590,167.14624023,17620730942
2020-04-20T00:00:00Z,167.02224731,171.23649597,156.88752747,158.58403015,19574066168
2020-04-21T00:00:00Z,158.32682800,161.52854919,157.45063782,159.10990906,15160286402
2020-04-22T00:00:00Z,159.04791260,169.85539246,158.27893066,168.96412659,16650932676
2020-04-23T00:00:00Z,168.98320007,174.89604187,166.56803894,171.72030640,19745461155
2020-04-24T00:00:00Z,171.89981079,176.14527893,171.89981079,174.86231995,15513279600
2020-04-25T00:00:00Z,174.83502197,181.84382629,174.14395142,180.66375732,16873848225
2020-04-26T00:00:00Z,180.56977844,184.22903442,179.99920654,182.35356140,16944867784
2020-04-27T00:00:00Z,182.49975586,184.35824585,178.66923523,182.20527649,17248384596
2020-04-28T00:00:00Z,182.25035095,183.55194092,179.97149658,183.16339111,16817145886
2020-04-29T00:00:00Z,183.20936584,201.17749023,182.75321960,199.48231506,24270117510
2020-04-30T00:00:00Z,199.42799377,209.46156311,188.56051636,189.69657898,25666527191
2020-05-01T00:00:00Z,189.97041321,198.22822571,189.86000061,193.10331726,18764435273
2020-05-02T00:00:00Z,193.11322021,194.55374146,191.87776184,194.08309937,16459404144
2020-05-03T00:00:00Z,194.10716248,197.63935852,188.10444641,192.48367310,18678690078
2020-05-04T00:00:00Z,192.44508362,193.37368774,182.03213501,190.91346741,20728387179
2020-05-05T00:00:00Z,190.76580811,194.12857056,188.31869507,190.79528809,17536044735
2020-05-06T00:00:00Z,190.52488708,195.81759644,188.93879700,188.95259094,18837816405
2020-05-07T00:00:00Z,188.82023621,197.99679565,187.09684753,195.90788269,21774032589
2020-05-08T00:00:00Z,195.82374573,199.37754822,192.60166931,194.18484497,18639874441
2020-05-09T00:00:00Z,194.32214355,195.74244690,190.57621765,192.88113403,17274106311
2020-05-10T00:00:00Z,192.83743286,192.83743286,166.54780579,174.00083923,23260048003
2020-05-11T00:00:00Z,174.03092957,176.79008484,167.22084045,172.01065063,18554958645
2020-05-12T00:00:00Z,171.97779846,176.56063843,171.82429504,174.54139709,14659150140
2020-05-13T00:00:00Z,174.59819031,185.02537537,174.48582458,184.07490540,15760247530
2020-05-14T00:00:00Z,183.79603577,188.97697449,182.18121338,187.79347229,18645744116
2020-05-15T00:00:00Z,187.79930115,188.39581299,179.09573364,180.77059937,15341859076
2020-05-16T00:00:00Z,180.76203918,187.37640381,179.73463440,185.44131470,14211471008
2020-05-17T00:00:00Z,185.37823486,193.38371277,184.91059875,191.47843933,14299411990
2020-05-18T00:00:00Z,191.49794006,199.52770996,191.45555115,196.55665588,15953191493
2020-05-19T00:00:00Z,196.62985229,196.62985229,192.57089233,195.35173035,13129721708
2020-05-20T00:00:00Z,195.34727478,196.25439453,189.43186951,191.34938049,11594236489
2020-05-21T00:00:00Z,191.37890625,192.83287048,176.46922302,182.55189514,12154370003
2020-05-22T00:00:00Z,182.50944519,191.35958862,180.85427856,190.05473328,11046824148
2020-05-23T00:00:00Z,190.07794189,193.00622559,188.33465576,191.45394897,9784391066
2020-05-24T00:00:00Z,191.47381592,193.19761658,185.52464294,185.52464294,10848272049
2020-05-25T00:00:00Z,185.16920471,189.41276550,183.98144531,188.34945679,9554209482
2020-05-26T00:00:00Z,188.29425049,188.75471497,182.48921204,183.89868164,9253797159
2020-05-27T00:00:00Z,183.89021301,189.59577942,183.81085205,189.59577942,9650321800
2020-05-28T00:00:00Z,189.61575317,198.88633728,187.43272400,198.45677185,11024574898
2020-05-29T00:00:00Z,198.53317261,202.42120361,195.91142273,198.71684265,11045306481
2020-05-30T00:00:00Z,198.75474548,219.66958618,196.97828674,218.23098755,13532096642
2020-05-31T00:00:00Z,218.23620605,219.76153564,206.96702576,207.76055908,11005186765
2020-06-01T00:00:00Z,207.65672302,223.03756714,207.40397644,222.00706482,12540426945
2020-06-02T00:00:00Z,221.86004639,225.94476318,208.70445251,212.07266235,12321135254
2020-06-03T00:00:00Z,212.23013306,217.34498596,210.09010315,217.34498596,8777992750
2020-06-04T00:00:00Z,217.27908325,219.21568298,211.40441895,215.53396606,8968220481
2020-06-05T00:00:00Z,215.46624756,218.21337891,213.16366577,213.64187622,8231338550
2020-06-06T00:00:00Z,213.62359619,217.84622192,212.30532837,214.25970459,7186710804
2020-06-07T00:00:00Z,214.23912048,217.08453369,209.29484558,216.58836365,8432245673
2020-06-08T00:00:00Z,216.59835815,218.19871521,213.90661621,217.89140320,7144908272
2020-06-09T00:00:00Z,217.77209473,219.56277466,214.98118591,216.10031128,7452902588
2020-06-10T00:00:00Z,216.02145386,218.74488831,213.64009094,217.70478821,7736169506
2020-06-11T00:00:00Z,217.79591370,219.34445190,203.63887024,205.25404358,10946043448
2020-06-12T00:00:00Z,205.18565369,211.76403809,203.46505737,210.97091675,7878505590
2020-06-13T00:00:00Z,211.01658630,212.51397705,209.57901001,212.26142883,6345062413
2020-06-14T00:00:00Z,212.31414795,212.43255615,207.23402405,208.08044434,6612103226
2020-06-15T00:00:00Z,208.03031921,206.82334900,196.88679504,202.80464172,9293177253
2020-06-16T00:00:00Z,202.65769958,209.07232666,201.54586792,208.07342529,7070500355
2020-06-17T00:00:00Z,208.14106750,210.00382996,204.12919617,207.26606750,6849971946
2020-06-18T00:00:00Z,207.15080261,208.53143311,204.38494873,207.08901978,5990294834
2020-06-19T00:00:00Z,206.95857239,207.22308350,202.36685181,203.17384338,6213488603
2020-06-20T00:00:00Z,203.02900696,207.06956482,202.76766968,205.12388611,5594194911
2020-06-21T00:00:00Z,205.07188416,207.88365173,204.33602905,204.88520813,5010881211
2020-06-22T00:00:00Z,204.89733887,216.46359253,204.86088562,215.04035950,8050351860
2020-06-23T00:00:00Z,215.04374695,216.52209473,213.17877197,215.82263184,5856111326
2020-06-24T00:00:00Z,215.86132812,219.46986389,206.54190063,209.56871033,7835327588
2020-06-25T00:00:00Z,209.50683594,209.72636414,204.79676819,207.62528992,6248448886
2020-06-26T00:00:00Z,207.56556702,208.53526306,204.52694702,204.72631836,6406935975
2020-06-27T00:00:00Z,204.69374084,207.24951172,196.61589050,198.75103760,6167190069
2020-06-28T00:00:00Z,198.71064758,203.77731323,195.64254761,200.77261353,5529157107
2020-06-29T00:00:00Z,200.78532410,204.51705933,197.57847595,202.89718628,5980502040
2020-06-30T00:00:00Z,202.69584656,204.97166443,200.37080383,201.44638062,5424443592
2020-07-01T00:00:00Z,201.28578186,206.85035706,200.18048096,205.40136719,5744627261
2020-07-02T00:00:00Z,205.55732727,206.33078003,200.70736694,204.11317444,5527624962
2020-07-03T00:00:00Z,204.04800415,204.36021423,199.97100830,200.39163208,4542440974
2020-07-04T00:00:00Z,200.30398560,204.58346558,200.20744324,203.71194458,4649452550
2020-07-05T00:00:00Z,203.62486267,204.40791321,199.69526672,202.41067505,4705132910
2020-07-06T00:00:00Z,202.42881775,214.03901672,201.60607910,213.48875427,7763870761
2020-07-07T00:00:00Z,213.01350403,214.31768799,207.76342773,212.03967285,5713060841
2020-07-08T00:00:00Z,212.11457825,219.12835693,211.39189148,217.57800293,8725864662
2020-07-09T00:00:00Z,217.64704895,217.61938477,212.27143860,215.27836609,7467010245
2020-07-10T00:00:00Z,215.14730835,215.24459839,210.26074219,213.24978638,6443350307
2020-07-11T00:00:00Z,213.30270386,213.72984314,210.90144348,211.90994263,4993866280
2020-07-12T00:00:00Z,211.91123962,215.31965637,210.41616821,214.07008362,5831912148
2020-07-13T00:00:00Z,214.11444092,216.14151001,209.95776367,211.17478943,6863711393
2020-07-14T00:00:00Z,211.50178528,212.42366028,209.62329102,210.53529358,6448503410
2020-07-15T00:00:00Z,210.47581482,211.54939270,207.88095093,208.82276917,5420910943
2020-07-16T00:00:00Z,208.84675598,209.45074463,203.45024109,205.11917114,5120109140
2020-07-17T00:00:00Z,205.16351318,205.18467712,203.86102295,203.68762207,5127650485
2020-07-18T00:00:00Z,203.75988770,206.95918274,203.26777649,206.03161621,4722343637
2020-07-19T00:00:00Z,206.00929260,209.00874329,204.10321045,208.38610840,5462340964
2020-07-20T00:00:00Z,208.39253235,209.46559143,205.21188354,206.10881042,4888144492
2020-07-21T00:00:00Z,206.23916626,213.50775146,205.73605347,212.38024902,5900037299
2020-07-22T00:00:00Z,212.39805603,227.25010681,210.33648682,226.69764709,6659439465
2020-07-23T00:00:00Z,226.86883545,238.94329834,225.36141968,236.89457703,8866703920
2020-07-24T00:00:00Z,236.92359924,245.53169250,231.77856445,239.53639221,8120847987
2020-07-25T00:00:00Z,239.37420654,263.16046143,239.37420654,260.85760498,9252729054
2020-07-26T00:00:00Z,260.54498291,271.43542480,257.60696411,265.70394897,10300561237
2020-07-27T00:00:00Z,265.71621704,281.24450684,265.71621704,273.22683716,13294693024
2020-07-28T00:00:00Z,273.49511719,277.06243896,262.28167725,270.18905640,10543751885
2020-07-29T00:00:00Z,270.10214233,275.86218262,267.12820435,270.02981567,9232234499
2020-07-30T00:00:00Z,269.99087524,285.80099487,268.47872925,281.75405884,9960049634
2020-07-31T00:00:00Z,281.79373169,295.96511841,276.92831421,293.37002563,10213775297
2020-08-01T00:00:00Z,293.57714844,330.12530518,291.69989014,327.02801514,11924186526
2020-08-02T00:00:00Z,327.32528687,349.12585449,303.20886230,314.64022827,16051309511
2020-08-03T00:00:00Z,315.03253174,337.45123291,313.33386230,328.50540161,10914584712
2020-08-04T00:00:00Z,328.38745117,340.89123535,326.60241699,330.00152588,11923380880
2020-08-05T00:00:00Z,329.86215210,342.39559937,327.10736084,338.25692749,10844915421
2020-08-06T00:00:00Z,338.25128174,339.69146729,330.58270264,332.59747314,9519625940
2020-08-07T00:00:00Z,332.82055664,335.98040771,312.24514771,321.92520142,10816733334
2020-08-08T00:00:00Z,321.95803833,334.20333862,320.09030151,334.20333862,7924486924
2020-08-09T00:00:00Z,335.32122803,339.08056641,327.28439331,331.98303223,8022064475
2020-08-10T00:00:00Z,331.91601562,338.58334351,331.91601562,337.25662231,9955156782
2020-08-11T00:00:00Z,337.26272583,339.13543701,315.93319702,324.12069702,10900096079
2020-08-12T00:00:00Z,323.84780884,331.81054688,313.82778931,331.56619263,10521931988
2020-08-13T00:00:00Z,331.40844727,366.38317871,321.00759888,362.83731079,15639585189
2020-08-14T00:00:00Z,362.78271484,375.53482056,358.61755371,369.34747314,12720841077
2020-08-15T00:00:00Z,369.48693848,373.02774048,362.99600220,365.93487549,10484413299
2020-08-16T00:00:00Z,365.93121338,368.39291382,350.50839233,365.98880005,10266915979
2020-08-17T00:00:00Z,366.14669800,373.04937744,356.24008179,361.71728516,11138809761
2020-08-18T00:00:00Z,361.83380127,364.18157959,351.65417480,354.53411865,10024229499
2020-08-19T00:00:00Z,354.59210205,357.34790039,334.87664795,343.18713379,11092214660
2020-08-20T00:00:00Z,343.43630981,353.00613403,341.16326904,350.81930542,8460501592
2020-08-21T00:00:00Z,350.57412720,352.69537354,328.46520996,329.89392090,9988383112
2020-08-22T00:00:00Z,329.81317139,336.13110352,324.55676270,335.59576416,8589952963
2020-08-23T00:00:00Z,335.36489868,336.15130615,326.44329834,331.73477173,6897121883
2020-08-24T00:00:00Z,331.98437500,347.20245361,329.97955322,346.04629517,8757355275
2020-08-25T00:00:00Z,345.98480225,346.36837769,316.66647339,324.44863892,10500989537
2020-08-26T00:00:00Z,324.42868042,331.67956543,320.96078491,326.41122437,8418468143
2020-08-27T00:00:00Z,326.53262329,333.51220703,317.37432861,323.75732422,8848649862
2020-08-28T00:00:00Z,323.75473022,334.29223633,322.68502808,332.52679443,7661184100
2020-08-29T00:00:00Z,332.36965942,340.66784668,330.10308838,335.88485718,7372191266
2020-08-30T00:00:00Z,335.62887573,359.97229004,335.62188721,359.38632202,9405837754
2020-08-31T00:00:00Z,359.48135376,367.62274170,353.00613403,364.46630859,10701401203
2020-09-01T00:00:00Z,364.29431152,408.84921265,361.72933960,400.06051636,15818502313
2020-09-02T00:00:00Z,400.02359009,403.52941895,358.54690552,371.42059326,16621106299
2020-09-03T00:00:00Z,371.58895874,379.88146973,321.85794067,325.74621582,16573848101
2020-09-04T00:00:00Z,324.90136719,339.70071411,315.04571533,327.96166992,14146900299
2020-09-05T00:00:00Z,327.79040527,332.97189331,267.59100342,283.20660400,25240781804
2020-09-06T00:00:00Z,283.26950073,303.89663696,269.50650024,298.57379150,23357554145
2020-09-07T00:00:00Z,298.64813232,302.53646851,275.99227905,298.39703369,18414194424
2020-09-08T00:00:00Z,298.84445190,300.86557007,279.44033813,286.90844727,15289850275
2020-09-09T00:00:00Z,287.09780884,304.20263672,282.03598022,297.46252441,12325096566
2020-09-10T00:00:00Z,297.73303223,316.97814941,297.46398926,311.26696777,26569711381
2020-09-11T00:00:00Z,311.28100586,317.89865112,300.47579956,316.29104614,23041545236
2020-09-12T00:00:00Z,316.20645142,327.10571289,310.48089600,326.80578613,11222120232
2020-09-13T00:00:00Z,327.08953857,328.30541992,299.08438110,308.77761841,12674687734
2020-09-14T00:00:00Z,308.88705444,323.57696533,302.11355591,317.89428711,14776770245
2020-09-15T00:00:00Z,317.79751587,321.17276001,306.82815552,307.99798584,13625913565
2020-09-16T00:00:00Z,307.91760254,314.98361206,301.39227295,309.93154907,13647045556
2020-09-17T00:00:00Z,309.97683716,332.56600952,309.31527710,328.28747559,16792915786
2020-09-18T00:00:00Z,328.55606079,330.54605103,317.99334717,324.62277222,11915495697
2020-09-19T00:00:00Z,324.35006714,326.93087769,319.87640381,325.63696289,9332590982
2020-09-20T00:00:00Z,325.68222046,325.68222046,310.05377197,313.20791626,10375916215
2020-09-21T00:00:00Z,313.50109863,316.77188110,286.21212769,290.50347900,14787778938
2020-09-22T00:00:00Z,290.45056152,294.51608276,287.30703735,294.25393677,10875404210
2020-09-23T00:00:00Z,294.32800293,294.46966553,273.52343750,275.47189331,11065794776
2020-09-24T00:00:00Z,275.35925293,301.12658691,273.09954834,299.26846313,13461344638
2020-09-25T00:00:00Z,299.31631470,307.64877319,290.86447144,302.79833984,12364499047
2020-09-26T00:00:00Z,302.94247437,305.94046021,299.27954102,305.62518311,11218796704
2020-09-27T00:00:00Z,305.17111206,311.21029663,300.76425171,307.22412109,11687807663
2020-09-28T00:00:00Z,307.64306641,314.25625610,303.72006226,304.15426636,12210769903
2020-09-29T00:00:00Z,303.47222900,306.87945557,301.64056396,306.39025879,9879244073
2020-09-30T00:00:00Z,306.62966919,307.89443970,301.73004150,307.04284668,10081794869
2020-10-01T00:00:00Z,307.35955811,314.92419434,295.20364380,300.75659180,12499652245
2020-10-02T00:00:00Z,300.53839111,302.19784546,287.25042725,295.50003052,12132224498
2020-10-03T00:00:00Z,295.48269653,299.82601929,294.15811157,295.74169922,8585920706
2020-10-04T00:00:00Z,295.81011963,302.26620483,294.55447388,300.84014893,9127244465
2020-10-05T00:00:00Z,300.97479248,303.07293701,298.18673706,300.23675537,10017178650
2020-10-06T00:00:00Z,300.23651123,301.06619263,288.04473877,290.37237549,10931735641
2020-10-07T00:00:00Z,290.48080444,291.05752563,285.30212402,290.51171875,10139535607
2020-10-08T00:00:00Z,290.71228027,299.52239990,285.33123779,298.09475708,11439697831
2020-10-09T00:00:00Z,298.38940430,311.35446167,295.79806519,309.05520630,11026441607
2020-10-10T00:00:00Z,308.89627075,319.72955322,308.81475830,313.55960083,11510996638
2020-10-11T00:00:00Z,313.52651978,318.86709595,312.59640503,317.49359131,10650637908
2020-10-12T00:00:00Z,317.20303345,334.46261597,310.85916138,328.22576904,13432261172
2020-10-13T00:00:00Z,327.72775269,328.20831299,319.78067017,324.63464355,12115965386
2020-10-14T00:00:00Z,325.29949951,329.19360352,318.51272583,323.11093140,11851174071
2020-10-15T00:00:00Z,322.86245728,324.60461426,317.30426025,322.41534424,12782584301
2020-10-16T00:00:00Z,322.77981567,324.50036621,309.64297485,312.57647705,12521514842
2020-10-17T00:00:00Z,312.39440918,315.63665771,311.13037109,314.85800171,9347948729
2020-10-18T00:00:00Z,314.74841309,323.24932861,314.23760986,322.79443359,9428382138
2020-10-19T00:00:00Z,323.01284790,325.24810791,319.08642578,322.84268188,10886096743
2020-10-20T00:00:00Z,322.65921021,323.36395264,310.84344482,312.06170654,11616889948
2020-10-21T00:00:00Z,311.99621582,337.80368042,311.69052124,330.91223145,17078718604
2020-10-22T00:00:00Z,330.32046509,355.37472534,330.21295166,350.18020630,13348717708
2020-10-23T00:00:00Z,350.41577148,353.58834839,340.40802002,345.43045044,12017895396
2020-10-24T00:00:00Z,345.43090820,351.19058228,343.81616211,347.69888306,10285980728
2020-10-25T00:00:00Z,347.69888306,351.66229248,342.16744995,342.86199951,9191716261
2020-10-26T00:00:00Z,342.86221313,347.46157837,324.82656860,333.54895020,12834000118
2020-10-27T00:00:00Z,333.54885864,346.40762329,330.61645508,342.89572144,11832054967
2020-10-28T00:00:00Z,342.89575195,347.06875610,324.41040039,330.79464722,13002329001
2020-10-29T00:00:00Z,330.79492188,337.21041870,325.81961060,331.15893555,11063869699
2020-10-30T00:00:00Z,331.15905762,335.31616211,321.31689453,327.88531494,11723820795
2020-10-31T00:00:00Z,327.88537598,336.55343628,326.52145386,331.05584717,9657005076
2020-11-01T00:00:00Z,331.05587769,340.81222534,329.83572388,340.46652222,8998014253
2020-11-02T00:00:00Z,340.46463013,346.46768188,327.14709473,329.15844727,12024896113
2020-11-03T00:00:00Z,329.15786743,331.29180908,318.67694092,329.54440308,10702901897
2020-11-04T00:00:00Z,329.54528809,347.93612671,324.00003052,342.72994995,12891366086
2020-11-05T00:00:00Z,342.73074341,353.12298584,337.65338135,350.39660645,13066408342
2020-11-06T00:00:00Z,350.39608765,384.19802856,349.23559570,382.95050049,14096482098
2020-11-07T00:00:00Z,382.95324707,392.16906738,360.82495117,366.93624878,15894159868
2020-11-08T00:00:00Z,366.94104004,385.52026367,364.78088379,381.37472534,9495279798
2020-11-09T00:00:00Z,381.39099121,384.48880005,368.52984619,375.64556885,11590264721
2020-11-10T00:00:00Z,375.64840698,383.35366821,372.07931519,380.49057007,10230119272
2020-11-11T00:00:00Z,380.49060059,402.15606689,380.27023315,393.01876831,11948961926
2020-11-12T00:00:00Z,393.01791382,395.83831787,383.02331543,390.55676270,10909478472
2020-11-13T00:00:00Z,390.55694580,401.50820923,387.13406372,401.00900269,11145424038
2020-11-14T00:00:00Z,401.00900269,401.46102905,382.72521973,388.77783203,8712578985
2020-11-15T00:00:00Z,388.77789307,389.49111938,371.85510254,377.83029175,8702555228
2020-11-16T00:00:00Z,377.83020020,391.41821289,376.23370361,387.82443237,9647321747
2020-11-17T00:00:00Z,391.59048462,406.45184326,388.56231689,404.90606689,12300809531
2020-11-18T00:00:00Z,404.89489746,414.38247681,392.29534912,404.78475952,15094625107
2020-11-19T00:00:00Z,404.78219604,405.33892822,393.66119385,397.47784424,10512703223
2020-11-20T00:00:00Z,397.47872925,433.30993652,397.47872925,429.91754150,15712456916
2020-11-21T00:00:00Z,429.91757202,464.06674194,425.27865601,463.44195557,17506724266
2020-11-22T00:00:00Z,463.44195557,488.60278320,433.94842529,470.32192993,18513126458
2020-11-23T00:00:00Z,470.31469727,515.20892334,464.30590820,513.78833008,23029168902
2020-11-24T00:00:00Z,513.84637451,523.18640137,500.59948730,507.57302856,19568201274
2020-11-25T00:00:00Z,507.57666016,508.58468628,469.62026978,478.90252686,16857640492
2020-11-26T00:00:00Z,478.75842285,482.75656128,407.49002075,435.56835938,26113895824
2020-11-27T00:00:00Z,435.82601929,445.49664307,416.23980713,432.57867432,14069306399
2020-11-28T00:00:00Z,432.66534424,458.08767700,424.72064209,449.88369751,12345826470
2020-11-29T00:00:00Z,449.91275024,481.84298706,444.66604614,480.96063232,12544913494
2020-11-30T00:00:00Z,480.95983887,515.36297607,476.98370361,515.04803467,16985749692
2020-12-01T00:00:00Z,515.23889160,530.96881104,477.64382935,486.54641724,22515380310
2020-12-02T00:00:00Z,486.49453735,500.89288330,479.57086182,493.92550659,13936752454
2020-12-03T00:00:00Z,494.01370239,512.09619141,485.48046875,507.78009033,13294305386
2020-12-04T00:00:00Z,507.79165649,509.41320801,469.68676758,469.74511719,13479312289
2020-12-05T00:00:00Z,469.73971558,492.11669922,464.49258423,492.11669922,11134171466
2020-12-06T00:00:00Z,492.09460449,500.52749634,482.06661987,496.62005615,9315833555
2020-12-07T00:00:00Z,496.52774048,497.41574097,482.97805786,488.70281982,8852222744
2020-12-08T00:00:00Z,488.75027466,490.78005981,456.27716064,458.17065430,11890469186
2020-12-09T00:00:00Z,458.14190674,477.77487183,439.42736816,474.79541016,13127445698
2020-12-10T00:00:00Z,474.81604004,475.54138184,453.01547241,460.88684082,9612196221
2020-12-11T00:00:00Z,460.88745117,461.36373901,443.79409790,450.64028931,9163795504
2020-12-12T00:00:00Z,450.45965576,473.38058472,450.18475342,469.44046021,7046600401
2020-12-13T00:00:00Z,469.47558594,490.25845337,466.13674927,485.99041748,7475651237
2020-12-14T00:00:00Z,486.08868408,486.71026611,474.50619507,482.36511230,6688644671
2020-12-15T00:00:00Z,482.37387085,490.27484131,477.90393066,484.88702393,7673413925
2020-12-16T00:00:00Z,484.90600586,522.10748291,478.59097290,521.63348389,12969257900
2020-12-17T00:00:00Z,521.61077881,550.40130615,512.44897461,524.29113770,20779806963
2020-12-18T00:00:00Z,524.33032227,541.06665039,515.92669678,534.24401855,12855158756
2020-12-19T00:00:00Z,534.09088135,545.60028076,527.52697754,537.87304688,10467789578
2020-12-20T00:00:00Z,537.78094482,538.38354492,511.15246582,522.67974854,10953140249
2020-12-21T00:00:00Z,522.69970703,530.78485107,493.49789429,498.42062378,11785441462
2020-12-22T00:00:00Z,498.09588623,521.16357422,482.97338867,520.91821289,12099474679
2020-12-23T00:00:00Z,520.89385986,523.80474854,459.72393799,478.68624878,12515411729
2020-12-24T00:00:00Z,479.03152466,503.80169678,466.06707764,501.98394775,11751189105
2020-12-25T00:00:00Z,501.94076538,520.11755371,496.21917725,513.78204346,11089864899
2020-12-26T00:00:00Z,513.85369873,533.72167969,506.39318848,521.51257324,12107074891
2020-12-27T00:00:00Z,521.55462646,579.14550781,511.52749634,559.35919189,21381135462
2020-12-28T00:00:00Z,559.82092285,611.12451172,559.82092285,597.63305664,19819630066
2020-12-29T00:00:00Z,597.60137939,603.57757568,565.46118164,596.98846436,15269657584
2020-12-30T00:00:00Z,596.94989014,613.49139404,587.42565918,611.14215088,14062235584
2020-12-31T00:00:00Z,611.14837646,613.34649658,592.04400635,603.98944092,11400962499
2021-01-01T00:00:00Z,603.91168213,615.54425049,591.52093506,600.85949707,11231244598
2021-01-02T00:00:00Z,600.88842773,648.37152100,589.78332520,638.26562500,16267639120
2021-01-03T00:00:00Z,638.24658203,821.88146973,635.81542969,796.32934570,36898177858
2021-01-04T00:00:00Z,797.59558105,941.31726074,742.09747314,848.99035645,46476694064
2021-01-05T00:00:00Z,850.02343750,921.51855469,804.10711670,894.42266846,33773157696
2021-01-06T00:00:00Z,895.23486328,980.19952393,866.37213135,978.32220459,36227715953
2021-01-07T00:00:00Z,979.10522461,1045.34216309,948.69000244,998.99139404,32983546570
2021-01-08T00:00:00Z,999.22760010,1039.95532227,877.73175049,1001.38836670,36265710874
2021-01-09T00:00:00Z,1001.01477051,1066.56188965,967.09246826,1047.91613770,27184547253
2021-01-10T00:00:00Z,1047.74743652,1102.59814453,977.46136475,1035.71374512,33327497414
2021-01-11T00:00:00Z,1035.20202637,1035.20202637,760.54254150,896.44946289,49942539602
2021-01-12T00:00:00Z,895.11834717,945.13519287,833.15850830,854.67517090,30711753256
2021-01-13T00:00:00Z,854.92614746,933.07623291,814.66992188,929.73687744,24757415808
2021-01-14T00:00:00Z,929.31896973,1024.28088379,900.03387451,1002.77703857,27496916522
2021-01-15T00:00:00Z,1005.59509277,1028.71105957,901.77221680,970.10211182,29779416770
2021-01-16T00:00:00Z,969.77795410,1067.96960449,958.33770752,1021.18286133,26755450645
2021-01-17T00:00:00Z,1021.11315918,1047.75000000,972.21643066,1019.49542236,24247360635
2021-01-18T00:00:00Z,1019.61230469,1042.88513184,983.48419189,1041.00097656,21376311037
2021-01-19T00:00:00Z,1041.12939453,1180.92712402,1037.72888184,1134.59155273,38879161883
2021-01-20T00:00:00Z,1132.90490723,1157.56274414,1026.27331543,1140.98986816,38617597610
2021-01-21T00:00:00Z,1141.32861328,1141.32861328,902.86395264,921.92346191,37756164501
2021-01-22T00:00:00Z,919.71899414,1045.04357910,860.41229248,1015.86651611,36081462347
2021-01-23T00:00:00Z,1014.84423828,1044.93090820,986.40057373,1011.12219238,22386049923
2021-01-24T00:00:00Z,1011.30285645,1146.53735352,1006.42663574,1143.74011230,29931469516
2021-01-25T00:00:00Z,1142.94323730,1206.04809570,1074.83532715,1090.69128418,35877594249
2021-01-26T00:00:00Z,1090.13696289,1133.00793457,1030.88366699,1115.63745117,34177095683
2021-01-27T00:00:00Z,1116.68579102,1124.61022949,1007.43713379,1035.43957520,32549440066
2021-01-28T00:00:00Z,1033.86376953,1118.90295410,1013.97839355,1099.30871582,28575787976
2021-01-29T00:00:00Z,1129.49926758,1175.66137695,1068.07653809,1139.03149414,44169764087
2021-01-30T00:00:00Z,1138.79187012,1155.42736816,1094.56579590,1133.77197266,25224781196
2021-01-31T00:00:00Z,1134.35534668,1136.07934570,1061.58740234,1084.73474121,20786584717
2021-02-01T00:00:00Z,1084.62670898,1138.42639160,1050.72326660,1134.45544434,24205422458
2021-02-02T00:00:00Z,1134.84045410,1281.18090820,1127.90441895,1258.80480957,37748632993
2021-02-03T00:00:00Z,1258.45239258,1379.33557129,1253.44897461,1379.33557129,34775571158
2021-02-04T00:00:00Z,1379.55200195,1403.35095215,1304.57556152,1332.76232910,37102998556
2021-02-05T00:00:00Z,1332.78796387,1460.46691895,1332.78796387,1426.41149902,33288557271
2021-02-06T00:00:00Z,1425.70324707,1442.69836426,1368.62976074,1392.51391602,33092586606
2021-02-07T00:00:00Z,1392.31372070,1402.63073730,1246.36413574,1339.75903320,33106998753
2021-02-08T00:00:00Z,1339.27307129,1469.78161621,1305.92321777,1449.18542480,39836273780
2021-02-09T00:00:00Z,1449.44213867,1500.75952148,1419.04638672,1459.21411133,36463724032
2021-02-10T00:00:00Z,1459.21801758,1506.31604004,1390.44628906,1439.29382324,34587811712
2021-02-11T00:00:00Z,1438.85717773,1487.38317871,1410.37121582,1470.48815918,29694607791
2021-02-12T00:00:00Z,1470.23352051,1535.75341797,1438.82958984,1521.04711914,31274384576
2021-02-13T00:00:00Z,1521.42187500,1544.16467285,1460.84167480,1496.72949219,29173312306
2021-02-14T00:00:00Z,1496.94604492,1524.81762695,1476.76696777,1489.27917480,25938747431
2021-02-15T00:00:00Z,1488.94311523,1511.75122070,1388.21435547,1466.99621582,32109240182
2021-02-16T00:00:00Z,1466.29943848,1501.99121094,1428.07189941,1473.39343262,28349438535
2021-02-17T00:00:00Z,1473.62719727,1539.44860840,1436.23315430,1534.55676270,29849536429
2021-02-18T00:00:00Z,1534.34753418,1612.24450684,1534.34753418,1602.28027344,23367773035
2021-02-19T00:00:00Z,1603.44677734,1626.25500488,1569.30541992,1617.53186035,21677078059
2021-02-20T00:00:00Z,1617.31591797,1680.34765625,1510.55822754,1584.00329590,28631283770
2021-02-21T00:00:00Z,1583.29296875,1629.16296387,1559.93554688,1596.38891602,19486018857
2021-02-22T00:00:00Z,1596.35327148,1597.09216309,1302.06799316,1464.95678711,34864503500
2021-02-23T00:00:00Z,1464.47680664,1464.47680664,1134.72949219,1292.24011230,42819329942
2021-02-24T00:00:00Z,1293.28747559,1406.87182617,1242.95666504,1336.60766602,25744010941
2021-02-25T00:00:00Z,1335.63659668,1366.18652344,1204.91137695,1213.78112793,20136428157
2021-02-26T00:00:00Z,1216.20715332,1289.92175293,1160.54516602,1197.83349609,26040260332
2021-02-27T00:00:00Z,1198.57556152,1263.18688965,1187.68603516,1209.37744141,17181845666
2021-02-28T00:00:00Z,1209.28417969,1216.35095215,1077.25390625,1171.18432617,22858003893
2021-03-01T00:00:00Z,1172.09594727,1301.15356445,1171.46972656,1298.65258789,19946414926
2021-03-02T00:00:00Z,1298.11791992,1326.03710938,1208.96777344,1235.10546875,18637908745
2021-03-03T00:00:00Z,1234.14758301,1367.73791504,1226.23999023,1308.14721680,18822788938
2021-03-04T00:00:00Z,1307.12670898,1345.68029785,1262.39550781,1288.44982910,19140742204
2021-03-05T00:00:00Z,1288.13842773,1298.98095703,1216.30688477,1287.24877930,17686754673
2021-03-06T00:00:00Z,1286.49133301,1400.71594238,1274.86474609,1388.66076660,19088686124
2021-03-07T00:00:00Z,1389.20690918,1451.64123535,1373.45239258,1444.83691406,19964249882
2021-03-08T00:00:00Z,1445.73864746,1548.42871094,1404.98815918,1548.17456055,23315500066
2021-03-09T00:00:00Z,1548.52905273,1570.18273926,1517.41516113,1570.18273926,19720278687
2021-03-10T00:00:00Z,1570.55285645,1576.01281738,1487.00695801,1508.79882812,21094541175
2021-03-11T00:00:00Z,1507.84924316,1538.37548828,1452.23010254,1524.24462891,20042705462
2021-03-12T00:00:00Z,1524.53820801,1535.02551270,1448.73901367,1482.50720215,18769381829
2021-03-13T00:00:00Z,1482.56079102,1621.02062988,1450.35095215,1610.17834473,20927114112
2021-03-14T00:00:00Z,1609.49096680,1615.27685547,1543.51660156,1551.90319824,16187590941
2021-03-15T00:00:00Z,1551.50341797,1580.58129883,1466.95385742,1502.28686523,22005399905
2021-03-16T00:00:00Z,1502.88342285,1523.70129395,1442.18371582,1518.20507812,20020546958
2021-03-17T00:00:00Z,1518.27600098,1535.83496094,1470.13854980,1521.73413086,20456911992
2021-03-18T00:00:00Z,1521.49133301,1544.56042480,1430.52612305,1495.89038086,19519343459
2021-03-19T00:00:00Z,1495.65002441,1546.61022949,1465.65795898,1521.46948242,17787043388
2021-03-20T00:00:00Z,1521.38464355,1569.25329590,1516.53466797,1517.29296875,18982687999
2021-03-21T00:00:00Z,1517.26953125,1526.26501465,1476.45227051,1504.76135254,19335187282
2021-03-22T00:00:00Z,1504.88354492,1521.56225586,1402.99121094,1417.46142578,19777932905
2021-03-23T00:00:00Z,1417.07409668,1455.35876465,1393.87182617,1417.71911621,18578809858
2021-03-24T00:00:00Z,1417.17211914,1471.44677734,1330.00976562,1348.89135742,26435857150
2021-03-25T00:00:00Z,1348.64575195,1376.17150879,1320.23876953,1354.78381348,25179148083
2021-03-26T00:00:00Z,1354.65710449,1443.86230469,1354.03674316,1443.79382324,19118278371
2021-03-27T00:00:00Z,1443.95837402,1469.21496582,1419.61022949,1455.36938477,15348432509
2021-03-28T00:00:00Z,1455.29406738,1461.86706543,1418.47119141,1435.04284668,14083939010
2021-03-29T00:00:00Z,1434.96411133,1560.25219727,1429.54943848,1546.23181152,19370815909
2021-03-30T00:00:00Z,1546.04602051,1587.92687988,1524.34240723,1574.67602539,19203515357
2021-03-31T00:00:00Z,1574.73107910,1660.73815918,1527.93908691,1635.80273438,25774721680
2021-04-01T00:00:00Z,1636.48071289,1689.14733887,1624.91381836,1678.71801758,26246361138
2021-04-02T00:00:00Z,1678.42578125,1830.42578125,1665.65930176,1822.48547363,29645231660
2021-04-03T00:00:00Z,1822.20507812,1823.96240234,1724.95214844,1724.95214844,27222307544
2021-04-04T00:00:00Z,1724.31347656,1794.62548828,1706.82983398,1778.74206543,22100403336
2021-04-05T00:00:00Z,1778.85925293,1812.69946289,1729.15539551,1783.76782227,24447213937
2021-04-06T00:00:00Z,1785.12683105,1820.98474121,1737.09741211,1784.06274414,24611000856
2021-04-07T00:00:00Z,1783.51501465,1797.01635742,1639.80346680,1660.23840332,30420735851
2021-04-08T00:00:00Z,1658.60095215,1755.14404297,1650.03662109,1752.83544922,21243898767
2021-04-09T00:00:00Z,1753.00219727,1768.91845703,1727.72448730,1741.15161133,16648024049
2021-04-10T00:00:00Z,1740.31359863,1846.09204102,1733.31909180,1794.75964355,20995090974
2021-04-11T00:00:00Z,1794.94006348,1820.25488281,1781.25109863,1813.75891113,16554093445
2021-04-12T00:00:00Z,1813.51062012,1851.97399902,1771.98181152,1795.73889160,18238082343
2021-04-13T00:00:00Z,1795.74804688,1941.24365234,1795.57739258,1923.37866211,24641866281
2021-04-14T00:00:00Z,1923.51257324,2044.80322266,1910.72460938,2032.05859375,29701676890
2021-04-15T00:00:00Z,2032.83435059,2125.93139648,2010.37792969,2104.62329102,27006783797
2021-04-16T00:00:00Z,2102.52270508,2130.13867188,1934.99462891,2029.60766602,30208544642
2021-04-17T00:00:00Z,2027.96728516,2084.29028320,1947.66601562,1957.02355957,26998794725
2021-04-18T00:00:00Z,1958.32336426,1974.18725586,1678.94213867,1869.13464355,42356968153
2021-04-19T00:00:00Z,1869.88305664,1904.21655273,1734.57446289,1798.93530273,28286045588
2021-04-20T00:00:00Z,1795.40637207,1948.93383789,1706.96301270,1936.59631348,32772458181
2021-04-21T00:00:00Z,1937.38513184,2050.27099609,1864.21936035,1964.59326172,32316645215
2021-04-22T00:00:00Z,1958.87683105,2198.47631836,1926.99462891,2000.53686523,44592886355
2021-04-23T00:00:00Z,1998.64001465,2029.98754883,1756.58190918,1953.61975098,45802331672
2021-04-24T00:00:00Z,1956.60620117,1957.05395508,1788.59753418,1828.22058105,26332010008
2021-04-25T00:00:00Z,1830.52526855,1945.98449707,1796.08996582,1915.74731445,26315498705
2021-04-26T00:00:00Z,1918.57482910,2099.70434570,1908.79663086,2098.16821289,29147176981
2021-04-27T00:00:00Z,2097.79516602,2216.48950195,2059.12573242,2202.67944336,26698165319
2021-04-28T00:00:00Z,2204.18530273,2274.14672852,2125.76977539,2263.17382812,28239634942
2021-04-29T00:00:00Z,2265.04394531,2306.95629883,2202.39038086,2273.80590820,26869658091
2021-04-30T00:00:00Z,2274.51293945,2311.77807617,2250.24096680,2307.25561523,24774047901
2021-05-01T00:00:00Z,2306.94873047,2455.45141602,2292.77807617,2450.83544922,23898766476
2021-05-02T00:00:00Z,2450.55883789,2481.26611328,2379.81469727,2454.62573242,23308534752
2021-05-03T00:00:00Z,2453.89379883,2861.08544922,2453.89379883,2845.19384766,40777288415
2021-05-04T00:00:00Z,2845.23168945,2931.76440430,2646.66088867,2707.85913086,51934601299
2021-05-05T00:00:00Z,2696.97753906,2949.50000000,2674.03613281,2933.79492188,40253010418
2021-05-06T00:00:00Z,2935.58349609,2986.14794922,2816.40356445,2893.31152344,36717053208
2021-05-07T00:00:00Z,2892.66894531,2943.06518555,2792.64306641,2864.96630859,32563053182
2021-05-08T00:00:00Z,2862.71313477,3247.62426758,2839.51245117,3208.55786133,41278860903
2021-05-09T00:00:00Z,3215.80541992,3273.18823242,3078.11694336,3228.13134766,41549385139
2021-05-10T00:00:00Z,3224.49023438,3451.90551758,3034.40747070,3255.41748047,51637847385
2021-05-11T00:00:00Z,3252.10473633,3439.91943359,3115.56005859,3432.65429688,43378339949
2021-05-12T00:00:00Z,3437.54125977,3608.69775391,3134.59545898,3134.59545898,57149772903
2021-05-13T00:00:00Z,3170.25634766,3337.30126953,2941.78051758,3076.26928711,64916387177
2021-05-14T00:00:00Z,3080.38769531,3435.76269531,3067.25585938,3358.78979492,39667802927
2021-05-15T00:00:00Z,3356.23217773,3399.65332031,2995.34960938,2995.34960938,34927273211
2021-05-16T00:00:00Z,2998.40307617,3193.58422852,2758.75805664,2952.71484375,38979455769
2021-05-17T00:00:00Z,2947.64233398,2953.50244141,2573.92260742,2700.11035156,44471343565
2021-05-18T00:00:00Z,2695.56494141,2916.09155273,2670.50170898,2765.44140625,33067224689
2021-05-19T00:00:00Z,2767.55810547,2812.43432617,1598.71740723,2021.82690430,69415723214
2021-05-20T00:00:00Z,2004.53894043,2451.26318359,1781.06579590,2277.47460938,55303763121
2021-05-21T00:00:00Z,2267.69750977,2401.59472656,1735.09606934,1995.58386230,44149480062
2021-05-22T00:00:00Z,2000.01184082,2039.39489746,1780.06909180,1884.81567383,34556596438
2021-05-23T00:00:00Z,1887.00073242,1957.64489746,1426.34716797,1731.89758301,45978905560
2021-05-24T00:00:00Z,1723.98022461,2187.84838867,1716.14123535,2164.35034180,43962692723
2021-05-25T00:00:00Z,2168.80590820,2250.74340820,1954.28259277,2210.07080078,40466361437
2021-05-26T00:00:00Z,2210.41674805,2378.77734375,2164.53344727,2369.34252930,34858775587
2021-05-27T00:00:00Z,2369.38647461,2369.38647461,2168.21752930,2244.32836914,27371353604
2021-05-28T00:00:00Z,2249.23315430,2265.70971680,1916.22741699,1984.74902344,32806313984
2021-05-29T00:00:00Z,1979.95996094,2105.33374023,1811.34460449,1869.59594727,27700293434
2021-05-30T00:00:00Z,1868.59082031,2027.62170410,1795.22302246,1960.95153809,21228583416
2021-05-31T00:00:00Z,1958.40270996,2220.08642578,1867.85168457,2219.44604492,25348287666
2021-06-01T00:00:00Z,2213.40917969,2240.21777344,2071.30957031,2155.54809570,22396934915
2021-06-02T00:00:00Z,2156.31542969,2293.42993164,2090.67871094,2216.38403320,22706049048
2021-06-03T00:00:00Z,2218.22778320,2369.73901367,2185.62304688,2353.60937500,24761846081
2021-06-04T00:00:00Z,2355.29028320,2355.29028320,2114.82421875,2209.36840820,28086728595
2021-06-05T00:00:00Z,2212.18286133,2315.76416016,2102.67871094,2162.13940430,25066008226
2021-06-06T00:00:00Z,2161.45874023,2254.90551758,2150.29199219,2231.46679688,20803003643
2021-06-07T00:00:00Z,2229.78588867,2339.42211914,2119.67968750,2124.53393555,25098211269
2021-06-08T00:00:00Z,2128.09277344,2149.39794922,1901.16333008,2068.08837891,34429058312
2021-06-09T00:00:00Z,2062.14111328,2155.68188477,1980.41442871,2141.67919922,29622298718
2021-06-10T00:00:00Z,2144.04052734,2151.25000000,2000.35363770,2030.30566406,23620557761
2021-06-11T00:00:00Z,2031.40649414,2049.05493164,1921.68249512,1943.82458496,20507600652
2021-06-12T00:00:00Z,1944.63684082,2021.00646973,1871.14221191,1959.28063965,21244080482
2021-06-13T00:00:00Z,1959.45056152,2104.02905273,1909.85925293,2071.39721680,22373002078
2021-06-14T00:00:00Z,2071.70996094,2150.08569336,2041.15429688,2093.65112305,22244615996
2021-06-15T00:00:00Z,2134.79296875,2176.41406250,2073.99511719,2153.40405273,23922481104
2021-06-16T00:00:00Z,2098.91040039,2106.99658203,1963.51428223,1973.88317871,20093390226
2021-06-17T00:00:00Z,1973.58557129,2057.06616211,1940.43017578,1991.11779785,18359595687
2021-06-18T00:00:00Z,1993.28771973,1996.09985352,1808.12158203,1881.17700195,19178851181
2021-06-19T00:00:00Z,1884.06481934,1920.38708496,1828.06860352,1836.17199707,15817007223
2021-06-20T00:00:00Z,1830.13610840,1918.44567871,1727.83349609,1892.30822754,18983974821
2021-06-21T00:00:00Z,1891.42663574,1903.25732422,1567.24633789,1585.26098633,28327453658
2021-06-22T00:00:00Z,1583.76696777,1673.09228516,1434.83532715,1570.78442383,29780563267
2021-06-23T00:00:00Z,1573.86315918,1713.36535645,1531.10095215,1667.79296875,23812081330
2021-06-24T00:00:00Z,1650.37622070,1704.02514648,1583.03271484,1667.04821777,16996003798
2021-06-25T00:00:00Z,1667.68493652,1689.27832031,1503.72009277,1518.92480469,19077969330
2021-06-26T00:00:00Z,1516.97045898,1550.07141113,1440.63830566,1532.52746582,17290029802
2021-06-27T00:00:00Z,1534.00012207,1658.01696777,1517.54504395,1657.01953125,16651022733
2021-06-28T00:00:00Z,1659.10595703,1794.51135254,1647.02966309,1743.37683105,21388891561
2021-06-29T00:00:00Z,1746.55505371,1885.00085449,1740.73425293,1815.71093750,20852347571
2021-06-30T00:00:00Z,1818.60827637,1925.11669922,1756.86828613,1918.45812988,21784570747
2021-07-01T00:00:00Z,1918.33154297,1918.33154297,1754.51354980,1784.29516602,24533743345
2021-07-02T00:00:00Z,1781.16088867,1816.79272461,1709.61669922,1812.10986328,26798674642
2021-07-03T00:00:00Z,1812.77966309,1885.87976074,1784.75988770,1876.22705078,14693290458
2021-07-04T00:00:00Z,1876.59460449,2008.96435547,1846.49499512,1958.29772949,15846305179
2021-07-05T00:00:00Z,1958.46533203,1958.46533203,1822.45544434,1853.15441895,16945207209
2021-07-06T00:00:00Z,1852.59545898,1980.75146484,1852.59545898,1966.32080078,17671297325
2021-07-07T00:00:00Z,1965.07653809,2033.14282227,1944.28930664,1963.16015625,18992856071
2021-07-08T00:00:00Z,1965.52355957,1970.99023438,1763.52416992,1789.57360840,19573744473
2021-07-09T00:00:00Z,1785.81530762,1841.95971680,1732.12573242,1807.32177734,19388829153
2021-07-10T00:00:00Z,1807.58044434,1844.00561523,1752.90466309,1777.72570801,14803025825
2021-07-11T00:00:00Z,1777.28137207,1829.32202148,1754.48767090,1802.26318359,12386508503
2021-07-12T00:00:00Z,1802.97253418,1826.38684082,1695.96667480,1716.84375000,14977555565
2021-07-13T00:00:00Z,1714.63305664,1723.19238281,1632.01672363,1647.61633301,14115918138
2021-07-14T00:00:00Z,1648.53674316,1705.05090332,1586.17041016,1685.36755371,14656052712
2021-07-15T00:00:00Z,1685.68920898,1722.23889160,1595.64184570,1618.05480957,13281978421
2021-07-16T00:00:00Z,1622.64587402,1659.47082520,1569.92236328,1592.81604004,12608271987
2021-07-17T00:00:00Z,1589.84997559,1624.33959961,1571.81530762,1608.43786621,11320482418
2021-07-18T00:00:00Z,1609.59765625,1684.26013184,1594.28088379,1604.69287109,11675603015
2021-07-19T00:00:00Z,1602.57775879,1625.58276367,1534.17419434,1541.12756348,12006226893
2021-07-20T00:00:00Z,1542.64160156,1557.23242188,1460.32666016,1517.20153809,14742100933
2021-07-21T00:00:00Z,1516.15380859,1717.04162598,1493.75378418,1688.19396973,18021255071
2021-07-22T00:00:00Z,1691.46020508,1737.61560059,1658.87451172,1720.28222656,14861308326
2021-07-23T00:00:00Z,1720.19970703,1808.97937012,1699.36059570,1805.01684570,13762379225
2021-07-24T00:00:00Z,1804.32421875,1866.95605469,1790.22192383,1859.79382324,13641186266
2021-07-25T00:00:00Z,1858.03247070,1864.22790527,1791.50158691,1861.35717773,12372800334
2021-07-26T00:00:00Z,1861.30297852,2058.17724609,1849.71105957,1891.89831543,25086471744
2021-07-27T00:00:00Z,1889.21325684,1960.63330078,1825.48620605,1944.26135254,19513796621
2021-07-28T00:00:00Z,1947.43188477,1982.87695312,1905.72058105,1938.72534180,16032305537
2021-07-29T00:00:00Z,1940.80749512,2014.93676758,1919.42431641,2002.14648438,13717915450
2021-07-30T00:00:00Z,2003.48229980,2081.15356445,1951.12768555,2078.80249023,17032498644
2021-07-31T00:00:00Z,2074.26391602,2149.79467773,2042.48437500,2137.19580078,15169555209
2021-08-01T00:00:00Z,2132.35278320,2271.74829102,2124.32128906,2159.12890625,19129863490
2021-08-02T00:00:00Z,2155.69262695,2245.67846680,2115.93408203,2198.21386719,18664983926
2021-08-03T00:00:00Z,2197.59008789,2215.39257812,2062.19165039,2108.30468750,19122695653
2021-08-04T00:00:00Z,2113.52416992,2334.84912109,2079.41455078,2301.58715820,21151114778
2021-08-05T00:00:00Z,2302.47387695,2400.09570312,2146.61889648,2389.20605469,26245191541
2021-08-06T00:00:00Z,2389.35351562,2504.06005859,2310.75146484,2457.69946289,22552952141
2021-08-07T00:00:00Z,2458.35034180,2695.13281250,2438.65112305,2684.08862305,28123812302
2021-08-08T00:00:00Z,2687.48413086,2707.35278320,2509.39257812,2565.34350586,24203224478
2021-08-09T00:00:00Z,2564.62255859,2712.38891602,2466.16406250,2698.91845703,27248778820
2021-08-10T00:00:00Z,2694.82373047,2755.87817383,2610.68798828,2680.68579102,23554486686
2021-08-11T00:00:00Z,2681.65771484,2785.53002930,2664.15991211,2694.83569336,22763836160
2021-08-12T00:00:00Z,2694.77661133,2756.53759766,2541.46899414,2593.27514648,21646340216
2021-08-13T00:00:00Z,2598.03564453,2818.35400391,2588.84423828,2816.26879883,20233852743
2021-08-14T00:00:00Z,2816.73583984,2822.28466797,2724.99975586,2768.16870117,16836370604
2021-08-15T00:00:00Z,2768.87451172,2814.61450195,2643.00195312,2806.90698242,18794259773
2021-08-16T00:00:00Z,2805.98950195,2826.25415039,2666.36596680,2679.89233398,19595069317
2021-08-17T00:00:00Z,2673.83959961,2795.01708984,2560.53613281,2574.72363281,21785117096
2021-08-18T00:00:00Z,2572.26220703,2671.02636719,2526.22314453,2580.63061523,18405029308
2021-08-19T00:00:00Z,2579.80786133,2726.74951172,2537.71606445,2725.85083008,16740576749
2021-08-20T00:00:00Z,2725.38867188,2824.48657227,2721.00659180,2809.22534180,17850187384
2021-08-21T00:00:00Z,2809.22216797,2827.52099609,2744.17871094,2758.04370117,15486001754
2021-08-22T00:00:00Z,2758.16625977,2797.92504883,2686.16479492,2771.74951172,13664424421
2021-08-23T00:00:00Z,2771.10131836,2876.76806641,2766.74023438,2826.26464844,17464697821
2021-08-24T00:00:00Z,2831.03125000,2861.24633789,2685.15698242,2699.31933594,17128707386
2021-08-25T00:00:00Z,2700.86230469,2760.30395508,2625.70361328,2739.36230469,16056676764
2021-08-26T00:00:00Z,2742.61743164,2761.55053711,2600.30078125,2637.78784180,14808916490
2021-08-27T00:00:00Z,2634.45312500,2782.30517578,2608.27221680,2772.77612305,15675262704
2021-08-28T00:00:00Z,2776.59423828,2784.85302734,2727.67602539,2750.56616211,11622862934
2021-08-29T00:00:00Z,2752.57348633,2783.48779297,2678.02685547,2735.09472656,11269721533
2021-08-30T00:00:00Z,2735.25561523,2835.89282227,2669.77148438,2733.30834961,16366518500
2021-08-31T00:00:00Z,2736.17700195,2932.06298828,2708.14404297,2907.46850586,23099411258
2021-09-01T00:00:00Z,2904.95336914,3240.18847656,2869.87011719,3238.46630859,25394505842
2021-09-02T00:00:00Z,3230.18994141,3226.13305664,3145.89160156,3192.71875000,20538724608
2021-09-03T00:00:00Z,3189.76806641,3383.27490234,3125.01708984,3317.28051758,22062168396
2021-09-04T00:00:00Z,3315.00366211,3341.55346680,3229.63061523,3271.61938477,17509122062
2021-09-05T00:00:00Z,3270.35913086,3348.94702148,3230.09863281,3325.18676758,15457110659
2021-09-06T00:00:00Z,3324.67138672,3343.06591797,3261.09814453,3308.56372070,15728217096
2021-09-07T00:00:00Z,3307.00390625,3320.81811523,2585.34252930,2892.81567383,33037578348
2021-09-08T00:00:00Z,2894.49047852,3011.17675781,2727.96069336,2959.07470703,26853854537
2021-09-09T00:00:00Z,2921.19775391,3011.87597656,2875.91601562,2898.50170898,20396639816
2021-09-10T00:00:00Z,2897.00024414,2971.57543945,2672.59887695,2719.14990234,18928579708
2021-09-11T00:00:00Z,2717.05395508,2832.51000977,2716.07495117,2767.97314453,15766052733
2021-09-12T00:00:00Z,2767.98486328,2930.64331055,2738.20629883,2887.00976562,14231643880
2021-09-13T00:00:00Z,2884.75561523,2901.58618164,2644.89624023,2782.06958008,19239906668
2021-09-14T00:00:00Z,2782.75073242,2905.44970703,2772.18603516,2905.44970703,16204490949
2021-09-15T00:00:00Z,2907.18457031,3058.90136719,2851.31201172,3058.90136719,14847882327
2021-09-16T00:00:00Z,3057.03247070,3110.23999023,2965.66821289,3035.55786133,17079576478
2021-09-17T00:00:00Z,3034.09008789,3051.03149414,2862.58203125,2898.47778320,15114694704
2021-09-18T00:00:00Z,2897.52587891,3019.64672852,2875.75219727,2926.86987305,13640931753
2021-09-19T00:00:00Z,2927.95263672,2940.77392578,2802.41162109,2838.55078125,12155453505
2021-09-20T00:00:00Z,2838.74072266,2851.05761719,2510.77661133,2523.24316406,23340848195
2021-09-21T00:00:00Z,2538.86279297,2643.25122070,2282.16455078,2358.14550781,25936461010
2021-09-22T00:00:00Z,2357.10302734,2628.44824219,2339.42211914,2633.50390625,20314360318
2021-09-23T00:00:00Z,2633.59497070,2701.98144531,2598.92553711,2687.82153320,15771861937
2021-09-24T00:00:00Z,2687.00244141,2690.01977539,2343.55590820,2501.30615234,21838065915
2021-09-25T00:00:00Z,2500.63671875,2533.25000000,2405.24414062,2496.19506836,16154116306
2021-09-26T00:00:00Z,2496.85839844,2658.00122070,2341.77416992,2612.25024414,18061322437
2021-09-27T00:00:00Z,2615.29785156,2698.16333008,2507.48461914,2508.72094727,16385476702
2021-09-28T00:00:00Z,2504.29589844,2540.42456055,2390.33715820,2402.24316406,14457355691
2021-09-29T00:00:00Z,2403.95532227,2526.23461914,2403.50415039,2459.42944336,13588209552
2021-09-30T00:00:00Z,2458.92578125,2630.74560547,2448.76977539,2593.48974609,15259389840
2021-10-01T00:00:00Z,2593.01464844,2872.06201172,2573.14038086,2852.79541016,19240750901
2021-10-02T00:00:00Z,2853.96362305,2988.48803711,2811.83569336,2925.40087891,16562669195
2021-10-03T00:00:00Z,2924.60131836,3004.51416016,2887.81738281,2945.14843750,13368577478
2021-10-04T00:00:00Z,2945.50830078,2954.11645508,2824.78051758,2909.78027344,15277797332
2021-10-05T00:00:00Z,2911.23950195,3053.69824219,2902.81909180,3034.28955078,14343564507
2021-10-06T00:00:00Z,3032.60937500,3140.17236328,2904.21606445,3098.68652344,18913928341
2021-10-07T00:00:00Z,3095.44335938,3159.19970703,3010.63647461,3103.91748047,16514828370
2021-10-08T00:00:00Z,3103.79467773,3174.71630859,3065.07495117,3080.43872070,14021981627
2021-10-09T00:00:00Z,3077.18750000,3135.83471680,3063.91259766,3090.44213867,10982514130
2021-10-10T00:00:00Z,3089.84033203,3114.23413086,2952.91528320,2962.09863281,13982593515
2021-10-11T00:00:00Z,2956.80200195,3129.67260742,2926.20214844,3068.68115234,16081217547
2021-10-12T00:00:00Z,3069.65380859,3069.65380859,2953.59643555,3028.95166016,15705622452
2021-10-13T00:00:00Z,3029.10791016,3110.82934570,2955.42260742,3109.65283203,13979096419
2021-10-14T00:00:00Z,3108.58129883,3294.50756836,3095.91943359,3266.49340820,16775443408
2021-10-15T00:00:00Z,3270.06567383,3358.12963867,3220.63037109,3329.94262695,18075325366
2021-10-16T00:00:00Z,3332.55639648,3415.99511719,3281.02001953,3302.13793945,14291827039
2021-10-17T00:00:00Z,3301.68676758,3374.99829102,3157.71801758,3317.46215820,13717975824
2021-10-18T00:00:00Z,3318.00146484,3354.47094727,3177.62500000,3227.93750000,14970704042
2021-10-19T00:00:00Z,3226.56201172,3339.41748047,3217.34155273,3333.17846680,13752323648
2021-10-20T00:00:00Z,3333.24707031,3575.23291016,3291.67895508,3566.61010742,17454041139
2021-10-21T00:00:00Z,3571.52026367,3751.11181641,3464.81103516,3487.69458008,24276570344
2021-10-22T00:00:00Z,3488.86767578,3580.28369141,3362.13012695,3409.62402344,16689162590
2021-10-23T00:00:00Z,3410.63281250,3583.28784180,3387.68139648,3583.28784180,12696734921
2021-10-24T00:00:00Z,3583.45336914,3595.36987305,3407.59375000,3512.07275391,12868240821
2021-10-25T00:00:00Z,3509.08520508,3650.26147461,3496.90039062,3633.34252930,13778959208
2021-10-26T00:00:00Z,3632.87817383,3697.83154297,3542.06591797,3562.36914062,14795594841
2021-10-27T00:00:00Z,3563.29296875,3705.04882812,3388.56176758,3388.56176758,22605771187
2021-10-28T00:00:00Z,3383.86987305,3675.20776367,3369.06591797,3669.92749023,22220076483
2021-10-29T00:00:00Z,3671.09863281,3859.21044922,3655.84667969,3818.62353516,19866321226
2021-10-30T00:00:00Z,3818.18823242,3829.09130859,3678.27978516,3741.55786133,12641960926
2021-10-31T00:00:00Z,3739.04418945,3801.06738281,3616.92993164,3710.56079102,15141525515
2021-11-01T00:00:00Z,3710.68457031,3782.48779297,3602.73974609,3728.26513672,15505134995
2021-11-02T00:00:00Z,3726.43237305,3972.51538086,3697.70141602,3959.53759766,17958563757
2021-11-03T00:00:00Z,3963.75708008,4018.01293945,3858.02856445,3966.60473633,18269948737
2021-11-04T00:00:00Z,3964.43945312,3966.69873047,3833.12329102,3926.59106445,15936515729
2021-11-05T00:00:00Z,3926.67700195,3956.80053711,3844.29687500,3883.68701172,13059772272
2021-11-06T00:00:00Z,3880.57446289,3922.42968750,3752.73461914,3914.27856445,12491078550
2021-11-07T00:00:00Z,3916.35717773,4016.29565430,3905.10498047,3994.15991211,11705612308
2021-11-08T00:00:00Z,3993.37744141,4162.05126953,3993.37744141,4152.46582031,16646577370
2021-11-09T00:00:00Z,4150.72607422,4170.48095703,4070.34692383,4084.03466797,17969640564
2021-11-10T00:00:00Z,4082.56347656,4215.73535156,3907.30126953,4036.50830078,19805799719
2021-11-11T00:00:00Z,4035.88110352,4167.82958984,3989.35986328,4132.17041016,15665332648
2021-11-12T00:00:00Z,4126.86132812,4203.55908203,3940.07714844,4078.27490234,16005159523
2021-11-13T00:00:00Z,4077.92846680,4108.85839844,4004.05615234,4064.59497070,12633370443
2021-11-14T00:00:00Z,4062.12402344,4098.13476562,3944.45922852,4043.55346680,10639473303
2021-11-15T00:00:00Z,4044.19311523,4163.43945312,3999.92504883,4009.41845703,14318517421
2021-11-16T00:00:00Z,4020.83227539,4300.85546875,3648.26220703,3724.73706055,24220621975
2021-11-17T00:00:00Z,3722.56884766,3799.35986328,3630.66650391,3788.36376953,19600508286
2021-11-18T00:00:00Z,3788.54785156,3832.24218750,3481.44409180,3518.98852539,18808793019
2021-11-19T00:00:00Z,3514.65966797,3819.69140625,3503.15893555,3808.15771484,18274194297
2021-11-20T00:00:00Z,3808.19677734,3928.72167969,3729.25024414,3907.05322266,13686649699
2021-11-21T00:00:00Z,3909.05932617,3918.18164062,3774.09106445,3786.75366211,12500466368
2021-11-22T00:00:00Z,3783.89453125,3815.15893555,3590.31103516,3636.85083008,17570408532
2021-11-23T00:00:00Z,3637.93847656,3898.23437500,3620.30566406,3859.65942383,19680353046
2021-11-24T00:00:00Z,3859.01245117,3892.46069336,3726.67163086,3784.59912109,19492588264
2021-11-25T00:00:00Z,3812.63842773,4059.79467773,3792.28588867,3813.62670898,16687611316
2021-11-26T00:00:00Z,4034.39843750,4059.46972656,3487.47827148,3560.87280273,23217127880
2021-11-27T00:00:00Z,3571.55297852,3699.36645508,3563.17382812,3619.17944336,14589831843
2021-11-28T00:00:00Z,3623.36376953,3806.33374023,3524.70751953,3802.93188477,14127211265
2021-11-29T00:00:00Z,3805.13989258,3952.33422852,3796.31958008,3936.27392578,16901646948
2021-11-30T00:00:00Z,3938.63183594,4180.57861328,3848.97265625,4087.77563477,25265820523
2021-12-01T00:00:00Z,4080.89184570,4222.05615234,4001.26367188,4052.44970703,24414429801
2021-12-02T00:00:00Z,4051.86914062,4082.85571289,3929.90820312,3990.18847656,19018832988
2021-12-03T00:00:00Z,3992.88916016,4110.22070312,3625.84082031,3730.35278320,22872952343
2021-12-04T00:00:00Z,3736.58911133,3749.81420898,3115.90917969,3641.14257812,34010086696
2021-12-05T00:00:00Z,3641.17919922,3753.68994141,3570.99072266,3713.93725586,22587160064
2021-12-06T00:00:00Z,3714.53637695,3877.11816406,3477.09326172,3862.82226562,25017705044
2021-12-07T00:00:00Z,3862.68896484,3931.53320312,3784.20776367,3827.80053711,19840598176
2021-12-08T00:00:00Z,3824.79565430,3932.42773438,3756.16186523,3913.29370117,16487853778
2021-12-09T00:00:00Z,3907.71166992,3951.63500977,3611.73901367,3647.89916992,19742154560
2021-12-10T00:00:00Z,3642.38525391,3743.11157227,3443.71264648,3453.19165039,24751147371
2021-12-11T00:00:00Z,3454.22656250,3619.02148438,3398.02368164,3609.12817383,16905092988
2021-12-12T00:00:00Z,3609.44555664,3688.09301758,3528.36816406,3655.33227539,12428538484
2021-12-13T00:00:00Z,3657.01757812,3664.56835938,3259.51440430,3353.78613281,21269955427
2021-12-14T00:00:00Z,3352.54199219,3434.10815430,3280.14282227,3327.03344727,21173931666
2021-12-15T00:00:00Z,3430.79541016,3618.80200195,3255.23510742,3559.07080078,23392284305
2021-12-16T00:00:00Z,3560.86547852,3635.59643555,3490.97900391,3496.11083984,17492185178
2021-12-17T00:00:00Z,3493.06054688,3525.45605469,3283.45288086,3451.45507812,20590067922
2021-12-18T00:00:00Z,3452.17114258,3553.23071289,3358.15429688,3523.89794922,17376247454
2021-12-19T00:00:00Z,3523.90893555,3575.32006836,3464.76855469,3488.90307617,14380242886
2021-12-20T00:00:00Z,3489.88403320,3539.40625000,3329.32739258,3488.23828125,19144118463
2021-12-21T00:00:00Z,3492.33447266,3596.77734375,3472.20410156,3561.70117188,14519243815
2021-12-22T00:00:00Z,3560.31542969,3612.93164062,3493.36621094,3515.75585938,12291379331
2021-12-23T00:00:00Z,3515.63403320,3660.26708984,3440.47851562,3627.94042969,15902889711
2021-12-24T00:00:00Z,3630.88085938,3652.19775391,3558.45776367,3575.16625977,11277622531
2021-12-25T00:00:00Z,3576.75537109,3655.16821289,3557.45312500,3615.17333984,9622241892
2021-12-26T00:00:00Z,3615.94238281,3625.54492188,3544.29272461,3591.95092773,9888543865
2021-12-27T00:00:00Z,3589.67114258,3643.06958008,3560.48071289,3563.71313477,10083631385
2021-12-28T00:00:00Z,3563.70458984,3563.70458984,3335.72607422,3359.69677734,15291401898
2021-12-29T00:00:00Z,3356.64135742,3384.86621094,3182.29882812,3194.18554688,13840518591
2021-12-30T00:00:00Z,3197.43212891,3328.60522461,3167.70629883,3280.01098633,11415474117
2021-12-31T00:00:00Z,3279.63842773,3359.88305664,3195.09570312,3237.77832031,12447113522
2022-01-01T00:00:00Z,3238.14233398,3314.51928711,3237.47387695,3314.32495117,8595247090
2022-01-02T00:00:00Z,3313.97460938,3372.76123047,3277.10009766,3367.26757812,8688600065
2022-01-03T00:00:00Z,3367.24194336,3386.76904297,3273.61547852,3328.03540039,10688963553
2022-01-04T00:00:00Z,3328.01879883,3433.73046875,3293.10571289,3362.57763672,12435258926
2022-01-05T00:00:00Z,3362.76586914,3396.48461914,3056.25732422,3138.97167969,15968408657
2022-01-06T00:00:00Z,3138.37231445,3138.37231445,2950.22070312,3025.77319336,21503430737
2022-01-07T00:00:00Z,3025.26855469,3027.59106445,2748.93823242,2810.40527344,21557792511
2022-01-08T00:00:00Z,2810.66235352,2852.12890625,2658.99145508,2721.56665039,14116476474
2022-01-09T00:00:00Z,2721.32348633,2824.49633789,2707.42944336,2781.27490234,10864105849
2022-01-10T00:00:00Z,2781.11547852,2803.17602539,2609.35131836,2721.19775391,17242599425
2022-01-11T00:00:00Z,2721.10327148,2859.77197266,2700.91796875,2848.93603516,13383244201
2022-01-12T00:00:00Z,2849.23364258,2971.52343750,2831.69921875,2947.68432617,14564982818
2022-01-13T00:00:00Z,2947.55029297,2959.34838867,2835.19799805,2835.21020508,13349499587
2022-01-14T00:00:00Z,2835.52465820,2917.56469727,2797.27465820,2899.61743164,11881381104
2022-01-15T00:00:00Z,2899.47973633,2947.39233398,2872.17138672,2917.60156250,8427282732
2022-01-16T00:00:00Z,2917.47583008,2957.78491211,2883.46582031,2937.95434570,8334423460
2022-01-17T00:00:00Z,2937.97656250,2942.21459961,2767.19018555,2815.29296875,10818664047
2022-01-18T00:00:00Z,2815.27783203,2834.24536133,2734.96069336,2792.79638672,11496056140
2022-01-19T00:00:00Z,2792.64208984,2800.64648438,2695.68115234,2729.21191406,11625743002
2022-01-20T00:00:00Z,2728.72338867,2877.12084961,2652.52368164,2652.71093750,9410005652
2022-01-21T00:00:00Z,2654.33471680,2679.50073242,2200.85327148,2254.72729492,23619993417
2022-01-22T00:00:00Z,2257.56005859,2305.24902344,2054.03149414,2120.08300781,24125425590
2022-01-23T00:00:00Z,2121.61962891,2240.31591797,2099.28662109,2235.25292969,14532438006
2022-01-24T00:00:00Z,2236.00415039,2237.16577148,1922.96008301,2155.06787109,24921707922
2022-01-25T00:00:00Z,2155.10424805,2211.99829102,2086.11157227,2172.77539062,14314313370
2022-01-26T00:00:00Z,2172.46069336,2398.14721680,2151.21337891,2195.56225586,18886148578
2022-01-27T00:00:00Z,2194.81323242,2251.97314453,2089.47851562,2174.16870117,14470393399
2022-01-28T00:00:00Z,2172.95336914,2286.02246094,2127.43945312,2284.50976562,13154271307
2022-01-29T00:00:00Z,2284.06005859,2356.72656250,2266.47973633,2329.34863281,10020323549
2022-01-30T00:00:00Z,2330.67626953,2361.06542969,2288.72241211,2334.46606445,8519517000
2022-01-31T00:00:00Z,2334.28369141,2401.78833008,2230.12402344,2393.99560547,12269945049
2022-02-01T00:00:00Z,2393.65722656,2492.85009766,2388.89355469,2476.78662109,11704673081
2022-02-02T00:00:00Z,2476.64624023,2475.72924805,2326.40722656,2374.28027344,12280290680
2022-02-03T00:00:00Z,2373.72436523,2401.14941406,2264.18359375,2342.83911133,11154268248
2022-02-04T00:00:00Z,2344.49633789,2605.94555664,2336.86914062,2605.94555664,16583953860
2022-02-05T00:00:00Z,2606.69580078,2667.55981445,2591.26660156,2633.07519531,11443722619
2022-02-06T00:00:00Z,2633.34716797,2672.37084961,2590.08666992,2669.21630859,8263956792
2022-02-07T00:00:00Z,2669.16918945,2783.89453125,2623.71142578,2746.51928711,13282233748
2022-02-08T00:00:00Z,2746.98950195,2820.26440430,2660.74707031,2734.19042969,15004540938
2022-02-09T00:00:00Z,2732.94165039,2856.52734375,2680.63281250,2836.38110352,12215389029
2022-02-10T00:00:00Z,2836.95556641,2860.32763672,2689.19384766,2696.83154297,16325222700
2022-02-11T00:00:00Z,2696.77099609,2746.44897461,2544.89379883,2578.96655273,14134338340
2022-02-12T00:00:00Z,2578.96899414,2625.55126953,2528.72363281,2570.29565430,9915470070
2022-02-13T00:00:00Z,2569.79077148,2597.09130859,2506.89208984,2537.26342773,7967788418
2022-02-14T00:00:00Z,2534.38085938,2614.90502930,2500.59960938,2594.59472656,10759266611
2022-02-15T00:00:00Z,2594.81591797,2804.80322266,2579.44702148,2800.41284180,12259992407
2022-02-16T00:00:00Z,2800.91455078,2801.94506836,2687.14868164,2750.23852539,10861224280
2022-02-17T00:00:00Z,2749.38403320,2772.81225586,2518.82177734,2535.73876953,13957171791
2022-02-18T00:00:00Z,2538.25439453,2582.10278320,2437.60034180,2460.44360352,13909290717
2022-02-19T00:00:00Z,2459.68896484,2496.32080078,2391.24340820,2440.98925781,8632871348
2022-02-20T00:00:00Z,2441.03833008,2441.03833008,2284.70703125,2322.72900391,10286618940
2022-02-21T00:00:00Z,2321.86035156,2418.66503906,2271.66479492,2275.87133789,16487886316
2022-02-22T00:00:00Z,2275.05981445,2337.55761719,2220.72802734,2329.74633789,14441378030
2022-02-23T00:00:00Z,2329.87670898,2416.81787109,2289.44140625,2291.17578125,11836956021
2022-02-24T00:00:00Z,2289.23559570,2398.34277344,2051.97631836,2321.59130859,26193040408
2022-02-25T00:00:00Z,2321.92114258,2503.08105469,2307.79785156,2452.13476562,15264244490
2022-02-26T00:00:00Z,2452.53735352,2527.87792969,2434.81469727,2467.27465820,10401568683
2022-02-27T00:00:00Z,2466.73559570,2511.64428711,2317.33569336,2345.00244141,14445714348
2022-02-28T00:00:00Z,2344.43920898,2610.91040039,2316.64331055,2603.09252930,17179873150
2022-03-01T00:00:00Z,2603.60498047,2716.28247070,2567.19555664,2670.12084961,16849401677
2022-03-02T00:00:00Z,2670.10913086,2722.37133789,2623.39086914,2654.78222656,14971035736
2022-03-03T00:00:00Z,2654.81640625,2670.56005859,2534.24829102,2561.44458008,11830216097
2022-03-04T00:00:00Z,2561.91284180,2562.08374023,2366.55786133,2394.41503906,13263133538
2022-03-05T00:00:00Z,2395.62060547,2451.08935547,2375.96533203,2438.70166016,7387371431
2022-03-06T00:00:00Z,2438.80444336,2446.76025391,2349.74267578,2349.74267578,8160041809
2022-03-07T00:00:00Z,2349.98193359,2416.80200195,2262.93530273,2298.63891602,13430598804
2022-03-08T00:00:00Z,2298.59301758,2391.23657227,2292.61401367,2364.46215820,12775882900
2022-03-09T00:00:00Z,2364.84570312,2518.29174805,2361.57568359,2465.14746094,12799613580
2022-03-10T00:00:00Z,2464.54516602,2464.54516602,2319.72314453,2368.09497070,12069502847
2022-03-11T00:00:00Z,2368.29711914,2418.14306641,2305.47387695,2345.20996094,11345441471
2022-03-12T00:00:00Z,2345.29931641,2388.15991211,2344.81030273,2359.12890625,5985884243
2022-03-13T00:00:00Z,2357.96875000,2377.26660156,2291.58081055,2304.25488281,7896294987
2022-03-14T00:00:00Z,2303.83569336,2371.16333008,2293.18066406,2367.46875000,10275525213
2022-03-15T00:00:00Z,2367.44384766,2430.13183594,2287.78735352,2389.11523438,11727064766
2022-03-16T00:00:00Z,2389.00488281,2520.27587891,2380.60742188,2515.06933594,16254271603
2022-03-17T00:00:00Z,2514.98632812,2546.89624023,2493.90454102,2536.09936523,11429043382
2022-03-18T00:00:00Z,2535.72119141,2690.10864258,2502.89477539,2661.80664062,14306903686
2022-03-19T00:00:00Z,2661.24511719,2693.11547852,2630.59082031,2662.63281250,10462043321
2022-03-20T00:00:00Z,2662.89526367,2672.31030273,2554.04931641,2590.36303711,11486984633
2022-03-21T00:00:00Z,2590.04077148,2674.34057617,2568.67333984,2630.49340820,13802591583
2022-03-22T00:00:00Z,2630.30957031,2766.90039062,2627.92578125,2695.60717773,15259509376
2022-03-23T00:00:00Z,2695.61987305,2760.47460938,2659.79931641,2754.08203125,14545854451
2022-03-24T00:00:00Z,2754.07641602,2837.95434570,2743.55468750,2823.30444336,16414901737
2022-03-25T00:00:00Z,2823.65600586,2893.58105469,2809.83593750,2828.46875000,15505422213
2022-03-26T00:00:00Z,2828.22680664,2864.78808594,2814.95239258,2861.46850586,8080862655
2022-03-27T00:00:00Z,2862.02978516,2997.36987305,2849.46850586,2997.36987305,12231299712
2022-03-28T00:00:00Z,2998.04809570,3118.20971680,2987.02978516,3035.67675781,18760527352
2022-03-29T00:00:00Z,3034.20898438,3125.58642578,3034.20898438,3067.30029297,17611635257
2022-03-30T00:00:00Z,3066.88403320,3079.74780273,3016.03149414,3032.95263672,13710372183
2022-03-31T00:00:00Z,3033.07031250,3093.51171875,2955.91162109,2963.56640625,15971311331
2022-04-01T00:00:00Z,2964.40917969,3140.47534180,2913.65625000,3122.18969727,18991703287
2022-04-02T00:00:00Z,3122.40380859,3188.12548828,3115.35424805,3119.11206055,21341380567
2022-04-03T00:00:00Z,3118.88671875,3236.49267578,3097.56420898,3189.24926758,13881819641
2022-04-04T00:00:00Z,3188.82519531,3221.22680664,3120.27294922,3208.38940430,16592068561
2022-04-05T00:00:00Z,3208.38818359,3235.62524414,3127.26733398,3128.40893555,15295937544
2022-04-06T00:00:00Z,3128.29858398,3128.29858398,2909.94213867,2910.38891602,23520799251
2022-04-07T00:00:00Z,2910.85278320,2989.37866211,2891.83129883,2975.90917969,15412571821
2022-04-08T00:00:00Z,2975.90722656,3038.75341797,2922.94482422,2934.83447266,16142180627
2022-04-09T00:00:00Z,2934.74414062,2999.09130859,2930.60058594,2999.04809570,9109647122
2022-04-10T00:00:00Z,2998.47363281,3036.82397461,2950.92529297,2950.92529297,9579929578
2022-04-11T00:00:00Z,2948.82128906,2950.79565430,2722.03247070,2740.69604492,20126712391
2022-04-12T00:00:00Z,2741.03466797,2826.30175781,2720.27539062,2799.12841797,18691520578
2022-04-13T00:00:00Z,2798.66796875,2867.59204102,2779.18261719,2862.11621094,14766515928
2022-04-14T00:00:00Z,2861.63647461,2879.77294922,2758.32568359,2790.51708984,14619624873
2022-04-15T00:00:00Z,2790.72509766,2817.90502930,2776.53125000,2812.56494141,10411355802
2022-04-16T00:00:00Z,2812.75610352,2843.98437500,2789.90893555,2832.35229492,8108391783
2022-04-17T00:00:00Z,2831.95605469,2844.80664062,2764.17822266,2768.20947266,9675952924
2022-04-18T00:00:00Z,2768.28393555,2839.74389648,2680.90063477,2836.20239258,17280409170
2022-04-19T00:00:00Z,2836.16845703,2897.90014648,2812.08642578,2875.37109375,13112905182
2022-04-20T00:00:00Z,2875.21215820,2916.14965820,2808.83081055,2836.68457031,14329630663
2022-04-21T00:00:00Z,2836.76147461,2915.70996094,2734.50317383,2757.31909180,19182381668
2022-04-22T00:00:00Z,2756.81909180,2799.67822266,2728.07861328,2748.60424805,15558792637
2022-04-23T00:00:00Z,2748.57324219,2758.32641602,2713.28735352,2723.83154297,8452037803
2022-04-24T00:00:00Z,2723.12060547,2734.16674805,2700.99658203,2703.84326172,8970614619
2022-04-25T00:00:00Z,2704.08154297,2818.25537109,2611.79541016,2809.09741211,20846293724
2022-04-26T00:00:00Z,2808.67993164,2821.95654297,2617.51757812,2638.63500977,17901016076
2022-04-27T00:00:00Z,2638.96166992,2760.26464844,2633.87377930,2737.24658203,16504684532
2022-04-28T00:00:00Z,2737.17065430,2829.92797852,2722.23608398,2796.11474609,17559157627
2022-04-29T00:00:00Z,2795.95800781,2799.33154297,2638.36645508,2670.41259766,17803093878
2022-04-30T00:00:00Z,2670.34765625,2690.54370117,2586.76489258,2589.40209961,12823720979
2022-05-01T00:00:00Z,2589.21923828,2692.68701172,2587.40283203,2684.16552734,14554149448
2022-05-02T00:00:00Z,2684.03051758,2734.28735352,2654.37231445,2718.79174805,17706945763
2022-05-03T00:00:00Z,2718.54614258,2719.28735352,2624.40209961,2644.52221680,12375817619
2022-05-04T00:00:00Z,2644.19458008,2789.71386719,2639.98754883,2768.69946289,17123334301
2022-05-05T00:00:00Z,2768.30566406,2776.98315430,2567.97167969,2608.43676758,21483471428
2022-05-06T00:00:00Z,2608.16967773,2617.17578125,2502.83886719,2554.89453125,19934584660
2022-05-07T00:00:00Z,2554.90625000,2556.48071289,2464.40014648,2499.06884766,12674341381
2022-05-08T00:00:00Z,2499.09619141,2501.66406250,2370.42797852,2390.24267578,19751048026
2022-05-09T00:00:00Z,2391.23803711,2403.47851562,2120.09204102,2125.67285156,34395753179
2022-05-10T00:00:00Z,2123.04077148,2320.82348633,2089.05297852,2225.73535156,36282214920
2022-05-11T00:00:00Z,2225.01684570,2313.73315430,1920.23449707,1971.18872070,43515512641
2022-05-12T00:00:00Z,1971.56530762,2061.72460938,1671.83056641,1890.16418457,40914970443
2022-05-13T00:00:00Z,1888.64270020,2058.37426758,1870.89575195,1934.72790527,23834371787
2022-05-14T00:00:00Z,1934.59570312,1981.80065918,1879.17089844,1974.92773438,14845563931
2022-05-15T00:00:00Z,1974.84057617,2063.91552734,1928.71984863,2063.51757812,14277423767
2022-05-16T00:00:00Z,2063.64257812,2063.64257812,1907.75378418,1937.63586426,20556813209
2022-05-17T00:00:00Z,1937.78576660,2007.00756836,1914.88061523,1981.62854004,17546709597
2022-05-18T00:00:00Z,1981.67651367,1990.48291016,1830.06152344,1830.06152344,16939428763
2022-05-19T00:00:00Z,1829.57788086,1915.59960938,1818.71215820,1907.72534180,17707554926
2022-05-20T00:00:00Z,1907.40771484,1944.59313965,1828.78808594,1856.30480957,15041582895
2022-05-21T00:00:00Z,1856.02307129,1879.09582520,1840.16723633,1868.80065918,8089216987
2022-05-22T00:00:00Z,1868.94482422,1935.79553223,1860.77514648,1933.14331055,10351932967
2022-05-23T00:00:00Z,1932.36242676,1952.47399902,1838.79748535,1845.96423340,15382736241
2022-05-24T00:00:00Z,1846.15979004,1866.63232422,1790.52697754,1843.84204102,12165465147
2022-05-25T00:00:00Z,1843.55712891,1881.20556641,1826.52856445,1819.81237793,12505459366
2022-05-26T00:00:00Z,1820.00463867,1833.57238770,1644.82348633,1680.73486328,21856829189
2022-05-27T00:00:00Z,1679.45898438,1690.86071777,1603.84008789,1607.24865723,23733144782
2022-05-28T00:00:00Z,1606.98132324,1638.01501465,1606.98132324,1638.01501465,21631065726
2022-05-29T00:00:00Z,1669.92163086,1694.69970703,1645.46508789,1688.79296875,9918745218
2022-05-30T00:00:00Z,1688.65783691,1860.97802734,1681.70971680,1853.10278320,18174965383
2022-05-31T00:00:00Z,1853.07189941,1861.38647461,1799.98400879,1809.40673828,17106454110
2022-06-01T00:00:00Z,1809.14831543,1834.03491211,1667.59313965,1712.23132324,19753335017
2022-06-02T00:00:00Z,1711.14477539,1716.81738281,1671.86486816,1705.94348145,15872194964
2022-06-03T00:00:00Z,1705.92895508,1710.24267578,1629.54077148,1655.83410645,13878542283
2022-06-04T00:00:00Z,1655.96679688,1688.87011719,1633.87060547,1680.76293945,8095860335
2022-06-05T00:00:00Z,1680.95837402,1703.38635254,1657.92846680,1682.97814941,8251144006
2022-06-06T00:00:00Z,1683.38000488,1786.76367188,1682.50000000,1739.31347656,15452567900
2022-06-07T00:00:00Z,1739.35461426,1739.66064453,1620.01782227,1695.75244141,22453703525
2022-06-08T00:00:00Z,1695.80139160,1711.68017578,1656.92932129,1673.57519531,16834429111
2022-06-09T00:00:00Z,1673.51965332,1704.96313477,1660.99548340,1685.45410156,11312552448
2022-06-10T00:00:00Z,1685.32592773,1690.57824707,1581.32348633,1582.85241699,17591309453
2022-06-11T00:00:00Z,1583.01940918,1596.41992188,1432.54602051,1454.05224609,20082777051
2022-06-12T00:00:00Z,1454.55236816,1463.59741211,1365.19335938,1377.78710938,22370264883
2022-06-13T00:00:00Z,1376.47045898,1381.16894531,1135.08520508,1156.67053223,43366438862
2022-06-14T00:00:00Z,1156.64416504,1202.37670898,1051.03210449,1160.80822754,31929024318
2022-06-15T00:00:00Z,1160.52368164,1183.90014648,978.54278564,1179.33874512,35900214734
2022-06-16T00:00:00Z,1179.71838379,1191.63562012,1003.83886719,1012.36566162,17927251886
2022-06-17T00:00:00Z,1012.60937500,1056.98815918,1006.67541504,1034.87927246,13897982368
2022-06-18T00:00:00Z,1034.74462891,1043.11572266,853.76251221,946.68151855,20632058714
2022-06-19T00:00:00Z,946.45654297,1089.55664062,898.54846191,1074.99487305,20777632973
2022-06-20T00:00:00Z,1074.99475098,1101.97448730,1014.63262939,1071.91088867,18764096660
2022-06-21T00:00:00Z,1071.78686523,1122.05566406,1057.39123535,1068.07714844,14843450527
2022-06-22T00:00:00Z,1068.59777832,1069.44177246,993.48236084,995.22442627,14208292282
2022-06-23T00:00:00Z,995.13677979,1089.13513184,994.05596924,1086.93310547,13934145595
2022-06-24T00:00:00Z,1086.76013184,1173.37780762,1077.51721191,1162.22558594,16087117295
2022-06-25T00:00:00Z,1162.11181641,1180.74536133,1122.16992188,1177.95336914,11824509597
2022-06-26T00:00:00Z,1177.51818848,1205.12683105,1135.17810059,1135.58068848,11448834475
2022-06-27T00:00:00Z,1135.46838379,1166.01696777,1114.28564453,1128.21923828,11807151617
2022-06-28T00:00:00Z,1127.81591797,1167.16247559,1084.50109863,1087.70166016,13326350493
2022-06-29T00:00:00Z,1087.64953613,1094.76464844,1045.38684082,1052.03442383,14729507776
2022-06-30T00:00:00Z,1052.42614746,1057.05517578,969.11853027,1018.56488037,15604163650
2022-07-01T00:00:00Z,1019.53637695,1050.77868652,994.96343994,1016.16430664,16779456105
2022-07-02T00:00:00Z,1016.50360107,1028.90295410,991.42083740,1022.63214111,9526813164
2022-07-03T00:00:00Z,1022.58868408,1039.28051758,1001.05102539,1029.21752930,8202216482
2022-07-04T00:00:00Z,1029.24365234,1104.96984863,1004.68560791,1103.30737305,13103752468
2022-07-05T00:00:00Z,1102.78088379,1117.02709961,1061.51342773,1106.17626953,15790614138
2022-07-06T00:00:00Z,1106.45056152,1172.19067383,1087.01965332,1165.45410156,15094814482
2022-07-07T00:00:00Z,1165.44128418,1226.63281250,1142.02160645,1217.08032227,13994920452
2022-07-08T00:00:00Z,1217.06750488,1239.65625000,1182.81604004,1200.09521484,16016825470
2022-07-09T00:00:00Z,1199.89953613,1206.24218750,1187.20727539,1194.66857910,8659640059
2022-07-10T00:00:00Z,1194.59606934,1194.59606934,1135.96215820,1149.16735840,10803730244
2022-07-11T00:00:00Z,1148.90917969,1151.40454102,1090.03808594,1092.22985840,12009131555
2022-07-12T00:00:00Z,1092.25244141,1092.25244141,1034.66931152,1035.05529785,12545268357
2022-07-13T00:00:00Z,1035.05017090,1109.74523926,1017.53863525,1109.74523926,18239444218
2022-07-14T00:00:00Z,1109.67407227,1200.04943848,1076.51464844,1188.35791016,16644265727
2022-07-15T00:00:00Z,1188.50610352,1264.95324707,1180.41198730,1223.26403809,17272156639
2022-07-16T00:00:00Z,1222.92932129,1366.92102051,1186.04113770,1341.80541992,18217101686
2022-07-17T00:00:00Z,1342.37939453,1367.39013672,1319.12524414,1325.64428711,15923658134
2022-07-18T00:00:00Z,1325.81286621,1555.89123535,1325.81286621,1555.89123535,27043659581
2022-07-19T00:00:00Z,1555.56201172,1584.83190918,1481.99633789,1508.20898438,27128186754
2022-07-20T00:00:00Z,1508.18847656,1576.99182129,1474.77783203,1493.17309570,22534809928
2022-07-21T00:00:00Z,1493.34375000,1561.01586914,1442.35009766,1542.79736328,19578690805
2022-07-22T00:00:00Z,1542.79333496,1615.42089844,1492.01708984,1505.48864746,18533194734
2022-07-23T00:00:00Z,1504.56054688,1558.59020996,1464.48425293,1516.98535156,14685996173
2022-07-24T00:00:00Z,1516.91198730,1620.06787109,1516.37207031,1568.19091797,16881068419
2022-07-25T00:00:00Z,1567.87780762,1574.57226562,1413.74255371,1413.74255371,20134428560
2022-07-26T00:00:00Z,1413.51525879,1413.51525879,1346.20239258,1423.51025391,18007116138
2022-07-27T00:00:00Z,1425.40588379,1603.99804688,1403.22973633,1603.31005859,22544589625
2022-07-28T00:00:00Z,1603.30932617,1740.15673828,1581.12744141,1692.94482422,26718115308
2022-07-29T00:00:00Z,1693.09765625,1720.94128418,1632.71618652,1689.18286133,22735065489
2022-07-30T00:00:00Z,1688.84545898,1699.55810547,1640.97485352,1658.44104004,15232290504
2022-07-31T00:00:00Z,1658.35827637,1707.25024414,1637.27221680,1646.84777832,13907944608
2022-08-01T00:00:00Z,1646.77746582,1661.25402832,1572.61267090,1593.52441406,15778750273
2022-08-02T00:00:00Z,1592.98852539,1641.04052734,1531.60546875,1607.94995117,20113420267
2022-08-03T00:00:00Z,1608.05419922,1646.82519531,1570.02453613,1593.93737793,16527643916
2022-08-04T00:00:00Z,1593.94934082,1631.65039062,1548.69433594,1569.37414551,14118109804
2022-08-05T00:00:00Z,1568.70861816,1700.40014648,1568.76843262,1700.40014648,18205440437
2022-08-06T00:00:00Z,1700.79919434,1712.25000000,1660.54846191,1660.54846191,11541683709
2022-08-07T00:00:00Z,1660.66613770,1694.95886230,1642.14367676,1670.59094238,10078583963
2022-08-08T00:00:00Z,1670.92785645,1771.73889160,1668.24487305,1741.04443359,16514448149
2022-08-09T00:00:00Z,1741.58886719,1750.90563965,1636.73547363,1668.28332520,16034699850
2022-08-10T00:00:00Z,1668.16711426,1815.10949707,1631.60217285,1797.99963379,22830075335
2022-08-11T00:00:00Z,1798.08276367,1864.31726074,1798.08276367,1822.69555664,23085681279
2022-08-12T00:00:00Z,1822.38061523,1907.47290039,1808.04394531,1907.17419434,16728929330
2022-08-13T00:00:00Z,1907.25952148,1962.23791504,1898.74426270,1930.64807129,15628650113
2022-08-14T00:00:00Z,1931.08251953,1971.04248047,1869.91613770,1888.89721680,13714926287
2022-08-15T00:00:00Z,1888.85668945,1958.84460449,1845.21325684,1873.95471191,20026408105
2022-08-16T00:00:00Z,1872.58190918,1881.32751465,1831.71166992,1846.76135254,15376321899
2022-08-17T00:00:00Z,1846.55969238,1920.16784668,1794.46142578,1800.99548340,19953921573
2022-08-18T00:00:00Z,1801.69885254,1859.74096680,1794.01220703,1830.69689941,14866892949
2022-08-19T00:00:00Z,1830.78356934,1830.78356934,1605.55908203,1607.20153809,25813432623
2022-08-20T00:00:00Z,1606.86596680,1646.29235840,1528.64343262,1571.19091797,18266999000
2022-08-21T00:00:00Z,1570.73254395,1634.55981445,1563.26306152,1613.02624512,15787631676
2022-08-22T00:00:00Z,1612.87475586,1632.85632324,1534.33325195,1632.58154297,18672318057
2022-08-23T00:00:00Z,1633.01782227,1672.18664551,1582.61645508,1668.33190918,18383329144
2022-08-24T00:00:00Z,1668.25708008,1691.41162109,1618.47985840,1662.34521484,16834464083
2022-08-25T00:00:00Z,1662.62341309,1718.95300293,1662.57214355,1701.42431641,14862185129
2022-08-26T00:00:00Z,1701.29150391,1692.35278320,1504.18627930,1513.23046875,26810226778
2022-08-27T00:00:00Z,1513.60595703,1522.63146973,1459.39050293,1496.63281250,18184472260
2022-08-28T00:00:00Z,1496.44396973,1511.08032227,1439.73999023,1439.73999023,12905977198
2022-08-29T00:00:00Z,1439.63146973,1555.10339355,1436.49890137,1551.36938477,17946542179
2022-08-30T00:00:00Z,1551.52075195,1592.70703125,1478.83557129,1520.25024414,21784361198
2022-08-31T00:00:00Z,1520.69677734,1605.55798340,1520.69677734,1547.79797363,20513659062
2022-09-01T00:00:00Z,1547.86926270,1601.97692871,1529.63024902,1593.86657715,16513950191
2022-09-02T00:00:00Z,1593.70690918,1640.69543457,1560.04858398,1584.66809082,17792098146
2022-09-03T00:00:00Z,1584.66137695,1586.91259766,1548.95190430,1564.22412109,9561764447
2022-09-04T00:00:00Z,1564.24755859,1591.45715332,1550.98815918,1592.29479980,8966660937
2022-09-05T00:00:00Z,1592.53942871,1629.76965332,1570.47570801,1625.15429688,13124916575
2022-09-06T00:00:00Z,1625.21166992,1693.60815430,1577.95483398,1577.95483398,23184170380
2022-09-07T00:00:00Z,1577.10424805,1649.30932617,1517.38378906,1630.53222656,19567875034
2022-09-08T00:00:00Z,1630.43103027,1655.18994141,1605.31616211,1633.73352051,17603654744
2022-09-09T00:00:00Z,1633.57385254,1725.54602051,1630.64697266,1693.74609375,19943951839
2022-09-10T00:00:00Z,1693.62377930,1757.86596680,1684.93847656,1749.69567871,12934962244
2022-09-11T00:00:00Z,1749.47131348,1755.95153809,1714.88928223,1749.46032715,12377001951
2022-09-12T00:00:00Z,1749.74328613,1762.73962402,1675.75024414,1691.88037109,17462510553
2022-09-13T00:00:00Z,1692.07519531,1716.92126465,1567.87304688,1584.22937012,23117038205
2022-09-14T00:00:00Z,1578.28662109,1645.39062500,1567.87304688,1637.68774414,17929257694
2022-09-15T00:00:00Z,1638.01635742,1652.82067871,1467.15112305,1473.51245117,26979581475
2022-09-16T00:00:00Z,1473.74768066,1479.68176270,1415.05895996,1430.14001465,16737796199
2022-09-17T00:00:00Z,1430.56811523,1470.68591309,1412.76123047,1467.37243652,10780692136
2022-09-18T00:00:00Z,1467.33630371,1467.33630371,1330.60266113,1332.36608887,15727308213
2022-09-19T00:00:00Z,1332.30773926,1384.32678223,1290.62915039,1373.40734863,18656557368
2022-09-20T00:00:00Z,1373.48474121,1375.43444824,1323.70385742,1328.20910645,14764791105
2022-09-21T00:00:00Z,1328.03601074,1401.48242188,1249.60278320,1274.06372070,20997110445
2022-09-22T00:00:00Z,1273.00549316,1358.10424805,1264.17309570,1349.41955566,18763816306
2022-09-23T00:00:00Z,1349.21740723,1377.24157715,1305.65966797,1370.47033691,19367633327
2022-09-24T00:00:00Z,1370.45495605,1389.32470703,1354.63427734,1360.15844727,12485255642
2022-09-25T00:00:00Z,1360.10205078,1376.02856445,1318.26306152,1336.22839355,12185777508
2022-09-26T00:00:00Z,1336.40319824,1387.71472168,1329.71215820,1388.09875488,16668314831
2022-09-27T00:00:00Z,1388.11621094,1451.31860352,1365.78344727,1386.15405273,18623326435
2022-09-28T00:00:00Z,1385.54296875,1388.28234863,1325.21997070,1377.84753418,19569292774
2022-09-29T00:00:00Z,1377.99536133,1391.98315430,1329.84252930,1358.80590820,14036085270
2022-09-30T00:00:00Z,1358.79992676,1394.63586426,1352.50805664,1354.80383301,14537952115
2022-10-01T00:00:00Z,1355.02319336,1359.43334961,1332.29638672,1337.94946289,6352862999
2022-10-02T00:00:00Z,1338.06066895,1342.72900391,1301.96130371,1302.70007324,7736360282
2022-10-03T00:00:00Z,1302.77136230,1353.97961426,1298.82006836,1345.84118652,10324931938
2022-10-04T00:00:00Z,1345.67736816,1366.84228516,1345.65710449,1364.33056641,10156181119
2022-10-05T00:00:00Z,1364.17651367,1364.73522949,1337.99584961,1364.83276367,9861121884
2022-10-06T00:00:00Z,1364.80200195,1392.30957031,1378.41052246,1380.79968262,12292488134
2022-10-07T00:00:00Z,1380.92932129,1387.84143066,1355.84716797,1368.21777344,10331190260
2022-10-08T00:00:00Z,1368.06823730,1371.74768066,1341.27514648,1349.92321777,5956567171
2022-10-09T00:00:00Z,1349.88183594,1362.40991211,1343.60620117,1358.60034180,5635543362
2022-10-10T00:00:00Z,1358.61511230,1371.00573730,1329.71484375,1329.71484375,9055854530
2022-10-11T00:00:00Z,1329.48010254,1327.38842773,1311.64147949,1319.04040527,9560900038
2022-10-12T00:00:00Z,1319.20178223,1342.73950195,1318.18090820,1334.26110840,8609583146
2022-10-13T00:00:00Z,1334.27246094,1335.75280762,1252.80493164,1318.80834961,17915882791
2022-10-14T00:00:00Z,1318.73132324,1370.81335449,1316.60131836,1334.59057617,13489450974
2022-10-15T00:00:00Z,1334.47119141,1338.00976562,1304.80749512,1311.39416504,6993276414
2022-10-16T00:00:00Z,1311.53186035,1350.40954590,1311.53186035,1341.17993164,7691681566
2022-10-17T00:00:00Z,1341.19323730,1357.22253418,1331.86340332,1352.83862305,9550320722
2022-10-18T00:00:00Z,1352.79418945,1360.25561523,1311.67626953,1328.69628906,10561811436
2022-10-19T00:00:00Z,1328.81408691,1330.89270020,1314.66235352,1316.57897949,8550959099
2022-10-20T00:00:00Z,1316.49304199,1330.38940430,1306.41503906,1312.18200684,9212582791
2022-10-21T00:00:00Z,1312.16882324,1323.30029297,1297.77319336,1318.32373047,10559767680
2022-10-22T00:00:00Z,1318.27905273,1336.09362793,1314.26770020,1333.25146484,7278792745
2022-10-23T00:00:00Z,1333.20092773,1387.63012695,1321.69665527,1382.45617676,10047669326
2022-10-24T00:00:00Z,1382.50158691,1389.33508301,1345.40295410,1360.76318359,13246281119
2022-10-25T00:00:00Z,1360.47265625,1515.16174316,1352.28332520,1467.06481934,25460998068
2022-10-26T00:00:00Z,1466.53063965,1577.66125488,1466.82971191,1552.04772949,32402433404
2022-10-27T00:00:00Z,1552.31994629,1560.30615234,1515.43078613,1519.39050293,22889057554
2022-10-28T00:00:00Z,1519.33862305,1574.46459961,1502.01562500,1560.93603516,20044714158
2022-10-29T00:00:00Z,1560.73217773,1658.18041992,1555.42260742,1625.38195801,21694012880
2022-10-30T00:00:00Z,1625.38146973,1642.78222656,1586.81555176,1598.04528809,13993664212
2022-10-31T00:00:00Z,1597.74182129,1641.17480469,1573.10571289,1590.87145996,19529818102
2022-11-01T00:00:00Z,1590.80151367,1617.60620117,1583.30432129,1599.27709961,14687056794
2022-11-02T00:00:00Z,1599.06787109,1619.44970703,1535.44677734,1548.51037598,23694885717
2022-11-03T00:00:00Z,1548.52355957,1583.56701660,1545.61560059,1570.89160156,14614433889
2022-11-04T00:00:00Z,1570.74377441,1672.83935547,1567.36547852,1647.97729492,20843438956
2022-11-05T00:00:00Z,1648.04052734,1663.22619629,1628.64697266,1630.65417480,11025134696
2022-11-06T00:00:00Z,1630.58715820,1649.50646973,1583.56738281,1583.56738281,11716593528
2022-11-07T00:00:00Z,1583.34802246,1600.02453613,1561.14440918,1565.84155273,15253177574
2022-11-08T00:00:00Z,1565.58032227,1572.22509766,1251.96826172,1322.16625977,41711409173
2022-11-09T00:00:00Z,1322.45080566,1326.14880371,1081.81457520,1098.02770996,38788823261
2022-11-10T00:00:00Z,1097.96533203,1320.54797363,1091.43151855,1275.00744629,28043079081
2022-11-11T00:00:00Z,1274.43615723,1278.80578613,1177.45471191,1241.11413574,20171186309
2022-11-12T00:00:00Z,1241.32360840,1242.01062012,1197.52038574,1211.47326660,10582406181
2022-11-13T00:00:00Z,1211.64013672,1227.34375000,1167.58105469,1183.15112305,10378269191
2022-11-14T00:00:00Z,1183.22497559,1244.66247559,1141.56188965,1203.11450195,14562166558
2022-11-15T00:00:00Z,1203.18566895,1226.62756348,1199.49853516,1208.52880859,11390767830
2022-11-16T00:00:00Z,1208.59887695,1218.23010254,1146.46130371,1169.60168457,11487744708
2022-11-17T00:00:00Z,1169.83850098,1179.21081543,1152.07849121,1158.97241211,9384875014
2022-11-18T00:00:00Z,1158.96618652,1182.79333496,1158.96618652,1171.92700195,7714158323
2022-11-19T00:00:00Z,1171.84509277,1186.83239746,1160.38452148,1177.73620605,5779079582
2022-11-20T00:00:00Z,1177.74536133,1183.19848633,1101.67065430,1105.87573242,9341900370
2022-11-21T00:00:00Z,1105.80712891,1105.80712891,1059.19396973,1081.78918457,13742641470
2022-11-22T00:00:00Z,1081.34301758,1102.65844727,1052.42651367,1100.93652344,11677524125
2022-11-23T00:00:00Z,1101.17724609,1137.77990723,1096.78881836,1135.72131348,10791541183
2022-11-24T00:00:00Z,1135.86108398,1160.97900391,1133.52697754,1156.81359863,9326096119
2022-11-25T00:00:00Z,1156.63696289,1156.63696289,1128.47070312,1151.31896973,5265576994
2022-11-26T00:00:00Z,1151.18884277,1178.20202637,1150.52392578,1157.90319824,4872208967
2022-11-27T00:00:00Z,1157.91027832,1171.77954102,1152.70483398,1152.78955078,4328025712
2022-11-28T00:00:00Z,1152.62890625,1154.46582031,1113.31140137,1131.22290039,7033766340
2022-11-29T00:00:00Z,1131.01818848,1183.34338379,1124.14379883,1178.71240234,7399665984
2022-11-30T00:00:00Z,1178.73901367,1250.43505859,1175.97961426,1243.08496094,9437555973
2022-12-01T00:00:00Z,1243.16259766,1242.99731445,1208.39367676,1212.32360840,6514304714
2022-12-02T00:00:00Z,1212.37561035,1228.37927246,1206.25695801,1228.37927246,5897159879
2022-12-03T00:00:00Z,1228.52465820,1233.63427734,1178.10900879,1179.91491699,5383260945
2022-12-04T00:00:00Z,1179.80505371,1216.07214355,1179.51330566,1214.23889160,4907319346
2022-12-05T00:00:00Z,1213.99438477,1235.19445801,1194.30383301,1200.08520508,5830823675
2022-12-06T00:00:00Z,1200.25427246,1215.10510254,1191.98181152,1214.84777832,4861872460
2022-12-07T00:00:00Z,1214.75158691,1216.94372559,1171.00207520,1172.40661621,5472021018
2022-12-08T00:00:00Z,1172.42028809,1218.71301270,1167.95312500,1213.67199707,5899435196
2022-12-09T00:00:00Z,1213.63500977,1221.93017578,1197.02880859,1198.74047852,5410358175
2022-12-10T00:00:00Z,1198.82641602,1213.80114746,1197.28735352,1201.33251953,3113884539
2022-12-11T00:00:00Z,1201.36450195,1217.55688477,1196.67114258,1201.27551270,3195502508
2022-12-12T00:00:00Z,1200.99499512,1210.76086426,1182.26013184,1209.15209961,4886538084
2022-12-13T00:00:00Z,1209.19323730,1258.43908691,1192.78515625,1242.93664551,8294923540
2022-12-14T00:00:00Z,1243.06774902,1260.50256348,1223.51501465,1226.40490723,7334960061
2022-12-15T00:00:00Z,1226.27587891,1228.18273926,1187.77783203,1190.32202148,5670646882
2022-12-16T00:00:00Z,1190.42236328,1201.53649902,1096.61743164,1102.35778809,8773321960
2022-12-17T00:00:00Z,1102.17614746,1122.32299805,1099.49816895,1121.47778320,4792353298
2022-12-18T00:00:00Z,1121.45788574,1127.20239258,1110.18530273,1119.29052734,3165087010
2022-12-19T00:00:00Z,1119.33117676,1125.62866211,1093.96069336,1100.24230957,4658395581
2022-12-20T00:00:00Z,1100.49938965,1149.92858887,1099.25927734,1146.02343750,6291442033
2022-12-21T00:00:00Z,1145.91320801,1146.54064941,1137.34729004,1144.01586914,3975382127
2022-12-22T00:00:00Z,1144.08435059,1152.66479492,1121.66601562,1149.09167480,4997020332
2022-12-23T00:00:00Z,1148.99475098,1155.59350586,1148.29553223,1143.86157227,4533442517
2022-12-24T00:00:00Z,1143.82263184,1148.30200195,1140.26525879,1144.77429199,2461905837
2022-12-25T00:00:00Z,1144.79577637,1146.99523926,1133.44763184,1147.69055176,3712193171
2022-12-26T00:00:00Z,1147.65112305,1153.22583008,1142.37561035,1153.22583008,3084824593
2022-12-27T00:00:00Z,1153.23779297,1156.79968262,1133.94104004,1140.17456055,3846546242
2022-12-28T00:00:00Z,1140.12280273,1140.01245117,1116.93627930,1119.57690430,4696322522
2022-12-29T00:00:00Z,1119.59960938,1130.26623535,1118.21850586,1127.14208984,3876192461
2022-12-30T00:00:00Z,1127.11791992,1127.49645996,1110.63366699,1118.04943848,3781115735
2022-12-31T00:00:00Z,1118.16821289,1123.46923828,1113.32153320,1115.71508789,2814072444
2023-01-01T00:00:00Z,1115.66149902,1125.11474609,1112.09252930,1121.74438477,2241382418
2023-01-02T00:00:00Z,1121.87377930,1143.63769531,1115.91247559,1137.67053223,3527080958
2023-01-03T00:00:00Z,1137.75231934,1143.97595215,1143.52709961,1151.96264648,3217521542
2023-01-04T00:00:00Z,1151.90551758,1193.10046387,1148.82604980,1184.74121094,6038532556
2023-01-05T00:00:00Z,1184.70166016,1185.38562012,1180.07165527,1188.48437500,3803513944
2023-01-06T00:00:00Z,1188.50378418,1196.04541016,1182.72839355,1190.36010742,4667418805
2023-01-07T00:00:00Z,1190.39831543,1193.55432129,1183.73010254,1185.60485840,2405600831
2023-01-08T00:00:00Z,1185.52197266,1207.32177734,1181.81298828,1207.32177734,3277792237
2023-01-09T00:00:00Z,1207.40734863,1248.93627930,1207.76989746,1231.32678223,7444987499
2023-01-10T00:00:00Z,1231.19299316,1250.18481445,1229.50292969,1244.66503906,5429214747
2023-01-11T00:00:00Z,1244.57263184,1289.22290039,1230.66491699,1289.22290039,5865788316
2023-01-12T00:00:00Z,1305.40283203,1319.74121094,1281.33984375,1305.66467285,11261794123
2023-01-13T00:00:00Z,1305.67187500,1347.59790039,1294.24609375,1338.32495117,7084446549
2023-01-14T00:00:00Z,1338.15319824,1441.43286133,1337.74755859,1430.07897949,14243204001
2023-01-15T00:00:00Z,1430.10168457,1435.83715820,1402.58496094,1434.45996094,6259608305
2023-01-16T00:00:00Z,1434.49670410,1473.54309082,1412.93603516,1455.78479004,7805459948
2023-01-17T00:00:00Z,1456.03771973,1466.99108887,1435.07727051,1453.12670898,7043410094
2023-01-18T00:00:00Z,1452.99035645,1472.09411621,1395.44335938,1403.52014160,9589717049
2023-01-19T00:00:00Z,1403.28173828,1437.87268066,1402.47644043,1433.10754395,5937730920
2023-01-20T00:00:00Z,1432.93872070,1526.09899902,1426.05957031,1525.97790527,7841465836
2023-01-21T00:00:00Z,1525.93371582,1539.13830566,1495.59265137,1495.87329102,8144654321
2023-01-22T00:00:00Z,1496.10107422,1527.92333984,1483.29296875,1498.83288574,6919880104
2023-01-23T00:00:00Z,1498.98815918,1506.39538574,1480.30627441,1497.73046875,7602024464
2023-01-24T00:00:00Z,1497.35998535,1507.02258301,1425.21533203,1429.40161133,7511799003
2023-01-25T00:00:00Z,1429.58825684,1495.56262207,1405.54956055,1475.79711914,9705172616
2023-01-26T00:00:00Z,1475.22009277,1490.14562988,1459.92736816,1471.63525391,7706815438
2023-01-27T00:00:00Z,1471.61145020,1487.31420898,1437.48815918,1470.04187012,7473175731
2023-01-28T00:00:00Z,1470.01330566,1475.79345703,1439.77062988,1446.25024414,5337921783
2023-01-29T00:00:00Z,1446.42907715,1521.68835449,1443.07690430,1514.13549805,8095437459
2023-01-30T00:00:00Z,1514.12829590,1514.78112793,1425.65783691,1444.48730469,8460902850
2023-01-31T00:00:00Z,1444.57336426,1472.09558105,1440.45617676,1460.80725098,6063334386
2023-02-01T00:00:00Z,1460.76367188,1492.82702637,1436.74865723,1490.80358887,7370484273
2023-02-02T00:00:00Z,1490.41613770,1560.77404785,1490.03857422,1506.91333008,9682150989
2023-02-03T00:00:00Z,1506.60437012,1542.41235352,1500.01110840,1540.63879395,7560482103
2023-02-04T00:00:00Z,1540.38586426,1563.25769043,1525.31665039,1541.94641113,5404762658
2023-02-05T00:00:00Z,1542.04565430,1544.15063477,1498.67163086,1512.28442383,6419980973
2023-02-06T00:00:00Z,1512.28393555,1540.51696777,1502.29724121,1506.40051270,6449569713
2023-02-07T00:00:00Z,1506.17919922,1560.21398926,1504.95056152,1558.15515137,7483487813
2023-02-08T00:00:00Z,1558.06359863,1573.50476074,1525.12011719,1540.50830078,7284923814
2023-02-09T00:00:00Z,1540.84936523,1543.66699219,1431.30419922,1439.96447754,9800314475
2023-02-10T00:00:00Z,1440.11181641,1446.64648438,1409.48815918,1417.28881836,7856470156
2023-02-11T00:00:00Z,1417.35693359,1442.04968262,1412.87084961,1440.73242188,4737809378
2023-02-12T00:00:00Z,1440.59130859,1444.39929199,1405.85644531,1418.91394043,4982195806
2023-02-13T00:00:00Z,1418.80468750,1426.94885254,1372.18212891,1404.50988770,8726064214
2023-02-14T00:00:00Z,1404.34790039,1451.13134766,1395.27136230,1450.20898438,8615858910
2023-02-15T00:00:00Z,1450.10644531,1565.98669434,1441.30773926,1565.48474121,9367242652
2023-02-16T00:00:00Z,1565.59838867,1622.99865723,1535.85473633,1537.72082520,11912027488
2023-02-17T00:00:00Z,1537.92004395,1604.84936523,1534.51171875,1581.47521973,9147081217
2023-02-18T00:00:00Z,1581.43640137,1591.29382324,1571.10168457,1578.70605469,5124285196
2023-02-19T00:00:00Z,1578.57617188,1604.02050781,1566.66772461,1573.78222656,6513584808
2023-02-20T00:00:00Z,1574.62536621,1606.07104492,1554.03271484,1593.90820312,7211497999
2023-02-21T00:00:00Z,1594.02307129,1606.92675781,1542.06604004,1556.63085938,8188194641
2023-02-22T00:00:00Z,1556.72900391,1561.89733887,1510.69274902,1549.40808105,8664700575
2023-02-23T00:00:00Z,1549.47119141,1576.44982910,1539.13598633,1557.97473145,8505006820
2023-02-24T00:00:00Z,1557.80603027,1566.10852051,1501.44799805,1519.52502441,8416980204
2023-02-25T00:00:00Z,1519.79443359,1519.98986816,1482.74438477,1508.55029297,5351322525
2023-02-26T00:00:00Z,1508.40478516,1558.74523926,1504.27331543,1554.76281738,5427558452
2023-02-27T00:00:00Z,1554.71215820,1570.67346191,1523.17346191,1540.43432617,6823896750
2023-02-28T00:00:00Z,1540.60021973,1551.45446777,1514.86181641,1518.34008789,5978903766
2023-03-01T00:00:00Z,1518.47741699,1559.17797852,1515.41088867,1559.17797852,7219133949
2023-03-02T00:00:00Z,1559.28613281,1566.81213379,1530.97509766,1554.31164551,6681160437
2023-03-03T00:00:00Z,1554.53662109,1555.59863281,1460.03564453,1474.57348633,9324097793
2023-03-04T00:00:00Z,1474.67736816,1480.65307617,1458.19348145,1472.46508789,4124460545
2023-03-05T00:00:00Z,1472.70507812,1488.70800781,1465.91528320,1472.32934570,4725181143
2023-03-06T00:00:00Z,1472.24877930,1478.84814453,1463.15075684,1466.70275879,4908183713
2023-03-07T00:00:00Z,1466.72705078,1477.71691895,1456.47778320,1480.73754883,6497756980
2023-03-08T00:00:00Z,1480.78002930,1486.95324707,1454.23583984,1454.23583984,6759179717
2023-03-09T00:00:00Z,1454.18225098,1464.51892090,1345.33813477,1359.01501465,8934298915
2023-03-10T00:00:00Z,1359.10900879,1359.10900879,1301.58300781,1341.11340332,11884942937
2023-03-11T00:00:00Z,1341.05957031,1394.01428223,1340.70520020,1392.58618164,14011255378
2023-03-12T00:00:00Z,1392.41271973,1502.56872559,1372.85607910,1488.82592773,10748433623
2023-03-13T00:00:00Z,1489.32983398,1583.89099121,1473.25561523,1567.00915527,14652076030
2023-03-14T00:00:00Z,1566.99633789,1659.41748047,1557.31042480,1588.09960938,15065004599
2023-03-15T00:00:00Z,1589.66845703,1603.40039062,1532.52685547,1565.13696289,12016352240
2023-03-16T00:00:00Z,1565.28015137,1594.77294922,1547.86462402,1580.23718262,8823487648
2023-03-17T00:00:00Z,1580.31372070,1673.47985840,1570.86499023,1667.10083008,11595347331
2023-03-18T00:00:00Z,1668.13061523,1707.27575684,1625.22619629,1634.87475586,9575258866
2023-03-19T00:00:00Z,1636.08447266,1723.99243164,1636.08447266,1671.77465820,8586088652
2023-03-20T00:00:00Z,1671.62463379,1695.29187012,1612.18090820,1618.95935059,10242173890
2023-03-21T00:00:00Z,1619.23608398,1703.91235352,1610.36511230,1677.08947754,9986481033
2023-03-22T00:00:00Z,1675.41528320,1687.61572266,1581.16845703,1598.78649902,11485999481
2023-03-23T00:00:00Z,1598.25646973,1700.29150391,1591.46240234,1676.46203613,10164483836
2023-03-24T00:00:00Z,1675.92175293,1680.84484863,1607.60888672,1625.81005859,10127339504
2023-03-25T00:00:00Z,1625.27612305,1635.67382812,1592.96728516,1618.12658691,6137748883
2023-03-26T00:00:00Z,1618.19824219,1667.46923828,1615.73059082,1647.53686523,6485864338
2023-03-27T00:00:00Z,1647.35546875,1654.72314453,1568.37512207,1587.45996094,7945116381
2023-03-28T00:00:00Z,1587.33654785,1651.02270508,1574.04492188,1635.52416992,7700615387
2023-03-29T00:00:00Z,1635.62963867,1685.00964355,1635.62963867,1653.64086914,8426067599
2023-03-30T00:00:00Z,1653.95812988,1686.79162598,1621.10217285,1644.04211426,8917918033
2023-03-31T00:00:00Z,1644.85180664,1695.04638672,1636.73547363,1676.57922363,8419030524
2023-04-01T00:00:00Z,1676.28674316,1693.28125000,1666.54589844,1669.06909180,5112900496
2023-04-02T00:00:00Z,1675.81542969,1678.70190430,1636.12890625,1662.24023438,5738920711
2023-04-03T00:00:00Z,1661.51306152,1687.74914551,1633.69116211,1659.79089355,8842048318
2023-04-04T00:00:00Z,1659.64868164,1732.15991211,1653.40747070,1707.49987793,9489623344
2023-04-05T00:00:00Z,1707.46337891,1768.75317383,1701.72216797,1750.96875000,9464417493
2023-04-06T00:00:00Z,1750.99572754,1751.11340332,1704.93408203,1715.15698242,7567141866
2023-04-07T00:00:00Z,1714.98437500,1724.26135254,1695.66174316,1696.60937500,7599065070
2023-04-08T00:00:00Z,1695.73913574,1708.86059570,1681.63732910,1682.20361328,4562612658
2023-04-09T00:00:00Z,1682.36193848,1718.02624512,1663.28686523,1703.81652832,5829243924
2023-04-10T00:00:00Z,1704.14038086,1764.61596680,1704.38989258,1758.28027344,7709589451
2023-04-11T00:00:00Z,1758.43518066,1779.58984375,1728.32763672,1733.35363770,8132042230
2023-04-12T00:00:00Z,1733.13378906,1755.85803223,1702.42846680,1746.48779297,10012108474
2023-04-13T00:00:00Z,1743.77453613,1830.53930664,1729.27795410,1821.06799316,11352706657
2023-04-14T00:00:00Z,1822.24072266,1922.38378906,1820.17504883,1892.76867676,14678345398
2023-04-15T00:00:00Z,1892.75146484,1901.27038574,1870.14086914,1884.68066406,7238430792
2023-04-16T00:00:00Z,1884.51330566,1945.18408203,1870.59838867,1929.98974609,7190217746
2023-04-17T00:00:00Z,1929.98547363,1930.00720215,1884.71374512,1900.51184082,8832210776
2023-04-18T00:00:00Z,1900.15698242,1933.81628418,1883.11743164,1917.55334473,8322476165
2023-04-19T00:00:00Z,1917.01489258,1917.69335938,1761.54638672,1768.10864258,12582133994
2023-04-20T00:00:00Z,1768.12194824,1801.69287109,1750.60693359,1771.60375977,10324689864
2023-04-21T00:00:00Z,1771.88842773,1783.12365723,1663.07592773,1667.19213867,10854119588
2023-04-22T00:00:00Z,1666.54919434,1700.33935547,1663.45166016,1689.02673340,6281838665
2023-04-23T00:00:00Z,1688.97521973,1696.23718262,1673.41320801,1694.03698730,6011221835
2023-04-24T00:00:00Z,1694.05822754,1718.07873535,1641.78625488,1666.52905273,7631221785
2023-04-25T00:00:00Z,1666.02880859,1710.54650879,1643.55322266,1700.44458008,7904198791
2023-04-26T00:00:00Z,1699.89367676,1775.51135254,1624.27868652,1689.91821289,12997866269
2023-04-27T00:00:00Z,1690.03503418,1756.94482422,1686.82519531,1730.29772949,12698258100
2023-04-28T00:00:00Z,1730.73889160,1748.55163574,1700.55090332,1700.80126953,6912584472
2023-04-29T00:00:00Z,1700.84814453,1722.73449707,1696.73706055,1715.49401855,4310625762
2023-04-30T00:00:00Z,1715.33618164,1742.00585938,1704.60009766,1704.60009766,5939224350
2023-05-01T00:00:00Z,1697.30444336,1713.81848145,1648.24194336,1670.15283203,7863936777
2023-05-02T00:00:00Z,1669.94482422,1708.47961426,1660.15039062,1699.03588867,6844848540
2023-05-03T00:00:00Z,1698.94311523,1730.09106445,1672.37463379,1720.74438477,7504350685
2023-05-04T00:00:00Z,1721.21154785,1732.91357422,1696.35144043,1703.43249512,5967886803
2023-05-05T00:00:00Z,1703.54956055,1789.66528320,1703.14318848,1779.61425781,8472544115
2023-05-06T00:00:00Z,1779.98742676,1799.68322754,1668.59887695,1695.01684570,8584029021
2023-05-07T00:00:00Z,1694.74548340,1725.14587402,1699.95922852,1699.95922852,6247700759
2023-05-08T00:00:00Z,1699.41345215,1711.32055664,1652.26049805,1681.43627930,8998161296
2023-05-09T00:00:00Z,1681.45288086,1697.25805664,1666.30310059,1685.96301270,5590241263
2023-05-10T00:00:00Z,1685.60766602,1715.16748047,1636.81506348,1677.56176758,9055721280
2023-05-11T00:00:00Z,1677.64440918,1677.64440918,1624.98474121,1646.31481934,7655498388
2023-05-12T00:00:00Z,1645.11059570,1656.73754883,1594.64794922,1652.71081543,8270044296
2023-05-13T00:00:00Z,1653.03564453,1660.05908203,1634.84558105,1642.16271973,4249263832
2023-05-14T00:00:00Z,1642.15637207,1667.19213867,1650.73706055,1658.97265625,4340885560
2023-05-15T00:00:00Z,1658.85302734,1696.67956543,1647.15222168,1671.54064941,6206730818
2023-05-16T00:00:00Z,1670.87329102,1684.30786133,1652.96093750,1678.78088379,5150090389
2023-05-17T00:00:00Z,1678.73205566,1689.50866699,1649.66638184,1681.00256348,5861044206
2023-05-18T00:00:00Z,1681.19506836,1692.46337891,1647.81555176,1672.12292480,5265033735
2023-05-19T00:00:00Z,1671.44165039,1687.92578125,1669.56494141,1675.46716309,4433284518
2023-05-20T00:00:00Z,1675.63024902,1690.78771973,1671.26794434,1682.90087891,2728593424
2023-05-21T00:00:00Z,1682.58666992,1689.78222656,1665.62219238,1667.31115723,3129232187
2023-05-22T00:00:00Z,1667.59802246,1688.90332031,1656.47277832,1681.22521973,4194741575
2023-05-23T00:00:00Z,1681.45300293,1729.91894531,1680.20800781,1721.88513184,6332754791
2023-05-24T00:00:00Z,1721.80993652,1721.80993652,1652.99267578,1673.64843750,6602777992
2023-05-25T00:00:00Z,1673.41137695,1693.86547852,1641.25561523,1684.10058594,5895146479
2023-05-26T00:00:00Z,1683.88769531,1713.17211914,1676.19531250,1704.06457520,5079900377
2023-05-27T00:00:00Z,1703.95825195,1711.04858398,1693.63000488,1706.32763672,2997516981
2023-05-28T00:00:00Z,1706.30932617,1786.54028320,1701.06164551,1782.35546875,5931761401
2023-05-29T00:00:00Z,1780.84765625,1797.18579102,1753.60778809,1768.13488770,5496286050
2023-05-30T00:00:00Z,1768.14904785,1785.80126953,1757.63574219,1771.42785645,4997798003
2023-05-31T00:00:00Z,1771.49462891,1777.01184082,1737.40563965,1752.59301758,5596416909
2023-06-01T00:00:00Z,1752.39135742,1765.29699707,1726.84106445,1730.62573242,5241525435
2023-06-02T00:00:00Z,1730.83239746,1783.68237305,1721.20117188,1780.23339844,5691636136
2023-06-03T00:00:00Z,1780.38659668,1781.69470215,1759.91223145,1766.37780762,3241021119
2023-06-04T00:00:00Z,1766.36450195,1782.84887695,1760.06750488,1767.35607910,3502941599
2023-06-05T00:00:00Z,1767.26635742,1768.30468750,1660.70239258,1691.51928711,8632600763
2023-06-06T00:00:00Z,1690.35522461,1773.49157715,1686.96911621,1761.42980957,8135978869
2023-06-07T00:00:00Z,1761.31579590,1769.10168457,1703.26843262,1711.38085938,7396848785
2023-06-08T00:00:00Z,1711.49072266,1726.27636719,1708.73364258,1712.36010742,4206970233
2023-06-09T00:00:00Z,1712.15234375,1722.40161133,1701.90686035,1711.99645996,4289544159
2023-06-10T00:00:00Z,1712.15161133,1716.23913574,1601.49121094,1629.59509277,10032550183
2023-06-11T00:00:00Z,1629.72802734,1651.97924805,1619.11083984,1631.07775879,4241019109
2023-06-12T00:00:00Z,1630.76159668,1631.09240723,1604.84082031,1619.09667969,5604151805
2023-06-13T00:00:00Z,1618.96789551,1632.14331055,1601.27514648,1611.76953125,5759356879
2023-06-14T00:00:00Z,1611.96655273,1618.63183594,1511.35839844,1522.12695312,6882373575
2023-06-15T00:00:00Z,1522.10766602,1531.73266602,1497.78527832,1521.61230469,6695347560
2023-06-16T00:00:00Z,1521.51257324,1578.68225098,1512.99523926,1566.80371094,5732690129
2023-06-17T00:00:00Z,1566.80627441,1612.52465820,1564.50549316,1576.41918945,4449583610
2023-06-18T00:00:00Z,1576.40966797,1592.87573242,1570.09094238,1572.23620605,3490690373
2023-06-19T00:00:00Z,1572.17028809,1598.15075684,1562.18737793,1590.72460938,4769887132
2023-06-20T00:00:00Z,1590.01098633,1642.26672363,1573.42883301,1641.13562012,6566916885
2023-06-21T00:00:00Z,1641.02124023,1727.33679199,1638.22570801,1720.38159180,10672928282
2023-06-22T00:00:00Z,1719.27832031,1757.46289062,1704.04699707,1709.57934570,7738210454
2023-06-23T00:00:00Z,1709.21215820,1775.77441406,1712.89721680,1733.95629883,7594617939
2023-06-24T00:00:00Z,1734.78979492,1745.28356934,1711.00878906,1718.56445312,4604242911
2023-06-25T00:00:00Z,1718.37158203,1767.13281250,1713.79223633,1742.58923340,6361124170
2023-06-26T00:00:00Z,1742.17126465,1745.98278809,1687.19384766,1704.36169434,7900844979
2023-06-27T00:00:00Z,1704.28234863,1744.08093262,1702.03002930,1724.54516602,7014289800
2023-06-28T00:00:00Z,1724.73059082,1725.00659180,1668.94409180,1674.51306152,6536259518
2023-06-29T00:00:00Z,1674.59375000,1725.38525391,1674.59375000,1704.36401367,5224015452
2023-06-30T00:00:00Z,1704.16259766,1782.77392578,1678.19323730,1770.89782715,11812584980
2023-07-01T00:00:00Z,1771.02136230,1779.61169434,1750.43286133,1762.99865723,4705574457
2023-07-02T00:00:00Z,1762.89074707,1794.55261230,1735.78063965,1776.21838379,5816066006
2023-07-03T00:00:00Z,1776.62670898,1810.50732422,1774.47534180,1791.75036621,7200861896
2023-07-04T00:00:00Z,1791.87414551,1802.50024414,1775.74121094,1779.58618164,5222537891
2023-07-05T00:00:00Z,1779.73608398,1784.78076172,1740.72583008,1760.01074219,5558529526
2023-07-06T00:00:00Z,1759.85327148,1799.97338867,1696.84619141,1697.56774902,8177300004
2023-07-07T00:00:00Z,1696.53564453,1719.17260742,1682.25366211,1705.35351562,5897423836
2023-07-08T00:00:00Z,1705.71777344,1707.08483887,1681.53308105,1700.58300781,3918876682
2023-07-09T00:00:00Z,1700.63354492,1712.55139160,1694.05651855,1698.35510254,4004618111
2023-07-10T00:00:00Z,1698.56518555,1732.21826172,1686.84106445,1708.73376465,5757517805
2023-07-11T00:00:00Z,1708.82324219,1713.95458984,1695.98364258,1705.45776367,4453758711
2023-07-12T00:00:00Z,1705.44506836,1710.63244629,1675.56616211,1680.42810059,5725860473
2023-07-13T00:00:00Z,1680.36206055,1793.74060059,1673.54003906,1787.73352051,9902956982
2023-07-14T00:00:00Z,1786.99816895,1805.35461426,1693.61474609,1724.85534668,9452053560
2023-07-15T00:00:00Z,1724.66186523,1731.87341309,1716.00378418,1718.92224121,3898086624
2023-07-16T00:00:00Z,1719.08093262,1728.32397461,1706.30920410,1713.23107910,3855680428
2023-07-17T00:00:00Z,1713.24218750,1724.51269531,1667.58947754,1701.28283691,5943213617
2023-07-18T00:00:00Z,1701.32812500,1704.37658691,1675.44677734,1689.99621582,5178561897
2023-07-19T00:00:00Z,1690.17260742,1710.60192871,1681.08557129,1685.85461426,5371229530
2023-07-20T00:00:00Z,1685.91333008,1716.71667480,1690.11242676,1698.28308105,6616165371
2023-07-21T00:00:00Z,1698.83288574,1712.03906250,1694.56457520,1699.56103516,4193173157
2023-07-22T00:00:00Z,1699.44873047,1704.09912109,1666.97521973,1675.79895020,3685408643
2023-07-23T00:00:00Z,1676.86108398,1711.35729980,1670.99743652,1698.07348633,4027328267
2023-07-24T00:00:00Z,1697.72998047,1697.75451660,1658.02563477,1672.23718262,5734749057
2023-07-25T00:00:00Z,1672.26062012,1691.46801758,1666.91394043,1681.20068359,3767735544
2023-07-26T00:00:00Z,1681.15966797,1702.12805176,1670.15612793,1689.97070312,5218916797
2023-07-27T00:00:00Z,1689.90417480,1693.56677246,1690.06616211,1694.57702637,3908929425
2023-07-28T00:00:00Z,1694.89160156,1704.50439453,1691.98876953,1699.45629883,3445582330
2023-07-29T00:00:00Z,1699.28906250,1709.23229980,1695.45764160,1705.18896484,2263804461
2023-07-30T00:00:00Z,1705.01000977,1707.19287109,1680.18200684,1688.73059082,3631198386
2023-07-31T00:00:00Z,1688.83166504,1701.84484863,1684.19299316,1687.91052246,3993535525
2023-08-01T00:00:00Z,1687.93579102,1701.54467773,1658.30737305,1700.42028809,6935850970
2023-08-02T00:00:00Z,1701.94274902,1706.85327148,1664.46008301,1680.55102539,5892618409
2023-08-03T00:00:00Z,1680.37573242,1694.87609863,1671.52758789,1675.76403809,4301490660
2023-08-04T00:00:00Z,1675.53942871,1675.86596680,1650.77880859,1657.64978027,4408918455
2023-08-05T00:00:00Z,1657.72741699,1665.58740234,1655.01501465,1664.24780273,2599372418
2023-08-06T00:00:00Z,1664.11840820,1665.39147949,1655.17712402,1660.95654297,2693391260
2023-08-07T00:00:00Z,1660.75415039,1675.02990723,1641.05053711,1660.42797852,5305805736
2023-08-08T00:00:00Z,1660.42089844,1710.47961426,1661.56140137,1693.35363770,5304009670
2023-08-09T00:00:00Z,1693.32824707,1702.56713867,1681.37768555,1689.20764160,5347462577
2023-08-10T00:00:00Z,1689.25378418,1687.86340332,1680.51147461,1685.30529785,3424152095
2023-08-11T00:00:00Z,1685.29467773,1689.20275879,1679.36303711,1685.87036133,3060306011
2023-08-12T00:00:00Z,1685.91381836,1690.57690430,1684.58789062,1687.48181152,2091109642
2023-08-13T00:00:00Z,1687.63146973,1697.15881348,1676.68090820,1680.73242188,2791313875
2023-08-14T00:00:00Z,1680.77197266,1695.45019531,1677.98547363,1690.69970703,3743518529
2023-08-15T00:00:00Z,1690.67993164,1692.11059570,1665.59008789,1675.48193359,4112211086
2023-08-16T00:00:00Z,1675.57690430,1677.28271484,1653.62634277,1660.42077637,4576282703
2023-08-17T00:00:00Z,1660.33666992,1663.13195801,1427.41320801,1549.45642090,13066030679
2023-08-18T00:00:00Z,1546.79418945,1561.37939453,1513.22631836,1525.27246094,8857235495
2023-08-19T00:00:00Z,1525.17993164,1554.91845703,1518.96435547,1533.10278320,4473329698
2023-08-20T00:00:00Z,1533.20910645,1556.68017578,1527.06909180,1549.21643066,3774587592
2023-08-21T00:00:00Z,1549.37292480,1549.42846680,1517.47546387,1529.90783691,4658949121
2023-08-22T00:00:00Z,1529.91711426,1531.16625977,1471.94274902,1506.36242676,6679158563
2023-08-23T00:00:00Z,1506.83178711,1561.31945801,1501.90502930,1545.50512695,6618971399
2023-08-24T00:00:00Z,1545.48107910,1548.13110352,1517.58239746,1537.17346191,4726995634
2023-08-25T00:00:00Z,1537.47460938,1543.69702148,1515.69433594,1531.20642090,4999541315
2023-08-26T00:00:00Z,1531.19897461,1532.91333008,1522.66308594,1525.06616211,2244790090
2023-08-27T00:00:00Z,1525.03393555,1537.07202148,1524.69189453,1535.16369629,2430369670
2023-08-28T00:00:00Z,1535.09594727,1535.81164551,1506.12878418,1526.42285156,4485247941
2023-08-29T00:00:00Z,1526.25366211,1606.06164551,1519.34277344,1591.38916016,10400794708
2023-08-30T00:00:00Z,1591.34399414,1592.29077148,1554.45959473,1560.08898926,4596611091
2023-08-31T00:00:00Z,1560.31982422,1583.13171387,1507.89013672,1517.78283691,6080905036
2023-09-01T00:00:00Z,1517.72949219,1525.70214844,1485.85241699,1509.60974121,5658874751
2023-09-02T00:00:00Z,1509.67321777,1524.01477051,1509.13220215,1517.52087402,2728705910
2023-09-03T00:00:00Z,1517.53771973,1525.37487793,1506.07568359,1516.54370117,2921526443
2023-09-04T00:00:00Z,1516.17944336,1523.16174316,1499.31457520,1510.15100098,3602860264
2023-09-05T00:00:00Z,1510.38806152,1536.39404297,1493.22241211,1523.23352051,4118971051
2023-09-06T00:00:00Z,1523.49719238,1544.51477051,1502.71740723,1522.06384277,4650712834
2023-09-07T00:00:00Z,1522.07373047,1549.00561523,1518.25158691,1540.23571777,4587516539
2023-09-08T00:00:00Z,1540.43151855,1546.73791504,1511.68041992,1528.07092285,4294764868
2023-09-09T00:00:00Z,1527.98937988,1528.75537109,1522.02185059,1527.15979004,1944134362
2023-09-10T00:00:00Z,1527.20593262,1527.41271973,1497.29321289,1508.72119141,4049343624
2023-09-11T00:00:00Z,1508.66601562,1510.54284668,1426.55297852,1443.71191406,7158557861
2023-09-12T00:00:00Z,1443.58178711,1509.98083496,1442.23779297,1480.88769531,6336545736
2023-09-13T00:00:00Z,1481.31823730,1504.65673828,1473.01135254,1498.18701172,4639446058
2023-09-14T00:00:00Z,1498.22717285,1538.32641602,1498.08300781,1529.79357910,5208111020
2023-09-15T00:00:00Z,1529.69555664,1548.28942871,1511.74304199,1538.47473145,4075306658
2023-09-16T00:00:00Z,1538.29309082,1546.29846191,1529.98181152,1532.45947266,2642385318
2023-09-17T00:00:00Z,1532.44018555,1532.31213379,1516.06042480,1521.26770020,2842801501
2023-09-18T00:00:00Z,1521.44128418,1565.87023926,1508.79248047,1531.30419922,5533481346
2023-09-19T00:00:00Z,1531.27148438,1553.02966309,1522.88061523,1538.68322754,4124765616
2023-09-20T00:00:00Z,1538.63696289,1543.57495117,1508.82739258,1523.81311035,4841631813
2023-09-21T00:00:00Z,1523.53259277,1528.58935547,1476.64355469,1486.16235352,4870114879
2023-09-22T00:00:00Z,1485.87683105,1504.78564453,1482.00085449,1494.08740234,3245357355
2023-09-23T00:00:00Z,1494.03564453,1498.52612305,1489.45556641,1494.64013672,1970622244
2023-09-24T00:00:00Z,1494.61010742,1499.36059570,1480.65637207,1484.59045410,2898513321
2023-09-25T00:00:00Z,1484.49096680,1506.34277344,1472.38232422,1499.63085938,4149518038
2023-09-26T00:00:00Z,1499.34790039,1507.60546875,1494.55847168,1507.61169434,3353970387
2023-09-27T00:00:00Z,1507.31933594,1547.83959961,1510.97863770,1520.64550781,5266874928
2023-09-28T00:00:00Z,1520.81762695,1575.74890137,1520.05432129,1564.80065918,6303282436
2023-09-29T00:00:00Z,1564.91149902,1590.47680664,1558.68933105,1576.45715332,5226384175
2023-09-30T00:00:00Z,1576.35375977,1599.69580078,1575.15283203,1579.49853516,2982224415
2023-10-01T00:00:00Z,1579.49829102,1656.79699707,1580.35034180,1641.19030762,4784848481
2023-10-02T00:00:00Z,1640.40795898,1650.54797363,1570.75976562,1587.43835449,8034916859
2023-10-03T00:00:00Z,1586.73193359,1595.52600098,1573.70910645,1582.52075195,4530505152
2023-10-04T00:00:00Z,1582.56884766,1583.06323242,1553.66320801,1568.36120605,4880219211
2023-10-05T00:00:00Z,1568.31372070,1573.25488281,1528.16613770,1527.98742676,5123795704
2023-10-06T00:00:00Z,1527.88244629,1566.58874512,1527.88244629,1553.58264160,4664253980
2023-10-07T00:00:00Z,1553.56323242,1555.80297852,1539.73168945,1542.89697266,2434442319
2023-10-08T00:00:00Z,1543.03479004,1549.19409180,1526.36999512,1545.97729492,3137813947
2023-10-09T00:00:00Z,1545.88854980,1549.74389648,1473.82067871,1493.38806152,6636749820
2023-10-10T00:00:00Z,1493.67687988,1509.12634277,1464.39868164,1478.36120605,4955459331
2023-10-11T00:00:00Z,1478.33081055,1488.66088867,1461.90295410,1474.34692383,5098663802
2023-10-12T00:00:00Z,1474.44226074,1474.90710449,1444.36743164,1461.32934570,4749500818
2023-10-13T00:00:00Z,1461.15881348,1495.12622070,1458.49523926,1476.42358398,4352098787
2023-10-14T00:00:00Z,1476.58935547,1484.25769043,1470.38244629,1479.43652344,2310788071
2023-10-15T00:00:00Z,1479.26452637,1488.17578125,1474.96350098,1480.71166992,2778194157
2023-10-16T00:00:00Z,1480.94323730,1545.23107910,1479.17199707,1516.44860840,8382146289
2023-10-17T00:00:00Z,1516.54455566,1516.88085938,1470.68908691,1480.63037109,4760036123
2023-10-18T00:00:00Z,1480.57666016,1501.38928223,1477.51867676,1483.92199707,4131864421
2023-10-19T00:00:00Z,1484.11962891,1484.74755859,1464.40686035,1480.64501953,4756246286
2023-10-20T00:00:00Z,1480.75256348,1537.86462402,1477.78381348,1514.08337402,6366590535
2023-10-21T00:00:00Z,1514.22998047,1548.59362793,1503.49792480,1537.33020020,3974402093
2023-10-22T00:00:00Z,1537.32397461,1574.53417969,1531.54919434,1570.85510254,4956317232
2023-10-23T00:00:00Z,1581.63879395,1681.74731445,1570.06042480,1654.52893066,13460444234
2023-10-24T00:00:00Z,1655.12121582,1742.98876953,1661.27099609,1684.18420410,14996032067
2023-10-25T00:00:00Z,1684.62548828,1715.17077637,1663.80346680,1691.58056641,8933066439
2023-10-26T00:00:00Z,1691.66040039,1767.91259766,1675.46850586,1707.74328613,10599016643
2023-10-27T00:00:00Z,1707.51196289,1708.12158203,1658.15136719,1684.01184082,7089130853
2023-10-28T00:00:00Z,1684.04870605,1703.46264648,1677.75964355,1680.76965332,3998113949
2023-10-29T00:00:00Z,1680.71826172,1714.16516113,1670.77441406,1700.00134277,4126602370
2023-10-30T00:00:00Z,1700.04223633,1723.44763184,1684.84997559,1705.38940430,7098266458
2023-10-31T00:00:00Z,1705.42993164,1715.12585449,1685.85607910,1717.21667480,6124001437
2023-11-01T00:00:00Z,1716.66186523,1757.85253906,1692.28540039,1744.69445801,10039606070
2023-11-02T00:00:00Z,1744.85522461,1767.84741211,1686.32751465,1696.17602539,8481909235
2023-11-03T00:00:00Z,1696.45434570,1709.27819824,1675.85253906,1707.15710449,7100316724
2023-11-04T00:00:00Z,1707.69140625,1739.26062012,1700.58239746,1730.35339355,4512950164
2023-11-05T00:00:00Z,1730.07116699,1780.56787109,1721.89721680,1765.04431152,8262732052
2023-11-06T00:00:00Z,1764.92260742,1783.03552246,1743.87951660,1772.50073242,7560943785
2023-11-07T00:00:00Z,1773.21203613,1783.55847168,1734.39208984,1765.28662109,8604484535
2023-11-08T00:00:00Z,1764.34680176,1778.51098633,1754.11730957,1763.85815430,6303271722
2023-11-09T00:00:00Z,1763.50134277,1997.82006836,1760.11059570,1987.90930176,23163980056
2023-11-10T00:00:00Z,1988.38403320,2000.40441895,1936.20178223,1942.78112793,13779506261
2023-11-11T00:00:00Z,1942.56469727,1953.28894043,1902.39074707,1918.87280273,9561442248
2023-11-12T00:00:00Z,1919.25122070,1933.50036621,1887.38342285,1913.12109375,7437583068
2023-11-13T00:00:00Z,1913.27770996,1978.47839355,1901.02929688,1920.53027344,13383133104
2023-11-14T00:00:00Z,1920.06311035,1929.49536133,1784.08947754,1819.35107422,12031724343
2023-11-15T00:00:00Z,1819.73706055,1901.23266602,1810.15051270,1898.25012207,11632609805
2023-11-16T00:00:00Z,1897.84240723,1924.86730957,1787.28430176,1806.73278809,13499826372
2023-11-17T00:00:00Z,1807.64123535,1833.62463379,1756.60107422,1796.51354980,10883471428
2023-11-18T00:00:00Z,1796.87121582,1805.83972168,1759.67395020,1798.34948730,7387163527
2023-11-19T00:00:00Z,1798.25329590,1847.68127441,1781.50976562,1846.04199219,7075362136
2023-11-20T00:00:00Z,1844.80310059,1889.44677734,1827.34460449,1847.55200195,11755020993
2023-11-21T00:00:00Z,1847.53210449,1858.15661621,1774.35510254,1774.35510254,12506620424
2023-11-22T00:00:00Z,1771.16406250,1918.95751953,1770.77929688,1896.07336426,12281710999
2023-11-23T00:00:00Z,1895.59606934,1911.58911133,1871.23876953,1891.20812988,7179288215
2023-11-24T00:00:00Z,1891.39245605,1949.75952148,1890.22265625,1901.23645020,11091546505
2023-11-25T00:00:00Z,1901.36816406,1910.54614258,1889.14587402,1904.21557617,4899024598
2023-11-26T00:00:00Z,1904.00024414,1912.47717285,1861.79467773,1886.03552246,7362849234
2023-11-27T00:00:00Z,1885.21704102,1894.21948242,1815.01477051,1849.98583984,9649344991
2023-11-28T00:00:00Z,1850.07702637,1886.32006836,1823.39733887,1862.34008789,9006307594
2023-11-29T00:00:00Z,1862.20263672,1885.89819336,1842.87145996,1849.85009766,8151609549
2023-11-30T00:00:00Z,1849.32995605,1885.56896973,1850.76489258,1884.50305176,7443963925
2023-12-01T00:00:00Z,1884.08129883,1935.78125000,1877.33544922,1916.11145020,9976414879
2023-12-02T00:00:00Z,1916.59204102,2005.02734375,1916.35754395,1989.30737305,8386476163
2023-12-03T00:00:00Z,1989.48352051,2032.95019531,1976.46325684,2015.15795898,7604722844
2023-12-04T00:00:00Z,2015.13208008,2091.89916992,2015.21154785,2069.89379883,14901586282
2023-12-05T00:00:00Z,2069.78002930,2138.50439453,2027.40771484,2124.81298828,14249524708
2023-12-06T00:00:00Z,2124.61523438,2140.77880859,2066.73315430,2072.80273438,11880125606
2023-12-07T00:00:00Z,2074.24829102,2205.98168945,2065.07397461,2184.96484375,13685703581
2023-12-08T00:00:00Z,2184.58447266,2212.42358398,2180.38720703,2189.37500000,11642838365
2023-12-09T00:00:00Z,2189.33227539,2229.31396484,2164.25244141,2173.07885742,9851276962
2023-12-10T00:00:00Z,2173.32470703,2210.27270508,2156.58520508,2185.20019531,6845622342
2023-12-11T00:00:00Z,2185.23193359,2187.30761719,2007.13464355,2066.40673828,16710177854
2023-12-12T00:00:00Z,2066.23242188,2082.51831055,2007.82885742,2039.20605469,10548803564
2023-12-13T00:00:00Z,2039.72680664,2099.21386719,1994.33203125,2077.27612305,11556261173
2023-12-14T00:00:00Z,2077.35644531,2121.03002930,2050.30102539,2107.19042969,11469047486
2023-12-15T00:00:00Z,2106.76416016,2108.80346680,2029.85046387,2034.50207520,9404734192
2023-12-16T00:00:00Z,2035.49047852,2072.52050781,2029.19750977,2041.45922852,6294681227
2023-12-17T00:00:00Z,2041.42797852,2059.07153320,2015.84326172,2016.04467773,6801699890
2023-12-18T00:00:00Z,2014.99877930,2034.12756348,1942.74694824,2029.82067871,9490128762
2023-12-19T00:00:00Z,2030.70642090,2060.69213867,1949.64099121,1983.60424805,9671938187
2023-12-20T00:00:00Z,1983.02758789,2063.95263672,1975.13122559,2011.88647461,11560398110
2023-12-21T00:00:00Z,2011.77563477,2074.17968750,1995.36621094,2034.77429199,11462963300
2023-12-22T00:00:00Z,2034.82507324,2125.56787109,2030.79492188,2110.01147461,14635465756
2023-12-23T00:00:00Z,2110.18481445,2115.04223633,2059.13598633,2094.08789062,7251414458
2023-12-24T00:00:00Z,2094.61425781,2109.96093750,2042.89587402,2056.54150391,8578377057
2023-12-25T00:00:00Z,2056.22241211,2088.15747070,2048.16381836,2062.43164062,7293233967
2023-12-26T00:00:00Z,2062.12036133,2063.01879883,1976.30029297,2020.71459961,9660987287
2023-12-27T00:00:00Z,2020.64916992,2153.67553711,2007.65039062,2141.39892578,12748380775
2023-12-28T00:00:00Z,2142.71362305,2199.46923828,2113.80712891,2121.08227539,14149907810
2023-12-29T00:00:00Z,2120.42968750,2157.69970703,2046.92272949,2081.03686523,11340026955
2023-12-30T00:00:00Z,2080.77368164,2100.33105469,2053.28710938,2073.23486328,6230558745
2023-12-31T00:00:00Z,2073.12646484,2097.15747070,2048.80053711,2066.99023438,6225493745
2024-01-01T00:00:00Z,2068.25781250,2131.36914062,2053.89550781,2131.36914062,6257999647
2024-01-02T00:00:00Z,2131.60986328,2203.89404297,2128.05664062,2153.11450195,11799578441
2024-01-03T00:00:00Z,2153.24682617,2179.31542969,1935.63684082,2023.35778809,17694100134
2024-01-04T00:00:00Z,2023.14477539,2096.31958008,2018.68249512,2072.85498047,10089640771
2024-01-05T00:00:00Z,2073.19384766,2078.34472656,2018.44738770,2070.93457031,9914421211
2024-01-06T00:00:00Z,2071.74951172,2073.41040039,2026.32812500,2046.26708984,5450391543
2024-01-07T00:00:00Z,2046.62133789,2059.83007812,2020.72021484,2031.55932617,5931500131
2024-01-08T00:00:00Z,2031.55187988,2151.95703125,1985.54760742,2130.64208984,12630509689
2024-01-09T00:00:00Z,2130.49169922,2168.42578125,2050.95312500,2144.93994141,13621721387
2024-01-10T00:00:00Z,2145.02832031,2394.08203125,2142.30175781,2352.86962891,26463800880
2024-01-11T00:00:00Z,2354.75390625,2458.83935547,2339.23437500,2385.27832031,20555755598
2024-01-12T00:00:00Z,2384.87597656,2467.24560547,2244.55102539,2302.49951172,21546736819
2024-01-13T00:00:00Z,2301.10742188,2361.43750000,2278.90795898,2350.05322266,11173220006
2024-01-14T00:00:00Z,2351.33544922,2351.63500977,2257.03149414,2258.73608398,8593311482
2024-01-15T00:00:00Z,2258.21118164,2329.51293945,2257.43823242,2294.47216797,8862844790
2024-01-16T00:00:00Z,2293.79956055,2403.33422852,2299.06616211,2378.70654297,10169832543
2024-01-17T00:00:00Z,2378.11230469,2383.73388672,2305.02661133,2322.53491211,9591014284
2024-01-18T00:00:00Z,2322.74047852,2340.54125977,2232.56396484,2267.12377930,10935804505
2024-01-19T00:00:00Z,2268.65844727,2296.43823242,2218.73779297,2282.99462891,10459210534
2024-01-20T00:00:00Z,2283.31469727,2283.31469727,2252.36254883,2264.73681641,4858371481
2024-01-21T00:00:00Z,2264.92871094,2274.06445312,2251.59155273,2253.00146484,4203614142
2024-01-22T00:00:00Z,2253.98779297,2259.63134766,2116.52270508,2124.22705078,12799427161
2024-01-23T00:00:00Z,2124.34228516,2155.18994141,1994.68664551,2063.75463867,14904356606
2024-01-24T00:00:00Z,2064.73461914,2074.67333984,2019.48620605,2052.66772461,9313921882
2024-01-25T00:00:00Z,2053.04296875,2057.16040039,2006.43212891,2044.77319336,8576857813
2024-01-26T00:00:00Z,2044.52575684,2098.77856445,2029.78466797,2086.97338867,9182165583
2024-01-27T00:00:00Z,2087.08325195,2101.09814453,2073.33642578,2087.60498047,4735426045
2024-01-28T00:00:00Z,2087.88745117,2123.51635742,2068.20971680,2081.83959961,6729350163
2024-01-29T00:00:00Z,2081.64257812,2141.84472656,2070.73583984,2138.71264648,8259426095
2024-01-30T00:00:00Z,2139.05566406,2202.48852539,2119.99731445,2162.15527344,9382221108
2024-01-31T00:00:00Z,2161.29321289,2166.87500000,2094.36352539,2112.67309570,10003538988
2024-02-01T00:00:00Z,2112.33129883,2126.19140625,2075.78857422,2118.58129883,8180315961
2024-02-02T00:00:00Z,2118.47192383,2134.73754883,2113.59838867,2137.35864258,6654727810
2024-02-03T00:00:00Z,2137.30517578,2155.23950195,2123.93115234,2126.24609375,4304052611
2024-02-04T00:00:00Z,2126.31909180,2136.63208008,2106.01538086,2123.92944336,5044729631
2024-02-05T00:00:00Z,2123.61352539,2172.87426758,2107.34277344,2140.25415039,6774914025
2024-02-06T00:00:00Z,2140.31567383,2222.76293945,2137.94262695,2205.24145508,8850786530
2024-02-07T00:00:00Z,2205.29809570,2267.73144531,2186.63305664,2249.28149414,8965246834
2024-02-08T00:00:00Z,2249.59252930,2287.02124023,2238.67822266,2245.28857422,9224448375
2024-02-09T00:00:00Z,2245.16528320,2337.87695312,2244.73071289,2306.54882812,12642314896
2024-02-10T00:00:00Z,2306.67382812,2333.62817383,2295.73901367,2319.26391602,6003428347
2024-02-11T00:00:00Z,2319.17260742,2353.06298828,2313.68750000,2322.21850586,6804159444
2024-02-12T00:00:00Z,2322.22631836,2472.08081055,2296.79833984,2467.64062500,12089516454
2024-02-13T00:00:00Z,2469.00561523,2492.35864258,2425.60205078,2467.37304688,17062375458
2024-02-14T00:00:00Z,2466.90625000,2597.84741211,2446.86865234,2588.40771484,19985832072
2024-02-15T00:00:00Z,2588.12744141,2657.76489258,2576.37280273,2621.76635742,22031841406
2024-02-16T00:00:00Z,2622.78906250,2655.27465820,2561.36645508,2601.57324219,15827467244
2024-02-17T00:00:00Z,2601.61450195,2602.90698242,2527.98608398,2585.78149414,16639634673
2024-02-18T00:00:00Z,2585.81591797,2684.68896484,2568.37426758,2669.71801758,21658048449
2024-02-19T00:00:00Z,2671.84985352,2768.12036133,2653.46362305,2731.65795898,14071472768
2024-02-20T00:00:00Z,2732.15136719,2804.59960938,2668.41772461,2787.71386719,18817483863
2024-02-21T00:00:00Z,2789.70239258,2791.60400391,2660.68798828,2745.15795898,17464450435
2024-02-22T00:00:00Z,2744.45947266,2800.52636719,2684.77368164,2744.42651367,16681663668
2024-02-23T00:00:00Z,2743.62475586,2764.24267578,2686.84887695,2697.12890625,11837291253
2024-02-24T00:00:00Z,2697.41015625,2772.39965820,2684.24389648,2762.42114258,9879264055
2024-02-25T00:00:00Z,2762.40332031,2879.85595703,2755.04248047,2877.10961914,13513887050
2024-02-26T00:00:00Z,2876.95410156,2947.35620117,2802.50708008,2929.86865234,16132709498
2024-02-27T00:00:00Z,2929.32617188,3028.16015625,2920.35961914,2992.76733398,19453854528
2024-02-28T00:00:00Z,2992.18969727,3214.57910156,2953.46972656,3123.77563477,30341742827
2024-02-29T00:00:00Z,3124.78955078,3247.83959961,3057.92968750,3092.65917969,26345769499
2024-03-01T00:00:00Z,3092.70190430,3186.79809570,3092.54223633,3167.29150391,15564298037
2024-03-02T00:00:00Z,3168.31054688,3190.06005859,3133.95483398,3155.30102539,11087043266
2024-03-03T00:00:00Z,3156.06201172,3220.60644531,3107.09057617,3219.86206055,12583702029
2024-03-04T00:00:00Z,3218.33691406,3353.98779297,3176.76293945,3344.83496094,24666788312
2024-03-05T00:00:00Z,3346.21240234,3523.34228516,2970.75854492,3274.76245117,43946641347
2024-03-06T00:00:00Z,3273.93627930,3586.37011719,3227.79736328,3504.35791016,32058196101
2024-03-07T00:00:00Z,3503.51806641,3598.52758789,3429.87744141,3537.88378906,20506906456
2024-03-08T00:00:00Z,3538.32495117,3651.28833008,3496.31420898,3556.50317383,23882189899
2024-03-09T00:00:00Z,3556.55639648,3609.80908203,3546.08422852,3577.84716797,10898357984
2024-03-10T00:00:00Z,3578.00415039,3626.55615234,3474.73071289,3546.78564453,14423965649
2024-03-11T00:00:00Z,3546.82641602,3741.18750000,3421.84228516,3720.22387695,26353668511
2024-03-12T00:00:00Z,3720.44824219,3742.88500977,3509.32128906,3642.64257812,24633748563
2024-03-13T00:00:00Z,3642.63525391,3735.61279297,3599.20703125,3657.81909180,20111250178
2024-03-14T00:00:00Z,3657.16918945,3663.39624023,3419.89208984,3568.06616211,23371055707
2024-03-15T00:00:00Z,3567.80566406,3611.48754883,3280.96435547,3429.86596680,30766035517
2024-03-16T00:00:00Z,3430.67822266,3471.80639648,3184.56372070,3234.86645508,18548517709
2024-03-17T00:00:00Z,3235.02221680,3376.67382812,3132.67382812,3346.69995117,18320009162
2024-03-18T00:00:00Z,3346.59521484,3346.77734375,3178.53930664,3235.40307617,19462364884
2024-03-19T00:00:00Z,3235.73632812,3261.40502930,2898.86181641,2907.02954102,31455485430
2024-03-20T00:00:00Z,2907.74658203,3232.13574219,2815.67187500,3212.22851562,33467545220
2024-03-21T00:00:00Z,3212.79931641,3292.47729492,3141.40820312,3215.64770508,20449884277
2024-03-22T00:00:00Z,3215.56176758,3268.17675781,2998.64038086,3070.15991211,18948502348
2024-03-23T00:00:00Z,3071.91381836,3162.31958008,3014.37573242,3072.83642578,12195346581
2024-03-24T00:00:00Z,3072.90258789,3210.50244141,3040.31127930,3196.58203125,11248582682
2024-03-25T00:00:00Z,3196.81250000,3374.74536133,3167.18188477,3313.52392578,17166954792
2024-03-26T00:00:00Z,3313.70971680,3391.21142578,3273.95874023,3311.72265625,17082976156
2024-03-27T00:00:00Z,3311.54614258,3387.49121094,3197.52490234,3236.73144531,17341912713
2024-03-28T00:00:00Z,3236.82495117,3342.14306641,3201.88037109,3299.90576172,15214519333
2024-03-29T00:00:00Z,3299.64428711,3324.35253906,3221.59082031,3251.64111328,11770906545
2024-03-30T00:00:00Z,3251.66088867,3301.89819336,3231.35961914,3248.06542969,8693496549
2024-03-31T00:00:00Z,3248.07202148,3386.65917969,3247.41577148,3379.71704102,9728077140
2024-04-01T00:00:00Z,3379.68310547,3379.96972656,3183.18139648,3264.58496094,14904354712
2024-04-02T00:00:00Z,3264.38769531,3267.25146484,2986.41528320,3043.44335938,20501643001
2024-04-03T00:00:00Z,3043.52661133,3109.19482422,2977.24658203,3055.41430664,14772848632
2024-04-04T00:00:00Z,3055.46386719,3171.06665039,3000.03540039,3072.98803711,13358873612
2024-04-05T00:00:00Z,3072.95605469,3087.46142578,2964.63549805,3060.67578125,14030763108
2024-04-06T00:00:00Z,3060.65722656,3133.25976562,3051.54443359,3093.22827148,8260077893
2024-04-07T00:00:00Z,3093.25585938,3192.71850586,3085.78710938,3188.74975586,9169789746
2024-04-08T00:00:00Z,3188.75341797,3432.15820312,3144.82446289,3402.13037109,17543422404
2024-04-09T00:00:00Z,3402.17553711,3430.24023438,3183.41870117,3227.91894531,16833916842
2024-04-10T00:00:00Z,3227.91210938,3315.66113281,3143.19873047,3299.21923828,15708281418
2024-04-11T00:00:00Z,3298.95410156,3367.03491211,3244.76416016,3267.94262695,13123739564
2024-04-12T00:00:00Z,3268.01879883,3315.59228516,2915.92700195,3042.77758789,20739893861
2024-04-13T00:00:00Z,3042.68920898,3095.90966797,2685.64086914,2819.34790039,28082205470
2024-04-14T00:00:00Z,2819.95507812,2981.76757812,2734.45727539,2965.28710938,23939038118
2024-04-15T00:00:00Z,2965.18212891,3075.15576172,2848.78125000,2919.21093750,20636493973
2024-04-16T00:00:00Z,2918.77807617,2945.77636719,2824.87426758,2904.53247070,18304575262
2024-04-17T00:00:00Z,2904.53564453,2940.06347656,2743.57763672,2797.52856445,16600998639
2024-04-18T00:00:00Z,2797.50781250,2904.96728516,2771.02954102,2880.85791016,14266768005
2024-04-19T00:00:00Z,2880.78784180,2937.18969727,2701.41015625,2869.19335938,19132450331
2024-04-20T00:00:00Z,2869.38037109,2973.66625977,2834.02929688,2961.43115234,9302357220
2024-04-21T00:00:00Z,2961.37841797,2998.83251953,2923.87207031,2953.03149414,8814547485
2024-04-22T00:00:00Z,2953.38354492,3035.79858398,2934.81787109,3004.85302734,11322317464
2024-04-23T00:00:00Z,3004.79345703,3048.45849609,2954.32055664,3008.55004883,10328806928
2024-04-24T00:00:00Z,3008.59252930,3081.50952148,2904.13671875,2934.41186523,13084395403
2024-04-25T00:00:00Z,2934.24267578,2973.83032227,2866.32373047,2942.58666992,13040965702
2024-04-26T00:00:00Z,2942.46972656,2958.33154297,2904.86840820,2926.89184570,9932519501
2024-04-27T00:00:00Z,2926.48242188,3065.90991211,2871.88720703,3040.40332031,11051075124
2024-04-28T00:00:00Z,3040.47558594,3132.96459961,3037.58081055,3047.26196289,10627574243
2024-04-29T00:00:00Z,3046.85668945,3066.93579102,2913.33520508,3000.91162109,14029370470
2024-04-30T00:00:00Z,3000.86694336,3032.65478516,2734.39501953,2824.14843750,17125999213
2024-05-01T00:00:00Z,2822.95654297,2831.44287109,2640.30249023,2770.87158203,18665138702
2024-05-02T00:00:00Z,2770.88037109,2811.10327148,2700.47045898,2784.81762695,12268073915
2024-05-03T00:00:00Z,2784.78613281,2905.26171875,2756.32617188,2882.10449219,11944466456
2024-05-04T00:00:00Z,2882.17626953,2941.53710938,2875.34887695,2895.13745117,7692221204
2024-05-05T00:00:00Z,2895.19335938,2942.64794922,2856.14306641,2916.09179688,8164267281
2024-05-06T00:00:00Z,2916.33447266,2988.65234375,2829.99072266,2843.62719727,12077978940
2024-05-07T00:00:00Z,2843.64794922,2907.44848633,2793.55346680,2796.86840820,10924100020
2024-05-08T00:00:00Z,2796.62524414,2827.32568359,2734.51635742,2767.00292969,10972200596
2024-05-09T00:00:00Z,2767.29541016,2835.77636719,2750.40795898,2815.87255859,10074325665
2024-05-10T00:00:00Z,2816.06811523,2831.79418945,2673.90576172,2699.55883789,11391520878
2024-05-11T00:00:00Z,2699.60913086,2729.60620117,2679.41943359,2701.23876953,6304911490
2024-05-12T00:00:00Z,2701.29101562,2737.38061523,2690.24829102,2719.27343750,5486398905
2024-05-13T00:00:00Z,2719.37744141,2776.94458008,2660.19433594,2732.88842773,12372261968
2024-05-14T00:00:00Z,2732.75268555,2743.75122070,2647.10766602,2664.28759766,11507792521
2024-05-15T00:00:00Z,2664.34912109,2793.34667969,2648.22167969,2789.27221680,13470274345
2024-05-16T00:00:00Z,2788.31494141,2793.90283203,2691.48706055,2709.92993164,11994439891
2024-05-17T00:00:00Z,2709.93554688,2870.87109375,2702.35571289,2843.95922852,13281201027
2024-05-18T00:00:00Z,2844.35864258,2892.37255859,2838.06347656,2870.45874023,8646491221
2024-05-19T00:00:00Z,2870.34423828,2883.51000977,2812.92919922,2825.33056641,8045798534
2024-05-20T00:00:00Z,2825.34521484,3398.53076172,2805.31933594,3373.58300781,28754063015
2024-05-21T00:00:00Z,3372.80566406,3535.41381836,3340.78759766,3491.17358398,34682073180
2024-05-22T00:00:00Z,3491.22875977,3510.93920898,3373.55761719,3452.31469727,23238081483
2024-05-23T00:00:00Z,3452.27832031,3634.02050781,3286.41113281,3493.41992188,42199007803
2024-05-24T00:00:00Z,3493.47998047,3538.12744141,3356.45288086,3433.85595703,20506810632
2024-05-25T00:00:00Z,3433.89379883,3479.06884766,3418.73974609,3455.99389648,9217885592
2024-05-26T00:00:00Z,3455.94165039,3576.20874023,3440.12646484,3526.65869141,13504897527
2024-05-27T00:00:00Z,3526.87060547,3659.19653320,3522.67333984,3583.25781250,17445962169
2024-05-28T00:00:00Z,3583.34082031,3607.98779297,3473.77832031,3538.98437500,18289102301
2024-05-29T00:00:00Z,3538.96484375,3578.03540039,3464.06738281,3484.05004883,16119872665
2024-05-30T00:00:00Z,3484.19921875,3526.84838867,3424.89746094,3459.24536133,13909410232
2024-05-31T00:00:00Z,3459.25634766,3536.36425781,3433.78198242,3463.06738281,14083071691
2024-06-01T00:00:00Z,3462.93627930,3527.19018555,3453.68505859,3512.36425781,7977730326
2024-06-02T00:00:00Z,3512.43505859,3532.36425781,3456.37524414,3483.84594727,10252706794
2024-06-03T00:00:00Z,3483.80786133,3546.37597656,3453.77465820,3453.13867188,12911216576
2024-06-04T00:00:00Z,3453.21850586,3521.21215820,3425.40209961,3503.48852539,12250892076
2024-06-05T00:00:00Z,3503.52978516,3574.99047852,3473.82763672,3553.69409180,14235919547
2024-06-06T00:00:00Z,3553.69628906,3560.72680664,3453.99804688,3499.54589844,12492599244
2024-06-07T00:00:00Z,3499.60107422,3522.14428711,3347.16381836,3403.83544922,16859230808
2024-06-08T00:00:00Z,3402.69848633,3430.54711914,3395.51586914,3405.98291016,8416613747
2024-06-09T00:00:00Z,3405.96997070,3451.04882812,3394.11474609,3438.13378906,7339176190
2024-06-10T00:00:00Z,3438.10913086,3453.37670898,3389.30541992,3406.63720703,9641238228
2024-06-11T00:00:00Z,3406.30395508,3409.53784180,3198.58593750,3257.27099609,17862759931
2024-06-12T00:00:00Z,3256.86743164,3374.04443359,3225.23413086,3291.94140625,15853793154
2024-06-13T00:00:00Z,3292.04101562,3292.04101562,3191.28759766,3231.00048828,13478375531
2024-06-14T00:00:00Z,3229.77954102,3291.32836914,3147.37548828,3245.73291016,14729511458
2024-06-15T00:00:00Z,3245.27929688,3349.55517578,3239.37329102,3326.84667969,11881171338
2024-06-16T00:00:00Z,3327.97778320,3407.72363281,3304.43920898,3382.91333008,9229980637
2024-06-17T00:00:00Z,3384.61401367,3395.02221680,3234.60375977,3269.43457031,16609706225
2024-06-18T00:00:00Z,3268.67675781,3272.03979492,3142.95263672,3244.07373047,19576585911
2024-06-19T00:00:00Z,3242.83471680,3337.18164062,3228.11181641,3311.88378906,14213353416
2024-06-20T00:00:00Z,3311.88378906,3376.67211914,3255.49633789,3279.52026367,15052282996
2024-06-21T00:00:00Z,3279.68969727,3312.87402344,3225.11279297,3288.51171875,14902130887
2024-06-22T00:00:00Z,3288.95654297,3291.71215820,3251.97094727,3268.47167969,6942907505
2024-06-23T00:00:00Z,3268.60327148,3291.39575195,3188.30322266,3198.57641602,8811952084
2024-06-24T00:00:00Z,3198.73657227,3208.90429688,3024.12304688,3121.66845703,21559056569
2024-06-25T00:00:00Z,3121.94726562,3196.37475586,3107.70483398,3170.14916992,12358849963
2024-06-26T00:00:00Z,3169.53686523,3192.78149414,3115.02416992,3154.85156250,10949178025
2024-06-27T00:00:00Z,3154.29809570,3237.77075195,3148.32031250,3217.08203125,10993656929
2024-06-28T00:00:00Z,3217.73413086,3257.71118164,3137.48510742,3146.99853516,11997159054
2024-06-29T00:00:00Z,3147.04882812,3173.20532227,3143.18969727,3146.37524414,6142432260
2024-06-30T00:00:00Z,3146.47583008,3215.80322266,3127.08129883,3197.78759766,7821387463
2024-07-01T00:00:00Z,3197.52539062,3268.72460938,3189.76025391,3204.29980469,11438914567
2024-07-02T00:00:00Z,3203.40551758,3223.68115234,3168.67407227,3178.54223633,8765909163
2024-07-03T00:00:00Z,3178.44946289,3187.58203125,3016.68725586,3051.49658203,14939389538
2024-07-04T00:00:00Z,3050.47802734,3066.71850586,2825.49707031,2825.49707031,18734001109
2024-07-05T00:00:00Z,2828.55981445,2871.57275391,2609.96557617,2748.69409180,28700102079
2024-07-06T00:00:00Z,2749.05297852,2841.29760742,2726.38159180,2831.39990234,10687973595
2024-07-07T00:00:00Z,2829.58007812,2834.56982422,2700.71484375,2705.88671875,10029529573
2024-07-08T00:00:00Z,2706.32495117,2851.96948242,2610.81274414,2787.19824219,20891880233
2024-07-09T00:00:00Z,2787.26416016,2870.06713867,2774.72216797,2833.19775391,14119553913
2024-07-10T00:00:00Z,2835.14379883,2908.25341797,2799.27978516,2863.80712891,13458278524
2024-07-11T00:00:00Z,2862.99145508,2944.70166016,2820.80151367,2851.13232422,14005931128
2024-07-12T00:00:00Z,2850.81909180,2893.62451172,2799.57006836,2869.71411133,11675718846
2024-07-13T00:00:00Z,2870.07299805,2930.25927734,2852.24536133,2909.38940430,7843144601
2024-07-14T00:00:00Z,2908.97070312,3001.01049805,2899.52954102,2980.05322266,9661704829
2024-07-15T00:00:00Z,2981.93872070,3206.39062500,2972.29345703,3201.94726562,16796770177
2024-07-16T00:00:00Z,3198.81958008,3210.51513672,3074.84228516,3158.58007812,18754805169
2024-07-17T00:00:00Z,3161.53637695,3226.52832031,3092.04833984,3097.43823242,15300145170
2024-07-18T00:00:00Z,3096.77807617,3194.77734375,3092.83447266,3143.22558594,13793574376
2024-07-19T00:00:00Z,3142.90478516,3254.15820312,3104.45190430,3218.45385742,16254724202
2024-07-20T00:00:00Z,3218.44140625,3250.15258789,3197.11279297,3231.23046875,9512185011
2024-07-21T00:00:00Z,3231.35083008,3257.70458984,3137.03393555,3244.92041016,12703958104
2024-07-22T00:00:00Z,3244.94042969,3267.88940430,3145.68212891,3159.50952148,17194449833
2024-07-23T00:00:00Z,3159.82958984,3255.59399414,3128.41186523,3209.28247070,22552015651
2024-07-24T00:00:00Z,3209.42626953,3214.86279297,3047.58618164,3078.17358398,14799697089
2024-07-25T00:00:00Z,3078.19458008,3083.13183594,2847.72973633,2925.32055664,23308869695
2024-07-26T00:00:00Z,2924.97363281,3022.08178711,2923.07324219,3013.05957031,14710399560
2024-07-27T00:00:00Z,3013.00463867,3060.68676758,2939.20410156,2987.26684570,13979882114
2024-07-28T00:00:00Z,2987.17407227,3019.96142578,2945.09716797,3014.49121094,8255488423
2024-07-29T00:00:00Z,3014.48071289,3133.71679688,3010.94702148,3069.07470703,16946354323
2024-07-30T00:00:00Z,3069.16357422,3112.47583008,2993.35620117,3031.41040039,12986525118
2024-07-31T00:00:00Z,3031.42773438,3087.51855469,2970.00683594,2985.34887695,14907252275
2024-08-01T00:00:00Z,2985.30541992,2994.44921875,2854.22875977,2968.16406250,18743733197
2024-08-02T00:00:00Z,2968.19628906,2980.78906250,2715.74926758,2734.31909180,19596393964
2024-08-03T00:00:00Z,2734.26220703,2762.14697266,2620.96728516,2659.63183594,16345990735
2024-08-04T00:00:00Z,2659.35986328,2685.36010742,2417.96191406,2462.19189453,19375290291
2024-08-05T00:00:00Z,2461.85156250,2470.99316406,1944.53674316,2207.36376953,61793726348
2024-08-06T00:00:00Z,2207.42163086,2337.32080078,2206.74340820,2250.34936523,23834962809
2024-08-07T00:00:00Z,2250.59204102,2336.62744141,2116.99389648,2138.24804688,22204550410
2024-08-08T00:00:00Z,2138.54589844,2492.95092773,2124.93554688,2458.41528320,21501014735
2024-08-09T00:00:00Z,2458.75170898,2477.74804688,2339.27929688,2379.76342773,16392824221
2024-08-10T00:00:00Z,2379.74853516,2419.42675781,2362.42822266,2388.92773438,8568042705
2024-08-11T00:00:00Z,2388.87915039,2488.48828125,2330.93994141,2339.68554688,12458251242
2024-08-12T00:00:00Z,2339.90942383,2514.66674805,2302.36962891,2491.25048828,19799824289
2024-08-13T00:00:00Z,2491.13305664,2503.87304688,2393.03442383,2458.77856445,14899108852
2024-08-14T00:00:00Z,2458.70141602,2517.58227539,2390.93530273,2418.32617188,14371805595
2024-08-15T00:00:00Z,2418.29931641,2435.28784180,2295.67260742,2342.29833984,14897057142
2024-08-16T00:00:00Z,2342.29589844,2387.87207031,2325.85327148,2350.71044922,12034230172
2024-08-17T00:00:00Z,2350.69287109,2381.06591797,2346.72070312,2370.07348633,6052276159
2024-08-18T00:00:00Z,2369.67724609,2433.06079102,2353.92724609,2370.45874023,8351497945
2024-08-19T00:00:00Z,2369.87939453,2399.15234375,2324.68725586,2379.03491211,10796842708
2024-08-20T00:00:00Z,2379.03491211,2434.23486328,2301.23657227,2312.34570312,11906767561
2024-08-21T00:00:00Z,2312.34765625,2388.23510742,2283.55053711,2358.90136719,11444030552
2024-08-22T00:00:00Z,2358.42504883,2375.12573242,2321.82055664,2359.58862305,9646588010
2024-08-23T00:00:00Z,2359.55688477,2498.82177734,2359.52294922,2467.68359375,15047563485
2024-08-24T00:00:00Z,2468.60717773,2517.08837891,2445.97338867,2474.21704102,10511764075
2024-08-25T00:00:00Z,2473.95678711,2494.92871094,2444.46557617,2456.89746094,8378831731
2024-08-26T00:00:00Z,2456.97778320,2467.37646484,2390.94091797,2401.63110352,11000810703
2024-08-27T00:00:00Z,2401.88403320,2418.06518555,2146.89062500,2199.78076172,16130236278
2024-08-28T00:00:00Z,2199.94018555,2296.50244141,2167.38110352,2272.83056641,18301500763
2024-08-29T00:00:00Z,2272.78271484,2343.19360352,2263.26416016,2282.24291992,12586698774
2024-08-30T00:00:00Z,2282.18823242,2297.52343750,2201.44750977,2283.51489258,14036757085
2024-08-31T00:00:00Z,2283.54833984,2289.45263672,2254.47949219,2272.40454102,6009560247
2024-09-01T00:00:00Z,2272.43212891,2274.27929688,2174.43750000,2198.24951172,10684251137
2024-09-02T00:00:00Z,2198.31372070,2315.03295898,2196.61376953,2293.42480469,11313072746
2024-09-03T00:00:00Z,2293.40063477,2305.97485352,2190.28955078,2190.94897461,10324580028
2024-09-04T00:00:00Z,2190.57666016,2245.22924805,2093.81030273,2210.27758789,15080932672
2024-09-05T00:00:00Z,2210.28637695,2224.70434570,2114.82006836,2130.88574219,12268642669
2024-09-06T00:00:00Z,2130.85278320,2166.13281250,1940.20556641,2005.26940918,23286960081
2024-09-07T00:00:00Z,2005.31701660,2083.10253906,2003.66821289,2050.56225586,10031059323
2024-09-08T00:00:00Z,2050.86035156,2103.57128906,2023.33496094,2072.11914062,9667853812
2024-09-09T00:00:00Z,2072.66333008,2156.15112305,2059.63012695,2137.13867188,14396650638
2024-09-10T00:00:00Z,2137.15258789,2175.83642578,2107.82519531,2168.36791992,11611258825
2024-09-11T00:00:00Z,2168.38867188,2168.49267578,2070.91235352,2125.13525391,13946174206
2024-09-12T00:00:00Z,2125.13476562,2170.68627930,2097.74853516,2131.78198242,10978188665
2024-09-13T00:00:00Z,2131.74511719,2221.24389648,2110.42993164,2202.12719727,12410054011
2024-09-14T00:00:00Z,2202.10327148,2203.22460938,2153.82666016,2182.00317383,7371054956
2024-09-15T00:00:00Z,2181.70556641,2192.99072266,2062.56152344,2093.26123047,9159411686
2024-09-16T00:00:00Z,2093.25878906,2099.08325195,2032.36181641,2062.37451172,15112355501
2024-09-17T00:00:00Z,2062.37500000,2151.38891602,2034.91894531,2105.00097656,13804474080
2024-09-18T00:00:00Z,2105.02343750,2132.19213867,2046.30676270,2132.19213867,16338828924
2024-09-19T00:00:00Z,2131.87329102,2232.15039062,2131.87329102,2208.66674805,16521546176
2024-09-20T00:00:00Z,2208.69384766,2304.70068359,2185.70703125,2291.68554688,17102409949
2024-09-21T00:00:00Z,2291.51342773,2346.91577148,2264.83422852,2341.75463867,9666374926
2024-09-22T00:00:00Z,2341.74633789,2356.24121094,2265.25244141,2314.65039062,11811943422
2024-09-23T00:00:00Z,2314.57177734,2428.73535156,2278.19482422,2383.74218750,17921935654
2024-09-24T00:00:00Z,2383.68432617,2387.47143555,2323.43847656,2371.84399414,14885765111
2024-09-25T00:00:00Z,2371.84985352,2388.36840820,2297.73681641,2317.56762695,12686506772
2024-09-26T00:00:00Z,2317.41406250,2386.57519531,2298.82617188,2355.02148438,15510497249
2024-09-27T00:00:00Z,2355.05908203,2447.28955078,2342.73364258,2413.19506836,15237901271
2024-09-28T00:00:00Z,2413.11914062,2421.27636719,2374.12207031,2397.43286133,9180033124
2024-09-29T00:00:00Z,2397.51293945,2402.04614258,2359.20434570,2380.95849609,9961490036
2024-09-30T00:00:00Z,2380.90991211,2383.72631836,2317.19628906,2337.38891602,16007043976
2024-10-01T00:00:00Z,2337.56982422,2386.83911133,2182.33520508,2213.29345703,23030534419
2024-10-02T00:00:00Z,2213.25366211,2257.59228516,2131.10986328,2141.29394531,18240639697
2024-10-03T00:00:00Z,2141.27758789,2177.72631836,2098.55664062,2129.39013672,16358294194
2024-10-04T00:00:00Z,2129.33740234,2227.89965820,2120.34643555,2199.16479492,13550620196
2024-10-05T00:00:00Z,2199.21337891,2210.75244141,2177.05761719,2199.62841797,7423938832
2024-10-06T00:00:00Z,2199.53710938,2236.96118164,2191.85913086,2224.08251953,7710307590
2024-10-07T00:00:00Z,2224.07055664,2295.97924805,2190.76708984,2206.75341797,15867764342
2024-10-08T00:00:00Z,2206.92114258,2244.09057617,2189.97875977,2222.98535156,12817039960
2024-10-09T00:00:00Z,2222.98461914,2252.61279297,2149.00024414,2164.45727539,13667027030
2024-10-10T00:00:00Z,2164.44775391,2212.25854492,2133.34667969,2180.30029297,14018931665
2024-10-11T00:00:00Z,2180.37548828,2258.31469727,2177.94506836,2226.52734375,12326533771
2024-10-12T00:00:00Z,2226.52954102,2273.79394531,2224.41601562,2263.08886719,8564447527
2024-10-13T00:00:00Z,2263.08642578,2270.03979492,2226.66162109,2255.11621094,8397926263
2024-10-14T00:00:00Z,2255.08911133,2432.45385742,2237.66894531,2409.73388672,19647720838
2024-10-15T00:00:00Z,2409.84155273,2461.19433594,2327.69042969,2394.51977539,20217976044
2024-10-16T00:00:00Z,2394.51757812,2426.94726562,2378.94238281,2404.49340820,15666256528
2024-10-17T00:00:00Z,2404.57617188,2438.80590820,2380.78637695,2404.86425781,13990622278
2024-10-18T00:00:00Z,2405.36376953,2461.60131836,2397.23828125,2430.27783203,15680559982
2024-10-19T00:00:00Z,2430.21875000,2448.25732422,2420.46655273,2436.10229492,7871068330
2024-10-20T00:00:00Z,2436.11035156,2536.18310547,2424.63793945,2526.99975586,13396381336
2024-10-21T00:00:00Z,2526.94628906,2545.35644531,2454.16381836,2464.73876953,16022176394
2024-10-22T00:00:00Z,2464.68750000,2468.50927734,2410.66625977,2427.06030273,14396301267
2024-10-23T00:00:00Z,2426.95922852,2430.99951172,2281.60034180,2327.50781250,16583173548
2024-10-24T00:00:00Z,2340.96582031,2371.80346680,2319.98706055,2341.52954102,14900642282
2024-10-25T00:00:00Z,2341.48901367,2367.24438477,2204.92333984,2255.36791992,20887933241
2024-10-26T00:00:00Z,2255.47534180,2317.67602539,2247.52319336,2295.80004883,12589203388
2024-10-27T00:00:00Z,2296.10937500,2337.97558594,2279.75366211,2321.14770508,9078657178
2024-10-28T00:00:00Z,2320.82324219,2392.87597656,2290.67993164,2371.46923828,17538025517
2024-10-29T00:00:00Z,2371.53393555,2479.82495117,2366.61889648,2438.08471680,20504867983
2024-10-30T00:00:00Z,2437.79150391,2507.61157227,2403.33007812,2447.34985352,20613697166
2024-10-31T00:00:00Z,2447.20312500,2459.79394531,2298.83496094,2311.46606445,18155469045
2024-11-01T00:00:00Z,2311.53125000,2378.97656250,2268.41699219,2310.73632812,18596606242
2024-11-02T00:00:00Z,2311.03320312,2320.37255859,2274.00390625,2290.74438477,8864281190
2024-11-03T00:00:00Z,2290.76806641,2294.76098633,2216.32836914,2259.22583008,14409986019
2024-11-04T00:00:00Z,2258.92236328,2283.36010742,2169.18847656,2204.40869141,15735276299
2024-11-05T00:00:00Z,2204.41772461,2273.06469727,2189.16040039,2215.70312500,16365511307
2024-11-06T00:00:00Z,2215.60131836,2557.64916992,2214.93701172,2538.51440430,39032894284
2024-11-07T00:00:00Z,2538.36206055,2702.34008789,2518.25292969,2682.20678711,32747170740
2024-11-08T00:00:00Z,2682.21826172,2785.65405273,2680.07202148,2762.43359375,30123792378
2024-11-09T00:00:00Z,2762.89428711,2944.78222656,2757.66406250,2921.25122070,27252061026
2024-11-10T00:00:00Z,2920.86376953,3033.06665039,2869.29565430,2978.84301758,44261448875
2024-11-11T00:00:00Z,2979.14697266,3179.17846680,2901.68237305,3164.92993164,51971285030
2024-11-12T00:00:00Z,3165.25073242,3239.56787109,3022.67553711,3057.71142578,53393693966
2024-11-13T00:00:00Z,3056.09692383,3156.83422852,2941.88940430,3021.60375977,49224591076
2024-11-14T00:00:00Z,3021.53222656,3071.73144531,2879.63085938,2905.55468750,33950966005
2024-11-15T00:00:00Z,2906.10302734,2961.42993164,2864.14868164,2942.52636719,31009793411
2024-11-16T00:00:00Z,2929.91381836,3051.91381836,2915.11938477,2971.47778320,25274472125
2024-11-17T00:00:00Z,2971.50878906,2996.96850586,2882.30615234,2919.06738281,26904844842
2024-11-18T00:00:00Z,2919.12548828,3043.30419922,2895.73657227,3027.81860352,33456211138
2024-11-19T00:00:00Z,3028.19067383,3041.49145508,2897.52587891,2933.27270508,28116380479
2024-11-20T00:00:00Z,2933.02124023,2994.95263672,2877.77075195,2913.05175781,28242632557
2024-11-21T00:00:00Z,2912.92578125,3231.73461914,2878.19506836,3210.45507812,49306173708
2024-11-22T00:00:00Z,3210.07348633,3273.57299805,3131.62426758,3197.83715820,35299171427
2024-11-23T00:00:00Z,3197.88012695,3358.96557617,3184.45092773,3259.95678711,37277000573
2024-11-24T00:00:00Z,3260.70166016,3313.30566406,3156.48925781,3209.76904297,26624934754
2024-11-25T00:00:00Z,3210.66748047,3378.73950195,3151.57373047,3268.51611328,49354861871
2024-11-26T00:00:00Z,3267.94824219,3308.59814453,3112.65063477,3170.65332031,38033306007
2024-11-27T00:00:00Z,3170.18798828,3488.27197266,3149.75048828,3462.59960938,41074961241
2024-11-28T00:00:00Z,3461.99389648,3471.00610352,3346.52514648,3389.89184570,30645784665
2024-11-29T00:00:00Z,3389.98559570,3453.37597656,3341.60644531,3396.54199219,26108688409
2024-11-30T00:00:00Z,3396.64038086,3535.57714844,3376.85302734,3503.21801758,28994949898
2024-12-01T00:00:00Z,3504.08276367,3542.68676758,3463.06762695,3519.68017578,26572462926
2024-12-02T00:00:00Z,3519.04492188,3574.02807617,3391.86840820,3470.36303711,45029380047
2024-12-03T00:00:00Z,3469.92846680,3499.74902344,3329.28149414,3445.01660156,35052177003
2024-12-04T00:00:00Z,3444.37524414,3704.97705078,3442.19360352,3654.15454102,54032064541
2024-12-05T00:00:00Z,3653.69165039,3739.09399414,3478.71484375,3599.87084961,57212691837
2024-12-06T00:00:00Z,3582.11254883,3876.31982422,3574.09692383,3787.77832031,49976896240
2024-12-07T00:00:00Z,3787.98461914,3810.13378906,3757.86572266,3786.66333008,21356261040
2024-12-08T00:00:00Z,3791.39160156,3802.69165039,3715.86376953,3791.22705078,19822007631
2024-12-09T00:00:00Z,3791.60302734,3794.13574219,3340.03833008,3523.42211914,54035195578
2024-12-10T00:00:00Z,3523.71582031,3582.86889648,3347.34619141,3448.60766602,55469309331
2024-12-11T00:00:00Z,3448.07836914,3668.21215820,3386.79785156,3648.40209961,34237414348
2024-12-12T00:00:00Z,3648.73510742,3793.13769531,3616.80859375,3707.38720703,41027164464
2024-12-13T00:00:00Z,3707.31909180,3783.29223633,3681.33935547,3722.96289062,33215660059
2024-12-14T00:00:00Z,3722.62255859,3753.49218750,3643.84277344,3683.49536133,27381644650
2024-12-15T00:00:00Z,3683.52954102,3778.45532227,3648.92236328,3760.37866211,23854417440
2024-12-16T00:00:00Z,3760.10424805,3907.18920898,3698.65722656,3791.52026367,44249376809
2024-12-17T00:00:00Z,3791.38037109,3842.73730469,3668.56274414,3703.60986328,33749665050
2024-12-18T00:00:00Z,3703.72534180,3717.08300781,3495.57910156,3496.25195312,47289249103
2024-12-19T00:00:00Z,3497.01562500,3571.08227539,3214.09570312,3297.69531250,56807996974
2024-12-20T00:00:00Z,3297.69775391,3347.83471680,2981.46020508,3328.91113281,63637860216
2024-12-21T00:00:00Z,3328.94531250,3405.95507812,3157.72436523,3199.63891602,30277466331
2024-12-22T00:00:00Z,3199.42431641,3258.54101562,3086.23168945,3141.33715820,23751003545
2024-12-23T00:00:00Z,3141.31713867,3325.71142578,3084.74218750,3283.02416992,33155322194
2024-12-24T00:00:00Z,3282.97851562,3402.92358398,3225.26708984,3356.28930664,22186254038
2024-12-25T00:00:00Z,3356.20068359,3401.82885742,3299.06347656,3359.14746094,16974306071
2024-12-26T00:00:00Z,3359.21362305,3378.52832031,3169.16381836,3196.38452148,21347183292
2024-12-27T00:00:00Z,3196.21923828,3301.27319336,3170.34057617,3193.05371094,23108375813
2024-12-28T00:00:00Z,3192.91723633,3279.55639648,3182.61499023,3258.44213867,13718501790
2024-12-29T00:00:00Z,3258.40405273,3266.82934570,3183.88208008,3211.43310547,12886819809
2024-12-30T00:00:00Z,3211.50268555,3287.11425781,3170.16113281,3225.53369141,25929625967
2024-12-31T00:00:00Z,3225.53564453,3317.91845703,3181.93969727,3219.84204102,20140563123
2025-01-01T00:00:00Z,3219.72119141,3250.77319336,3197.74023438,3239.83374023,13714242859
2025-01-02T00:00:00Z,3239.74487305,3390.21337891,3235.27832031,3361.34228516,21663217590
2025-01-03T00:00:00Z,3361.62304688,3519.52075195,3329.05200195,3495.76708984,21214351455
2025-01-04T00:00:00Z,3495.95239258,3558.35400391,3466.35009766,3547.21093750,15575435768
2025-01-05T00:00:00Z,3547.24633789,3562.83081055,3486.02709961,3526.45068359,12450234726
2025-01-06T00:00:00Z,3526.46044922,3600.47021484,3502.43750000,3552.40209961,23088301874
2025-01-07T00:00:00Z,3552.14208984,3564.46582031,3246.98413086,3269.91088867,31170838054
2025-01-08T00:00:00Z,3269.94775391,3298.96264648,3115.05639648,3225.37524414,33295580750
2025-01-09T00:00:00Z,3225.40454102,3253.21655273,3066.85205078,3126.67895508,27985545202
2025-01-10T00:00:00Z,3126.74291992,3223.06713867,3116.63574219,3185.77343750,25841010525
2025-01-11T00:00:00Z,3185.80517578,3235.31665039,3139.79223633,3200.75952148,11479983477
2025-01-12T00:00:00Z,3200.69409180,3220.96020508,3144.48461914,3188.44360352,11371319306
2025-01-13T00:00:00Z,3188.58447266,3257.22338867,2860.11889648,3054.88598633,38885611863
2025-01-14T00:00:00Z,3055.05224609,3172.84570312,3049.98339844,3127.91870117,22168999494
2025-01-15T00:00:00Z,3127.91870117,3373.32617188,3092.38769531,3351.71069336,25247188825
2025-01-16T00:00:00Z,3351.48510742,3358.93090820,3176.39233398,3211.48022461,25622682148
2025-01-17T00:00:00Z,3211.33056641,3431.00952148,3210.47631836,3372.10058594,27372192744
2025-01-18T00:00:00Z,3371.57299805,3390.49682617,3139.34155273,3218.88037109,31567769766
2025-01-19T00:00:00Z,3218.49902344,3353.65844727,3045.39770508,3121.38525391,55680602843
2025-01-20T00:00:00Z,3121.35571289,3340.03808594,3060.36499023,3145.15356445,50259730071
2025-01-21T00:00:00Z,3145.53808594,3226.45922852,3087.20288086,3197.30810547,31521397505
2025-01-22T00:00:00Z,3197.14575195,3228.10034180,3097.24194336,3113.19140625,21301998262
2025-01-23T00:00:00Z,3113.43237305,3212.88330078,3058.06054688,3201.63916016,31125786716
2025-01-24T00:00:00Z,3201.72949219,3269.20385742,3138.95776367,3150.90820312,24352203051
2025-01-25T00:00:00Z,3151.05737305,3189.04785156,3113.50927734,3158.55151367,13086705531
2025-01-26T00:00:00Z,3158.57250977,3199.03979492,3089.40795898,3091.59545898,13825172396
2025-01-27T00:00:00Z,3091.32910156,3105.77001953,2890.58715820,3045.62841797,37759920923
2025-01-28T00:00:00Z,3045.78784180,3091.03051758,2915.03808594,2951.00634766,19869132667
2025-01-29T00:00:00Z,2950.30371094,3051.31884766,2938.58374023,2986.19702148,21802015149
2025-01-30T00:00:00Z,2986.47631836,3150.69506836,2966.42016602,3123.76660156,19196314016
2025-01-31T00:00:00Z,3123.85058594,3307.40551758,3095.06347656,3183.19189453,29076976066
2025-02-01T00:00:00Z,3183.72973633,3213.48681641,2995.19482422,3009.09985352,19219836641
2025-02-02T00:00:00Z,3009.37304688,3051.13940430,2688.74804688,2799.48852539,41046252423
2025-02-03T00:00:00Z,2798.88916016,2821.43237305,2111.47192383,2792.92114258,89516211413
2025-02-04T00:00:00Z,2792.19653320,2797.22680664,2539.91674805,2637.10913086,47047917152
2025-02-05T00:00:00Z,2637.27734375,2710.78027344,2601.53955078,2680.90112305,30735452660
2025-02-06T00:00:00Z,2680.78540039,2758.03906250,2563.13671875,2588.67724609,28406348741
2025-02-07T00:00:00Z,2589.15551758,2697.35302734,2482.87744141,2538.07495117,28579270896
2025-02-08T00:00:00Z,2538.84033203,2579.95971680,2509.46875000,2548.71142578,16517494997
2025-02-09T00:00:00Z,2548.97265625,2609.62768555,2460.88940430,2549.72802734,16990699773
2025-02-10T00:00:00Z,2549.65942383,2612.01904297,2488.89526367,2583.48461914,18847487964
2025-02-11T00:00:00Z,2583.62939453,2643.61035156,2475.92895508,2511.32812500,20413172777
2025-02-12T00:00:00Z,2511.37255859,2691.02978516,2465.33276367,2633.55102539,25902858026
2025-02-13T00:00:00Z,2633.67309570,2650.98999023,2509.62597656,2557.80419922,18621229967
2025-02-14T00:00:00Z,2557.83959961,2655.48876953,2547.88842773,2597.14477539,16893534857
2025-02-15T00:00:00Z,2597.12866211,2609.13891602,2542.54760742,2567.37451172,10296930309
2025-02-16T00:00:00Z,2567.37695312,2596.48071289,2531.42797852,2539.22119141,10100003820
2025-02-17T00:00:00Z,2539.13891602,2718.34399414,2515.27246094,2616.18408203,23051286056
2025-02-18T00:00:00Z,2616.01538086,2627.13525391,2496.40942383,2554.82153320,22017251763
2025-02-19T00:00:00Z,2554.70141602,2622.96801758,2542.52075195,2606.08642578,14655580135
2025-02-20T00:00:00Z,2606.00170898,2650.81665039,2586.05371094,2609.76611328,15158563155
2025-02-21T00:00:00Z,2609.41894531,2714.50195312,2501.94238281,2541.59863281,30045898226
2025-02-22T00:00:00Z,2541.96215820,2674.30615234,2536.06762695,2642.72705078,15683295124
2025-02-23T00:00:00Z,2642.72875977,2720.09252930,2626.22875977,2693.62622070,19566280844
2025-02-24T00:00:00Z,2692.81103516,2708.70239258,2367.99340820,2402.94921875,27842717344
2025-02-25T00:00:00Z,2403.32177734,2405.65722656,2222.11743164,2370.23437500,38063774473
2025-02-26T00:00:00Z,2370.03393555,2384.51708984,2151.02465820,2222.96557617,27474286563
2025-02-27T00:00:00Z,2223.02050781,2268.78808594,2144.44897461,2218.08349609,23365523095
2025-02-28T00:00:00Z,2218.15625000,2222.99438477,1996.54663086,2156.33349609,34435258042
2025-03-01T00:00:00Z,2156.36914062,2196.77172852,2065.99218750,2135.84667969,15547128076
2025-03-02T00:00:00Z,2135.72949219,2450.57299805,2096.62866211,2419.93725586,33474281457
2025-03-03T00:00:00Z,2419.78027344,2422.45556641,2002.54003906,2046.22741699,30016241573
2025-03-04T00:00:00Z,2046.30273438,2089.88574219,1897.19470215,2042.67211914,31944287445
2025-03-05T00:00:00Z,2042.64538574,2125.58129883,2030.71789551,2077.00146484,20478804459
2025-03-06T00:00:00Z,2076.93579102,2145.53881836,2016.90332031,2041.75109863,17158369784
2025-03-07T00:00:00Z,2041.77087402,2075.96777344,1949.77197266,1974.13781738,20697459433
2025-03-08T00:00:00Z,1974.88574219,2060.86425781,1945.47509766,2032.41442871,9724159886
2025-03-09T00:00:00Z,2032.59765625,2040.54162598,1834.85693359,1855.85461426,14828321615
2025-03-10T00:00:00Z,1855.78210449,1983.97058105,1673.86901855,1716.99780273,32293784025
2025-03-11T00:00:00Z,1715.73046875,1795.40197754,1623.69042969,1759.03100586,28310213469
2025-03-12T00:00:00Z,1758.86596680,1790.10375977,1678.26135254,1753.66406250,21035774850
2025-03-13T00:00:00Z,1753.69409180,1767.45117188,1678.58984375,1716.24963379,16561411188
2025-03-14T00:00:00Z,1716.27575684,1787.71606445,1714.09899902,1748.21301270,11098951977
2025-03-15T00:00:00Z,1748.26843262,1791.08630371,1744.09143066,1774.74072266,5914430427
2025-03-16T00:00:00Z,1774.73168945,1777.56188965,1712.85949707,1734.82836914,8541621607
2025-03-17T00:00:00Z,1734.84130859,1786.55932617,1727.87744141,1764.92077637,9559034657
2025-03-18T00:00:00Z,1764.92333984,1768.63635254,1715.60571289,1766.69445801,9297993020
2025-03-19T00:00:00Z,1766.69555664,1896.25634766,1762.04211426,1885.81188965,18388637891
2025-03-20T00:00:00Z,1885.99707031,1894.13354492,1799.60131836,1826.23156738,12178439253
2025-03-21T00:00:00Z,1826.00402832,1838.37219238,1788.25939941,1806.48083496,8925650567
2025-03-22T00:00:00Z,1806.56628418,1843.43481445,1805.95080566,1821.07531738,5625945100
2025-03-23T00:00:00Z,1821.02539062,1857.45593262,1818.66784668,1850.56237793,6941885886
2025-03-24T00:00:00Z,1850.94909668,1938.24523926,1827.77221680,1923.13488770,13001459680
2025-03-25T00:00:00Z,1924.14282227,1941.27746582,1887.07128906,1916.60864258,10877770512
2025-03-26T00:00:00Z,1916.37182617,1926.25329590,1844.10144043,1870.55529785,12269205463
2025-03-27T00:00:00Z,1870.32373047,1890.84216309,1842.34802246,1853.89465332,10733702795
2025-03-28T00:00:00Z,1853.94384766,1867.23376465,1720.92248535,1742.91113281,16698567794
2025-03-29T00:00:00Z,1742.95410156,1757.98901367,1654.36157227,1680.21740723,11213068266
2025-03-30T00:00:00Z,1680.20886230,1698.83740234,1637.22351074,1668.75634766,9104853258
2025-03-31T00:00:00Z,1668.84680176,1714.67163086,1645.17834473,1685.57751465,14572784709
2025-04-01T00:00:00Z,1685.65368652,1783.27111816,1682.10571289,1765.14819336,13896350534
2025-04-02T00:00:00Z,1765.14184570,1791.49182129,1642.94189453,1646.27343750,20718100010
2025-04-03T00:00:00Z,1645.96423340,1689.99157715,1574.33203125,1644.04687500,14896242138
2025-04-04T00:00:00Z,1644.02197266,1666.32580566,1593.65844727,1656.37719727,16480164292
2025-04-05T00:00:00Z,1656.38610840,1666.38061523,1612.74304199,1647.83496094,5816517155
2025-04-06T00:00:00Z,1647.82568359,1656.59582520,1400.43286133,1435.77331543,20173904604
2025-04-07T00:00:00Z,1435.97521973,1491.84362793,1286.61840820,1424.79821777,42209597880
2025-04-08T00:00:00Z,1424.51525879,1474.69689941,1319.09851074,1341.45324707,19417631925
2025-04-09T00:00:00Z,1341.49719238,1540.56799316,1256.32373047,1523.07568359,35840905270
2025-04-10T00:00:00Z,1523.22338867,1524.31213379,1317.08947754,1352.13977051,18987098307
2025-04-11T00:00:00Z,1352.09912109,1402.78247070,1330.40661621,1380.58691406,13101405890
2025-04-12T00:00:00Z,1380.59216309,1466.82348633,1362.67687988,1447.02331543,10662968116
2025-04-13T00:00:00Z,1446.99914551,1451.21264648,1377.74194336,1407.62219238,12262820623
2025-04-14T00:00:00Z,1407.79504395,1483.92138672,1406.31823730,1431.16296387,14567940377
2025-04-15T00:00:00Z,1431.16467285,1465.72998047,1403.34777832,1406.45288086,11664531466
2025-04-16T00:00:00Z,1406.80566406,1418.11486816,1353.79748535,1384.95629883,13462159250
2025-04-17T00:00:00Z,1384.87634277,1422.98034668,1375.29882812,1391.56799316,9947020543
2025-04-18T00:00:00Z,1391.43505859,1406.40075684,1383.96679688,1397.17480469,6263849583
2025-04-19T00:00:00Z,1397.21447754,1432.45922852,1394.13964844,1418.27685547,6303094890
2025-04-20T00:00:00Z,1418.31494141,1423.12548828,1377.62475586,1386.70642090,6676033376
2025-04-21T00:00:00Z,1386.65979004,1438.06823730,1359.27038574,1371.99316406,13378126188
2025-04-22T00:00:00Z,1372.06323242,1559.18310547,1342.22961426,1548.17932129,20921511651
2025-04-23T00:00:00Z,1548.06030273,1607.44226074,1534.23596191,1585.30627441,20216464029
2025-04-24T00:00:00Z,1585.19616699,1586.70812988,1515.26586914,1556.20410156,13371793209
2025-04-25T00:00:00Z,1556.35534668,1607.45056152,1533.59436035,1566.52111816,15308401289
2025-04-26T00:00:00Z,1566.43212891,1613.30529785,1562.53076172,1599.06506348,10467783609
2025-04-27T00:00:00Z,1599.32348633,1631.25720215,1571.32592773,1580.38720703,9980146550
2025-04-28T00:00:00Z,1580.01806641,1611.14306641,1533.60925293,1576.66845703,14938512232
2025-04-29T00:00:00Z,1576.72131348,1619.02185059,1564.70031738,1579.57373047,12935838447
2025-04-30T00:00:00Z,1579.60302734,1597.34094238,1527.16345215,1584.30371094,13080913619
2025-05-01T00:00:00Z,1584.53833008,1659.42822266,1583.24487305,1627.81958008,14038312634
2025-05-02T00:00:00Z,1627.77819824,1651.22875977,1602.31982422,1630.33569336,12006209563
2025-05-03T00:00:00Z,1630.34484863,1635.23645020,1603.88867188,1622.48962402,7382754456
2025-05-04T00:00:00Z,1622.31933594,1636.78625488,1595.28198242,1597.49511719,7877956555
2025-05-05T00:00:00Z,1597.59289551,1619.35693359,1572.79626465,1608.60717773,10068139288
2025-05-06T00:00:00Z,1608.63940430,1613.96142578,1544.17297363,1600.58764648,11645823039
2025-05-07T00:00:00Z,1600.52722168,1631.74462891,1580.41979980,1602.76098633,44714315716
2025-05-08T00:00:00Z,1602.70764160,1979.66296387,1599.04602051,1965.14404297,33644792384
2025-05-09T00:00:00Z,1964.79992676,2210.17675781,1948.44128418,2084.80419922,38901432988
2025-05-10T00:00:00Z,2085.02905273,2308.82641602,2062.34106445,2295.38647461,26901857129
2025-05-11T00:00:00Z,2295.64233398,2313.91162109,2170.33251953,2235.63305664,23597824803
2025-05-12T00:00:00Z,2235.67871094,2356.83398438,2176.22534180,2249.75610352,28948251381
2025-05-13T00:00:00Z,2249.70166016,2445.96411133,2177.98022461,2395.92602539,29973320303
2025-05-14T00:00:00Z,2396.04443359,2432.55761719,2277.38623047,2334.05419922,23789496744
2025-05-15T00:00:00Z,2334.02246094,2365.59301758,2220.50073242,2275.59375000,23800535278
2025-05-16T00:00:00Z,2275.77368164,2361.40332031,2268.42041016,2272.24609375,19081499774
2025-05-17T00:00:00Z,2272.24609375,2273.57592773,2194.09936523,2218.00610352,16870260235
2025-05-18T00:00:00Z,2218.01953125,2316.50268555,2096.15454102,2232.75878906,22347991021
2025-05-19T00:00:00Z,2233.26513672,2265.50878906,2103.83422852,2251.66406250,24350316334
2025-05-20T00:00:00Z,2251.63574219,2300.08227539,2170.26977539,2236.05151367,20776243072
2025-05-21T00:00:00Z,2236.03906250,2303.87915039,2164.74780273,2252.30590820,28196680481
2025-05-22T00:00:00Z,2252.67626953,2382.75854492,2247.08862305,2361.35156250,23573992390
2025-05-23T00:00:00Z,2361.28515625,2413.88037109,2203.09399414,2222.06372070,26857555741
2025-05-24T00:00:00Z,2222.01635742,2264.88720703,2212.89575195,2225.76147461,10009763184
2025-05-25T00:00:00Z,2225.97607422,2245.22900391,2170.68457031,2243.35766602,12797141069
2025-05-26T00:00:00Z,2243.02099609,2279.15869141,2222.85717773,2251.41088867,13114911179
2025-05-27T00:00:00Z,2251.41308594,2392.81860352,2202.99243164,2348.89404297,23165681478
2025-05-28T00:00:00Z,2348.84155273,2378.58764648,2304.08325195,2388.53735352,16997490357
2025-05-29T00:00:00Z,2388.20825195,2475.13818359,2303.47167969,2314.03784180,24231125566
2025-05-30T00:00:00Z,2314.19702148,2333.37182617,2212.05688477,2229.48754883,21677978730
2025-05-31T00:00:00Z,2229.39086914,2247.58813477,2189.19018555,2228.73291016,12331053639
2025-06-01T00:00:00Z,2228.74121094,2243.50268555,2178.90185547,2233.97119141,11704086632
2025-06-02T00:00:00Z,2233.89965820,2283.86572266,2168.03735352,2276.25683594,14619333800
2025-06-03T00:00:00Z,2276.34423828,2328.91650391,2269.81103516,2277.96850586,16067191142
2025-06-04T00:00:00Z,2278.14624023,2344.23388672,2271.60937500,2284.08081055,16304397200
2025-06-05T00:00:00Z,2284.04956055,2309.84472656,2093.06689453,2109.71704102,22871014083
2025-06-06T00:00:00Z,2109.86474609,2222.47363281,2084.59741211,2172.88378906,17023341423
2025-06-07T00:00:00Z,2172.87377930,2230.64794922,2157.52221680,2216.13671875,10231402038
2025-06-08T00:00:00Z,2215.86328125,2235.71826172,2187.55444336,2201.15917969,10605359271
2025-06-09T00:00:00Z,2201.20410156,2357.88085938,2171.59301758,2346.78613281,18033049474
2025-06-10T00:00:00Z,2346.58325195,2471.86230469,2330.49804688,2459.87792969,31086645535
2025-06-11T00:00:00Z,2460.07226562,2504.65698242,2389.34863281,2409.60620117,26676459347
2025-06-12T00:00:00Z,2409.66577148,2418.29931641,2261.24072266,2284.37036133,22332874984
2025-06-13T00:00:00Z,2284.47412109,2284.47412109,2117.29052734,2233.41699219,32890369169
2025-06-14T00:00:00Z,2233.62084961,2233.99902344,2157.22729492,2193.55224609,12368496239
2025-06-15T00:00:00Z,2193.32641602,2215.40039062,2158.71118164,2205.14843750,12088738228
2025-06-16T00:00:00Z,2205.48583984,2317.90332031,2181.06103516,2198.88598633,19726796732
2025-06-17T00:00:00Z,2198.63452148,2264.74658203,2135.82543945,2186.71264648,22342324046
2025-06-18T00:00:00Z,2186.76074219,2212.29345703,2147.34521484,2199.62841797,17317789313
2025-06-19T00:00:00Z,2199.71752930,2218.98754883,2169.96411133,2190.51000977,11104102513
2025-06-20T00:00:00Z,2190.39941406,2231.16357422,2055.44702148,2088.75952148,19603040503
2025-06-21T00:00:00Z,2088.79736328,2124.52832031,1928.49401855,1996.17919922,13977872461
2025-06-22T00:00:00Z,1994.74487305,2007.76953125,1845.96643066,1937.58288574,24746297972
2025-06-23T00:00:00Z,1937.81896973,2098.74804688,1900.60168457,2088.13378906,22630935987
2025-06-24T00:00:00Z,2088.13867188,2134.56884766,2052.93554688,2108.09790039,16826011254
2025-06-25T00:00:00Z,2108.72534180,2123.65063477,2063.48828125,2070.65136719,14685376359
2025-06-26T00:00:00Z,2070.51831055,2153.78857422,2051.40966797,2066.20898438,15649910043
2025-06-27T00:00:00Z,2066.10327148,2103.80761719,2040.73974609,2068.04321289,13062351196
2025-06-28T00:00:00Z,2068.09326172,2088.79711914,2054.30224609,2079.34179688,7058587427
2025-06-29T00:00:00Z,2079.34643555,2150.44702148,2062.71801758,2132.66870117,10659744998
2025-06-30T00:00:00Z,2132.36621094,2140.19433594,2076.93994141,2109.60327148,14304383040
2025-07-01T00:00:00Z,2109.57299805,2120.96948242,2024.96264648,2037.89904785,12727759707
2025-07-02T00:00:00Z,2037.95373535,2217.93334961,2014.14733887,2179.39453125,19318317794
2025-07-03T00:00:00Z,2178.93774414,2239.40209961,2168.75439453,2201.43896484,17735136271
2025-07-04T00:00:00Z,2201.30151367,2210.68896484,2102.18579102,2129.71191406,14621968656
2025-07-05T00:00:00Z,2129.35327148,2147.81591797,2113.14306641,2137.15063477,7886611259
2025-07-06T00:00:00Z,2137.15063477,2209.97070312,2127.03979492,2182.63769531,11196925929
2025-07-07T00:00:00Z,2182.77246094,2199.27929688,2153.81225586,2166.74389648,15711808169
2025-07-08T00:00:00Z,2166.70947266,2240.46069336,2150.47094727,2230.94799805,14958950462
2025-07-09T00:00:00Z,2230.94799805,2383.97875977,2214.59057617,2360.01538086,23192740923
2025-07-10T00:00:00Z,2359.98095703,2559.62109375,2348.06884766,2525.07470703,28994334654
2025-07-11T00:00:00Z,2525.06420898,2599.54296875,2497.96191406,2530.47167969,30991821107
2025-07-12T00:00:00Z,2530.85449219,2549.20166016,2487.10400391,2517.66088867,13959363106
2025-07-13T00:00:00Z,2517.61132812,2578.99536133,2514.08911133,2544.65112305,14858483480
2025-07-14T00:00:00Z,2544.53662109,2633.67089844,2535.66918945,2583.14672852,31159847741
2025-07-15T00:00:00Z,2583.09765625,2707.15698242,2513.62646484,2704.97094727,33609718549
2025-07-16T00:00:00Z,2704.97094727,2940.45410156,2671.75146484,2897.60107422,40197079335
2025-07-17T00:00:00Z,2897.60107422,3031.31884766,2853.34082031,2993.29931641,40922881585
2025-07-18T00:00:00Z,2992.73071289,3163.36328125,2980.42041016,3051.97656250,50907720673
2025-07-19T00:00:00Z,3051.89892578,3102.93676758,3020.98120117,3091.75561523,22385977395
2025-07-20T00:00:00Z,3091.72705078,3284.49194336,3080.64135742,3232.66040039,38350634458
2025-07-21T00:00:00Z,3232.18676758,3299.19433594,3188.59399414,3217.93090820,36435617208
2025-07-22T00:00:00Z,3217.51245117,3250.14843750,3097.41137695,3194.03955078,38549230805
2025-07-23T00:00:00Z,3194.11865234,3208.39721680,3000.48681641,3082.98315430,35064983875
2025-07-24T00:00:00Z,3083.00683594,3207.41674805,2989.16601562,3154.46728516,34350257677
2025-07-25T00:00:00Z,3154.46728516,3190.72509766,3049.16528320,3173.08569336,35980495499
2025-07-26T00:00:00Z,3173.06054688,3226.31250000,3152.23461914,3185.11401367,20972438930
2025-07-27T00:00:00Z,3184.99584961,3298.51831055,3178.54663086,3296.51318359,24581876254
2025-07-28T00:00:00Z,3296.52124023,3355.89477539,3241.44506836,3265.99194336,30898256944
2025-07-29T00:00:00Z,3266.76269531,3360.40771484,3219.45288086,3284.08496094,30768208412
2025-07-30T00:00:00Z,3284.19555664,3314.10327148,3222.89501953,3332.29443359,30094498623
2025-07-31T00:00:00Z,3332.33325195,3384.52758789,3227.33032227,3236.55639648,28752067590
2025-08-01T00:00:00Z,3236.06298828,3260.73559570,2960.59936523,3008.89013672,39902907025
2025-08-02T00:00:00Z,3008.53710938,3050.52612305,2908.49365234,2926.75683594,26021970486
2025-08-03T00:00:00Z,2926.75952148,3039.56176758,2897.27343750,3018.17529297,16710432961
2025-08-04T00:00:00Z,3018.37695312,3225.23168945,3014.26293945,3210.03540039,26676236006
2025-08-05T00:00:00Z,3210.75341797,3211.47729492,3064.84301758,3119.46386719,28309786908
2025-08-06T00:00:00Z,3119.58422852,3171.80395508,3083.32275391,3158.61572266,23085155621
2025-08-07T00:00:00Z,3158.73681641,3363.93652344,3131.83154297,3352.31103516,33081681427
2025-08-08T00:00:00Z,3352.12646484,3494.81860352,3329.96386719,3442.85644531,39032208336
2025-08-09T00:00:00Z,3442.25683594,3717.83374023,3441.01928711,3659.89892578,38868379675
2025-08-10T00:00:00Z,3659.85913086,3718.79516602,3574.35131836,3652.42016602,31056803209
2025-08-11T00:00:00Z,3652.43212891,3757.96459961,3588.01293945,3638.78027344,43033715656
2025-08-12T00:00:00Z,3638.98706055,3969.84667969,3634.81640625,3931.39282227,49014494459
2025-08-13T00:00:00Z,3931.16357422,4085.43261719,3909.88305664,4060.89404297,53405014851
2025-08-14T00:00:00Z,4060.69555664,4092.85180664,3829.56396484,3903.81420898,64959588841
2025-08-15T00:00:00Z,3904.59423828,3996.62255859,3739.47656250,3793.29541016,47369936423
2025-08-16T00:00:00Z,3793.30346680,3838.71313477,3741.33032227,3781.49829102,22910991805
2025-08-17T00:00:00Z,3781.56640625,3909.10424805,3759.74072266,3821.18481445,26778363299
2025-08-18T00:00:00Z,3821.23510742,3831.16015625,3621.14843750,3695.98925781,45867429556
2025-08-19T00:00:00Z,3696.01098633,3734.47265625,3496.58593750,3499.10156250,43328224900
2025-08-20T00:00:00Z,3498.84741211,3755.94628906,3494.68701172,3720.34497070,42553175562
2025-08-21T00:00:00Z,3720.40258789,3725.58959961,3623.71826172,3636.84252930,28950652374
2025-08-22T00:00:00Z,3637.29125977,4165.83154297,3625.61840820,4120.72998047,64792132800
2025-08-23T00:00:00Z,4120.50781250,4120.95312500,3982.87841797,4074.46826172,31141131507
2025-08-24T00:00:00Z,4074.99243164,4226.46533203,4022.24682617,4082.24414062,44758537353
2025-08-25T00:00:00Z,4082.34863281,4099.41650391,3737.40185547,3765.04614258,55047630217
2025-08-26T00:00:00Z,3764.95361328,3978.95092773,3705.62597656,3953.21582031,46256709650
2025-08-27T00:00:00Z,3953.28735352,4013.51684570,3857.24951172,3866.36987305,37355252599
2025-08-28T00:00:00Z,3866.57446289,3978.08300781,3796.33374023,3859.32055664,30864162427
2025-08-29T00:00:00Z,3859.70898438,3864.28344727,3658.63085938,3731.24877930,40135184021
2025-08-30T00:00:00Z,3731.19409180,3776.70849609,3649.13208008,3742.75317383,22146936787
2025-08-31T00:00:00Z,3743.38623047,3848.67504883,3742.27685547,3755.28393555,22825050242
2025-09-01T00:00:00Z,3754.94750977,3831.41528320,3604.93676758,3682.81909180,32036132627
2025-09-02T00:00:00Z,3682.75122070,3772.43774414,3660.86352539,3718.22729492,34286197725
2025-09-03T00:00:00Z,3717.65185547,3846.83471680,3684.86840820,3816.41772461,30237856285
2025-09-04T00:00:00Z,3816.26928711,3845.81469727,3663.99023438,3687.76367188,29956647584
2025-09-05T00:00:00Z,3687.84326172,3832.81054688,3627.18994141,3674.36547852,37676834542
2025-09-06T00:00:00Z,3674.35205078,3691.81250000,3621.61157227,3648.05273438,15455334017
2025-09-07T00:00:00Z,3647.98852539,3701.91235352,3645.74145508,3675.90576172,14878987783
2025-09-08T00:00:00Z,3675.93432617,3729.95898438,3654.12890625,3660.69824219,27426856193
2025-09-09T00:00:00Z,3660.87744141,3724.41943359,3648.60644531,3682.24829102,26237215863
2025-09-10T00:00:00Z,3682.29101562,3795.84179688,3665.54760742,3716.42358398,33771717901
2025-09-11T00:00:00Z,3716.46997070,3828.77563477,3709.79370117,3802.42504883,30648972172
2025-09-12T00:00:00Z,3802.63476562,4034.07470703,3796.67016602,4017.86132812,37355854065
2025-09-13T00:00:00Z,4017.39892578,4058.41235352,3928.00732422,3978.33496094,29694761794
2025-09-14T00:00:00Z,3978.32763672,3997.47753906,3915.77465820,3931.23071289,24215562072
2025-09-15T00:00:00Z,3931.33764648,3982.24804688,3799.29736328,3848.38574219,34195681836
2025-09-16T00:00:00Z,3847.75488281,3859.04248047,3740.67236328,3793.68115234,27597404249
2025-09-17T00:00:00Z,3793.74121094,3905.72802734,3747.10278320,3883.73486328,37309779690
2025-09-18T00:00:00Z,3883.48901367,3929.26049805,3864.89257812,3893.34838867,28413681611
2025-09-19T00:00:00Z,3892.99780273,3921.93945312,3781.84936523,3806.47167969,25841765083
2025-09-20T00:00:00Z,3806.52416992,3838.46313477,3796.46142578,3815.34472656,15369850475
2025-09-21T00:00:00Z,3815.61596680,3830.57690430,3787.89624023,3792.80834961,16470619304
2025-09-22T00:00:00Z,3793.02270508,3798.09838867,3485.39184570,3561.60644531,49337981531
2025-09-23T00:00:00Z,3561.72875977,3581.69189453,3492.46923828,3525.38671875,27471903585
2025-09-24T00:00:00Z,3525.30957031,3583.26245117,3458.66040039,3537.21899414,28562298041
2025-09-25T00:00:00Z,3537.26293945,3544.52050781,3284.68627930,3317.11181641,59136127269
2025-09-26T00:00:00Z,3317.41796875,3478.14624023,3317.19726562,3448.14965820,40901785057
2025-09-27T00:00:00Z,3448.17236328,3450.91748047,3396.77636719,3434.16455078,17418014951
2025-09-28T00:00:00Z,3434.16577148,3538.67651367,3392.40649414,3538.23730469,21043560131
2025-09-29T00:00:00Z,3538.13476562,3610.57568359,3480.92724609,3595.13183594,32871378342
2025-09-30T00:00:00Z,3594.88769531,3617.66357422,3483.53930664,3533.13549805,32109722318
2025-10-01T00:00:00Z,3533.20019531,3708.45751953,3505.62158203,3708.45751953,39343633005
2025-10-02T00:00:00Z,3709.41894531,3853.09399414,3696.99291992,3827.77294922,41002611312
2025-10-03T00:00:00Z,3826.92895508,3911.46459961,3775.93920898,3844.89526367,42242645440
2025-10-04T00:00:00Z,3844.92822266,3848.86059570,3784.87670898,3824.66137695,18600439723
2025-10-05T00:00:00Z,3824.53881836,3933.14794922,3810.12792969,3855.33129883,38319860771
2025-10-06T00:00:00Z,3855.22680664,4043.68554688,3835.39233398,4003.33813477,38423377774
2025-10-07T00:00:00Z,4003.28540039,4075.66113281,3811.85571289,3819.76904297,47094943454
2025-10-08T00:00:00Z,3819.73168945,3926.05078125,3801.14062500,3893.36083984,34788978272
2025-10-09T00:00:00Z,3892.77001953,3894.20385742,3697.44531250,3777.77587891,41419345546
2025-10-10T00:00:00Z,3777.70825195,3799.49609375,2977.82250977,3307.24340820,84110865563
2025-10-11T00:00:00Z,3305.48046875,3341.00634766,3143.26611328,3227.44238281,53760834274
2025-10-12T00:00:00Z,3227.73046875,3609.97558594,3185.16259766,3589.62451172,52766689739
2025-10-13T00:00:00Z,3589.29809570,3710.27221680,3505.97412109,3670.73779297,43450676625
2025-10-14T00:00:00Z,3670.65527344,3690.43798828,3371.38085938,3555.37500000,57823280211
2025-10-15T00:00:00Z,3555.33105469,3621.32055664,3382.46020508,3423.92382812,43331120675
2025-10-16T00:00:00Z,3423.65698242,3500.59521484,3276.64428711,3329.09204102,42009371143
2025-10-17T00:00:00Z,3328.77001953,3373.79199219,3145.93408203,3286.78710938,49229673954
2025-10-18T00:00:00Z,3287.17358398,3367.99023438,3278.93994141,3337.34912109,20430373249
2025-10-19T00:00:00Z,3337.55249023,3456.65502930,3297.11157227,3417.96875000,28195922118
2025-10-20T00:00:00Z,3418.00854492,3502.73046875,3354.56738281,3418.68872070,34545017943
2025-10-21T00:00:00Z,3418.67187500,3537.78613281,3303.78466797,3342.07324219,43069667185
2025-10-22T00:00:00Z,3342.58935547,3352.32446289,3202.43920898,3280.82299805,39779826557
2025-10-23T00:00:00Z,3280.79101562,3386.39721680,3275.56396484,3319.24047852,31299856125
2025-10-24T00:00:00Z,3319.24633789,3446.27783203,3312.81518555,3384.51879883,29324861728
2025-10-25T00:00:00Z,3384.45214844,3412.97265625,3367.37792969,3400.77978516,13113961246
2025-10-26T00:00:00Z,3400.75073242,3591.65185547,3374.73437500,3574.85205078,25036741638
2025-10-27T00:00:00Z,3574.87060547,3657.13598633,3519.69775391,3536.25122070,34564402030
2025-10-28T00:00:00Z,3536.38281250,3582.44921875,3382.19335938,3416.27124023,34043925570
2025-10-29T00:00:00Z,3414.98168945,3471.90942383,3318.72583008,3363.94482422,30383831374
2025-10-30T00:00:00Z,3363.91845703,3397.84033203,3183.64770508,3287.66870117,34551632276
2025-10-31T00:00:00Z,3288.28027344,3382.79785156,3281.71777344,3316.72192383,32588978555
2025-11-01T00:00:00Z,3316.80053711,3369.80102539,3304.26757812,3341.68872070,15086275584
2025-11-02T00:00:00Z,3341.43530273,3396.12304688,3312.19726562,3392.81616211,17765899273
2025-11-03T00:00:00Z,3393.40991211,3394.72583008,3090.92114258,3127.39428711,46092102579
2025-11-04T00:00:00Z,3127.16210938,3175.31030273,2667.83227539,2866.56811523,66887266213
2025-11-05T00:00:00Z,2866.19677734,3028.31811523,2758.02685547,2979.49829102,40846123789
2025-11-06T00:00:00Z,2979.66333008,3002.42578125,2811.90991211,2868.01123047,31805301189
2025-11-07T00:00:00Z,2867.81323242,3000.90478516,2765.32299805,2969.28881836,36829777893
2025-11-08T00:00:00Z,2969.15600586,3009.88476562,2902.22607422,2939.10131836,20410554423
2025-11-09T00:00:00Z,2938.86157227,3130.39501953,2903.95825195,3103.64990234,24968305221
2025-11-10T00:00:00Z,3104.36328125,3163.19409180,3039.51879883,3087.57080078,30835426953
2025-11-11T00:00:00Z,3087.58178711,3155.30151367,2938.62036133,2947.55932617,34293022937
2025-11-12T00:00:00Z,2948.00268555,3099.22338867,2911.56030273,2944.40820312,30106631900
2025-11-13T00:00:00Z,2944.32250977,3072.39355469,2712.48535156,2779.63769531,43235441572
2025-11-14T00:00:00Z,2779.24047852,2799.85473633,2638.86596680,2670.03784180,40435121098
2025-11-15T00:00:00Z,2670.42016602,2776.98535156,2670.42016602,2724.45239258,17149564615
2025-11-16T00:00:00Z,2724.59179688,2792.61083984,2587.06591797,2662.87377930,26679888564
2025-11-17T00:00:00Z,2662.95483398,2774.15405273,2552.56933594,2609.59936523,35398286445
2025-11-18T00:00:00Z,2609.49145508,2734.59106445,2542.89575195,2696.81738281,35907283562
2025-11-19T00:00:00Z,2696.52978516,2696.52978516,2491.52807617,2619.78100586,34862931630
2025-11-20T00:00:00Z,2619.62060547,2655.32543945,2418.91552734,2455.23608398,38078124011
2025-11-21T00:00:00Z,2453.05712891,2497.19189453,2283.93872070,2401.73315430,44702180485
2025-11-22T00:00:00Z,2402.07299805,2426.69042969,2347.75927734,2402.54052734,13376383351
2025-11-23T00:00:00Z,2402.52978516,2478.80126953,2402.42382812,2434.68994141,17691697811
2025-11-24T00:00:00Z,2434.28002930,2588.43017578,2402.51123047,2563.04101562,28203700872
2025-11-25T00:00:00Z,2562.92895508,2574.43774414,2469.33593750,2557.64770508,20178024501
2025-11-26T00:00:00Z,2557.98779297,2624.77807617,2496.77294922,2609.74365234,18473757552
2025-11-27T00:00:00Z,2609.73266602,2644.36694336,2576.37426758,2598.69531250,14631436349
2025-11-28T00:00:00Z,2598.69628906,2674.61938477,2586.00146484,2614.83813477,17815640433
2025-11-29T00:00:00Z,2614.83007812,2631.79003906,2558.39550781,2579.81103516,11016642403
2025-11-30T00:00:00Z,2579.54345703,2631.48144531,2568.72827148,2579.16796875,9939118060
2025-12-01T00:00:00Z,2579.00488281,2583.27905273,2339.69775391,2412.56176758,31602078198
2025-12-02T00:00:00Z,2412.59106445,2612.11718750,2397.20727539,2578.12011719,22869577424
2025-12-03T00:00:00Z,2578.00146484,2752.48291016,2568.93261719,2735.69091797,25671372825
2025-12-04T00:00:00Z,2732.92358398,2776.30029297,2635.85986328,2691.93579102,23562789032
2025-12-05T00:00:00Z,2691.97119141,2740.42431641,2567.97216797,2597.08349609,24043858327
2025-12-06T00:00:00Z,2597.13037109,2634.54125977,2588.10937500,2610.96386719,9414990201
2025-12-07T00:00:00Z,2610.93920898,2703.21557617,2516.87036133,2629.81738281,17510483329
2025-12-08T00:00:00Z,2629.57006836,2726.91870117,2614.48388672,2684.85766602,21702726527
2025-12-09T00:00:00Z,2684.63818359,2918.11547852,2655.65502930,2856.13574219,27530571814
2025-12-10T00:00:00Z,2856.21240234,2947.68603516,2830.41796875,2841.84838867,26231147726
2025-12-11T00:00:00Z,2840.99096680,2843.21264648,2682.88916016,2757.08544922,24756475487
2025-12-12T00:00:00Z,2757.05883789,2782.27368164,2598.48315430,2626.28100586,20769792888
2025-12-13T00:00:00Z,2626.24414062,2670.91040039,2622.79467773,2655.44311523,8449232230
2025-12-14T00:00:00Z,2655.48461914,2665.60546875,2585.07250977,2607.62670898,13307850934
2025-12-15T00:00:00Z,2607.53027344,2703.86401367,2469.81909180,2521.94189453,24474236970
2025-12-16T00:00:00Z,2522.10888672,2530.39404297,2458.96362305,2522.87084961,19328222929
2025-12-17T00:00:00Z,2522.73339844,2575.32592773,2376.78735352,2411.42993164,22279617087
2025-12-18T00:00:00Z,2411.50195312,2553.52392578,2368.51660156,2411.18725586,24899512914
2025-12-19T00:00:00Z,2411.47851562,2571.88037109,2398.16479492,2542.55859375,23795686827
2025-12-20T00:00:00Z,2542.47192383,2554.80151367,2533.90795898,2542.44458008,6499954642
2025-12-21T00:00:00Z,2542.38134766,2570.72753906,2509.06689453,2563.20410156,9545446232
2025-12-22T00:00:00Z,2563.20312500,2617.87353516,2522.15991211,2555.40014648,17292336145
2025-12-23T00:00:00Z,2555.40039062,2577.56176758,2465.63916016,2512.44042969,18188699173
2025-12-24T00:00:00Z,2512.05761719,2521.54394531,2451.97949219,2501.67236328,11877181529
2025-12-25T00:00:00Z,2501.53002930,2521.30346680,2453.79687500,2463.99511719,10038051055
2025-12-26T00:00:00Z,2464.03369141,2538.25048828,2454.65332031,2485.02587891,15766079647
2025-12-27T00:00:00Z,2485.02539062,2511.61474609,2477.61816406,2503.71435547,6266749005
2025-12-28T00:00:00Z,2503.62939453,2511.47729492,2484.81518555,2504.59033203,7838164537
2025-12-29T00:00:00Z,2504.58276367,2592.88403320,2473.07275391,2492.28295898,22045688248
2025-12-30T00:00:00Z,2492.17919922,2553.04760742,2477.42236328,2529.81372070,16020222226
2025-12-31T00:00:00Z,2529.80590820,2574.25927734,2519.06591797,2528.90112305,14022473246
2026-01-01T00:00:00Z,2528.86694336,2558.36718750,2528.73706055,2553.30541992,8738643272
2026-01-02T00:00:00Z,2553.35546875,2681.89794922,2542.02319336,2664.50756836,21527041081
2026-01-03T00:00:00Z,2664.41186523,2673.54980469,2624.46289062,2665.46997070,9772545642
2026-01-04T00:00:00Z,2665.50634766,2695.00195312,2659.43041992,2683.18115234,11866955967
2026-01-05T00:00:00Z,2683.84423828,2781.37963867,2683.51660156,2753.92797852,23229030532
2026-01-06T00:00:00Z,2753.91625977,2823.02709961,2721.26269531,2820.13061523,23832869419
2026-01-07T00:00:00Z,2820.10131836,2820.51342773,2676.90698242,2712.10107422,19411260814
2026-01-08T00:00:00Z,2712.16967773,2723.53662109,2617.50268555,2662.88037109,19523299616
2026-01-09T00:00:00Z,2662.83935547,2695.39111328,2630.41601562,2649.78344727,16226359936
2026-01-10T00:00:00Z,2649.88598633,2663.63818359,2642.98364258,2649.22387695,5982474041
2026-01-11T00:00:00Z,2649.23364258,2690.72241211,2647.80737305,2683.15820312,9030695134
2026-01-12T00:00:00Z,2683.10961914,2715.84741211,2626.52197266,2650.37646484,18129608162
2026-01-13T00:00:00Z,2650.10473633,2879.07519531,2649.02392578,2853.54370117,23395732676
2026-01-14T00:00:00Z,2853.62670898,2915.04272461,2816.28369141,2880.82104492,29133831260
2026-01-15T00:00:00Z,2880.85815430,2914.75756836,2823.65551758,2857.35107422,23773508926
2026-01-16T00:00:00Z,2857.55810547,2865.12231445,2804.89160156,2840.37622070,19593475550
2026-01-17T00:00:00Z,2840.37670898,2867.60253906,2829.32617188,2850.87109375,9655356834
2026-01-18T00:00:00Z,2850.90698242,2908.15869141,2820.28613281,2822.63549805,11663233241
2026-01-19T00:00:00Z,2823.53149414,2823.92333984,2719.39941406,2737.79174805,24018550006
2026-01-20T00:00:00Z,2737.79174805,2747.26928711,2494.97949219,2503.25854492,28127325058
2026-01-21T00:00:00Z,2503.49414062,2622.52392578,2448.64965820,2551.96215820,30667288781
2026-01-22T00:00:00Z,2552.31030273,2596.75024414,2477.42211914,2509.48315430,18711665348
2026-01-23T00:00:00Z,2509.32348633,2557.20434570,2462.94970703,2497.16137695,18955555955
2026-01-24T00:00:00Z,2497.14599609,2507.48779297,2487.48388672,2492.80639648,6930988908
2026-01-25T00:00:00Z,2492.63208008,2498.11230469,2345.83911133,2374.20263672,18898237979
2026-01-26T00:00:00Z,2374.09008789,2481.01293945,2370.13256836,2464.60351562,24986318478
2026-01-27T00:00:00Z,2464.38818359,2520.81787109,2437.54370117,2514.22851562,23273714337
2026-01-28T00:00:00Z,2514.25073242,2540.69360352,2497.58520508,2509.71435547,18156750322
2026-01-29T00:00:00Z,2509.42578125,2512.71899414,2300.33935547,2354.78271484,31322540785
2026-01-30T00:00:00Z,2354.70166016,2359.18286133,2220.16821289,2279.76708984,35328689302
2026-01-31T00:00:00Z,2279.70458984,2285.80590820,1897.03820801,2062.71850586,40130418479
2026-02-01T00:00:00Z,2062.69970703,2085.96386719,1878.29418945,1914.50036621,34068697629
2026-02-02T00:00:00Z,1914.16052246,2027.35791016,1822.24450684,1986.96179199,41398074633
2026-02-03T00:00:00Z,1987.03735352,1996.80334473,1785.39111328,1885.24548340,40544260191
2026-02-04T00:00:00Z,1885.59094238,1938.02209473,1758.13195801,1816.28955078,38316651261
2026-02-05T00:00:00Z,1816.38696289,1836.01611328,1543.60046387,1546.86218262,51272424645
2026-02-06T00:00:00Z,1546.39208984,1768.27954102,1485.98034668,1746.03808594,55001691947
2026-02-07T00:00:00Z,1745.99304199,1790.41101074,1688.94628906,1769.02282715,34817263123
2026-02-08T00:00:00Z,1769.09399414,1818.50439453,1748.39282227,1766.13049316,16523280843
2026-02-09T00:00:00Z,1765.41882324,1799.35607910,1686.04626465,1767.17993164,22473152439
2026-02-10T00:00:00Z,1767.69580078,1781.90380859,1670.21142578,1698.69824219,19571297324
2026-02-11T00:00:00Z,1698.76782227,1705.18652344,1604.55725098,1634.23608398,20145767586
2026-02-12T00:00:00Z,1634.42114258,1683.13940430,1598.89733887,1640.33642578,16940014501
2026-02-13T00:00:00Z,1640.05847168,1743.14685059,1622.71508789,1725.87390137,17197370751
2026-02-14T00:00:00Z,1725.70800781,1773.13647461,1720.91516113,1757.08361816,14256700093
2026-02-15T00:00:00Z,1757.03625488,1769.27124023,1625.16369629,1656.73132324,26148597252
2026-02-16T00:00:00Z,1656.63037109,1704.62646484,1635.39147949,1685.94091797,16218145292
2026-02-17T00:00:00Z,1685.94421387,1699.97241211,1644.57214355,1680.98168945,17660306727
2026-02-18T00:00:00Z,1680.98229980,1721.63122559,1632.14794922,1657.42333984,17123519826
2026-02-19T00:00:00Z,1657.44042969,1683.67089844,1621.08288574,1655.43908691,14768343483
2026-02-20T00:00:00Z,1655.49658203,1679.59130859,1635.70263672,1670.22314453,18392584924
2026-02-21T00:00:00Z,1670.08703613,1693.18579102,1659.00231934,1675.28442383,9813060282
2026-02-22T00:00:00Z,1675.14318848,1682.47961426,1642.28649902,1654.55541992,8019076225
2026-02-23T00:00:00Z,1654.83752441,1654.83752441,1557.95349121,1573.39953613,20123180100
2026-02-24T00:00:00Z,1573.37414551,1584.68713379,1532.30590820,1573.74743652,15691124535
2026-02-25T00:00:00Z,1573.66760254,1816.86401367,1568.35034180,1739.19934082,23462024188
2026-02-26T00:00:00Z,1738.48388672,1765.64282227,1678.45129395,1717.14123535,19763734915
2026-02-27T00:00:00Z,1717.09252930,1747.43713379,1598.06701660,1633.71801758,17884963396
2026-02-28T00:00:00Z,1633.70544434,1678.78930664,1554.79602051,1662.76086426,18341451303
2026-03-01T00:00:00Z,1663.04833984,1737.42260742,1623.65954590,1648.99584961,20111335920
2026-03-02T00:00:00Z,1648.98913574,1784.37341309,1642.44543457,1733.49536133,22433632876
2026-03-03T00:00:00Z,1733.61425781,1744.67272949,1667.86816406,1707.69543457,20756727877
2026-03-04T00:00:00Z,1707.64575195,1890.73913574,1677.60485840,1827.68457031,28887869307
2026-03-05T00:00:00Z,1827.73205566,1862.84790039,1775.01892090,1784.83947754,19285084970
2026-03-06T00:00:00Z,1785.20141602,1801.18054199,1687.67492676,1702.51757812,16978830807
2026-03-07T00:00:00Z,1702.46533203,1716.47265625,1678.59289551,1695.32104492,8811994385
2026-03-08T00:00:00Z,1695.31835938,1703.28491211,1659.32104492,1680.41711426,14155898129
2026-03-09T00:00:00Z,1680.44543457,1766.49353027,1675.68664551,1715.64074707,20674264384
2026-03-10T00:00:00Z,1715.68200684,1793.05529785,1715.44299316,1754.36816406,20283287076
2026-03-11T00:00:00Z,1754.36877441,1801.87915039,1727.93530273,1777.37231445,16488050474
2026-03-12T00:00:00Z,1777.53979492,1816.69763184,1750.01123047,1799.43872070,17902027728
2026-03-13T00:00:00Z,1799.57153320,1922.93530273,1797.46838379,1825.01550293,25593234757
2026-03-14T00:00:00Z,1825.01110840,1835.96130371,1799.32788086,1829.35986328,8787379146
2026-03-15T00:00:00Z,1829.18041992,1926.07910156,1818.12683105,1904.13562012,13409007197
2026-03-16T00:00:00Z,1904.40368652,2072.58300781,1892.48608398,2044.78491211,33864154856
2026-03-17T00:00:00Z,2044.74890137,2066.78125000,1998.92810059,2008.83666992,23170907126
2026-03-18T00:00:00Z,2009.27307129,2036.62219238,1878.92456055,1922.40380859,22348191608
2026-03-19T00:00:00Z,1922.23559570,1944.53747559,1825.49658203,1846.33886719,20810092660
2026-03-20T00:00:00Z,1846.31323242,1879.76940918,1833.09326172,1855.00280762,15530096177
2026-03-21T00:00:00Z,1855.18676758,1869.87353516,1788.46484375,1792.18127441,7469181305
2026-03-22T00:00:00Z,1792.62243652,1834.71557617,1756.63964844,1775.67333984,14217290004
2026-03-23T00:00:00Z,1775.59082031,1898.67858887,1754.25561523,1853.98767090,24559429732
2026-03-24T00:00:00Z,1853.96069336,1875.21044922,1818.31140137,1856.16491699,15834355607
2026-03-25T00:00:00Z,1856.17797852,1894.51123047,1850.07617188,1875.20849609,14778625755
2026-03-26T00:00:00Z,1875.21472168,1878.83020020,1764.21289062,1785.58032227,16149902705
2026-03-27T00:00:00Z,1785.46789551,1798.09155273,1710.15002441,1725.17956543,16854372997
2026-03-28T00:00:00Z,1725.18957520,1765.95104980,1716.94677734,1726.24743652,7485786130
2026-03-29T00:00:00Z,1726.24670410,1746.90881348,1687.99121094,1725.15795898,8224108991
2026-03-30T00:00:00Z,1725.15014648,1813.29724121,1722.10363770,1766.23706055,15572329241
2026-03-31T00:00:00Z,1766.24206543,1833.61743164,1754.31774902,1818.53527832,18385357959
2026-04-01T00:00:00Z,1818.54333496,1863.76586914,1800.49926758,1845.35375977,16862167218
2026-04-02T00:00:00Z,1845.34204102,1861.19519043,1749.90209961,1782.13317871,16329886141
2026-04-03T00:00:00Z,1782.00524902,1798.12268066,1770.95666504,1782.22143555,8340653484
2026-04-04T00:00:00Z,1782.39428711,1807.21545410,1774.98535156,1792.76245117,6012685617
2026-04-05T00:00:00Z,1792.77880859,1842.15002441,1755.69262695,1832.34802246,8626390349
2026-04-06T00:00:00Z,1832.29614258,1880.25793457,1809.86254883,1826.42810059,16548485168
2026-04-07T00:00:00Z,1826.44836426,1944.57617188,1782.81274414,1918.32739258,19329469314
2026-04-08T00:00:00Z,1918.72961426,1937.11108398,1870.62390137,1878.63098145,18414176606
2026-04-09T00:00:00Z,1878.62854004,1917.75305176,1846.60058594,1872.39904785,14727291169
2026-04-10T00:00:00Z,1872.60156250,1925.16809082,1863.20837402,1913.94213867,14604643556
2026-04-11T00:00:00Z,1913.90454102,1985.35339355,1901.66906738,1948.90979004,10762763765
2026-04-12T00:00:00Z,1948.94396973,1951.58190918,1855.54870605,1877.68383789,13110950745
2026-04-13T00:00:00Z,1877.79565430,2034.67126465,1861.70654297,2014.73535156,20149039502
2026-04-14T00:00:00Z,2014.39514160,2046.26574707,1954.06799316,1969.21545410,21346721112
2026-04-15T00:00:00Z,1969.24487305,2020.68811035,1960.66040039,1998.34167480,14401967956
2026-04-16T00:00:00Z,1998.56835938,2004.93103027,1940.94030762,1993.63085938,17488570671
2026-04-17T00:00:00Z,1993.80920410,2088.90649414,1967.75476074,2056.54809570,22482574316
2026-04-18T00:00:00Z,2056.57397461,2061.59887695,1988.89172363,1997.36572266,12233520736
2026-04-19T00:00:00Z,1997.16296387,2001.34387207,1921.30224609,1929.38769531,14552887888
2026-04-20T00:00:00Z,1929.35070801,1990.30627441,1926.94799805,1964.65222168,16195029466
2026-04-21T00:00:00Z,1964.62341309,1987.44616699,1951.19909668,1982.26452637,13715704679
2026-04-22T00:00:00Z,1982.25964355,2064.73730469,1971.26232910,2029.80895996,19191537628
2026-04-23T00:00:00Z,2029.80871582,2032.11486816,1959.49304199,1995.53356934,17040172045
2026-04-24T00:00:00Z,1995.58044434,2000.01782227,1970.79797363,1975.38562012,11406194690
2026-04-25T00:00:00Z,1975.42932129,1982.09436035,1963.83276367,1978.01684570,5583572475
2026-04-26T00:00:00Z,1978.08300781,2032.39025879,1968.40832520,2024.40966797,9074977569
2026-04-27T00:00:00Z,2024.50622559,2051.52050781,1932.76257324,1964.54113770,15251529293
2026-04-28T00:00:00Z,1964.55480957,1971.07287598,1931.80139160,1953.81823730,10890836248
2026-04-29T00:00:00Z,1953.81164551,2004.70410156,1902.36279297,1928.44396973,18728668710
2026-04-30T00:00:00Z,1928.50268555,1950.37365723,1914.17492676,1923.67761230,10495064311
2026-05-01T00:00:00Z,1923.75744629,1973.71240234,1923.53002930,1957.87109375,11297931681
2026-05-02T00:00:00Z,1957.82897949,1994.92163086,1955.23156738,1974.87487793,5887381978
2026-05-03T00:00:00Z,1974.85705566,2006.76647949,1958.94909668,1979.97216797,8409866480
2026-05-04T00:00:00Z,1980.12622070,2043.41442871,1969.72106934,2006.88269043,21808118023
2026-05-05T00:00:00Z,2006.89807129,2049.52734375,2005.63171387,2015.55029297,15142870183
2026-05-06T00:00:00Z,2015.64270020,2056.33496094,1990.92382812,2001.08959961,19362055060
2026-05-07T00:00:00Z,2001.13256836,2000.68005371,1941.55261230,1953.01806641,19955329823
2026-05-08T00:00:00Z,1952.99084473,1970.10986328,1931.80871582,1956.22485352,16970656121
2026-05-09T00:00:00Z,1956.30725098,1982.37768555,1951.51538086,1974.02502441,10365232596
2026-05-10T00:00:00Z,1974.03967285,2023.94580078,1968.76269531,2013.23486328,16645367697
2026-05-11T00:00:00Z,2013.36181641,2017.70446777,1956.08703613,1985.95593262,13180182910
2026-05-12T00:00:00Z,1985.89331055,1987.09912109,1923.73071289,1938.36254883,13758475755
2026-05-13T00:00:00Z,1938.31835938,1984.75463867,1907.19323730,1926.92504883,12968443469
2026-05-14T00:00:00Z,1926.92114258,1984.81762695,1911.12670898,1955.87646484,15060449766
2026-05-15T00:00:00Z,1955.87512207,1971.90270996,1896.87426758,1912.95227051,15613554849
2026-05-16T00:00:00Z,1912.96032715,1918.55944824,1859.50683594,1874.73266602,9849205197
2026-05-17T00:00:00Z,1874.82092285,1889.37976074,1805.47851562,1831.95153809,8733533592
2026-05-18T00:00:00Z,1831.98266602,1850.03491211,1785.35473633,1826.28381348,17066456196
2026-05-19T00:00:00Z,1826.29748535,1839.66784668,1805.01538086,1817.85192871,10365158702
2026-05-20T00:00:00Z,1817.75744629,1847.01281738,1811.13732910,1829.68640137,10388776697
2026-05-21T00:00:00Z,1829.84887695,1851.75854492,1816.69567871,1834.49658203,12346158641
2026-05-22T00:00:00Z,1834.46166992,1841.68750000,1771.91687012,1778.55664062,11396384790
2026-05-23T00:00:00Z,1778.55493164,1849.00024414,1732.71044922,1823.46777344,14349115217
2026-05-24T00:00:00Z,1823.11743164,1832.49438477,1771.73571777,1802.13903809,9107406579
2026-05-25T00:00:00Z,1802.13903809,1836.96801758,1796.52294922,1814.53906250,8738027090
2026-05-26T00:00:00Z,1814.53576660,1839.30090332,1767.29504395,1779.64990234,13684804797
2026-05-27T00:00:00Z,1779.65734863,1796.98095703,1732.45703125,1740.67382812,12510868906
2026-05-28T00:00:00Z,1740.58142090,1738.84875488,1690.67785645,1722.87170410,15541777654
2026-05-29T00:00:00Z,1722.86901855,1748.50463867,1696.34191895,1725.16894531,12811311888
2026-05-30T00:00:00Z,1725.10974121,1739.15954590,1715.04016113,1731.45727539,6411896723
2026-05-31T00:00:00Z,1731.27221680,1744.02734375,1708.30310059,1720.56481934,7943384688
2026-06-01T00:00:00Z,1720.47985840,1732.18090820,1683.44506836,1721.63842773,16723582373
2026-06-02T00:00:00Z,1721.67199707,1722.28259277,1581.30212402,1598.37915039,21686727367
2026-06-03T00:00:00Z,1598.31494141,1626.08862305,1527.13354492,1560.61901855,20745301541
2026-06-04T00:00:00Z,1560.62768555,1565.45507812,1479.74938965,1523.86547852,23347900506
2026-06-05T00:00:00Z,1524.21472168,1526.02758789,1337.04541016,1371.91845703,34647399107
2026-06-06T00:00:00Z,1371.93542480,1388.48767090,1307.39086914,1361.53186035,15992121297
2026-06-07T00:00:00Z,1361.51599121,1489.07299805,1356.84924316,1463.61816406,13168259976
2026-06-08T00:00:00Z,1463.49243164,1485.05676270,1426.78100586,1466.14807129,15117580886
2026-06-09T00:00:00Z,1466.20434570,1470.63391113,1399.19104004,1419.76062012,13174457995
2026-06-10T00:00:00Z,1419.69848633,1439.62536621,1390.98364258,1404.50378418,10971304184
2026-06-11T00:00:00Z,1404.50585938,1463.33020020,1404.45776367,1444.65478516,10694770060
2026-06-12T00:00:00Z,1444.25598145,1459.26599121,1426.98498535,1438.74194336,8631044605
2026-06-13T00:00:00Z,1438.67370605,1463.85241699,1435.70178223,1452.28002930,5273432212
2026-06-14T00:00:00Z,1452.22119141,1490.43054199,1429.86486816,1486.33203125,6726607236
2026-06-15T00:00:00Z,1486.29626465,1593.16186523,1473.67407227,1548.53454590,15460947822
2026-06-16T00:00:00Z,1548.51452637,1584.42871094,1518.60424805,1542.14343262,12660414567
2026-06-17T00:00:00Z,1542.14160156,1556.02172852,1499.50427246,1518.97009277,12327631060
2026-06-18T00:00:00Z,1518.96350098,1528.60314941,1455.80944824,1491.94750977,11294995715
2026-06-19T00:00:00Z,1491.91711426,1498.06213379,1463.72778320,1490.72766113,6844457686
2026-06-20T00:00:00Z,1490.72741699,1522.99877930,1483.59997559,1516.06201172,6775803178
2026-06-21T00:00:00Z,1516.09655762,1516.22290039,1485.17260742,1487.08972168,7414344099
2026-06-22T00:00:00Z,1487.13330078,1553.20178223,1487.03393555,1510.97497559,11888509628
2026-06-23T00:00:00Z,1510.98278809,1517.27490234,1436.23034668,1463.57910156,9167106233
2026-06-24T00:00:00Z,1463.46752930,1487.51098633,1366.92895508,1426.76025391,12383350264
2026-06-25T00:00:00Z,1426.72534180,1459.06652832,1347.97753906,1377.29223633,14061628793
2026-06-26T00:00:00Z,1377.11340332,1394.55773926,1329.56530762,1383.95361328,13405959857
2026-06-27T00:00:00Z,1383.93176270,1411.70959473,1371.41528320,1379.85766602,5365831532
2026-06-28T00:00:00Z,1379.83679199,1391.82604980,1360.26367188,1379.30004883,5473387038
2026-06-29T00:00:00Z,1378.97692871,1429.98022461,1361.22021484,1409.89624023,10404318595
2026-06-30T00:00:00Z,1409.85949707,1411.02307129,1359.19128418,1375.24584961,8446252226
2026-07-01T00:00:00Z,1375.53125000,1443.43200684,1360.02185059,1414.15417480,10254055228
2026-07-02T00:00:00Z,1414.19982910,1501.61022949,1402.71899414,1486.66918945,11852303492
2026-07-03T00:00:00Z,1486.88684082,1549.22229004,1482.36010742,1535.21667480,8895458944
2026-07-04T00:00:00Z,1535.26647949,1577.36938477,1523.89428711,1555.57397461,7067846971
2026-07-05T00:00:00Z,1555.58251953,1579.12011719,1529.43371582,1559.00695801,9900925793
2026-07-06T00:00:00Z,1559.00415039,1598.98754883,1514.13256836,1571.09924316,14855991248
2026-07-07T00:00:00Z,1571.08911133,1585.03784180,1536.35412598,1551.12780762,8684075790
2026-07-08T00:00:00Z,1551.02099609,1562.51147461,1501.46301270,1525.75610352,8851786291
2026-07-09T00:00:00Z,1525.74487305,1538.83740234,1506.67333984,1525.79956055,6790430681
2026-07-10T00:00:00Z,1525.78942871,1584.41088867,1519.23327637,1572.55859375,8259701086
2026-07-11T00:00:00Z,1572.66906738,1601.18408203,1564.79858398,1566.37878418,6045885501
2026-07-12T00:00:00Z,1565.91345215,1597.35803223,1558.96569824,1583.42871094,5317718434
2026-07-13T00:00:00Z,1583.40234375,1615.85888672,1536.37500000,1557.97778320,10046550586
2026-07-14T00:00:00Z,1557.95214844,1658.42199707,1556.53857422,1653.89758301,12110420953
2026-07-15T00:00:00Z,1653.91601562,1700.51074219,1628.96276855,1671.30273438,11058723665
2026-07-16T00:00:00Z,1671.33276367,1680.72912598,1622.27600098,1627.93347168,9971757755
2026-07-17T00:00:00Z,1627.95349121,1632.98718262,1577.24316406,1609.26660156,9310561471
2026-07-18T00:00:00Z,1609.36633301,1629.91308594,1605.84777832,1627.51757812,4157453211
2026-07-19T00:00:00Z,1627.54187012,1641.19226074,1619.94165039,1637.68981934,6129594478
2026-07-20T00:00:00Z,1637.48608398,1678.45141602,1611.15344238,1667.67187500,10549214315
2026-07-21T00:00:00Z,1667.61132812,1706.44702148,1664.34204102,1691.20410156,10986052926
2026-07-22T00:00:00Z,1691.04089355,1713.81384277,1674.25646973,1694.33471680,9464976096
2026-07-23T00:00:00Z,1694.31799316,1700.21166992,1642.45373535,1650.04809570,8586964668
2026-07-24T00:00:00Z,1650.04577637,1674.04113770,1623.86462402,1635.15441895,7960941677
2026-07-25T00:00:00Z,1635.15344238,1648.26171875,1626.00878906,1646.57177734,3839066865
2026-07-26T00:00:00Z,1646.58337402,1723.55908203,1645.83569336,1714.26879883,5825563429
2026-07-27T00:00:00Z,1714.26367188,1732.12817383,1655.38305664,1662.95715332,12032564749
2026-07-28T00:00:00Z,1662.97558594,1690.89831543,1632.18835449,1686.18127441,10078777885
2026-07-29T00:00:00Z,1686.21911621,1690.57006836,1634.80773926,1664.35839844,10467806933
2026-07-30T00:00:00Z,1664.41674805,1678.68688965,1651.39941406,1663.91540527,7007640629
2026-07-31T00:00:00Z,1663.71472168,1678.90393066,1611.32153320,1612.57397461,8887515702
2026-08-01T00:00:00Z,1612.59570312,1623.69116211,1578.88879395,1597.90039062,4238503182
2026-08-02T00:00:00Z,1597.90002441,1641.50988770,1596.80529785,1630.73657227,5022887537
2026-08-03T00:00:00Z,1630.96313477,1631.53112793,1585.89501953,1614.87878418,6798083197
2026-08-04T00:00:00Z,1614.84729004,1629.90539551,1604.43212891,1620.14086914,6893741108
2026-08-05T00:00:00Z,1620.23315430,1664.34411621,1605.20593262,1649.65588379,8472681738
2026-08-06T00:00:00Z,1649.58386230,1662.82299805,1638.94165039,1650.51037598,6920013652
2026-08-07T00:00:00Z,1650.58239746,1680.31188965,1642.68762207,1654.93310547,7854936986
2026-08-08T00:00:00Z,1654.97253418,1664.89257812,1653.38098145,1657.17919922,3241387413
2026-08-09T00:00:00Z,1657.12036133,1674.84118652,1650.00634766,1651.73779297,4020194160
2026-08-10T00:00:00Z,1651.76977539,1669.16369629,1617.03186035,1620.68078613,7609559519
2026-08-11T00:00:00Z,1620.66772461,1642.79003906,1605.85302734,1629.81689453,6893507304
2026-08-12T00:00:00Z,1629.81689453,1664.39587402,1625.67578125,1629.14501953,6640526494
2026-08-13T00:00:00Z,1629.19140625,1646.98742676,1615.00927734,1633.44116211,6106814453
2026-08-14T00:00:00Z,1633.46337891,1637.74633789,1608.71752930,1625.82189941,4854198336
2026-08-15T00:00:00Z,1625.79003906,1629.04101562,1619.98925781,1625.81762695,2718559926
2026-08-16T00:00:00Z,1625.80322266,1647.14636230,1614.17980957,1619.12426758,3220372354
2026-08-17T00:00:00Z,1619.14758301,1654.89904785,1615.58349609,1650.90539551,6741083200
2026-08-18T00:00:00Z,1650.91101074,1657.76879883,1628.19445801,1655.50671387,5890866342
2026-08-19T00:00:00Z,1655.47839355,1993.55505371,1643.64599609,1928.53369141,25375153140
2026-08-20T00:00:00Z,1928.52172852,2019.82409668,1903.79296875,1990.46655273,23833831409
2026-08-21T00:00:00Z,1990.46423340,2179.78344727,1989.22839355,2153.58422852,28535921707
2026-08-22T00:00:00Z,2153.67895508,2165.24121094,2046.23413086,2075.64379883,20536209279
2026-08-23T00:00:00Z,2075.61474609,2126.89257812,2018.18322754,2109.04370117,15638607118
2026-08-24T00:00:00Z,2108.89355469,2169.28759766,2076.14916992,2127.05102539,19585484528
2026-08-25T00:00:00Z,2127.00512695,2169.87353516,2069.96533203,2092.74926758,14793788638
2026-08-26T00:00:00Z,2092.17529297,2157.66406250,2088.55004883,2150.27172852,11290807384
2026-08-27T00:00:00Z,2150.25317383,2201.76025391,2129.25292969,2154.18798828,14472597490
2026-08-28T00:00:00Z,2154.41308594,2174.51171875,2079.04614258,2108.45068359,14384048897
2026-08-29T00:00:00Z,2108.47558594,2123.48144531,2098.32958984,2121.80419922,4996221034
2026-08-30T00:00:00Z,2121.80908203,2206.21752930,2062.23144531,2086.43457031,10380363591
2026-08-31T00:00:00Z,2086.40380859,2142.65405273,2071.93261719,2123.24658203,11864832104
2026-09-01T00:00:00Z,2123.03564453,2139.91479492,2057.33447266,2086.03417969,12186632573
2026-09-02T00:00:00Z,2086.02246094,2097.51293945,2036.86584473,2064.28369141,12281068913
2026-09-03T00:00:00Z,2064.36938477,2172.28271484,2045.29870605,2156.84765625,15854616956
2026-09-04T00:00:00Z,2156.84350586,2190.06616211,2093.67333984,2114.02734375,16441456744
2026-09-05T00:00:00Z,2113.94970703,2145.69165039,2105.53735352,2135.98779297,6588605138
2026-09-06T00:00:00Z,2136.06445312,2173.96606445,2125.18969727,2165.22534180,9735858763
2026-09-07T00:00:00Z,2165.25463867,2183.15747070,2121.27368164,2142.22631836,11113858487
2026-09-08T00:00:00Z,2142.19360352,2155.20361328,2100.59985352,2137.06713867,11585187115
2026-09-09T00:00:00Z,2137.02636719,2167.58325195,2099.92480469,2120.46777344,12855287970
2026-09-10T00:00:00Z,2120.46728516,2133.92773438,2074.83520508,2098.95117188,14453349877
2026-09-11T00:00:00Z,2098.98315430,2293.25097656,2099.80053711,2167.19775391,23968390517
2026-09-12T00:00:00Z,2167.22875977,2193.91723633,2162.08520508,2177.16235352,6906414789
2026-09-13T00:00:00Z,2177.16040039,2177.94580078,2120.94335938,2136.57421875,8318377857
2026-09-14T00:00:00Z,2136.21362305,2262.40917969,2127.96142578,2177.36328125,13863574289
2026-09-15T00:00:00Z,2177.32421875,2183.71533203,2042.82275391,2079.20239258,17571822377
2026-09-16T00:00:00Z,2079.17504883,2107.05297852,2063.07885742,2106.73315430,13886674983
2026-09-17T00:00:00Z,2106.77490234,2158.97802734,2105.25610352,2132.44555664,10194469788
2026-09-18T00:00:00Z,2132.44555664,2301.63769531,2121.42602539,2273.01049805,19646544527
2026-09-19T00:00:00Z,2273.10546875,2317.02954102,2265.51586914,2292.85009766,8718417762
2026-09-20T00:00:00Z,2292.89550781,2306.71093750,2234.02075195,2302.48168945,9373009416
2026-09-21T00:00:00Z,2302.29418945,2446.96191406,2302.29418945,2421.99096680,23125816876
2026-09-22T00:00:00Z,2422.08886719,2422.35791016,2366.99853516,2404.49609375,13478873481
2026-09-23T00:00:00Z,2404.60083008,2439.30297852,2314.80346680,2358.77050781,15462588129
2026-09-24T00:00:00Z,2358.54833984,2375.38940430,2310.99902344,2362.76684570,12341311637
2026-09-25T00:00:00Z,2362.78540039,2402.99072266,2343.22583008,2361.80712891,11619955913
2026-09-26T00:00:00Z,2361.81250000,2367.65502930,2340.32348633,2366.09008789,4429940369
2026-09-27T00:00:00Z,2366.20922852,2389.64038086,2345.82055664,2361.49707031,7089057051
2026-09-28T00:00:00Z,2361.56201172,2388.34008789,2314.47460938,2364.52563477,14463099810
2026-09-29T00:00:00Z,2364.49487305,2418.74389648,2332.14160156,2360.31225586,13497969475
2026-09-30T00:00:00Z,2360.28564453,2407.48754883,2341.13671875,2369.28369141,12218967099
