fecha,vol30_banda5_esc0.75,vol30_banda5_esc1.0,vol30_banda5_esc1.25,vol30_banda10_esc0.75,vol30_banda10_esc1.0,vol30_banda10_esc1.25,vol30_banda20_esc0.75,vol30_banda20_esc1.0,vol30_banda20_esc1.25,vol40_banda5_esc0.75,vol40_banda5_esc1.0,vol40_banda5_esc1.25,vol40_banda10_esc0.75,vol40_banda10_esc1.0,vol40_banda10_esc1.25,vol40_banda20_esc0.75,vol40_banda20_esc1.0,vol40_banda20_esc1.25,vol50_banda5_esc0.75,vol50_banda5_esc1.0,vol50_banda5_esc1.25,vol50_banda10_esc0.75,vol50_banda10_esc1.0,vol50_banda10_esc1.25,vol50_banda20_esc0.75,vol50_banda20_esc1.0,vol50_banda20_esc1.25
2018-07-04,0.0,0.0,0.0,0.0,0.0,0.0,0.0,0.0,0.0,0.0,0.0,0.0,0.0,0.0,0.0,0.0,0.0,0.0,0.0,0.0,0.0,0.0,0.0,0.0,0.0,0.0,0.0
2018-07-05,0.0,0.0,0.0,0.0,0.0,0.0,0.0,0.0,0.0,0.0,0.0,0.0,0.0,0.0,0.0,0.0,0.0,0.0,0.0,0.0,0.0,0.0,0.0,0.0,0.0,0.0,0.0
2018-07-06,0.0,0.0,0.0,0.0,0.0,0.0,0.0,0.0,0.0,0.0,0.0,0.0,0.0,0.0,0.0,0.0,0.0,0.0,0.0,0.0,0.0,0.0,0.0,0.0,0.0,0.0,0.0
2018-07-07,0.0,0.0,0.0,0.0,0.0,0.0,0.0,0.0,0.0,0.0,0.0,0.0,0.0,0.0,0.0,0.0,0.0,0.0,0.0,0.0,0.0,0.0,0.0,0.0,0.0,0.0,0.0
2018-07-08,0.0,0.0,0.0,0.0,0.0,0.0,0.0,0.0,0.0,0.0,0.0,0.0,0.0,0.0,0.0,0.0,0.0,0.0,0.0,0.0,0.0,0.0,0.0,0.0,0.0,0.0,0.0
2018-07-09,0.0,0.0,0.0,0.0,0.0,0.0,0.0,0.0,0.0,0.0,0.0,0.0,0.0,0.0,0.0,0.0,0.0,0.0,0.0,0.0,0.0,0.0,0.0,0.0,0.0,0.0,0.0
2018-07-10,0.0,0.0,0.0,0.0,0.0,0.0,0.0,0.0,0.0,0.0,0.0,0.0,0.0,0.0,0.0,0.0,0.0,0.0,0.0,0.0,0.0,0.0,0.0,0.0,0.0,0.0,0.0
2018-07-11,0.0,0.0,0.0,0.0,0.0,0.0,0.0,0.0,0.0,0.0,0.0,0.0,0.0,0.0,0.0,0.0,0.0,0.0,0.0,0.0,0.0,0.0,0.0,0.0,0.0,0.0,0.0
2018-07-12,0.0,0.0,0.0,0.0,0.0,0.0,0.0,0.0,0.0,0.0,0.0,0.0,0.0,0.0,0.0,0.0,0.0,0.0,0.0,0.0,0.0,0.0,0.0,0.0,0.0,0.0,0.0
2018-07-13,0.0,0.0,0.0,0.0,0.0,0.0,0.0,0.0,0.0,0.0,0.0,0.0,0.0,0.0,0.0,0.0,0.0,0.0,0.0,0.0,0.0,0.0,0.0,0.0,0.0,0.0,0.0
2018-07-14,0.0,0.0,0.0,0.0,0.0,0.0,0.0,0.0,0.0,0.0,0.0,0.0,0.0,0.0,0.0,0.0,0.0,0.0,0.0,0.0,0.0,0.0,0.0,0.0,0.0,0.0,0.0
2018-07-15,0.0,0.0,0.0,0.0,0.0,0.0,0.0,0.0,0.0,0.0,0.0,0.0,0.0,0.0,0.0,0.0,0.0,0.0,0.0,0.0,0.0,0.0,0.0,0.0,0.0,0.0,0.0
2018-07-16,0.0,0.0,0.0,0.0,0.0,0.0,0.0,0.0,0.0,0.0,0.0,0.0,0.0,0.0,0.0,0.0,0.0,0.0,0.0,0.0,0.0,0.0,0.0,0.0,0.0,0.0,0.0
2018-07-17,0.0,0.0,0.0,0.0,0.0,0.0,0.0,0.0,0.0,0.0,0.0,0.0,0.0,0.0,0.0,0.0,0.0,0.0,0.0,0.0,0.0,0.0,0.0,0.0,0.0,0.0,0.0
2018-07-18,-0.29203054,-0.29203054,-0.00042986,-0.29203054,-0.29203054,-0.00042986,-0.29203054,-0.29203054,-0.00042986,-0.38937405,-0.38937405,-0.00057314,-0.38937405,-0.38937405,-0.00057314,-0.38937405,-0.38937405,-0.00057314,-0.48671756,-0.48671756,-0.00071643,-0.48671756,-0.48671756,-0.00071643,-0.48671756,-0.48671756,-0.00071643
2018-07-19,-0.02164943,-0.02164943,0.10288357,-0.02164943,-0.02164943,0.10288357,-0.02164943,-0.02164943,0.10288357,-0.02889411,-0.02889411,0.13717829,-0.02889411,-0.02889411,0.13717829,-0.02889411,-0.02889411,0.13717829,-0.03615297,-0.03615297,0.1714731,-0.03615297,-0.03615297,0.1714731,-0.03615297,-0.03615297,0.1714731
2018-07-20,-0.46754638,-0.46754638,-0.18468237,-0.46754638,-0.46754638,-0.18468237,-0.46754638,-0.46754638,-0.18468237,-0.6240496,-0.6240496,-0.24615919,-0.6240496,-0.6240496,-0.24615919,-0.6240496,-0.6240496,-0.24615919,-0.78088176,-0.78088176,-0.30759408,-0.78088176,-0.78088176,-0.30759408,-0.78088176,-0.78088176,-0.30759408
2018-07-21,0.25688688,0.25688688,0.07631029,0.25688688,0.25688688,0.07631029,0.25688688,0.25688688,0.07631029,0.34341539,0.34341539,0.10177504,0.34341539,0.34341539,0.10177504,0.34341539,0.34341539,0.10177504,0.43039959,0.43039959,0.1272538,0.43039959,0.43039959,0.1272538,0.43039959,0.43039959,0.1272538
2018-07-22,-0.06621326,-0.06621326,-0.00608052,-0.06621326,-0.06621326,-0.00608052,-0.06621326,-0.06621326,-0.00608052,-0.08843988,-0.08843988,-0.00810753,-0.08843988,-0.08843988,-0.00810753,-0.08843988,-0.08843988,-0.00810753,-0.11074495,-0.11074495,-0.01013462,-0.11074495,-0.11074495,-0.01013462,-0.11074495,-0.11074495,-0.01013462
2018-07-23,0.24997361,0.24997361,0.33857712,0.24997361,0.24997361,0.33857712,0.24997361,0.24997361,0.33857712,0.33395959,0.33395959,0.4514546,0.33395959,0.33395959,0.4514546,0.33395959,0.33395959,0.4514546,0.46347476,0.46347476,0.66812665,0.41827959,0.41827959,0.5643413,0.41827959,0.41827959,0.5643413
2018-07-24,1.86283553,1.06589419,0.67611633,1.86283553,1.06589419,0.67611633,1.86283553,1.06589419,0.67611633,2.49068792,1.42282071,0.90051222,2.49068792,1.42282071,0.90051222,2.49068792,1.42282071,0.90051222,3.32593338,2.21370545,1.3804001,3.12201363,1.78056611,1.12442263,3.12201363,1.78056611,1.12442263
2018-07-25,-0.65417414,-0.69558214,-0.25450488,-0.71220766,-0.69558214,-0.25450488,-0.71220766,-0.38481069,-0.25450488,-0.87377659,-0.93080897,-0.33821852,-0.94654783,-0.93080897,-0.33821852,-0.94654783,-0.93080897,-0.33821852,-1.15075517,-1.19985452,-0.4467903,-1.17937151,-1.16769889,-0.42138073,-1.17937151,-1.16769889,-0.42138073
2018-07-26,-0.42132539,-0.4193842,-0.17879948,-0.4802369,-0.4193842,-0.17879948,-0.4802369,-0.24817246,-0.17879948,-0.5656607,-0.56223663,-0.23781112,-0.6398137,-0.56223663,-0.23781112,-0.6398137,-0.56223663,-0.23781112,-0.74266747,-0.73854519,-0.29343262,-0.79913348,-0.7066377,-0.29653229,-0.79913348,-0.7066377,-0.29653229
2018-07-27,0.56600998,0.56328633,0.24305454,0.64666536,0.56328633,0.24305454,0.64666536,0.32944316,0.24305454,0.76111895,0.75630006,0.32346439,0.86294803,0.75630006,0.32346439,0.86294803,0.75630006,0.32346439,0.99817324,0.99230159,0.39934193,1.07958647,0.95199999,0.40357291,1.07958647,0.95199999,0.40357291
2018-07-28,0.03172843,0.03093391,0.03480689,0.04314933,0.03093391,0.03480689,0.04314933,-0.00221337,0.03480689,0.0432272,0.04182041,0.04628495,0.05757998,0.04182041,0.04628495,0.05757998,0.04182041,0.04628495,0.03888029,0.03687971,0.05709918,0.07203303,0.05299502,0.05770171,0.07203303,0.05299502,0.05770171
2018-07-29,-0.01022428,-0.01022651,-0.00272468,-0.01111996,-0.01022651,-0.00272468,-0.01111996,-0.00761456,-0.00272468,-0.01366928,-0.01367378,-0.00362277,-0.01479544,-0.01367378,-0.00362277,-0.01479544,-0.01367378,-0.00362277,-0.01929006,-0.01931907,-0.00446873,-0.01845532,-0.01714055,-0.00451586,-0.01845532,-0.01714055,-0.00451586
2018-07-30,-0.29819332,-0.29841116,-0.07443805,-0.32267296,-0.29841116,-0.07443805,-0.32267296,-0.22700037,-0.07443805,-0.48514633,-0.48651299,-0.09897456,-0.42931128,-0.39893028,-0.09897456,-0.42931128,-0.39893028,-0.09897456,-0.5666499,-0.56789451,-0.12208728,-0.53548959,-0.49998221,-0.12337489,-0.53548959,-0.49998221,-0.12337489
2018-07-31,-1.14908637,-1.14542405,-0.43400008,-1.29228913,-1.14542405,-0.43400008,-1.29228913,-0.72893685,-0.43400008,-1.66873004,-1.66370502,-0.57719829,-1.72211802,-1.53535881,-0.57719829,-1.72211802,-1.53535881,-0.57719829,-2.07117795,-2.06423194,-0.71215143,-2.15145855,-1.92941676,-0.71967155,-2.15145855,-1.92941676,-0.71967155
2018-08-01,-0.24782594,-0.24681089,-0.09996739,-0.28144787,-0.24681089,-0.09996739,-0.28144787,-0.14961195,-0.09996739,-0.35593198,-0.35437085,-0.13314309,-0.37674283,-0.332266,-0.13314309,-0.37674283,-0.332266,-0.13314309,-0.44517396,-0.44305991,-0.1644962,-0.47278626,-0.41937595,-0.16624582,-0.47278626,-0.41937595,-0.16624582
2018-08-02,-0.09148563,-0.04237526,-0.02139469,-0.11643099,-0.04237526,-0.02139469,-0.04988235,-0.02159616,-0.02139469,-0.12477835,-0.05730782,-0.02850431,-0.15622022,-0.05717011,-0.02850431,-0.15622022,-0.05717011,-0.02850431,-0.15927088,-0.07267708,-0.03522769,-0.19650865,-0.07231404,-0.035603,-0.19650865,-0.07231404,-0.035603
2018-08-03,-0.11820251,-0.2203107,-0.11120853,-0.11796179,-0.2203107,-0.11120853,-0.25935984,-0.11225598,-0.11120853,-0.15861687,-0.29799018,-0.14817451,-0.15783572,-0.29727371,-0.14817451,-0.15783572,-0.29727371,-0.14817451,-0.1991931,-0.37796568,-0.18313708,-0.19799057,-0.37607627,-0.18508892,-0.19799057,-0.37607627,-0.18508892
2018-08-04,-0.44610278,-0.83231556,-0.4196777,-0.4451932,-0.83231556,-0.4196777,-0.98022358,-0.42363503,-0.4196777,-0.59887112,-1.1266593,-0.55938661,-0.59591716,-1.12394235,-0.55938661,-0.59591716,-1.12394235,-0.55938661,-0.75237579,-1.43018275,-0.69161905,-0.74782468,-1.42300642,-0.69900383,-0.74782468,-1.42300642,-0.69900383
2018-08-05,-0.067915,-0.02223692,-0.06387507,-0.06777591,-0.02223692,-0.06387507,-0.15003488,0.03545311,-0.06387507,-0.09131268,-0.03279467,-0.08525843,-0.09085958,-0.03271469,-0.08525843,-0.09085958,0.09472653,-0.08525843,-0.11489569,-0.04497191,-0.10555288,-0.11419545,-0.04484547,-0.10668786,-0.11419545,-0.04484547,-0.10668786
2018-08-06,0.0,-0.09412757,0.0,0.0,-0.09412757,0.0,0.0,-0.08956018,0.0,0.0,-0.1254726,0.0,0.0,-0.12516649,0.0,0.0,-0.23915254,0.0,0.0,-0.15690218,0.0,0.0,-0.1560114,0.0,0.0,-0.1560114,0.0
2018-08-07,0.0,-0.25901377,0.0,0.0,-0.25901377,0.0,0.0,-0.24643426,0.0,0.0,-0.34537522,0.0,0.0,-0.34453155,0.0,0.0,-0.65904013,0.0,0.0,-0.43202406,0.0,0.0,-0.42956749,0.0,0.0,-0.42956749,0.0
2018-08-08,0.0,-0.05815764,0.0,0.0,-0.05815764,0.0,0.0,-0.05532612,0.0,0.0,-0.07761601,0.0,0.0,-0.07742575,0.0,0.0,-0.14857341,0.0,0.0,-0.09717305,0.0,0.0,-0.09661812,0.0,0.0,-0.09661812,0.0
2018-08-09,0.0,0.0,0.0,0.0,0.0,0.0,0.0,0.0,0.0,0.0,0.0,0.0,0.0,0.0,0.0,0.0,0.0,0.0,0.0,0.0,0.0,0.0,0.0,0.0,0.0,0.0,0.0
2018-08-10,0.0,0.0,0.0,0.0,0.0,0.0,0.0,0.0,0.0,0.0,0.0,0.0,0.0,0.0,0.0,0.0,0.0,0.0,0.0,0.0,0.0,0.0,0.0,0.0,0.0,0.0,0.0
2018-08-11,0.0,0.0,0.0,0.0,0.0,0.0,0.0,0.0,0.0,0.0,0.0,0.0,0.0,0.0,0.0,0.0,0.0,0.0,0.0,0.0,0.0,0.0,0.0,0.0,0.0,0.0,0.0
2018-08-12,0.0,0.0,0.0,0.0,0.0,0.0,0.0,0.0,0.0,0.0,0.0,0.0,0.0,0.0,0.0,0.0,0.0,0.0,0.0,0.0,0.0,0.0,0.0,0.0,0.0,0.0,0.0
2018-08-13,0.0,0.0,0.0,0.0,0.0,0.0,0.0,0.0,0.0,0.0,0.0,0.0,0.0,0.0,0.0,0.0,0.0,0.0,0.0,0.0,0.0,0.0,0.0,0.0,0.0,0.0,0.0
2018-08-14,0.0,0.0,0.0,0.0,0.0,0.0,0.0,0.0,0.0,0.0,0.0,0.0,0.0,0.0,0.0,0.0,0.0,0.0,0.0,0.0,0.0,0.0,0.0,0.0,0.0,0.0,0.0
2018-08-15,0.0,0.0,0.0,0.0,0.0,0.0,0.0,0.0,0.0,0.0,0.0,0.0,0.0,0.0,0.0,0.0,0.0,0.0,0.0,0.0,0.0,0.0,0.0,0.0,0.0,0.0,0.0
2018-08-16,0.0,0.0,0.0,0.0,0.0,0.0,0.0,0.0,0.0,0.0,0.0,0.0,0.0,0.0,0.0,0.0,0.0,0.0,0.0,0.0,0.0,0.0,0.0,0.0,0.0,0.0,0.0
2018-08-17,0.0,0.0,0.0,0.0,0.0,0.0,0.0,0.0,0.0,0.0,0.0,0.0,0.0,0.0,0.0,0.0,0.0,0.0,0.0,0.0,0.0,0.0,0.0,0.0,0.0,0.0,0.0
2018-08-18,0.0,0.0,0.0,0.0,0.0,0.0,0.0,0.0,0.0,0.0,0.0,0.0,0.0,0.0,0.0,0.0,0.0,0.0,0.0,0.0,0.0,0.0,0.0,0.0,0.0,0.0,0.0
2018-08-19,0.0,0.0,0.0,0.0,0.0,0.0,0.0,0.0,0.0,0.0,0.0,0.0,0.0,0.0,0.0,0.0,0.0,0.0,0.0,0.0,0.0,0.0,0.0,0.0,0.0,0.0,0.0
2018-08-20,0.0,0.0,0.0,0.0,0.0,0.0,0.0,0.0,0.0,0.0,0.0,0.0,0.0,0.0,0.0,0.0,0.0,0.0,0.0,0.0,0.0,0.0,0.0,0.0,0.0,0.0,0.0
2018-08-21,0.0,0.0,0.0,0.0,0.0,0.0,0.0,0.0,0.0,0.0,0.0,0.0,0.0,0.0,0.0,0.0,0.0,0.0,0.0,0.0,0.0,0.0,0.0,0.0,0.0,0.0,0.0
2018-08-22,0.0,0.0,0.0,0.0,0.0,0.0,0.0,0.0,0.0,0.0,0.0,0.0,0.0,0.0,0.0,0.0,0.0,0.0,0.0,0.0,0.0,0.0,0.0,0.0,0.0,0.0,0.0
2018-08-23,0.0,0.0,0.0,0.0,0.0,0.0,0.0,0.0,0.0,0.0,0.0,0.0,0.0,0.0,0.0,0.0,0.0,0.0,0.0,0.0,0.0,0.0,0.0,0.0,0.0,0.0,0.0
2018-08-24,0.0,0.0,0.0,0.0,0.0,0.0,0.0,0.0,0.0,0.0,0.0,0.0,0.0,0.0,0.0,0.0,0.0,0.0,0.0,0.0,0.0,0.0,0.0,0.0,0.0,0.0,0.0
2018-08-25,0.0,0.0,0.0,0.0,0.0,0.0,0.0,0.0,0.0,0.0,0.0,0.0,0.0,0.0,0.0,0.0,0.0,0.0,0.0,0.0,0.0,0.0,0.0,0.0,0.0,0.0,0.0
2018-08-26,0.0,0.0,0.0,0.0,0.0,0.0,0.0,0.0,0.0,0.0,0.0,0.0,0.0,0.0,0.0,0.0,0.0,0.0,0.0,0.0,0.0,0.0,0.0,0.0,0.0,0.0,0.0
2018-08-27,0.0,0.0,0.0,0.0,0.0,0.0,0.0,0.0,0.0,0.0,0.0,0.0,0.0,0.0,0.0,0.0,0.0,0.0,0.0,0.0,0.0,0.0,0.0,0.0,0.0,0.0,0.0
2018-08-28,0.0,0.0,0.0,0.0,0.0,0.0,0.0,0.0,0.0,0.0,0.0,0.0,0.0,0.0,0.0,0.0,0.0,0.0,0.0,0.0,0.0,0.0,0.0,0.0,0.0,0.0,0.0
2018-08-29,-0.15662087,-0.15406791,0.0,-0.15622653,-0.15406791,0.0,-0.15513968,-0.15630449,0.0,-0.2096184,-0.20503948,0.0,-0.2084522,-0.2045365,0.0,-0.2084522,-0.20374501,0.0,-0.26254181,-0.25597357,0.0,-0.26075301,-0.25450968,0.0,-0.26075301,-0.25450968,0.0
2018-08-30,-0.03443093,-0.03386883,0.0,-0.0343441,-0.03386883,0.0,-0.0341048,-0.03436127,0.0,-0.04610617,-0.04509696,0.0,-0.04584913,-0.0449861,0.0,-0.04584913,-0.04481167,0.0,-0.05777747,-0.05632829,0.0,-0.05738278,-0.05600533,0.0,-0.05738278,-0.05600533,0.0
2018-08-31,0.08199107,0.08065208,0.0,0.08178424,0.08065208,0.0,0.08121419,0.08182513,0.0,0.10980639,0.10740176,0.0,0.10919393,0.10713763,0.0,0.10919393,0.10672201,0.0,0.13761881,0.13416509,0.0,0.13667817,0.13339543,0.0,0.13667817,0.13339543,0.0
2018-09-01,0.21959702,0.21601369,0.0,0.21904351,0.21601369,0.0,0.217518,0.21915294,0.0,0.29401321,0.28758157,0.0,0.2923751,0.28687509,0.0,0.2923751,0.2857634,0.0,0.36838027,0.3591477,0.0,0.36586579,0.35709013,0.0,0.36586579,0.35709013,0.0
2018-09-02,0.14711916,0.14472368,0.07052446,0.14674915,0.14472368,0.07052446,0.14572934,0.1468223,0.07052446,0.19682818,0.19253484,0.09391032,0.19573474,0.19206321,0.09391032,0.19573474,0.19132105,0.09391032,0.24643075,0.24027665,0.11764993,0.2447548,0.23890499,0.11723464,0.2447548,0.23890499,0.11723464
2018-09-03,-0.0413003,-0.0406288,-0.04178241,-0.04119658,-0.0406288,-0.04178241,-0.04091071,-0.04121709,-0.04178241,-0.05522754,-0.0540252,-0.05562443,-0.05492134,-0.05389312,-0.05562443,-0.05492134,-0.05368526,-0.05562443,-0.0691112,-0.06738943,-0.06966921,-0.06864233,-0.06700564,-0.06942358,-0.06864233,-0.06700564,-0.06942358
2018-09-04,0.14187305,0.13956539,0.14352988,0.14151661,0.13956539,0.14352988,0.1405342,0.14158708,0.14352988,0.18974178,0.18560873,0.19110609,0.18868918,0.1851547,0.19110609,0.18868918,0.18444022,0.19110609,0.23747395,0.23155376,0.2393927,0.23586175,0.23023416,0.23854809,0.23586175,0.23023416,0.23854809
2018-09-05,-0.88450831,-0.87014124,-0.89482296,-0.88228922,-0.87014124,-0.89482296,-0.87617292,-0.88272794,-0.89482296,-1.18238092,-1.15667348,-1.19086646,-1.17583401,-1.15384923,-1.19086646,-1.17583401,-1.14940492,-1.19086646,-1.47912054,-1.44233146,-1.49104305,-1.46910248,-1.43413067,-1.48579497,-1.46910248,-1.43413067,-1.48579497
2018-09-06,-0.07720309,-0.22924474,-0.23580602,-0.07700767,-0.22924474,-0.23580602,-0.07646911,-0.23259032,-0.23580602,-0.10351358,-0.30561702,-0.3147604,-0.1029336,-0.30486208,-0.3147604,-0.1029336,-0.30367419,-0.3147604,-0.12988218,-0.38219831,-0.3953016,-0.12898937,-0.3799936,-0.39388926,-0.12898937,-0.3799936,-0.39388926
2018-09-07,0.0,-0.07323072,-0.11083314,0.0,-0.07323072,-0.11083314,0.0,-0.07430193,-0.11083314,0.0,-0.09770213,-0.14806031,0.0,-0.09746004,-0.14806031,0.0,-0.09707913,-0.14806031,0.0,-0.12227819,-0.18609649,0.0,-0.12157013,-0.18542897,0.0,-0.12157013,-0.18542897
2018-09-08,0.0,0.0,-0.2243796,0.0,0.0,-0.2243796,0.0,0.0,-0.2243796,0.0,0.0,-0.29985706,0.0,0.0,-0.29985706,0.0,0.0,-0.29985706,0.0,0.0,-0.37703292,0.0,0.0,-0.37567801,0.0,0.0,-0.37567801
2018-09-09,0.0,0.0,-0.07340465,0.0,0.0,-0.07340465,0.0,0.0,-0.07340465,0.0,0.0,-0.09817098,0.0,0.0,-0.09817098,0.0,0.0,-0.09817098,0.0,0.0,-0.12353341,0.0,0.0,-0.1230878,0.0,0.0,-0.1230878
2018-09-10,0.0,0.0,0.0,0.0,0.0,0.0,0.0,0.0,0.0,0.0,0.0,0.0,0.0,0.0,0.0,0.0,0.0,0.0,0.0,0.0,0.0,0.0,0.0,0.0,0.0,0.0,0.0
2018-09-11,0.0,0.0,0.0,0.0,0.0,0.0,0.0,0.0,0.0,0.0,0.0,0.0,0.0,0.0,0.0,0.0,0.0,0.0,0.0,0.0,0.0,0.0,0.0,0.0,0.0,0.0,0.0
2018-09-12,0.0,0.0,0.0,0.0,0.0,0.0,0.0,0.0,0.0,0.0,0.0,0.0,0.0,0.0,0.0,0.0,0.0,0.0,0.0,0.0,0.0,0.0,0.0,0.0,0.0,0.0,0.0
2018-09-13,0.0,0.0,0.0,0.0,0.0,0.0,0.0,0.0,0.0,0.0,0.0,0.0,0.0,0.0,0.0,0.0,0.0,0.0,0.0,0.0,0.0,0.0,0.0,0.0,0.0,0.0,0.0
2018-09-14,0.0,0.0,0.0,0.0,0.0,0.0,0.0,0.0,0.0,0.0,0.0,0.0,0.0,0.0,0.0,0.0,0.0,0.0,0.0,0.0,0.0,0.0,0.0,0.0,0.0,0.0,0.0
2018-09-15,0.0,0.0,0.0,0.0,0.0,0.0,0.0,0.0,0.0,0.0,0.0,0.0,0.0,0.0,0.0,0.0,0.0,0.0,0.0,0.0,0.0,0.0,0.0,0.0,0.0,0.0,0.0
2018-09-16,0.0,0.0,0.0,0.0,0.0,0.0,0.0,0.0,0.0,0.0,0.0,0.0,0.0,0.0,0.0,0.0,0.0,0.0,0.0,0.0,0.0,0.0,0.0,0.0,0.0,0.0,0.0
2018-09-17,0.0,0.0,0.0,0.0,0.0,0.0,0.0,0.0,0.0,0.0,0.0,0.0,0.0,0.0,0.0,0.0,0.0,0.0,0.0,0.0,0.0,0.0,0.0,0.0,0.0,0.0,0.0
2018-09-18,0.0,0.0,0.0,0.0,0.0,0.0,0.0,0.0,0.0,0.0,0.0,0.0,0.0,0.0,0.0,0.0,0.0,0.0,0.0,0.0,0.0,0.0,0.0,0.0,0.0,0.0,0.0
2018-09-19,0.0,0.0,0.0,0.0,0.0,0.0,0.0,0.0,0.0,0.0,0.0,0.0,0.0,0.0,0.0,0.0,0.0,0.0,0.0,0.0,0.0,0.0,0.0,0.0,0.0,0.0,0.0
2018-09-20,0.0,0.0,0.0,0.0,0.0,0.0,0.0,0.0,0.0,0.0,0.0,0.0,0.0,0.0,0.0,0.0,0.0,0.0,0.0,0.0,0.0,0.0,0.0,0.0,0.0,0.0,0.0
2018-09-21,0.0,0.0,0.0,0.0,0.0,0.0,0.0,0.0,0.0,0.0,0.0,0.0,0.0,0.0,0.0,0.0,0.0,0.0,0.0,0.0,0.0,0.0,0.0,0.0,0.0,0.0,0.0
2018-09-22,-0.16752298,0.0,0.0,-0.16794618,0.0,0.0,-0.16911248,0.0,0.0,-0.22297058,0.0,0.0,-0.22422213,0.0,0.0,-0.22422213,0.0,0.0,-0.27872754,0.0,0.0,-0.28064728,0.0,0.0,-0.28064728,0.0,0.0
2018-09-23,0.07398534,0.0,0.0,0.07417256,0.0,0.0,0.07468852,0.0,0.0,0.0985281,0.0,0.0,0.09908239,0.0,0.0,0.09908239,0.0,0.0,0.12323532,0.0,0.0,0.12408649,0.0,0.0,0.12408649,0.0,0.0
2018-09-24,-0.26577598,0.0,0.0,-0.26644801,0.0,0.0,-0.26830011,0.0,0.0,-0.35385364,0.0,0.0,-0.35584234,0.0,0.0,-0.35584234,0.0,0.0,-0.44247788,0.0,0.0,-0.44553025,0.0,0.0,-0.44553025,0.0,0.0
2018-09-25,-0.145628,0.0,0.0,-0.14599722,0.0,0.0,-0.14701478,0.0,0.0,-0.19406023,0.0,0.0,-0.19515476,0.0,0.0,-0.19515476,0.0,0.0,-0.2428795,0.0,0.0,-0.24456247,0.0,0.0,-0.24456247,0.0,0.0
2018-09-26,-0.0778066,0.0,0.0,-0.07800415,0.0,0.0,-0.07854862,0.0,0.0,-0.10373344,0.0,0.0,-0.10431966,0.0,0.0,-0.10431966,0.0,0.0,-0.12989295,0.0,0.0,-0.13079521,0.0,0.0,-0.13079521,0.0,0.0
2018-09-27,0.26482366,0.0,0.0,0.26549658,0.0,0.0,0.26735121,0.0,0.0,0.35316025,0.0,0.0,0.35515812,0.0,0.0,0.35515812,0.0,0.0,0.4423361,0.0,0.0,0.44541268,0.0,0.0,0.44541268,0.0,0.0
2018-09-28,-0.10261075,0.0,0.0,-0.10287079,0.0,0.0,-0.10358748,0.0,0.0,-0.13671792,0.0,0.0,-0.13748861,0.0,0.0,-0.13748861,0.0,0.0,-0.17108827,0.0,0.0,-0.17227297,0.0,0.0,-0.17227297,0.0,0.0
2018-09-29,0.15923819,0.0,0.0,0.15964217,0.0,0.0,0.16075553,0.0,0.0,0.21224044,0.0,0.0,0.2134385,0.0,0.0,0.2134385,0.0,0.0,0.2656883,0.0,0.0,0.26753123,0.0,0.0,0.26753123,0.0,0.0
2018-09-30,0.00974908,0.0,0.0,0.00977378,0.0,0.0,0.00984183,0.0,0.0,0.01298718,0.0,0.0,0.01306033,0.0,0.0,0.01306033,0.0,0.0,0.01624904,0.0,0.0,0.01636144,0.0,0.0,0.01636144,0.0,0.0
2018-10-01,-0.01237263,0.0,0.0,-0.01240396,0.0,0.0,-0.01249032,0.0,0.0,-0.01648159,0.0,0.0,-0.01657441,0.0,0.0,-0.01657441,0.0,0.0,-0.02062043,0.0,0.0,-0.02076305,0.0,0.0,-0.02076305,0.0,0.0
2018-10-02,-0.08174445,0.0,0.0,-0.0819515,0.0,0.0,-0.08252214,0.0,0.0,-0.10889631,0.0,0.0,-0.10950973,0.0,0.0,-0.10950973,0.0,0.0,-0.13624787,0.0,0.0,-0.13719046,0.0,0.0,-0.13719046,0.0,0.0
2018-10-03,-0.07149109,0.0,0.0,-0.07167232,0.0,0.0,-0.07217179,0.0,0.0,-0.09526313,0.0,0.0,-0.09580034,0.0,0.0,-0.09580034,0.0,0.0,-0.11922308,0.0,0.0,-0.12004902,0.0,0.0,-0.12004902,0.0,0.0
2018-10-04,0.01220537,0.0,0.0,0.01223633,0.0,0.0,0.01232167,0.0,0.0,0.01626774,0.0,0.0,0.01635956,0.0,0.0,0.01635956,0.0,0.0,0.02036417,0.0,0.0,0.02050542,0.0,0.0,0.02050542,0.0,0.0
2018-10-05,0.10795739,0.0,0.0,0.10823122,0.0,0.0,0.10898592,0.0,0.0,0.1438835,0.0,0.0,0.14469554,0.0,0.0,0.14469554,0.0,0.0,0.18010794,0.0,0.0,0.18135692,0.0,0.0,0.18135692,0.0,0.0
2018-10-06,-0.06789292,0.0,0.0,-0.06806495,0.0,0.0,-0.06853905,0.0,0.0,-0.0904539,0.0,0.0,-0.09096366,0.0,0.0,-0.09096366,0.0,0.0,-0.11318584,0.0,0.0,-0.11396932,0.0,0.0,-0.11396932,0.0,0.0
2018-10-07,0.01557718,0.0,0.0,0.01561668,0.0,0.0,0.01572553,0.0,0.0,0.02075821,0.0,0.0,0.0208753,0.0,0.0,0.0208753,0.0,0.0,0.02598086,0.0,0.0,0.0261609,0.0,0.0,0.0261609,0.0,0.0
2018-10-08,0.07261966,0.0,0.0,0.07280376,0.0,0.0,0.07331113,0.0,0.0,0.09676818,0.0,0.0,0.0973139,0.0,0.0,0.0973139,0.0,0.0,0.12110819,0.0,0.0,0.12194724,0.0,0.0,0.12194724,0.0,0.0
2018-10-09,-0.02400148,0.0,0.0,-0.02406228,0.0,0.0,-0.02422985,0.0,0.0,-0.03197507,0.0,0.0,-0.03215522,0.0,0.0,-0.03215522,0.0,0.0,-0.040008,0.0,0.0,-0.04028485,0.0,0.0,-0.04028485,0.0,0.0
2018-10-10,-0.05945542,0.0,0.0,-0.05960608,0.0,0.0,-0.06002127,0.0,0.0,-0.07921359,0.0,0.0,-0.07966002,0.0,0.0,-0.07966002,0.0,0.0,-0.09912198,0.0,0.0,-0.09980815,0.0,0.0,-0.09980815,0.0,0.0
2018-10-11,-0.58665054,0.0,0.0,-0.58813792,0.0,0.0,-0.59223718,0.0,0.0,-0.7817602,0.0,0.0,-0.78616958,0.0,0.0,-0.78616958,0.0,0.0,-0.97843134,0.0,0.0,-0.98521129,0.0,0.0,-0.98521129,0.0,0.0
2018-10-12,-0.03837635,0.0,0.0,-0.03847422,0.0,0.0,-0.03874398,0.0,0.0,-0.05124021,0.0,0.0,-0.05153151,0.0,0.0,-0.05153151,0.0,0.0,-0.06425833,0.0,0.0,-0.06470803,0.0,0.0,-0.06470803,0.0,0.0
2018-10-13,0.0,0.0,0.0,0.0,0.0,0.0,0.0,0.0,0.0,0.0,0.0,0.0,0.0,0.0,0.0,0.0,0.0,0.0,0.0,0.0,0.0,0.0,0.0,0.0,0.0,0.0,0.0
2018-10-14,0.0,0.0,0.0,0.0,0.0,0.0,0.0,0.0,0.0,0.0,0.0,0.0,0.0,0.0,0.0,0.0,0.0,0.0,0.0,0.0,0.0,0.0,0.0,0.0,0.0,0.0,0.0
2018-10-15,0.0,0.0,0.0,0.0,0.0,0.0,0.0,0.0,0.0,0.0,0.0,0.0,0.0,0.0,0.0,0.0,0.0,0.0,0.0,0.0,0.0,0.0,0.0,0.0,0.0,0.0,0.0
2018-10-16,0.0,0.0,0.0,0.0,0.0,0.0,0.0,0.0,0.0,0.0,0.0,0.0,0.0,0.0,0.0,0.0,0.0,0.0,0.0,0.0,0.0,0.0,0.0,0.0,0.0,0.0,0.0
2018-10-17,0.0,0.0,0.0,0.0,0.0,0.0,0.0,0.0,0.0,0.0,0.0,0.0,0.0,0.0,0.0,0.0,0.0,0.0,0.0,0.0,0.0,0.0,0.0,0.0,0.0,0.0,0.0
2018-10-18,0.0,0.0,0.0,0.0,0.0,0.0,0.0,0.0,0.0,0.0,0.0,0.0,0.0,0.0,0.0,0.0,0.0,0.0,0.0,0.0,0.0,0.0,0.0,0.0,0.0,0.0,0.0
2018-10-19,0.0,0.0,0.0,0.0,0.0,0.0,0.0,0.0,0.0,0.0,0.0,0.0,0.0,0.0,0.0,0.0,0.0,0.0,0.0,0.0,0.0,0.0,0.0,0.0,0.0,0.0,0.0
2018-10-20,0.0,0.0,0.0,0.0,0.0,0.0,0.0,0.0,0.0,0.0,0.0,0.0,0.0,0.0,0.0,0.0,0.0,0.0,0.0,0.0,0.0,0.0,0.0,0.0,0.0,0.0,0.0
2018-10-21,0.0,0.0,0.0,0.0,0.0,0.0,0.0,0.0,0.0,0.0,0.0,0.0,0.0,0.0,0.0,0.0,0.0,0.0,0.0,0.0,0.0,0.0,0.0,0.0,0.0,0.0,0.0
2018-10-22,0.0,0.0,0.0,0.0,0.0,0.0,0.0,0.0,0.0,0.0,0.0,0.0,0.0,0.0,0.0,0.0,0.0,0.0,0.0,0.0,0.0,0.0,0.0,0.0,0.0,0.0,0.0
2018-10-23,0.0,0.0,0.0,0.0,0.0,0.0,0.0,0.0,0.0,0.0,0.0,0.0,0.0,0.0,0.0,0.0,0.0,0.0,0.0,0.0,0.0,0.0,0.0,0.0,0.0,0.0,0.0
2018-10-24,0.0,0.0,0.0,0.0,0.0,0.0,0.0,0.0,0.0,0.0,0.0,0.0,0.0,0.0,0.0,0.0,0.0,0.0,0.0,0.0,0.0,0.0,0.0,0.0,0.0,0.0,0.0
2018-10-25,0.0,0.0,0.0,0.0,0.0,0.0,0.0,0.0,0.0,0.0,0.0,0.0,0.0,0.0,0.0,0.0,0.0,0.0,0.0,0.0,0.0,0.0,0.0,0.0,0.0,0.0,0.0
2018-10-26,0.0,0.0,0.0,0.0,0.0,0.0,0.0,0.0,0.0,0.0,0.0,0.0,0.0,0.0,0.0,0.0,0.0,0.0,0.0,0.0,0.0,0.0,0.0,0.0,0.0,0.0,0.0
2018-10-27,0.0,0.0,0.0,0.0,0.0,0.0,0.0,0.0,0.0,0.0,0.0,0.0,0.0,0.0,0.0,0.0,0.0,0.0,0.0,0.0,0.0,0.0,0.0,0.0,0.0,0.0,0.0
2018-10-28,0.0,0.0,0.0,0.0,0.0,0.0,0.0,0.0,0.0,0.0,0.0,0.0,0.0,0.0,0.0,0.0,0.0,0.0,0.0,0.0,0.0,0.0,0.0,0.0,0.0,0.0,0.0
2018-10-29,0.0,0.0,0.0,0.0,0.0,0.0,0.0,0.0,0.0,0.0,0.0,0.0,0.0,0.0,0.0,0.0,0.0,0.0,0.0,0.0,0.0,0.0,0.0,0.0,0.0,0.0,0.0
2018-10-30,0.0,0.0,0.0,0.0,0.0,0.0,0.0,0.0,0.0,0.0,0.0,0.0,0.0,0.0,0.0,0.0,0.0,0.0,0.0,0.0,0.0,0.0,0.0,0.0,0.0,0.0,0.0
2018-10-31,0.0,0.0,0.0,0.0,0.0,0.0,0.0,0.0,0.0,0.0,0.0,0.0,0.0,0.0,0.0,0.0,0.0,0.0,0.0,0.0,0.0,0.0,0.0,0.0,0.0,0.0,0.0
2018-11-01,0.0,0.0,0.0,0.0,0.0,0.0,0.0,0.0,0.0,0.0,0.0,0.0,0.0,0.0,0.0,0.0,0.0,0.0,0.0,0.0,0.0,0.0,0.0,0.0,0.0,0.0,0.0
2018-11-02,0.0,0.0,0.0,0.0,0.0,0.0,0.0,0.0,0.0,0.0,0.0,0.0,0.0,0.0,0.0,0.0,0.0,0.0,0.0,0.0,0.0,0.0,0.0,0.0,0.0,0.0,0.0
2018-11-03,0.0,0.0,0.0,0.0,0.0,0.0,0.0,0.0,0.0,0.0,0.0,0.0,0.0,0.0,0.0,0.0,0.0,0.0,0.0,0.0,0.0,0.0,0.0,0.0,0.0,0.0,0.0
2018-11-04,0.0,0.0,0.0,0.0,0.0,0.0,0.0,0.0,0.0,0.0,0.0,0.0,0.0,0.0,0.0,0.0,0.0,0.0,0.0,0.0,0.0,0.0,0.0,0.0,0.0,0.0,0.0
2018-11-05,-0.12390638,0.0,0.0,-0.12422251,0.0,0.0,-0.12509382,0.0,0.0,-0.16435645,0.0,0.0,-0.1652913,0.0,0.0,-0.1652913,0.0,0.0,-0.20475387,0.0,0.0,-0.20618774,0.0,0.0,-0.20618774,0.0,0.0
2018-11-06,0.31359336,0.0,0.0,0.31439445,0.0,0.0,0.31660242,0.0,0.0,0.41613656,0.0,0.0,0.41850744,0.0,0.0,0.41850744,0.0,0.0,0.51862926,0.0,0.0,0.52226867,0.0,0.0,0.52226867,0.0,0.0
2018-11-07,-0.05611003,-0.11564964,0.0,-0.05625292,-0.11564964,0.0,-0.05664673,-0.11402325,0.0,-0.07438165,-0.15490592,0.0,-0.07480366,-0.15527157,0.0,-0.07480366,-0.1558469,0.0,-0.09260702,-0.1944058,0.0,-0.0932535,-0.19546972,0.0,-0.0932535,-0.19546972,0.0
2018-11-08,-0.48568347,-0.47281927,0.0,-0.48529183,-0.47281927,0.0,-0.48421241,-0.47516445,0.0,-0.54051769,-0.52556066,0.0,-0.53995631,-0.52529155,0.0,-0.53995631,-0.52486812,0.0,-0.5946634,-0.57886627,0.0,-0.59435088,-0.57853439,0.0,-0.59435088,-0.57853439,0.0
2018-11-09,-0.15480733,-0.15068894,0.0,-0.15467741,-0.15068894,0.0,-0.15431932,-0.15146467,0.0,-0.17209533,-0.16728947,0.0,-0.17190371,-0.16719835,0.0,-0.17190371,-0.16705497,0.0,-0.18918043,-0.18408714,0.0,-0.18906381,-0.18396772,0.0,-0.18906381,-0.18396772,0.0
2018-11-10,0.11741531,0.11422715,0.0,0.11750407,0.11422715,0.0,0.11774869,0.11378157,0.0,0.14246095,0.13925168,0.0,0.14280089,0.13938562,0.0,0.14280089,0.13959637,0.0,0.16741377,0.16451219,0.0,0.16800667,0.16496147,0.0,0.16800667,0.16496147,0.0
2018-11-11,-0.06921473,-0.07416142,0.0,-0.06937163,-0.07416142,0.0,-0.01482345,-0.0142551,0.0,-0.09059842,-0.09786899,0.0,-0.09106942,-0.09808222,0.0,-0.01842462,-0.01804141,0.0,-0.07681364,-0.08500185,0.0,-0.07729736,-0.08542621,0.0,-0.02206169,-0.02171231,0.0
2018-11-12,0.13178258,0.13064132,0.0,0.13167199,0.13064132,0.0,0.11238831,0.11091271,0.0,0.14652221,0.14550606,0.0,0.14635918,0.14543579,0.0,0.12127101,0.11756787,0.0,0.14894667,0.14783875,0.0,0.1487629,0.14768848,0.0,0.12968502,0.12568306,0.0
2018-11-13,-0.62309824,-0.62715753,0.0,-0.62348812,-0.62715753,0.0,-0.45686856,-0.44508286,0.0,-0.7506245,-0.76064633,0.0,-0.75221725,-0.76133313,0.0,-0.53059733,-0.51719355,0.0,-0.77033961,-0.78312042,0.0,-0.772438,-0.78483703,0.0,-0.60392938,-0.59045145,0.0
2018-11-14,-1.80496882,-3.08379741,0.0,-1.8009733,-3.08379741,0.0,-1.74043996,-2.43569639,0.0,-1.85078628,-3.56592964,0.0,-1.84212698,-3.56638713,0.0,-1.77650985,-2.6761427,0.0,-1.86174671,-3.64487604,0.0,-1.85116153,-3.6463717,0.0,-1.80121635,-2.93943168,0.0
2018-11-15,-0.1362894,-0.23225566,0.0,-0.13594164,-0.23225566,0.0,-0.13463945,-0.18693625,0.0,-0.13723514,-0.26650843,0.0,-0.13646374,-0.26648835,0.0,-0.13600395,-0.20326327,0.0,-0.13770975,-0.2720885,0.0,-0.13676314,-0.27207261,0.0,-0.13641243,-0.22175467,0.0
2018-11-16,0.0,0.0,0.0,0.0,0.0,0.0,0.0,0.0,0.0,0.0,0.0,0.0,0.0,0.0,0.0,0.0,0.0,0.0,0.0,0.0,0.0,0.0,0.0,0.0,0.0,0.0,0.0
2018-11-17,0.0,0.0,0.0,0.0,0.0,0.0,0.0,0.0,0.0,0.0,0.0,0.0,0.0,0.0,0.0,0.0,0.0,0.0,0.0,0.0,0.0,0.0,0.0,0.0,0.0,0.0,0.0
2018-11-18,0.0,0.0,0.0,0.0,0.0,0.0,0.0,0.0,0.0,0.0,0.0,0.0,0.0,0.0,0.0,0.0,0.0,0.0,0.0,0.0,0.0,0.0,0.0,0.0,0.0,0.0,0.0
2018-11-19,0.0,0.0,0.0,0.0,0.0,0.0,0.0,0.0,0.0,0.0,0.0,0.0,0.0,0.0,0.0,0.0,0.0,0.0,0.0,0.0,0.0,0.0,0.0,0.0,0.0,0.0,0.0
2018-11-20,0.0,0.0,0.0,0.0,0.0,0.0,0.0,0.0,0.0,0.0,0.0,0.0,0.0,0.0,0.0,0.0,0.0,0.0,0.0,0.0,0.0,0.0,0.0,0.0,0.0,0.0,0.0
2018-11-21,0.0,0.0,0.0,0.0,0.0,0.0,0.0,0.0,0.0,0.0,0.0,0.0,0.0,0.0,0.0,0.0,0.0,0.0,0.0,0.0,0.0,0.0,0.0,0.0,0.0,0.0,0.0
2018-11-22,0.0,0.0,0.0,0.0,0.0,0.0,0.0,0.0,0.0,0.0,0.0,0.0,0.0,0.0,0.0,0.0,0.0,0.0,0.0,0.0,0.0,0.0,0.0,0.0,0.0,0.0,0.0
2018-11-23,0.0,0.0,0.0,0.0,0.0,0.0,0.0,0.0,0.0,0.0,0.0,0.0,0.0,0.0,0.0,0.0,0.0,0.0,0.0,0.0,0.0,0.0,0.0,0.0,0.0,0.0,0.0
2018-11-24,0.0,0.0,0.0,0.0,0.0,0.0,0.0,0.0,0.0,0.0,0.0,0.0,0.0,0.0,0.0,0.0,0.0,0.0,0.0,0.0,0.0,0.0,0.0,0.0,0.0,0.0,0.0
2018-11-25,0.0,0.0,0.0,0.0,0.0,0.0,0.0,0.0,0.0,0.0,0.0,0.0,0.0,0.0,0.0,0.0,0.0,0.0,0.0,0.0,0.0,0.0,0.0,0.0,0.0,0.0,0.0
2018-11-26,0.0,0.0,0.0,0.0,0.0,0.0,0.0,0.0,0.0,0.0,0.0,0.0,0.0,0.0,0.0,0.0,0.0,0.0,0.0,0.0,0.0,0.0,0.0,0.0,0.0,0.0,0.0
2018-11-27,0.0,0.0,0.0,0.0,0.0,0.0,0.0,0.0,0.0,0.0,0.0,0.0,0.0,0.0,0.0,0.0,0.0,0.0,0.0,0.0,0.0,0.0,0.0,0.0,0.0,0.0,0.0
2018-11-28,0.0,0.0,0.0,0.0,0.0,0.0,0.0,0.0,0.0,0.0,0.0,0.0,0.0,0.0,0.0,0.0,0.0,0.0,0.0,0.0,0.0,0.0,0.0,0.0,0.0,0.0,0.0
2018-11-29,0.0,0.0,0.0,0.0,0.0,0.0,0.0,0.0,0.0,0.0,0.0,0.0,0.0,0.0,0.0,0.0,0.0,0.0,0.0,0.0,0.0,0.0,0.0,0.0,0.0,0.0,0.0
2018-11-30,0.0,0.0,0.0,0.0,0.0,0.0,0.0,0.0,0.0,0.0,0.0,0.0,0.0,0.0,0.0,0.0,0.0,0.0,0.0,0.0,0.0,0.0,0.0,0.0,0.0,0.0,0.0
2018-12-01,0.0,0.0,0.0,0.0,0.0,0.0,0.0,0.0,0.0,0.0,0.0,0.0,0.0,0.0,0.0,0.0,0.0,0.0,0.0,0.0,0.0,0.0,0.0,0.0,0.0,0.0,0.0
2018-12-02,0.0,0.0,0.0,0.0,0.0,0.0,0.0,0.0,0.0,0.0,0.0,0.0,0.0,0.0,0.0,0.0,0.0,0.0,0.0,0.0,0.0,0.0,0.0,0.0,0.0,0.0,0.0
2018-12-03,0.0,0.0,0.0,0.0,0.0,0.0,0.0,0.0,0.0,0.0,0.0,0.0,0.0,0.0,0.0,0.0,0.0,0.0,0.0,0.0,0.0,0.0,0.0,0.0,0.0,0.0,0.0
2018-12-04,0.0,0.0,0.0,0.0,0.0,0.0,0.0,0.0,0.0,0.0,0.0,0.0,0.0,0.0,0.0,0.0,0.0,0.0,0.0,0.0,0.0,0.0,0.0,0.0,0.0,0.0,0.0
2018-12-05,0.0,0.0,0.0,0.0,0.0,0.0,0.0,0.0,0.0,0.0,0.0,0.0,0.0,0.0,0.0,0.0,0.0,0.0,0.0,0.0,0.0,0.0,0.0,0.0,0.0,0.0,0.0
2018-12-06,0.0,0.0,0.0,0.0,0.0,0.0,0.0,0.0,0.0,0.0,0.0,0.0,0.0,0.0,0.0,0.0,0.0,0.0,0.0,0.0,0.0,0.0,0.0,0.0,0.0,0.0,0.0
2018-12-07,0.0,0.0,0.0,0.0,0.0,0.0,0.0,0.0,0.0,0.0,0.0,0.0,0.0,0.0,0.0,0.0,0.0,0.0,0.0,0.0,0.0,0.0,0.0,0.0,0.0,0.0,0.0
2018-12-08,0.0,0.0,0.0,0.0,0.0,0.0,0.0,0.0,0.0,0.0,0.0,0.0,0.0,0.0,0.0,0.0,0.0,0.0,0.0,0.0,0.0,0.0,0.0,0.0,0.0,0.0,0.0
2018-12-09,0.0,0.0,0.0,0.0,0.0,0.0,0.0,0.0,0.0,0.0,0.0,0.0,0.0,0.0,0.0,0.0,0.0,0.0,0.0,0.0,0.0,0.0,0.0,0.0,0.0,0.0,0.0
2018-12-10,0.0,0.0,0.0,0.0,0.0,0.0,0.0,0.0,0.0,0.0,0.0,0.0,0.0,0.0,0.0,0.0,0.0,0.0,0.0,0.0,0.0,0.0,0.0,0.0,0.0,0.0,0.0
2018-12-11,0.0,0.0,0.0,0.0,0.0,0.0,0.0,0.0,0.0,0.0,0.0,0.0,0.0,0.0,0.0,0.0,0.0,0.0,0.0,0.0,0.0,0.0,0.0,0.0,0.0,0.0,0.0
2018-12-12,0.0,0.0,0.0,0.0,0.0,0.0,0.0,0.0,0.0,0.0,0.0,0.0,0.0,0.0,0.0,0.0,0.0,0.0,0.0,0.0,0.0,0.0,0.0,0.0,0.0,0.0,0.0
2018-12-13,0.0,0.0,0.0,0.0,0.0,0.0,0.0,0.0,0.0,0.0,0.0,0.0,0.0,0.0,0.0,0.0,0.0,0.0,0.0,0.0,0.0,0.0,0.0,0.0,0.0,0.0,0.0
2018-12-14,0.0,0.0,0.0,0.0,0.0,0.0,0.0,0.0,0.0,0.0,0.0,0.0,0.0,0.0,0.0,0.0,0.0,0.0,0.0,0.0,0.0,0.0,0.0,0.0,0.0,0.0,0.0
2018-12-15,0.0,0.0,0.0,0.0,0.0,0.0,0.0,0.0,0.0,0.0,0.0,0.0,0.0,0.0,0.0,0.0,0.0,0.0,0.0,0.0,0.0,0.0,0.0,0.0,0.0,0.0,0.0
2018-12-16,0.0,0.0,0.0,0.0,0.0,0.0,0.0,0.0,0.0,0.0,0.0,0.0,0.0,0.0,0.0,0.0,0.0,0.0,0.0,0.0,0.0,0.0,0.0,0.0,0.0,0.0,0.0
2018-12-17,0.0,0.0,0.0,0.0,0.0,0.0,0.0,0.0,0.0,0.0,0.0,0.0,0.0,0.0,0.0,0.0,0.0,0.0,0.0,0.0,0.0,0.0,0.0,0.0,0.0,0.0,0.0
2018-12-18,0.0,0.0,0.0,0.0,0.0,0.0,0.0,0.0,0.0,0.0,0.0,0.0,0.0,0.0,0.0,0.0,0.0,0.0,0.0,0.0,0.0,0.0,0.0,0.0,0.0,0.0,0.0
2018-12-19,0.0,0.0,0.0,0.0,0.0,0.0,0.0,0.0,0.0,0.0,0.0,0.0,0.0,0.0,0.0,0.0,0.0,0.0,0.0,0.0,0.0,0.0,0.0,0.0,0.0,0.0,0.0
2018-12-20,0.0,0.0,0.0,0.0,0.0,0.0,0.0,0.0,0.0,0.0,0.0,0.0,0.0,0.0,0.0,0.0,0.0,0.0,0.0,0.0,0.0,0.0,0.0,0.0,0.0,0.0,0.0
2018-12-21,-0.51418724,0.0,0.0,-0.51406288,0.0,0.0,-0.51359718,0.0,0.0,-0.68603397,0.0,0.0,-0.68566612,0.0,0.0,-0.68544687,0.0,0.0,-0.85782536,0.0,0.0,-0.85726111,0.0,0.0,-0.85705207,0.0,0.0
2018-12-22,0.44229872,0.0,0.0,0.44259889,0.0,0.0,0.4437228,0.0,0.0,0.58965976,0.0,0.0,0.59054851,0.0,0.0,0.59107825,0.0,0.0,0.7376655,0.0,0.0,0.7390303,0.0,0.0,0.73953593,0.0,0.0
2018-12-23,0.49000018,0.0,0.0,0.49136197,0.0,0.0,0.49646105,0.0,0.0,0.64855842,0.0,0.0,0.65258516,0.0,0.0,0.65498525,0.0,0.0,0.80780564,0.0,0.0,0.8139809,0.0,0.0,0.81626865,0.0,0.0
2018-12-24,0.4115333,0.2441937,0.24314443,0.41214096,0.2441937,0.24314443,0.41441614,0.24297564,0.24314443,0.54576353,0.324711,0.32610454,0.5475513,0.32548169,0.32610454,0.54861681,0.33064985,0.32610454,0.67990927,0.40682804,0.40863878,0.68263711,0.40907086,0.4100391,0.68364761,0.41299715,0.4100391
2018-12-25,-0.67575135,-0.32797176,-0.32656593,-0.67594773,-0.32797176,-0.32656593,-0.67668289,-0.32633976,-0.32656593,-0.89784916,-0.43576294,-0.437627,-0.89841273,-0.43679386,-0.437627,-0.89874861,-0.44370664,-0.437627,-1.11885685,-0.5455177,-0.54793586,-1.11969523,-0.54851286,-0.54980584,-1.12000579,-0.55375587,-0.54980584
2018-12-26,0.14806429,0.08342137,0.08306262,0.14817768,0.08342137,0.08306262,0.1486022,0.0830049,0.08306262,0.19691519,0.11095863,0.11143536,0.19724723,0.11122228,0.11143536,0.19744513,0.11299035,0.11143536,0.2457754,0.13905885,0.13967867,0.24627966,0.13982656,0.14015799,0.24646645,0.14117055,0.14015799
2018-12-27,-0.93479465,-0.54214313,-0.53981359,-0.93559915,-0.54214313,-0.53981359,-0.93861116,-0.53943883,-0.53981359,-1.24228066,-0.72090536,-0.72399928,-1.24463688,-0.72261645,-0.72399928,-1.24604117,-0.7340907,-0.72399928,-1.54956568,-0.90322081,-0.90724102,-1.55314457,-0.90820032,-0.91034999,-1.55447029,-0.91691747,-0.91034999
2018-12-28,0.78939146,0.70375706,0.70071666,0.79155199,0.70375706,0.70071666,0.79964142,0.70022756,0.70071666,1.04695606,0.93749368,0.94154648,1.05334873,0.93973504,0.94154648,1.05715881,0.95476722,0.94154648,1.30662492,1.17674483,1.18203044,1.31643469,1.18329175,1.18611828,1.32006868,1.19475441,1.18611828
2018-12-29,-0.09448961,-0.08037537,-0.08003054,-0.09472278,-0.08037537,-0.08003054,-0.09559575,-0.07997507,-0.08003054,-0.12508532,-0.10682225,-0.10727974,-0.12577141,-0.10707526,-0.10727974,-0.12618028,-0.10877186,-0.10727974,-0.15576279,-0.13376654,-0.13436036,-0.15680971,-0.13450205,-0.13481957,-0.15719748,-0.1357896,-0.13481957
2018-12-30,0.17367378,0.14771066,0.14707645,0.17410277,0.14771066,0.14707645,0.17570884,0.14697442,0.14707645,0.22997974,0.19636566,0.19720754,0.23124275,0.19683126,0.19720754,0.23199545,0.19995343,0.19720754,0.2864708,0.24596226,0.24705561,0.28839927,0.24731651,0.24790114,0.28911358,0.24968722,0.24790114
2018-12-31,-0.29577796,-0.25162627,-0.25054747,-0.29650729,-0.25162627,-0.25054747,-0.29923773,-0.25037392,-0.25054747,-0.39145073,-0.33434801,-0.33577863,-0.39359555,-0.33513922,-0.33577863,-0.39487374,-0.34044464,-0.33577863,-0.48733004,-0.41858797,-0.4204441,-0.49060121,-0.42088699,-0.42187947,-0.49181283,-0.42491146,-0.42187947
2019-01-01,0.30545451,0.25974334,0.25862694,0.30620994,0.25974334,0.25862694,0.30903819,0.25844735,0.25862694,0.40464554,0.34542001,0.34690299,0.40687142,0.34624017,0.34690299,0.40819796,0.35174005,0.34690299,0.50424206,0.43281542,0.43474275,0.50764345,0.43520264,0.43623322,0.50890335,0.43938175,0.43623322
2019-01-02,0.56852895,0.4836692,0.48159571,0.5699307,0.4836692,0.48159571,0.57517855,0.48126214,0.48159571,0.75240479,0.64265892,0.64540849,0.75652685,0.64417957,0.64540849,0.75898337,0.65437623,0.64540849,0.93666712,0.80455861,0.8081258,0.94295353,0.80897697,0.81088434,0.94528197,0.81671133,0.81088434
2019-01-03,-0.24838968,-0.211493,-0.21059068,-0.24899863,-0.211493,-0.21059068,-0.25127827,-0.21044552,-0.21059068,-0.23523652,-0.28057017,-0.28176287,-0.32990904,-0.2812298,-0.28176287,-0.33097222,-0.28565242,-0.28176287,-0.29423477,-0.35068773,-0.35223012,-0.41044724,-0.35259814,-0.35342279,-0.41145127,-0.3559419,-0.35342279
2019-01-04,0.21153204,0.18004373,0.17927397,0.21205193,0.18004373,0.17927397,0.2139982,0.17915013,0.17927397,0.17997501,0.23901449,0.24003341,0.28118483,0.23957801,0.24003341,0.282094,0.24335641,0.24003341,0.22583434,0.29895705,0.30027656,0.35011127,0.30059141,0.30129692,0.35097124,0.30345216,0.30129692
2019-01-05,0.01246568,0.0106134,0.0105681,0.01249625,0.0106134,0.0105681,0.0126107,0.01056081,0.0105681,0.01060935,0.01408137,0.01414126,0.01655884,0.01411449,0.01414126,0.01661223,0.01433655,0.01414126,0.01330662,0.01760232,0.01767978,0.02060373,0.01769826,0.01773968,0.02065416,0.01786619,0.01773968
2019-01-06,0.08267871,0.07039472,0.07009432,0.08288146,0.07039472,0.07009432,0.08364044,0.07004599,0.07009432,0.0703679,0.09339329,0.09379041,0.10982214,0.09361292,0.09379041,0.11017617,0.0950855,0.09379041,0.08825552,0.11674151,0.11725514,0.13664323,0.11737769,0.11765231,0.13697762,0.11849121,0.11765231
2019-01-07,-0.23745303,-0.20219825,-0.20133601,-0.23803484,-0.20219825,-0.20133601,-0.24021282,-0.20119729,-0.20133601,-0.20212128,-0.26819656,-0.26933591,-0.31532337,-0.26882669,-0.26933591,-0.31633876,-0.27305145,-0.26933591,-0.2534555,-0.33516723,-0.33664015,-0.39222751,-0.33699159,-0.33777909,-0.39318605,-0.34018471,-0.33777909
2019-01-08,-0.04577273,-0.03896306,-0.03879657,-0.04588515,-0.03896306,-0.03879657,-0.04630601,-0.03876979,-0.03879657,-0.0389482,-0.05171496,-0.05193525,-0.06083092,-0.05183679,-0.05193525,-0.06102743,-0.05265367,-0.05193525,-0.04886529,-0.064672,-0.06495716,-0.07572538,-0.0650252,-0.06517767,-0.07591117,-0.06564345,-0.06517767
2019-01-09,-0.0266436,-0.02267825,-0.02258131,-0.02670907,-0.02267825,-0.02258131,-0.02695416,-0.02256572,-0.02258131,-0.0226696,-0.03010427,-0.03023257,-0.03541408,-0.03017523,-0.03023257,-0.03552855,-0.030651,-0.03023257,-0.02844462,-0.03765169,-0.03781782,-0.04409179,-0.03785746,-0.03794629,-0.04420005,-0.03821764,-0.03794629
2019-01-10,-0.8082659,-0.68794494,-0.68500358,-0.81025247,-0.68794494,-0.68500358,-0.81768947,-0.68453038,-0.68500358,-0.68768236,-0.91328106,-0.91717454,-1.07442313,-0.91543437,-0.91717454,-1.07789728,-0.92987235,-0.91717454,-0.86291731,-1.14233537,-1.14737758,-1.33781127,-1.14858069,-1.15127665,-1.34109752,-1.15951242,-1.15127665
2019-01-11,-0.041297,-0.03510682,-0.01421387,-0.04139933,-0.03510682,-0.01421387,-0.04178245,-0.03493137,-0.01421387,-0.03509332,-0.04671203,-0.01907603,-0.05504356,-0.04682319,-0.01907603,-0.05522348,-0.0475686,-0.01907603,-0.04411363,-0.05856296,-0.02391953,-0.06872011,-0.05888685,-0.02400176,-0.06889121,-0.05945389,-0.02400176
2019-01-12,0.0,0.0,-0.03731672,0.0,0.0,-0.03731672,0.0,0.0,-0.03731672,0.0,0.0,-0.05008414,0.0,0.0,-0.05008414,0.0,0.0,-0.05008414,0.0,0.0,-0.06280379,0.0,0.0,-0.06301975,0.0,0.0,-0.06301975
2019-01-13,0.0,0.0,-0.27269154,0.0,0.0,-0.27269154,0.0,0.0,-0.27269154,0.0,0.0,-0.36603605,0.0,0.0,-0.36603605,0.0,0.0,-0.36603605,0.0,0.0,-0.459055,0.0,0.0,-0.46063453,0.0,0.0,-0.46063453
2019-01-14,0.0,0.0,-0.03073258,0.0,0.0,-0.03073258,0.0,0.0,-0.03073258,0.0,0.0,-0.04129123,0.0,0.0,-0.04129123,0.0,0.0,-0.04129123,0.0,0.0,-0.05183276,0.0,0.0,-0.05201194,0.0,0.0,-0.05201194
2019-01-15,0.0,0.0,0.0,0.0,0.0,0.0,0.0,0.0,0.0,0.0,0.0,0.0,0.0,0.0,0.0,0.0,0.0,0.0,0.0,0.0,0.0,0.0,0.0,0.0,0.0,0.0,0.0
2019-01-16,0.0,0.0,0.0,0.0,0.0,0.0,0.0,0.0,0.0,0.0,0.0,0.0,0.0,0.0,0.0,0.0,0.0,0.0,0.0,0.0,0.0,0.0,0.0,0.0,0.0,0.0,0.0
2019-01-17,0.0,0.0,0.0,0.0,0.0,0.0,0.0,0.0,0.0,0.0,0.0,0.0,0.0,0.0,0.0,0.0,0.0,0.0,0.0,0.0,0.0,0.0,0.0,0.0,0.0,0.0,0.0
2019-01-18,0.0,0.0,0.0,0.0,0.0,0.0,0.0,0.0,0.0,0.0,0.0,0.0,0.0,0.0,0.0,0.0,0.0,0.0,0.0,0.0,0.0,0.0,0.0,0.0,0.0,0.0,0.0
2019-01-19,0.0,0.0,0.0,0.0,0.0,0.0,0.0,0.0,0.0,0.0,0.0,0.0,0.0,0.0,0.0,0.0,0.0,0.0,0.0,0.0,0.0,0.0,0.0,0.0,0.0,0.0,0.0
2019-01-20,0.0,0.0,0.0,0.0,0.0,0.0,0.0,0.0,0.0,0.0,0.0,0.0,0.0,0.0,0.0,0.0,0.0,0.0,0.0,0.0,0.0,0.0,0.0,0.0,0.0,0.0,0.0
2019-01-21,0.0,0.0,0.0,0.0,0.0,0.0,0.0,0.0,0.0,0.0,0.0,0.0,0.0,0.0,0.0,0.0,0.0,0.0,0.0,0.0,0.0,0.0,0.0,0.0,0.0,0.0,0.0
2019-01-22,0.0,0.0,0.0,0.0,0.0,0.0,0.0,0.0,0.0,0.0,0.0,0.0,0.0,0.0,0.0,0.0,0.0,0.0,0.0,0.0,0.0,0.0,0.0,0.0,0.0,0.0,0.0
2019-01-23,0.0,0.0,0.0,0.0,0.0,0.0,0.0,0.0,0.0,0.0,0.0,0.0,0.0,0.0,0.0,0.0,0.0,0.0,0.0,0.0,0.0,0.0,0.0,0.0,0.0,0.0,0.0
2019-01-24,0.0,0.0,0.0,0.0,0.0,0.0,0.0,0.0,0.0,0.0,0.0,0.0,0.0,0.0,0.0,0.0,0.0,0.0,0.0,0.0,0.0,0.0,0.0,0.0,0.0,0.0,0.0
2019-01-25,0.0,0.0,0.0,0.0,0.0,0.0,0.0,0.0,0.0,0.0,0.0,0.0,0.0,0.0,0.0,0.0,0.0,0.0,0.0,0.0,0.0,0.0,0.0,0.0,0.0,0.0,0.0
2019-01-26,0.0,0.0,0.0,0.0,0.0,0.0,0.0,0.0,0.0,0.0,0.0,0.0,0.0,0.0,0.0,0.0,0.0,0.0,0.0,0.0,0.0,0.0,0.0,0.0,0.0,0.0,0.0
2019-01-27,0.0,0.0,0.0,0.0,0.0,0.0,0.0,0.0,0.0,0.0,0.0,0.0,0.0,0.0,0.0,0.0,0.0,0.0,0.0,0.0,0.0,0.0,0.0,0.0,0.0,0.0,0.0
2019-01-28,0.0,0.0,0.0,0.0,0.0,0.0,0.0,0.0,0.0,0.0,0.0,0.0,0.0,0.0,0.0,0.0,0.0,0.0,0.0,0.0,0.0,0.0,0.0,0.0,0.0,0.0,0.0
2019-01-29,0.0,0.0,0.0,0.0,0.0,0.0,0.0,0.0,0.0,0.0,0.0,0.0,0.0,0.0,0.0,0.0,0.0,0.0,0.0,0.0,0.0,0.0,0.0,0.0,0.0,0.0,0.0
2019-01-30,0.0,0.0,0.0,0.0,0.0,0.0,0.0,0.0,0.0,0.0,0.0,0.0,0.0,0.0,0.0,0.0,0.0,0.0,0.0,0.0,0.0,0.0,0.0,0.0,0.0,0.0,0.0
2019-01-31,0.0,0.0,0.0,0.0,0.0,0.0,0.0,0.0,0.0,0.0,0.0,0.0,0.0,0.0,0.0,0.0,0.0,0.0,0.0,0.0,0.0,0.0,0.0,0.0,0.0,0.0,0.0
2019-02-01,0.0,0.0,0.0,0.0,0.0,0.0,0.0,0.0,0.0,0.0,0.0,0.0,0.0,0.0,0.0,0.0,0.0,0.0,0.0,0.0,0.0,0.0,0.0,0.0,0.0,0.0,0.0
2019-02-02,0.0,0.0,0.0,0.0,0.0,0.0,0.0,0.0,0.0,0.0,0.0,0.0,0.0,0.0,0.0,0.0,0.0,0.0,0.0,0.0,0.0,0.0,0.0,0.0,0.0,0.0,0.0
2019-02-03,0.0,0.0,0.0,0.0,0.0,0.0,0.0,0.0,0.0,0.0,0.0,0.0,0.0,0.0,0.0,0.0,0.0,0.0,0.0,0.0,0.0,0.0,0.0,0.0,0.0,0.0,0.0
2019-02-04,0.0,0.0,0.0,0.0,0.0,0.0,0.0,0.0,0.0,0.0,0.0,0.0,0.0,0.0,0.0,0.0,0.0,0.0,0.0,0.0,0.0,0.0,0.0,0.0,0.0,0.0,0.0
2019-02-05,0.0,0.0,0.0,0.0,0.0,0.0,0.0,0.0,0.0,0.0,0.0,0.0,0.0,0.0,0.0,0.0,0.0,0.0,0.0,0.0,0.0,0.0,0.0,0.0,0.0,0.0,0.0
2019-02-06,0.0,0.0,0.0,0.0,0.0,0.0,0.0,0.0,0.0,0.0,0.0,0.0,0.0,0.0,0.0,0.0,0.0,0.0,0.0,0.0,0.0,0.0,0.0,0.0,0.0,0.0,0.0
2019-02-07,0.0,0.0,0.0,0.0,0.0,0.0,0.0,0.0,0.0,0.0,0.0,0.0,0.0,0.0,0.0,0.0,0.0,0.0,0.0,0.0,0.0,0.0,0.0,0.0,0.0,0.0,0.0
2019-02-08,0.0,0.0,0.0,0.0,0.0,0.0,0.0,0.0,0.0,0.0,0.0,0.0,0.0,0.0,0.0,0.0,0.0,0.0,0.0,0.0,0.0,0.0,0.0,0.0,0.0,0.0,0.0
2019-02-09,-0.1024121,0.0,0.0,-0.10232326,0.0,0.0,-0.10199065,0.0,0.0,-0.13648632,0.0,0.0,-0.13645285,0.0,0.0,-0.13629625,0.0,0.0,-0.17055003,0.0,0.0,-0.1704981,0.0,0.0,-0.17034881,0.0,0.0
2019-02-10,0.36018399,0.0,0.0,0.35961132,0.0,0.0,0.36122897,0.0,0.0,0.48069595,0.0,0.0,0.47953931,0.0,0.0,0.48030097,0.0,0.0,0.59970694,0.0,0.0,0.59995955,0.0,0.0,0.60068575,0.0,0.0
2019-02-11,-0.28648573,-0.25117724,0.0,-0.26215275,-0.25117724,0.0,-0.26287658,-0.24992151,0.0,-0.38128813,-0.33375143,0.0,-0.34919131,-0.33454598,0.0,-0.349531,-0.33987441,0.0,-0.43615171,-0.41785257,0.0,-0.43626401,-0.42016494,0.0,-0.43658682,-0.42421322,0.0
2019-02-12,-0.03627624,0.0451348,0.0,-0.01969286,0.0451348,0.0,-0.01874503,0.04490859,0.0,-0.04785766,0.06002249,0.0,-0.02631989,0.06016587,0.0,-0.02587361,0.06112742,0.0,-0.03285484,0.07521087,0.0,-0.03270682,0.07562884,0.0,-0.03228131,0.07636062,0.0
2019-02-13,0.04181709,0.02684023,0.0,0.03794483,0.02684023,0.0,0.03802688,0.02670577,0.0,0.05570381,0.03568816,0.0,0.05059206,0.03577336,0.0,0.05063056,0.03634473,0.0,0.06324942,0.04471208,0.0,0.06326215,0.04496037,0.0,0.06329874,0.04539507,0.0
2019-02-14,-0.16564198,-0.08107001,0.0,-0.14542317,-0.08107001,0.0,-0.14537163,-0.08066399,0.0,-0.2800574,-0.10778535,0.0,-0.19389304,-0.10804256,0.0,-0.19386827,-0.10976758,0.0,-0.31712436,-0.13502718,0.0,-0.24234545,-0.13577666,0.0,-0.24232134,-0.13708884,0.0
2019-02-15,0.10028052,0.05428099,0.0,0.08903671,0.05428099,0.0,0.08908363,0.05400891,0.0,0.15732939,0.07218772,0.0,0.11876535,0.07236018,0.0,0.11878713,0.07351676,0.0,0.17835083,0.09297147,0.0,0.14853207,0.09096,0.0,0.14855253,0.09184027,0.0
2019-02-16,0.09377428,0.06738612,0.0,0.08648164,0.06738612,0.0,0.08677295,0.06704854,0.0,0.15438564,0.08960007,0.0,0.11530676,0.08981397,0.0,0.11544361,0.09124847,0.0,0.18107671,0.14322778,0.0,0.14421402,0.11287922,0.0,0.1443442,0.11397061,0.0
2019-02-17,0.60460924,0.52445884,0.0,0.57501504,0.52445884,0.0,0.57823092,0.52183324,0.0,1.03453539,0.69719282,0.0,0.76636802,0.69885568,0.0,0.76787949,0.71000755,0.0,1.2444781,1.11388202,0.0,0.95848043,0.87812747,0.0,0.9599189,0.8866081,0.0
2019-02-18,1.31420359,0.59268598,0.57742786,1.14425518,0.59268598,0.57742786,1.14304621,0.58973422,0.57742786,1.99797362,0.78653948,0.77309603,1.52263949,0.78840242,0.77309603,1.52206107,0.80089453,0.77309603,2.21552309,1.25144969,0.96705469,1.89916833,0.98888443,0.97039928,1.8986082,0.99835078,0.97039928
2019-02-19,-0.02591013,-0.14728034,-0.15423819,-0.03715462,-0.14728034,-0.15423819,-0.03825208,-0.14716128,-0.15423819,-0.07197297,-0.19563403,-0.20542659,-0.04918253,-0.19570764,-0.20542659,-0.04969599,-0.19620116,-0.20542659,-0.09889237,-0.25355155,-0.23859878,-0.06134755,-0.22653147,-0.23883731,-0.06183401,-0.22707715,-0.23883731
2019-02-20,0.34460395,0.36011703,0.37778336,0.31357555,0.36011703,0.37778336,0.3142659,0.35971843,0.37778336,0.54996174,0.47848109,0.50354122,0.41569786,0.47872906,0.50354122,0.41601935,0.48039166,0.50354122,0.54380733,0.5392757,0.58826943,0.51684644,0.55753763,0.5889711,0.51714963,0.55918755,0.5889711
2019-02-21,-0.2647105,-0.27280898,-0.28513759,-0.23726979,-0.27280898,-0.28513759,-0.23751514,-0.27267951,-0.28513759,-0.41330725,-0.362206,-0.37938581,-0.31423963,-0.36228471,-0.37938581,-0.31435285,-0.36281241,-0.37938581,-0.40834729,-0.40407726,-0.43771216,-0.39025248,-0.41641917,-0.43805335,-0.39035828,-0.41716188,-0.43805335
2019-02-22,0.22429209,0.22918498,0.23903562,0.19904877,0.22918498,0.23903562,0.19910789,0.22916741,0.23903562,0.34635231,0.30464349,0.31824243,0.26383294,0.30465219,0.31824243,0.26385941,0.30471051,0.31824243,0.34198529,0.33791807,0.36462561,0.32787299,0.34759948,0.36481449,0.32789694,0.3479608,0.36481449
2019-02-23,1.05654999,1.0715624,1.11533785,0.93009261,1.0715624,1.11533785,0.92977124,1.07185113,1.11533785,1.61201217,1.42363839,1.4833219,1.23205118,1.42344525,1.4833219,1.23189515,1.42215036,1.4833219,1.59097015,1.57017516,1.68754078,1.53000866,1.61222555,1.688017,1.52985553,1.61283021,1.688017
2019-02-24,-4.52650541,-3.56326926,-2.50465536,-4.55064485,-3.56326926,-2.50465536,-3.42363921,-3.56911767,-2.50465536,-6.00745643,-4.73542006,-3.31994575,-6.06923196,-4.7316787,-3.31994575,-4.55926026,-4.70659413,-3.31994575,-6.83881634,-5.07521227,-3.39194921,-6.84480749,-5.17264946,-3.79809561,-6.84581994,-5.16061216,-3.79809561
2019-02-25,0.84513953,0.62468407,0.48012109,0.98358547,0.76032751,0.5540394,0.72338867,0.76135776,0.5540394,1.13466808,0.82753708,0.49407678,1.13446344,0.82734994,0.74073154,0.97385862,1.01711512,0.74073154,1.37145802,1.10629618,0.75184112,1.531407,1.13074118,0.85586467,1.53187533,1.12875802,0.85586467
2019-02-26,-0.34673155,-0.25606769,-0.19844558,-0.38985453,-0.29838962,-0.21728311,-0.27548441,-0.29078013,-0.21728311,-0.44216309,-0.34029514,-0.2142057,-0.46602587,-0.34022454,-0.29004268,-0.3696956,-0.38794088,-0.29004268,-0.54176183,-0.4234155,-0.29420908,-0.59552926,-0.43341802,-0.33697187,-0.59580917,-0.43295626,-0.33697187
2019-02-27,-0.0711812,-0.03157553,-0.04645359,-0.07225491,-0.03196108,-0.04306282,-0.01944391,-0.02494744,-0.04306282,-0.07596381,-0.04229125,-0.03952713,-0.09792619,-0.04254132,-0.05789332,-0.02492921,-0.03548341,-0.05789332,-0.09791874,-0.04728177,-0.05803971,-0.12177711,-0.05189069,-0.07743662,-0.12229279,-0.0531785,-0.07743662
2019-02-28,-0.00130763,-0.00448143,0.00022271,-0.00104012,-0.00431835,-0.00106766,-0.00726149,-0.00692401,-0.00106766,-0.00321037,-0.00591176,-0.00154356,-0.00140051,-0.00586707,-0.00136454,-0.00995416,-0.00888358,-0.00136454,-0.00431917,-0.00826636,-0.0014997,-0.00238483,-0.00787723,0.00011778,-0.00230898,-0.00764329,0.00011778
2019-03-01,0.14906921,0.1220168,0.08184072,0.14720251,0.12038539,0.09412422,0.13965355,0.14489106,0.09412422,0.18510377,0.16213859,0.09447029,0.19941734,0.16195602,0.12554108,0.18829026,0.19226857,0.12554108,0.24123746,0.20502774,0.1277464,0.257261,0.20789176,0.14010221,0.25711963,0.20689741,0.14010221
2019-03-02,-0.22030879,-0.12220921,-0.13707882,-0.22183535,-0.12233646,-0.13505447,-0.10349164,-0.11776432,-0.13505447,-0.24642678,-0.16306531,-0.12750021,-0.30051265,-0.16353032,-0.18109085,-0.13667169,-0.16138351,-0.18109085,-0.31867283,-0.19263382,-0.18237197,-0.37761222,-0.20391716,-0.23003541,-0.3786746,-0.20628813,-0.23003541
2019-03-03,-0.36283908,-0.26895134,-0.20684851,-0.36035804,-0.26620174,-0.22705623,-0.29032299,-0.30621256,-0.22705623,-0.43755155,-0.35774378,-0.22402121,-0.48838268,-0.35765358,-0.30337343,-0.39003545,-0.40880743,-0.30337343,-0.56923041,-0.4458623,-0.30779216,-0.62544633,-0.45624573,-0.35207398,-0.62571907,-0.45568019,-0.35207398
2019-03-04,-0.73492789,-0.5654683,-0.41246388,-0.72831939,-0.5589636,-0.46078037,-0.62517073,-0.65505381,-0.46078037,-0.89681654,-0.75252732,-0.45756887,-0.98828671,-0.75207579,-0.61575361,-0.84192284,-0.87324621,-0.61575361,-1.16912386,-0.94415219,-0.62544727,-1.27098587,-0.96272311,-0.70465318,-1.27107684,-0.9601684,-0.70465318
2019-03-05,1.12885691,0.66001679,0.30749608,1.11282926,0.64683897,0.40901253,1.3947177,0.85146745,0.40901253,1.52222207,0.87768153,0.43012624,1.5009437,0.87510278,0.54439724,1.88071994,1.12074859,0.54439724,1.95502722,1.14601616,0.55868027,1.93324753,1.14128337,0.53992885,1.93156945,1.12758947,0.53992885
2019-03-06,0.06097363,0.02435712,0.01252168,0.06055417,0.0239101,0.01597072,0.07038434,0.03080137,0.01597072,0.08117306,0.03233503,0.01658564,0.0811343,0.03225422,0.02125446,0.09402944,0.04053277,0.02125446,0.10282783,0.04183078,0.02176019,0.10275277,0.04183231,0.02180251,0.10279279,0.04140426,0.02180251
2019-03-07,0.24620854,0.20795482,0.10691953,0.24121705,0.20413923,0.13636534,0.29640454,0.26295727,0.13636534,0.32478445,0.27604619,0.14161496,0.32585695,0.27535653,0.18147078,0.39962883,0.34600246,0.18147078,0.42154907,0.35707808,0.18578772,0.42370365,0.35709118,0.18614895,0.42290326,0.35343874,0.18614895
2019-03-08,-0.28936939,-0.12650317,-0.06510698,-0.28706849,-0.1241868,-0.08301313,-0.33503852,-0.15987454,-0.08301313,-0.38456435,-0.16781052,-0.08620435,-0.38449786,-0.16739242,-0.11042157,-0.44739543,-0.21019082,-0.11042157,-0.48758734,-0.21689513,-0.11304348,-0.48746398,-0.21690306,-0.11326286,-0.48756242,-0.21469232,-0.11326286
2019-03-09,0.48788752,0.33843299,0.17407321,0.48021389,0.33222832,0.22198774,0.57916249,0.42785411,0.22198774,0.64565762,0.44912798,0.23052882,0.64695447,0.44800711,0.29536245,0.77853761,0.56279351,0.29536245,0.83119401,0.58078357,0.30238362,0.83380297,0.58080485,0.30297112,0.83286697,0.57487239,0.30297112
2019-03-10,-0.15624129,-0.09002308,-0.0463794,-0.15435309,-0.0883781,-0.05911728,-0.18323953,-0.11370774,-0.05911728,-0.20693462,-0.11933626,-0.06138662,-0.20713924,-0.11903977,-0.07860007,-0.24521875,-0.14936892,-0.07860007,-0.26417924,-0.15411603,-0.08046287,-0.26459118,-0.15412164,-0.08061873,-0.2644569,-0.15255641,-0.08061873
2019-03-11,-0.35908253,-0.2250994,-0.11591933,-0.35418378,-0.22098256,-0.14777488,-0.42329078,-0.28438943,-0.14777488,-0.47534145,-0.2984835,-0.15345099,-0.47601856,-0.29774103,-0.19651411,-0.56743236,-0.37371347,-0.19651411,-0.60889642,-0.38560882,-0.20117518,-0.61025727,-0.38562288,-0.20156518,-0.60978681,-0.38170058,-0.20156518
2019-03-12,0.00439122,-0.02314196,-0.01190438,0.00511202,-0.02271778,-0.01518064,0.00228645,-0.02925482,-0.01518064,0.00651169,-0.03070901,-0.01576463,0.00622904,-0.03063239,-0.02019739,0.00220239,-0.03847796,-0.02019739,0.00592344,-0.03970746,-0.02067741,0.00535836,-0.03970891,-0.02071758,0.00558029,-0.03930347,-0.02071758
2019-03-13,-0.20450618,-0.11579044,-0.05955667,-0.20207491,-0.11366757,-0.07595003,-0.2398638,-0.14638498,-0.07595003,-0.27135683,-0.15366363,-0.07887225,-0.27160763,-0.15328014,-0.10105432,-0.32159918,-0.19255335,-0.10105432,-0.34691709,-0.19870852,-0.10345653,-0.34742507,-0.1987158,-0.10365754,-0.34726196,-0.19668605,-0.10365754
2019-03-14,0.0464834,0.03389894,0.01742607,0.04570019,0.03327674,0.02222635,0.0553899,0.04286896,0.02222635,0.06151614,0.0450038,0.0230822,0.06165891,0.04489131,0.02958041,0.07458189,0.05641549,0.02958041,0.0794191,0.05822246,0.03028431,0.07970636,0.0582246,0.03034321,0.07960208,0.0576287,0.03034321
2019-03-15,0.35727907,0.18441453,0.09481564,0.35356046,0.18103081,0.12092828,0.41717936,0.23319169,0.12092828,0.47478995,0.24479923,0.12558367,0.47502949,0.24418762,0.16092815,0.55908994,0.30683838,0.16092815,0.60568531,0.3166606,0.16475646,0.60617622,0.31667222,0.1650768,0.6060467,0.31343312,0.1650768
2019-03-16,0.39920565,0.2553282,0.13139299,0.39359168,0.2506518,0.16753549,0.47131518,0.32270472,0.16753549,0.52858108,0.33872871,0.17397704,0.52939588,0.33788449,0.22286275,0.63240118,0.42430969,0.22286275,0.67799602,0.43784942,0.2281557,0.67963636,0.43786543,0.22859858,0.67906371,0.43340069,0.22859858
2019-03-17,0.00576992,0.04784598,0.02465222,0.0043609,0.04697186,0.03142201,0.01172282,0.06043106,0.03142201,0.00645552,0.06342165,0.03262805,0.00696113,0.06326412,0.04177581,0.01717214,0.07937765,0.04177581,0.01238295,0.08189955,0.04276571,0.01339185,0.08190253,0.04284854,0.01299797,0.08107101,0.04284854
2019-03-18,0.03278826,0.06455046,0.03326677,0.03101847,0.06337171,0.04239935,0.04353218,0.08151912,0.04239935,0.04219895,0.08555075,0.04402619,0.04275271,0.08533839,0.05636442,0.05976254,0.10705705,0.05636442,0.05810505,0.11045557,0.05769945,0.05921044,0.11045959,0.05781115,0.05878344,0.10933904,0.05781115
2019-03-19,0.10592257,0.08315423,0.04286783,0.10397972,0.08163672,0.05463114,0.12665613,0.10499553,0.05463114,0.13964669,0.11018378,0.0567264,0.14003191,0.1099105,0.07261487,0.1701467,0.13785287,0.07261487,0.18024819,0.14222417,0.07433381,0.1810183,0.14222934,0.07447763,0.1807351,0.14078808,0.07447763
2019-03-20,0.02658787,0.03511846,0.01811163,0.02567204,0.0344781,0.02307891,0.03337143,0.04433301,0.02307891,0.03466236,0.04652127,0.02396354,0.03491822,0.04640601,0.03067061,0.04527771,0.0581875,0.03067061,0.04605257,0.06002999,0.03139611,0.04656303,0.06003217,0.03145681,0.0463678,0.0594247,0.03145681
2019-03-21,-0.34108392,-0.20808024,-0.07806464,-0.28037491,-0.148583,-0.09946965,-0.33087991,-0.19103383,-0.09946965,-0.45517775,-0.27967937,-0.1032815,-0.37562926,-0.19996239,-0.13217973,-0.44191652,-0.250699,-0.13217973,-0.47764102,-0.25863258,-0.13530537,-0.47810584,-0.25864196,-0.13556688,-0.4779725,-0.2560263,-0.13556688
2019-03-22,0.26494565,0.17694479,0.07737973,0.23433366,0.14738341,0.09861807,0.28013097,0.1895721,0.09861807,0.35231134,0.23645769,0.10240119,0.31483092,0.1984501,0.13109103,0.37534279,0.24892954,0.13109103,0.40259056,0.25682755,0.13419513,0.40350685,0.25683689,0.13445485,0.40318923,0.25423282,0.13445485
2019-03-23,-0.03274548,-0.04698002,-0.02056527,-0.02445561,-0.03914282,-0.02620424,-0.03271961,-0.05032631,-0.02620424,-0.04311128,-0.06274381,-0.02720844,-0.0334235,-0.05267851,-0.03482148,-0.04458845,-0.06604499,-0.03482148,-0.04457406,-0.06813509,-0.03564491,-0.04520156,-0.06813756,-0.0357138,-0.04496035,-0.06744846,-0.0357138
2019-03-24,-0.0961219,-0.05514072,-0.0241312,-0.08667564,-0.04593856,-0.03074968,-0.10230526,-0.05907025,-0.03074968,-0.12786325,-0.07365439,-0.03192839,-0.11615142,-0.0618326,-0.0408652,-0.13667636,-0.07753217,-0.0408652,-0.14773548,-0.07998748,-0.04183189,-0.14787995,-0.07999038,-0.04191277,-0.14783846,-0.07918087,-0.04191277
2019-03-25,-0.46938756,-0.3593699,-0.15722207,-0.4069834,-0.29936887,-0.20035669,-0.49278916,-0.38499511,-0.20035669,-0.62316915,-0.48011843,-0.20803933,-0.67284599,-0.52636424,-0.26629369,-0.66139813,-0.50541548,-0.26629369,-0.70339498,-0.5214339,-0.27259568,-0.70595456,-0.52145284,-0.27312295,-0.70502401,-0.51617149,-0.27312295
2019-03-26,0.1894274,0.15502367,0.06273284,0.15148286,0.11835992,0.08629143,0.19814896,0.1661205,0.08629143,0.25171708,0.20736302,0.08296393,0.2540556,0.20839213,0.11476559,0.26672053,0.21834431,0.11476559,0.28245375,0.22530069,0.11748901,0.28370573,0.22530892,0.11771688,0.28324447,0.22301512,0.11771688
2019-03-27,1.23266272,0.78435812,0.4090648,1.24783859,0.80229153,0.3323249,0.89038584,0.63925216,0.3323249,1.44251025,0.85115434,0.43895756,1.39554203,0.80158032,0.44185867,1.19467381,0.83977799,0.44185867,1.55603386,0.8664729,0.45233179,1.55761144,0.86650446,0.45320808,1.279623,0.85770248,0.45320808
2019-03-28,-0.13086795,-0.0215977,-0.01106663,-0.13124574,-0.02162683,-0.00821739,-0.07515727,-0.01575857,-0.00821739,-0.1678389,-0.02159061,-0.01084257,-0.1655214,-0.0197284,-0.01091392,-0.09946742,-0.02066068,-0.01091392,-0.18821708,-0.0213118,-0.01117144,-0.18724398,-0.02131257,-0.01119298,-0.11041204,-0.02109792,-0.01119298
2019-03-29,1.20378681,0.72386403,0.37086778,1.20232117,0.72484046,0.27537554,0.77466928,0.52813008,0.27537554,1.35696109,0.72362619,0.3633583,1.29631142,0.66120032,0.36574947,1.03572395,0.69245253,0.36574947,1.44340064,0.71427981,0.37438054,1.44350384,0.71430562,0.37510263,1.11157148,0.70710986,0.37510263
2019-03-30,-0.24309652,-0.19080547,-0.17288363,-0.24387341,-0.19059137,-0.168563,-0.28816845,-0.18114851,-0.168563,-0.31627347,-0.24328307,-0.22534891,-0.31270561,-0.24116952,-0.22469357,-0.38253417,-0.24466329,-0.22469357,-0.37427222,-0.28384219,-0.26622457,-0.37219263,-0.28383457,-0.26578235,-0.44333539,-0.28596047,-0.26578235
2019-03-31,-0.14512836,-0.08023556,-0.07241846,-0.14564203,-0.08014704,-0.07052415,-0.1444314,-0.07601816,-0.07052415,-0.1904066,-0.10216848,-0.09433132,-0.18865771,-0.1012261,-0.09405963,-0.19161009,-0.10271642,-0.09405963,-0.22276863,-0.11912731,-0.11143552,-0.22145711,-0.11912415,-0.11125119,-0.22109768,-0.12000713,-0.11125119
2019-04-01,0.52625463,0.50779948,0.26733409,0.52396963,0.5084383,0.20206205,0.3810978,0.37468018,0.20206205,0.53035074,0.51245579,0.26686669,0.49093903,0.47010775,0.26843364,0.51202015,0.49153762,0.26843364,0.53575499,0.5098717,0.27797341,0.53881249,0.50988843,0.27842511,0.54042067,0.50522338,0.27842511
2019-04-02,12.45584864,7.92365334,7.69915773,12.43098323,7.92904219,7.65808826,12.21601265,6.25651185,7.65808826,13.57118773,8.50296373,8.25996206,13.55645414,7.98289972,8.27382871,13.52866759,8.27037874,8.27382871,14.50104715,8.87841669,8.71058198,14.52453849,8.87853731,8.71673508,14.54442635,8.84490166,8.71673508
2019-04-03,-0.51205066,-0.42804611,-0.41570219,-0.51441905,-0.42674445,-0.41664744,-0.52746021,0.02211094,-0.11421508,-0.50975787,-0.45119565,-0.44150285,-0.50728103,-0.41383032,-0.37329671,-0.51830187,-0.40349897,-0.37329671,-0.45573041,-0.5747754,-0.56881496,-0.44794449,-0.58810066,-0.56617029,-0.23588149,-0.6016392,-0.58018684
2019-04-04,-0.74007533,-0.71721695,-0.71604494,-0.74079317,-0.71699467,-0.71617212,-0.74500679,-0.84949349,-0.81222496,-0.97968959,-0.95719707,-0.95648356,-0.97909739,-0.96964888,-0.99313391,-0.98223053,-0.99169612,-0.99313391,-1.18122314,-1.19927885,-1.19801824,-1.17975944,-1.2543258,-1.1975698,-1.30104733,-1.14110442,-1.13358067
2019-04-05,1.87646022,1.81720665,1.81359877,1.87863436,1.8165186,1.81399169,1.89124074,1.92990253,1.84131216,2.49103082,2.55719445,2.55452967,2.48922079,2.46287992,2.51838035,2.49851976,2.51758741,2.51838035,3.18912674,3.20150892,3.19674739,3.00115679,3.06951056,3.04933203,3.29862266,2.91340567,2.89233081
2019-04-06,0.02235886,0.02184033,0.02192077,0.02231647,0.02185629,0.02191177,0.02209692,0.02361344,0.02202167,0.02930219,0.02972069,0.02976288,0.0293387,0.02944836,0.03103632,0.02919734,0.03045339,0.03103632,0.03701001,0.03689128,0.03697481,0.03604569,0.03632864,0.03615001,0.04248255,0.03270835,0.03280199
2019-04-07,1.95709798,1.89602727,1.89205858,1.95947332,1.89526906,1.89249133,1.97318636,2.01037481,1.92094636,2.58276261,2.67897579,2.67601457,2.58080493,2.5532435,2.60726238,2.59075924,2.60773439,2.60726238,3.32594192,3.33061068,3.32536885,3.09404162,3.16352964,3.14323754,3.38417174,3.01130931,2.98942609
2019-04-08,1.04615502,1.01439031,1.01249842,1.04729461,1.01402979,1.01270438,1.05391083,1.07505399,1.02731007,1.37186755,1.32875443,1.32768352,1.37094259,1.35730575,1.38674992,1.37571225,1.3861055,1.38674992,1.66103603,1.6627845,1.66083844,1.63670404,1.67154346,1.66123014,1.78973514,1.5906484,1.57992343
2019-04-09,-1.2230672,-1.18794487,-1.18690587,-1.22374999,-1.18775287,-1.1870167,-1.2279652,-1.26239337,-1.20195394,-1.59683489,-1.57603906,-1.57536393,-1.59630479,-1.58447286,-1.62710597,-1.59947761,-1.62103931,-1.62710597,-1.95608577,-1.95668442,-1.95555083,-1.9085944,-1.9438261,-1.93251796,-2.11123153,-1.83438666,-1.82519875
2019-04-10,0.89902753,0.87902674,0.88255224,0.89716148,0.87972541,0.88215825,0.88745406,0.95034531,0.88591219,1.17121033,1.16167539,1.16363864,1.17281178,1.17836186,1.24328154,1.16653037,1.21875628,1.24328154,1.44423984,1.43900871,1.44282564,1.4361657,1.44547575,1.43873951,1.69455998,1.29934375,1.30403606
2019-04-11,-2.87026634,-2.78782746,-2.78556023,-2.87177745,-2.78741045,-2.78580133,-2.88118169,-2.96375307,-2.8206614,-3.75104573,-3.7021732,-3.7006604,-3.74985866,-3.72240481,-3.82402046,-3.75706964,-3.80908472,-3.82402046,-4.59966288,-4.60094505,-4.59837441,-4.4880766,-4.57092757,-4.54424056,-4.96925844,-4.31063055,-4.28921967
2019-04-12,-0.08202254,-0.0770339,-0.07516791,-0.08306176,-0.07666937,-0.07537442,-0.08872143,-0.0755367,-0.07947786,-0.11113214,-0.10711514,-0.10602909,-0.11025361,-0.10335191,-0.09250289,-0.1141223,-0.10047682,-0.09250289,-0.13567129,-0.138122,-0.13606058,-0.12049637,-0.13034324,-0.12876646,-0.23715031,-0.14936819,-0.14379414
2019-04-13,-0.09886454,-0.09617497,-0.0962586,-0.09882756,-0.09619229,-0.09624897,-0.09867101,-0.10302704,-0.09720386,-0.13015023,-0.12861564,-0.12865551,-0.13018385,-0.1297434,-0.13468077,-0.13011296,-0.13337563,-0.13468077,-0.16122118,-0.1610501,-0.16113493,-0.15818279,-0.16056623,-0.15965345,-0.15320689,-0.14857167,-0.14823456
2019-04-14,0.98780665,0.95795233,0.95671563,0.98858295,0.95771972,0.95684908,0.99322007,1.01879414,0.96994655,1.3042169,1.28591554,1.28511469,1.30358145,1.29216494,1.32556137,1.30708338,1.32220675,1.32556137,1.6139791,1.61504802,1.61360984,1.56997192,1.60228515,1.59226409,1.52984336,1.51326225,1.50420448
2019-04-15,-1.6328725,-1.5811596,-1.57714818,-1.63524082,-1.58038983,-1.57758687,-1.64877031,-1.67338815,-1.60243442,-2.15243068,-2.11984508,-2.11739626,-2.15046922,-2.12520496,-2.09088032,-2.16018569,-2.1680487,-2.16423816,-2.65353907,-2.65791493,-2.65341262,-2.56942855,-2.62974283,-2.61269731,-2.51369845,-2.51525637,-2.49516985
2019-04-16,1.69150278,1.64347998,1.64375425,1.69151136,1.64355007,1.64371763,1.69230946,1.75727377,1.66217125,2.11704339,2.20587012,2.20587271,2.23416667,2.2225151,2.11463249,2.23535564,2.28182186,2.29885861,2.51416216,2.51430599,2.51446629,2.71220329,2.75860296,2.74220314,2.63131143,2.56805736,2.55890009
2019-04-17,-0.00407262,0.04720198,0.04789912,0.04716595,0.04733893,0.04782168,0.04512492,0.05290204,0.04715208,0.02702815,0.00734892,0.00773194,0.06165868,0.06366341,0.05740374,0.06029494,0.06737485,0.07105543,0.07159727,0.07079239,0.07149683,0.07926587,0.07773057,0.07757771,0.0738686,0.06227942,0.06391174
2019-04-18,1.29941662,1.42514465,1.41921157,1.47854062,1.42399709,1.41986379,1.4976819,1.49980792,1.44625046,1.77983173,1.74717205,1.7439664,1.94497542,1.91430264,1.85229506,1.95847953,1.94586212,1.93151786,2.22404339,2.23105262,2.22491045,2.30720859,2.37114703,2.35477945,2.26790513,2.30304032,2.27848542
2019-04-19,0.03037587,-0.01578605,-0.01544112,0.03330944,0.03319712,0.03345837,0.03221218,0.03668394,0.03317619,0.03931163,0.03940191,0.03960166,0.0433909,0.04442104,0.04060884,0.04266272,0.04665953,0.0487086,0.05009953,0.04966693,0.05004552,0.05477002,0.05412932,0.05398276,0.05155432,0.04508664,0.0459244
2019-04-20,0.15676453,0.15293426,0.15438841,0.1726824,0.17135259,0.1724663,0.16803122,0.18819575,0.1715947,0.20424016,0.20415616,0.20500724,0.22507774,0.22925556,0.21116667,0.22200201,0.23980346,0.24881143,0.2594367,0.25759403,0.25920652,0.28169214,0.27975807,0.27885563,0.26663639,0.23804907,0.24145495
2019-04-21,-0.50593071,-0.49143398,-0.4884561,-0.57709291,-0.55376603,-0.55141366,-0.58773431,-0.57897075,-0.56343083,-0.69379625,-0.67957951,-0.67776945,-0.75568587,-0.74032653,-0.72205487,-0.76304304,-0.74896274,-0.73837822,-0.86008322,-0.86400521,-0.86056947,-0.88523149,-0.9137421,-0.90712385,-0.87555242,-0.90457195,-0.89231708
2019-04-22,0.48447649,0.47169803,0.47300279,0.54219077,0.53008356,0.53105142,0.53849073,0.57018897,0.5345574,0.6465718,0.64044451,0.64117689,0.70921391,0.71007297,0.67062333,0.70691541,0.73222677,0.74356852,0.813635,0.81205797,0.81343646,0.8633645,0.87205026,0.86766001,0.83282609,0.79487851,0.79568033
2019-04-23,0.71775538,0.7002239,0.70681221,0.79069789,0.78445785,0.78949879,0.76964644,0.86118564,0.78563953,0.93507518,0.93456149,0.93840794,1.03022989,1.04902606,0.9667824,1.01634847,1.09693339,1.13763996,1.18707003,1.17876356,1.18603242,1.28812263,1.27969251,1.27553233,1.21985153,1.0905722,1.10589666
2019-04-24,-0.67201116,-0.6536872,-0.65261354,-0.75843298,-0.73476073,-0.73386403,-0.76296183,-0.77869444,-0.74419964,-0.90637542,-0.89282127,-0.89211446,-0.98948647,-0.97986568,-0.9412946,-0.99283491,-1.0004094,-1.00096446,-1.1283846,-1.12994909,-1.12857654,-1.1779839,-1.20268026,-1.1953819,-1.15137646,-1.14558659,-1.13794938
2019-04-25,-2.80131565,-2.72502094,-2.72262389,-3.15885486,-3.06459715,-3.06246249,-3.17084173,-3.25727441,-3.10182017,-3.77759394,-3.72428711,-3.72255946,-4.12976213,-4.09705428,-3.92324589,-4.13915519,-4.19078024,-4.2039881,-4.71893901,-4.72285557,-4.71941452,-4.9418857,-5.03707363,-5.00713902,-4.81845908,-4.76058694,-4.73463725
2019-04-26,-0.07396865,-0.06728519,0.02334682,-0.09974027,-0.08871392,0.00158747,-0.1040575,-0.09251608,0.13021482,-0.11031164,-0.10341444,0.01658337,-0.13119428,-0.19276552,-0.00351582,-0.13425158,-0.12032891,0.00317893,-0.17208905,-0.17342584,-0.02408085,-0.21427899,-0.23107278,-0.0767064,-0.14388358,-0.16371627,-0.01179789
2019-04-27,0.22689099,0.22541186,0.32468829,0.24124171,0.2406029,0.33973508,0.24064686,0.25522976,0.48801543,0.3024357,0.302361,0.43448663,0.3196872,0.29365347,0.43822442,0.31931494,0.3328441,0.46669363,0.36705128,0.36699396,0.53102967,0.36727715,0.36719872,0.53028849,0.38509083,0.36982423,0.53225995
2019-04-28,-0.20848905,-0.20756478,-0.3082059,-0.22059473,-0.22025207,-0.3207623,-0.22053918,-0.2327655,-0.47097681,-0.27791841,-0.27793902,-0.41178001,-0.2922989,-0.27073459,-0.41448727,-0.29228222,-0.30374458,-0.43824251,-0.33772283,-0.33786889,-0.50373212,-0.33760049,-0.33794517,-0.50277882,-0.35234871,-0.34049031,-0.50453257
2019-04-29,-0.22912809,-0.22613897,-0.29271191,-0.24725239,-0.24576624,-0.3120923,-0.24495572,-0.26362113,-0.41046297,-0.30463368,-0.30424988,-0.39236874,-0.32693399,-0.29279993,-0.39858715,-0.32543543,-0.34227123,-0.43504617,-0.36746725,-0.36672137,-0.47627557,-0.36883519,-0.36731261,-0.47649241,-0.39213882,-0.36946084,-0.47862977
2019-04-30,0.81058947,0.80183795,1.07964511,0.87037686,0.86614451,1.14329488,0.86432568,0.92567268,1.55660267,1.07946943,1.0784877,1.44770969,1.15264094,1.04111812,1.46680961,1.14870534,1.20459674,1.58703324,1.30571096,1.30391007,1.76328958,1.30916466,1.30553657,1.76286666,1.38546127,1.31379653,1.77030216
2019-05-01,0.19688519,0.18952706,0.13838496,0.22403359,0.22006424,0.16835297,0.21662731,0.24520501,0.08798541,0.25881344,0.25749769,0.18749009,0.29344262,0.23921865,0.2005996,0.28856907,0.3130599,0.25624812,0.30453304,0.30169607,0.21545864,0.3093454,0.30342965,0.21872351,0.34614727,0.30364429,0.22100643
2019-05-02,0.44360666,0.43393979,0.47348492,0.48793004,0.48287451,0.52158144,0.47907885,0.52519393,0.57544431,0.58629263,0.58475282,0.63474013,0.64164104,0.55590144,0.65296669,0.63584985,0.67625187,0.74242963,0.69989807,0.6966843,0.75900182,0.70547372,0.69881248,0.76192247,0.76365176,0.70159303,0.76635975
2019-05-03,1.8647644,1.83959599,2.10463214,1.88569691,1.87067558,2.05589559,1.85339104,1.53774922,2.31760971,2.47433949,2.46811663,2.81006285,2.51025467,2.44702762,2.72964695,2.48883185,2.50277905,2.77804957,2.69273293,2.68197845,3.04609488,2.6500437,2.62677792,3.05394377,2.69049612,2.61159264,2.92766925
2019-05-04,0.73412776,0.71936208,0.57302674,0.81976957,0.80992281,0.7159468,0.79767276,0.59037294,0.56649924,0.98261999,0.97868739,0.77805368,1.08739191,1.07159226,0.9607486,1.07284874,1.06795933,0.96464741,1.0357842,1.0275215,0.8237272,1.09247431,1.07580768,0.83258754,1.10167262,1.06195433,0.92017416
2019-05-05,-0.388707,-0.38315731,-0.40532115,-0.41542368,-0.41177243,-0.42568179,-0.40725287,-0.31686553,-0.44271733,-0.51649967,-0.51502758,-0.54163811,-0.5493899,-0.54364014,-0.56618121,-0.54405324,-0.54221237,-0.56729281,-0.56958212,-0.56680403,-0.59412887,-0.56830059,-0.56241521,-0.5965085,-0.57155547,-0.55751151,-0.58365739
2019-05-06,0.11636102,0.12636645,0.65830226,0.10047015,0.10671195,0.44608975,0.11461503,0.1698346,0.95778949,0.27401627,0.27713796,0.86410645,0.13198055,0.142404,0.82134226,0.14132116,0.1441958,0.57260171,0.38986312,0.3966438,1.11581882,0.22659007,0.23861058,1.10502023,0.22000055,0.24854496,0.78927614
2019-05-07,0.34831348,0.33762798,0.10237188,0.38401308,0.37714366,0.22636457,0.36855578,0.24721439,-0.00313476,0.3996805,0.39659416,0.14479473,0.50889192,0.49775887,0.18017033,0.49872217,0.49538481,0.31269143,0.40401403,0.3978021,0.07812084,0.4824041,0.47035905,0.08578694,0.48903857,0.46036551,0.22472268
2019-05-08,1.26537513,1.24933185,1.41138582,1.34817332,1.33755552,1.44015414,1.32444414,1.04465733,1.58160354,1.72299544,1.71890926,1.88101036,1.78236548,1.76572688,1.99670927,1.76686573,1.7614607,1.91386996,1.89045136,1.88271459,2.09030857,1.85884926,1.84205113,2.09608327,1.8681502,1.82804294,2.00241862
2019-05-09,1.33087337,1.31030754,1.30371019,1.42478249,1.41132263,1.40605306,1.39463152,1.07599269,1.38481007,1.75744036,1.7520193,1.73467047,1.87596752,1.85482627,1.85571419,1.85639808,1.84970146,1.86708542,1.90361692,1.89315254,1.87228847,1.92506907,1.90324756,1.88198615,1.93712605,1.88507498,1.88825122
2019-05-10,1.30655004,1.28908397,1.39300278,1.39241243,1.38093859,1.4462232,1.36674027,1.07490097,1.53133409,1.74737613,1.74293312,1.84193024,1.82500536,1.8072686,1.95641607,1.80852424,1.80281701,1.9068603,1.90382787,1.89539313,2.0219923,1.89054644,1.87252057,2.02888482,1.90051395,1.85748807,1.9708004
2019-05-11,5.37067072,5.30883991,6.13520617,5.70028061,5.65946587,6.18207709,5.60908943,4.48718106,6.91338721,7.25875189,7.24368437,8.06423508,7.4386812,7.37668246,8.51651154,7.38080779,7.36048783,8.09730339,7.94618837,7.91818676,8.9599966,7.76935443,7.70754668,8.97875773,7.80356872,7.65592248,8.51270616
2019-05-12,-0.89294549,-0.88624698,-0.80041041,-0.92052695,-0.91621566,-0.86109175,-0.91083479,-0.84282715,-0.77294866,-1.15141596,-1.14963235,-1.05864451,-1.20709775,-1.20055479,-1.08896531,-1.2010652,-1.19903447,-1.13669305,-1.3729149,-1.36934715,-1.25497089,-1.40340462,-1.39630918,-1.25896462,-1.4073108,-1.39040114,-1.30801996
2019-05-13,4.95008541,4.90914856,4.87934485,4.96261951,4.93757102,4.9165022,4.90652024,5.2334268,4.84801862,6.66714987,6.65625716,6.59445048,6.71903614,6.67654961,6.64280925,6.68194231,6.67052613,6.68132335,8.23720299,8.21355711,8.12375068,8.79899461,8.7445316,8.63418054,8.82904145,8.69910643,8.67030836
2019-05-14,2.77937436,2.81656231,2.83777375,2.76938003,2.79211449,2.80750215,3.05899122,3.15970859,3.05558575,3.63236872,3.64208747,3.68953605,3.58997006,3.62789088,3.64785767,3.92584104,3.93514678,3.92034321,4.47435494,4.49582823,4.56544973,4.38487788,4.42978115,4.50666813,4.36012343,4.46726858,4.48194717
2019-05-15,3.25146834,3.29028136,3.31699033,3.24114713,3.26488167,3.28385833,4.16602669,4.29238365,4.16375942,4.2909415,4.30124882,4.35757751,4.24458012,4.28479389,4.31385901,5.28994307,5.3031556,5.28243465,5.32214486,5.34530118,5.42962494,5.25385615,5.30200843,5.3955897,6.02089354,6.16600872,6.1859711
2019-05-16,0.0316075,0.06742899,0.09183309,0.29215628,0.31736913,0.33734252,0.39478915,0.3313657,0.41992632,0.03312546,0.04262726,0.0942318,0.30736253,0.34949258,0.3794655,-0.35163723,-0.34084662,-0.35284986,0.04324738,0.06456079,0.14167075,-0.02102853,0.02335556,0.10898276,-0.06421938,0.04015189,0.06081798
2019-05-17,-2.90065288,-2.89919991,-2.89821067,-2.87792432,-2.87676099,-2.87583844,-3.38220531,-3.55360067,-3.94220729,-3.85097427,-3.8505464,-3.84822398,-3.8270908,-3.82502565,-3.82355255,-4.42313434,-4.4208713,-4.42344461,-4.79205981,-4.79100874,-4.78720974,-4.79659921,-4.79439279,-4.7901416,-4.7984841,-4.79328476,-4.79225953
2019-05-18,-1.04506729,-1.05643501,-1.06417415,-0.99700125,-1.00339857,-1.00846574,-1.09335813,-1.11582653,-1.1670252,-1.39671989,-1.3997427,-1.41614832,-1.33193069,-1.34290711,-1.35071596,-1.48227554,-1.48520314,-1.48183387,-1.74915883,-1.75597996,-1.78063114,-1.73412652,-1.74828485,-1.77556037,-1.73701854,-1.77091453,-1.77743028
2019-05-19,4.9793037,4.96785272,4.9600553,4.86753641,4.85917397,4.85254948,5.73330493,4.62393349,5.68277647,6.7033316,6.70022539,6.68336336,6.5820395,6.56785263,6.55775739,6.37940808,6.37716938,6.37971626,8.0005249,7.99586105,7.97900049,8.47951485,8.46464827,8.4359956,8.48152469,8.44610485,8.43923782
2019-05-20,-1.10460172,-1.1058141,-1.10663979,-1.15172212,-1.15303609,-1.15407713,-1.22950447,-1.20314423,-1.21906867,-1.4678931,-1.46821867,-1.46998629,-1.53112843,-1.53341124,-1.53503591,-1.62797843,-1.6286005,-1.62788025,-1.79424741,-1.79517678,-1.79853721,-1.8271714,-1.82870912,-1.83167391,-2.09532377,-2.09982512,-2.10068187
2019-05-21,0.06042955,0.06510693,0.06829256,0.08599749,0.08917859,0.09169899,0.09522844,0.08403024,0.09426894,0.07886787,0.08011604,0.08689295,0.10910553,0.11453256,0.11839527,0.10811791,0.10971279,0.10788072,0.09975554,0.10257406,0.11276579,0.08977304,0.09563918,0.10694999,0.10326249,0.12062976,0.1239753
2019-05-22,-1.38536123,-1.3842967,-1.38357172,-1.47780941,-1.47827276,-1.47863985,-1.48073726,-1.63801217,-1.46803966,-1.85378126,-1.85349322,-1.85192942,-1.97771707,-1.97851506,-1.97908291,-2.22952609,-2.22931104,-2.22954994,-2.32401695,-2.32336165,-2.32099238,-2.3271085,-2.32573593,-2.32308988,-2.90801145,-2.90234758,-2.90124177
2019-05-23,0.67659996,0.66964747,0.66491278,0.69311929,0.68904774,0.68582199,0.68218414,0.78490823,0.67644049,0.9124409,0.91057442,0.90044133,0.94054038,0.93356857,0.92860672,1.08343902,1.08113177,1.08377759,1.14821743,1.14397976,1.12865879,1.16366385,1.15483731,1.13782205,1.47518982,1.44798446,1.44273666
2019-05-24,0.39578127,0.39464752,0.39387532,0.41863087,0.41821154,0.4178793,0.41788235,0.46638655,0.41429483,0.53125099,0.53094873,0.52930758,0.56280922,0.56210574,0.56160501,0.63790082,0.63756164,0.63794885,0.66749985,0.66681917,0.66435774,0.67014022,0.66872107,0.66598462,0.84147313,0.83681747,0.83591609
2019-05-25,0.3399138,0.33932075,0.33891682,0.36117436,0.36106806,0.36098383,0.36126082,0.40127448,0.35816071,0.45548561,0.45532838,0.45447465,0.48438352,0.48421438,0.48409397,0.54740339,0.54724278,0.54742524,0.57159731,0.5712456,0.5699737,0.57303561,0.57230154,0.57088604,0.71760658,0.71506697,0.71457395
2019-05-26,2.4937208,2.48467555,2.47851474,2.62766794,2.62373949,2.62062686,2.61922326,2.92955339,2.59696949,3.33975319,3.33735003,3.32430139,3.52575604,3.51914906,3.51444617,3.99685832,3.99409068,3.99725476,4.185421,4.18002563,4.16051435,4.20596439,4.19472056,4.17303851,5.26841567,5.23245531,5.22549929
2019-05-27,0.36197364,0.36404051,0.36544847,0.39615888,0.3978421,0.39917586,0.40141173,0.43230609,0.39798511,0.47939722,0.47994812,0.4829398,0.52267582,0.525542,0.52758232,0.57933283,0.58007203,0.57922106,0.59650998,0.59775358,0.60225183,0.59228025,0.59486555,0.59985249,0.72826968,0.73557253,0.73697676
2019-05-28,0.01398386,0.01528113,0.01616481,0.02084057,0.021719,0.02241503,0.02338588,0.01991328,0.02315181,0.01798536,0.01832829,0.02019052,0.0259701,0.02745376,0.02850988,0.0250757,0.02551047,0.02501106,0.0225713,0.02333857,0.02611373,0.01985272,0.02144907,0.02452815,0.02212344,0.02679935,0.02770054
2019-05-29,-0.16637887,-0.16656769,-0.1666963,-0.17857924,-0.17884311,-0.17905219,-0.17952456,-0.1965554,-0.17802041,-0.22040399,-0.22045528,-0.2207338,-0.23622692,-0.2366794,-0.23700148,-0.26397976,-0.26406348,-0.26396641,-0.27377956,-0.27389781,-0.27432548,-0.27344516,-0.27369027,-0.27416303,-0.33716635,-0.33774229,-0.33785168
2019-05-30,-1.61330068,-1.61345539,-1.61356075,-1.72417205,-1.7256135,-1.72675562,-1.73012462,-1.9020381,-1.71565282,-2.13902296,-2.13907774,-2.13937518,-2.28417243,-2.28667815,-2.2884617,-2.5584112,-2.55866504,-2.55836462,-2.65815464,-2.65831227,-2.65888236,-2.65842867,-2.65874761,-2.65936281,-3.28311378,-3.28265376,-3.28254928
2019-05-31,1.1803179,1.18316209,1.18509945,1.27529024,1.27819048,1.28048853,1.28498568,1.40290768,1.27396797,1.57219532,1.57296189,1.57712459,1.69573124,1.70072217,1.70427493,1.89614446,1.89725744,1.89597245,1.96467409,1.96642559,1.9727605,1.9590851,1.96272268,1.96973871,2.42995744,2.43964445,2.44149944
2019-06-01,-0.20767741,-0.2104083,-0.21226842,-0.23435671,-0.23635458,-0.23793756,-0.24034323,-0.25222723,-0.23824244,-0.27461675,-0.27534116,-0.27927473,-0.30754822,-0.31093564,-0.31334676,-0.33633904,-0.33727884,-0.33619832,-0.34225256,-0.3438793,-0.34976253,-0.33658129,-0.33996529,-0.34649155,-0.5034668,-0.5108538,-0.51227497
2019-06-02,0.7666542,0.76418742,0.76250711,0.80814685,0.80713838,0.8063393,0.80610506,0.89820208,0.79939074,1.01975683,1.01910998,1.01559737,1.07629607,1.07462557,1.07343643,1.21476945,1.21403978,1.21487352,1.26950606,1.26807269,1.26288838,1.27500083,1.27201397,1.26625308,1.30789727,1.30552923,1.30506643
2019-06-03,-2.79695005,-2.79264448,-2.78971149,-2.96816314,-2.96760629,-2.96716505,-2.96967952,-3.28484613,-2.94499909,-3.70906212,-3.70795435,-3.70193857,-3.93665014,-3.93585892,-3.93529557,-4.42259089,-4.42151687,-4.42273502,-4.60689036,-4.60448657,-4.59579179,-4.61687221,-4.61185535,-4.6021783,-4.7956664,-4.8020923,-4.8033077
2019-06-04,-1.67390438,-1.66503757,-1.65899793,-1.75116575,-1.74666014,-1.74309005,-1.74011671,-1.95927216,-1.7254042,-2.09635347,-2.09443373,-2.08400932,-2.35391761,-2.34632097,-2.34091327,-2.6775823,-2.6747877,-2.67798751,-2.62506438,-2.62077301,-2.6052526,-2.83128836,-2.82028892,-2.79907523,-2.86226278,-2.84592587,-2.8427623
2019-06-05,0.40023798,0.4035153,0.60240911,0.44383386,0.44637598,0.64747023,0.64893126,0.42528828,0.64323987,0.55806937,0.55888539,0.76169874,0.58933614,0.59375254,0.87150626,0.57924925,0.58067178,0.98093206,0.70045139,0.70232564,0.96024466,0.6616118,0.66587288,1.02244527,0.7806105,0.79391747,1.08732547
2019-06-06,0.18304758,0.18703937,0.18204252,0.21429642,0.21712626,0.211503,0.21485843,0.23033329,0.21286572,0.24397722,0.24504552,0.24295469,0.28305247,0.28790124,0.28033093,0.30981127,0.31118725,0.29342104,0.30805675,0.31047716,0.30908867,0.30031591,0.30535641,0.30103139,0.36965087,0.38430577,0.37520424
2019-06-07,0.16172325,0.15581712,0.32208268,0.14628788,0.14247467,0.31173079,0.30623634,0.12502619,0.30383201,0.21697847,0.21540608,0.37816767,0.20065646,0.19416417,0.42636087,0.1795177,0.17773419,0.52598323,0.26836694,0.26482256,0.46818563,0.27995693,0.27257202,0.55801366,0.24682815,0.22787712,0.47417651
2019-06-08,-0.38072244,-0.384198,-0.4605911,-0.42359933,-0.42625263,-0.50309234,-0.50574379,-0.43881202,-0.50129536,-0.50765938,-0.50859309,-0.58767476,-0.56270051,-0.56726359,-0.67248124,-0.59532669,-0.59665113,-0.74385509,-0.63747693,-0.63960009,-0.74003715,-0.63081521,-0.63523502,-0.7722611,-0.72620163,-0.74031635,-0.84974422
2019-06-09,-0.97219068,-0.97801973,-1.22972477,-1.06809159,-1.07283582,-1.32705203,-1.33110775,-1.09554555,-1.31946442,-1.29849173,-1.30006945,-1.55724002,-1.42341959,-1.43163676,-1.7807319,-1.49274697,-1.49517548,-1.99366388,-1.63089708,-1.63451094,-1.96045148,-1.61975404,-1.62727411,-2.07530641,-1.83490986,-1.86090987,-2.22702333
2019-06-10,0.71093503,0.70606646,1.38671014,0.6866064,0.68331588,1.36389586,1.03510831,0.66837274,1.81001501,0.94854199,0.94723682,1.72951115,0.919591,0.91393896,1.83131552,0.89547886,0.89389738,2.04918473,1.18287746,1.17991269,2.16596744,1.19291356,1.18673565,2.34175071,1.13861938,1.12172501,2.17419254
2019-06-11,-0.23319976,-0.23122832,-0.39564557,-0.23378798,-0.23258234,-0.39829473,-0.35387729,-0.22716724,-0.45315151,-0.31155944,-0.3110377,-0.48746753,-0.31398479,-0.31194674,-0.53608083,-0.31047042,-0.30992148,-0.61463661,-0.38880316,-0.38763333,-0.60849201,-0.3927331,-0.39029617,-0.66933788,-0.39494649,-0.38914869,-0.63604572
2019-06-12,0.79682262,0.79665292,1.43693647,0.79701355,0.79691149,1.43557018,1.09605978,0.79673264,1.90323616,1.06093767,1.06089352,1.8073046,1.0616802,1.06150852,1.91564797,1.06196885,1.06192156,2.10729952,1.32446509,1.32436651,2.26153091,1.32525572,1.3250454,2.3999834,1.32569079,1.32521777,2.30842997
2019-06-13,-0.01969137,-0.0244215,-0.09449816,-0.01838434,-0.0212784,-0.08698317,0.05515694,-0.03448404,-0.29655351,-0.02294323,-0.02419438,-0.13853594,-0.01752558,-0.02241361,-0.10254181,-0.02638799,-0.0277037,-0.05075556,-0.02526901,-0.02808716,-0.17441076,-0.01910828,-0.02494351,-0.13121564,-0.01398867,-0.02789181,-0.14570995
2019-06-14,0.95968895,0.95159873,1.62171881,0.96210234,0.95715486,1.63252839,1.45276079,0.9349304,1.85355664,1.27986259,1.2777279,2.23814064,1.28978345,1.28144512,2.19031991,1.27540241,1.27315635,2.50731886,1.79549863,1.7896697,2.7855921,1.61036879,1.60042788,2.72627708,1.61939604,1.59574551,2.59247945
2019-06-15,0.24973166,0.24853956,0.43036351,0.25010623,0.24937751,0.431708,0.36078797,0.24614098,0.52498971,0.3313918,0.33108055,0.58543602,0.33291042,0.3316949,0.57349897,0.33089255,0.33056491,0.64248627,0.45600812,0.4550892,0.72512586,0.41384383,0.41240862,0.71075566,0.4151795,0.41176877,0.68052076
2019-06-16,0.2371003,0.23373765,0.38013953,0.23807379,0.23601722,0.38491578,0.38065979,0.22671732,0.38015384,0.31588068,0.31499803,0.52828484,0.31987,0.31642263,0.51683158,0.31380182,0.31287319,0.60791104,0.45047679,0.4482154,0.65252,0.39857333,0.39448616,0.63806576,0.40223344,0.3925044,0.60190994
2019-06-17,0.97598238,0.66842068,1.11995045,0.97913932,0.67276491,1.12845413,1.02672174,0.6552875,1.24754911,1.30902202,0.89444992,1.53578087,1.32160123,0.89728095,1.50376884,1.30135802,0.89076936,1.72326062,1.6695743,1.24857088,1.92850622,1.65810993,1.11581059,1.85665187,1.67058596,1.11217147,1.76588967
2019-06-18,-0.76960597,-0.81937237,-0.90268342,-0.77134108,-0.82392368,-0.90501989,-0.75190948,-0.51953227,-1.10687698,-1.02734885,-1.10789845,-1.21806623,-1.03409872,-1.11050463,-1.1939563,-1.02325866,-1.10284072,-1.32972179,-1.28219628,-1.35969389,-1.58025019,-1.29204459,-1.39648707,-1.47095231,-1.29886797,-1.39306233,-1.41145935
2019-06-19,0.57005715,0.55491825,0.62776622,0.5399737,0.51982459,0.58270566,0.52340575,0.45877092,0.65442793,0.76575226,0.75320779,0.85093801,0.72910827,0.70354508,0.77521537,0.71813044,0.69716899,0.88446508,0.97038958,0.95528872,1.07907491,0.91523945,0.95123835,1.04995034,0.92200933,0.88404568,0.91117336
2019-06-20,0.59415815,0.58534286,0.63904493,0.5301884,0.50899653,0.54576378,0.5125577,0.57086654,0.57966609,0.79831798,0.79397018,0.86077143,0.71620222,0.68921256,0.71474613,0.70385917,0.6820144,0.83942856,1.01882238,1.01167073,1.07421859,0.89832434,1.00076817,1.0816203,0.90584585,0.86509206,0.84938078
2019-06-21,2.16805805,2.14665619,2.77439421,1.96398333,1.90117847,2.28606697,1.91367183,2.11207887,2.77558472,2.89650942,2.88604939,3.69330089,2.63144681,2.55368765,3.35953009,2.60292064,2.5372687,3.36292841,3.81407497,3.79885082,4.59744218,3.2851334,3.61638573,4.6051423,3.30296459,3.19365484,3.56034407
2019-06-22,1.52538112,1.52059038,1.57734455,1.41086719,1.38080243,1.42309636,1.38902241,1.51344569,1.41498517,2.01836288,2.01620557,2.08658642,1.8673145,1.83299851,1.90063606,1.86295661,1.83075486,2.05611875,2.51888464,2.51560897,2.58248644,2.31373626,2.50137809,2.58573953,2.31622255,2.27808911,2.21523696
2019-06-23,0.35139752,0.34166698,0.33572699,0.30242646,0.28393585,0.28501049,0.28617986,0.32545779,0.27937576,0.46924212,0.46450244,0.45180358,0.40964844,0.38567679,0.3770317,0.39557565,0.37736511,0.46617504,0.58106822,0.5731739,0.55404324,0.51031953,0.58227078,0.56312319,0.51869884,0.47971434,0.42520969
2019-06-24,0.96866891,0.963789,0.96020185,0.89213677,0.87076877,0.87474135,0.87599385,0.95612752,0.83813357,1.27574377,1.2734991,1.26625636,1.17697868,1.15223235,1.14435479,1.17144441,1.14914572,1.27098925,1.57193289,1.56828945,1.55803901,1.45194366,1.57287221,1.56248586,1.45509822,1.42526379,1.34684533
2019-06-25,2.17094914,2.14936578,2.13532974,2.17495041,2.10467874,2.11382492,2.1180867,2.33157878,2.03659979,3.15802991,3.14610315,3.11188579,2.87825574,2.79312291,2.76433429,2.84484006,2.77370927,3.1442503,3.8835712,3.86399264,3.81394052,3.5484166,3.88725399,3.83693652,3.56794782,3.44931334,3.21596023
2019-06-26,3.61928255,3.59611278,3.58016003,3.58904571,3.4933806,3.50860843,3.51431237,3.83960472,3.3727925,4.77316098,4.7619934,4.72964125,4.70096874,4.58972049,4.55317938,4.66691107,4.57019104,5.08529468,6.23043085,6.21011444,6.15602823,5.75107184,6.23482352,6.18029282,5.77041922,5.62857372,5.30357051
2019-06-27,-5.70937118,-5.70299981,-5.69549569,-6.21838672,-6.09218884,-6.11852606,-6.12582802,-6.63264297,-5.87015702,-7.57338182,-7.56987845,-7.55469607,-8.02807052,-7.89165222,-7.84934657,-8.00827178,-7.88110623,-8.5835368,-9.44093491,-9.43434705,-9.41136191,-9.7109272,-9.44361676,-9.41900011,-9.72090156,-9.57627596,-9.13293376
2019-06-28,3.06294456,3.04492313,3.03394609,3.2107228,3.2057984,3.19987833,4.00596455,4.39075569,3.8411827,4.1142794,4.10532409,4.08169302,4.3216016,4.31035179,4.2996867,5.37274456,5.25571876,4.28664092,5.16724312,5.15223716,5.11613243,5.15793334,5.16938455,5.13303427,6.70677236,6.53159065,6.13471822
2019-06-29,-0.56051418,-0.53706835,-0.52243505,-0.48981864,-0.47144385,-0.4652384,-0.76313261,-0.45788994,-0.75108276,-0.67239686,-0.66152166,-0.6322628,-0.84817129,-0.8210268,-0.80585383,-0.65861695,-0.99447962,-0.68745027,-0.87887902,-0.86074131,-0.81640698,-1.0144532,-1.01019972,-0.96296668,-0.92648176,-0.84357954,-1.09620464
2019-06-30,-3.16877707,-3.16821087,-3.16784948,-3.39616518,-3.39954364,-3.39940866,-4.01476369,-3.16712385,-3.83934775,-3.87677794,-3.87836298,-3.88260837,-4.11496912,-4.11196315,-4.11041497,-4.1775734,-5.21235826,-4.48514507,-4.83588493,-4.83821349,-4.84387545,-5.20446342,-5.20323018,-5.20173575,-5.17582165,-5.20053341,-6.08821961
2019-07-01,-0.02483349,-0.01518991,-0.00917392,0.01912134,0.02693566,0.02949089,-0.05433243,0.07420972,-0.06064921,-0.01009107,-0.00554566,0.00667804,-0.06592961,-0.0543294,-0.04805016,0.05393855,-0.07396579,0.00809284,-0.03169229,-0.02401211,-0.00525132,-0.08298362,-0.08125349,-0.06125506,0.01567011,0.04700239,-0.05987392
2019-07-02,0.46840625,0.45889002,0.45295324,0.45840359,0.45125408,0.44873624,0.62087073,0.37136033,0.60125509,0.55722588,0.55300835,0.54166582,0.64702534,0.63520781,0.62882375,0.5388682,0.81888918,0.62934356,0.72071955,0.71353507,0.69598595,0.8265555,0.82466921,0.80479873,0.72539607,0.69841148,0.93865896
2019-07-03,2.53568934,2.5132776,2.49928988,2.61890907,2.60385247,2.59792769,3.28837515,2.30886491,3.15974859,3.07522244,3.06617473,3.04182982,3.39663326,3.36779695,3.35225235,3.17532862,4.32133902,3.53217383,3.91232429,3.89680773,3.85888404,4.33522854,4.33027172,4.28361916,4.08735048,4.03682711,5.02585974
2019-07-04,-2.03167637,-2.03419028,-2.03575382,-2.40266672,-2.40466887,-2.40444262,-2.84551196,-2.23694181,-2.72121441,-2.74560196,-2.74653191,-2.7490215,-2.91715215,-2.91455921,-2.9132112,-2.95700208,-2.98038079,-3.17768614,-3.4286167,-3.43005852,-3.433564,-3.69224635,-3.69133007,-3.68981878,-3.66961249,-3.6865301,-4.32153649
2019-07-05,0.15122842,0.16269766,0.1698549,0.17701107,0.18704742,0.19027263,0.11312829,0.23618111,0.09696836,0.1624435,0.16825346,0.18388246,0.1032284,0.11768899,0.12552334,0.25738849,0.28244927,0.21391384,0.18035104,0.19013326,0.21404066,0.13341701,0.13553073,0.16058513,0.25619784,0.29691373,0.20501141
2019-07-06,0.3240152,0.3168006,0.31229814,0.39449798,0.38804084,0.38577495,0.53628354,0.31750881,0.51986265,0.48017171,0.47637913,0.46617651,0.55902182,0.54847716,0.54277826,0.46175008,0.42600809,0.54080784,0.6201129,0.61369217,0.59800136,0.71186628,0.71019931,0.69255661,0.6220537,0.59782442,0.80539987
2019-07-07,1.25473866,1.27124359,1.28153985,1.50519421,1.51927384,1.52332817,1.6627768,1.49240394,1.57423201,1.67221175,1.68023313,1.70180283,1.68901429,1.70630226,1.71569882,1.91001093,1.89694572,1.97436279,2.06862777,2.08204242,2.11481358,2.15329071,2.15551057,2.18698235,2.29908063,2.36086794,2.59459676
2019-07-08,1.53278549,1.52144632,1.51436824,1.84925614,1.83876651,1.83464473,2.31053166,1.63411958,2.22257361,2.16374433,2.1574627,2.14056078,2.3847479,2.36481843,2.35407396,2.23120542,2.12841119,2.47558358,2.73452675,2.72382528,2.69767041,3.0213235,3.01793593,2.98593672,2.85148267,2.81654172,3.48240263
2019-07-09,0.16273611,0.1499192,0.14192132,0.20131021,0.19005744,0.18629384,0.34960861,0.1046399,0.34732633,0.27615402,0.26963458,0.25209748,0.37297421,0.35595877,0.34675003,0.20309063,0.16016925,0.29018307,0.37066162,0.35978251,0.33319688,0.23878381,0.23697744,0.21275608,0.32516791,0.28194943,0.08471861
2019-07-10,-1.68591254,-1.69805998,-1.70563698,-2.0152763,-2.02536383,-2.02794445,-2.29672562,-1.93969468,-2.18893099,-2.26302816,-2.26867027,-2.28384028,-2.34247198,-2.3527717,-2.35839606,-2.50332472,-2.46170919,-2.63252106,-2.79240345,-2.80173786,-2.82454099,-2.6665112,-2.66851745,-2.69388694,-3.03644291,-3.08336057,-2.97489424
2019-07-11,-2.04349136,-2.04943724,-2.05314355,-2.45527192,-2.45987949,-2.46048527,-2.88404433,-2.30369302,-2.75482227,-2.79653377,-2.79899712,-2.8056137,-2.95346514,-2.95468658,-2.95540575,-3.0345326,-2.95710041,-3.24520164,-3.48880527,-3.4929218,-3.50296918,-3.29472918,-3.29581502,-3.30956381,-3.75240407,-3.78072309,-3.59685319
2019-07-12,0.8018306,0.94886037,0.94710456,0.91991946,1.14824008,1.14690278,1.40683913,1.04224279,1.3476144,1.13991962,1.33423531,1.32968973,1.28031446,1.44147195,1.43784677,1.10531487,1.35832778,1.54480553,1.44773055,1.68780995,1.68087863,1.33209907,1.5728714,1.56809637,1.42984792,1.78582997,1.66599189
2019-07-13,-0.76748415,-0.84980525,-0.84755596,-0.89870383,-1.02724076,-1.02573906,-1.26607679,-0.92723682,-1.2145384,-1.08667223,-1.19597203,-1.19045337,-1.20892301,-1.29663704,-1.29267312,-1.08318379,-1.20698377,-1.3800733,-1.2903399,-1.42459573,-1.41780702,-1.2696327,-1.40536603,-1.39893942,-1.3924241,-1.58701394,-1.47645238
2019-07-14,-3.12954504,-3.8987436,-3.91376575,-3.51965877,-4.68819191,-4.69300467,-5.39749908,-4.45382002,-5.13661937,-4.31601364,-5.30067949,-5.33092973,-4.68317815,-5.53551268,-5.54578891,-4.3235891,-5.72825221,-6.19343463,-5.07077421,-6.29655026,-6.34926528,-5.08538177,-6.28615334,-6.33899888,-5.41183856,-7.30710965,-7.00533624
2019-07-15,0.61911717,0.56378648,0.940725,0.65448579,0.50842362,1.1541758,0.44722565,0.96266608,1.5388236,0.83412039,0.77196245,1.40838411,0.80010784,0.73779687,1.62757434,1.57315654,1.30136907,1.63232384,1.08936123,1.01131185,1.62276613,1.09197846,1.02229041,1.65141145,2.09197371,1.83671958,1.62207683
2019-07-16,-1.89646331,-1.89117932,-2.59066533,-2.36415786,-1.89441346,-3.08151897,-1.89164747,-2.70316425,-3.87052888,-2.54909506,-2.55406038,-3.72817872,-2.54504805,-2.54047616,-3.38296259,-4.34854648,-3.57344846,-4.23824659,-3.20552471,-3.21307007,-4.34349651,-3.20967914,-3.22432658,-4.38651563,-3.92155335,-3.19826194,-4.41146736
2019-07-17,0.08099069,0.07978468,0.27463972,0.23756664,0.26128135,0.25074223,0.25961884,0.4230746,0.22086025,0.11268278,0.11350158,0.34560653,0.11160214,0.11047347,0.36535677,0.02174287,0.06411572,0.31728811,0.14580531,0.14704728,0.44054954,0.14665926,0.14939168,0.43563306,0.4164215,0.44773072,0.43203241
2019-07-18,0.45763608,0.4538606,0.6885428,0.94758912,0.94368394,0.68955864,0.93895814,1.47889188,0.68609467,0.62672788,0.62948361,0.9228381,0.6234153,0.61992822,0.92204149,0.62314801,0.62481788,0.92558692,0.80098879,0.80518011,1.15732481,0.803726,0.81267612,1.15876973,1.61912201,1.59656074,1.16053899
2019-07-19,-0.03903451,-0.03871393,-0.09928515,-0.09035775,-0.08998884,-0.09894459,-0.07970743,-0.14454893,-0.10121968,-0.05336752,-0.05360071,-0.12996593,-0.0530872,-0.05279208,-0.13021839,-0.05306458,-0.05320589,-0.12871228,-0.06808838,-0.06844182,-0.16044107,-0.06831921,-0.06907386,-0.15956233,-0.13652605,-0.13465355,-0.1588066
2019-07-20,0.11843267,0.11745965,0.23383332,0.10439723,0.10397068,0.23350689,0.24193483,0.10204309,0.23615403,0.161943,0.16265099,0.30892619,0.1610919,0.16019591,0.30916285,0.16102322,0.16145227,0.30758234,0.20664368,0.20771708,0.38365604,0.20734469,0.20963661,0.38264483,0.41463136,0.40893691,0.38184846
2019-07-21,-0.08784996,-0.08712905,-0.12883936,-0.07744973,-0.07713361,-0.12906349,-0.17923922,-0.07570504,-0.12821761,-0.12007249,-0.12059658,-0.17240675,-0.11944246,-0.11877919,-0.17223287,-0.11939162,-0.11970923,-0.17303482,-0.15314743,-0.15394129,-0.21577593,-0.15366588,-0.1553609,-0.2161208,-0.30665443,-0.30246005,-0.21651953
2019-07-22,-0.12374072,-0.12272439,-0.26799743,-0.10908017,-0.1086346,-0.26740792,-0.25269785,-0.10662107,-0.27166883,-0.16918221,-0.16992154,-0.35270409,-0.16829343,-0.16735777,-0.3531371,-0.16822171,-0.16866975,-0.35043711,-0.21585628,-0.21697694,-0.43690757,-0.21658816,-0.21898096,-0.4352717,-0.43288491,-0.42694601,-0.43391555
2019-07-23,-0.21461672,-0.21285183,-0.27421631,-0.18916159,-0.18838806,-0.27519482,-0.43884743,-0.1848926,-0.27053883,-0.29356429,-0.29484936,-0.3703073,-0.29201949,-0.29039323,-0.36955897,-0.29189484,-0.29267358,-0.37334223,-0.37472817,-0.37667786,-0.46629729,-0.37600146,-0.38016453,-0.46814943,-0.75312956,-0.74275282,-0.47003828
2019-07-24,-0.03813477,-0.0378205,0.03027568,-0.03360313,-0.03346546,0.0292735,-0.07815345,-0.03284337,0.03508966,-0.05220409,-0.05243329,0.03452724,-0.05192858,-0.05163855,0.03528206,-0.05190635,-0.05204523,0.0310973,-0.06669163,-0.06703994,0.03858676,-0.0669191,-0.06766285,0.03630735,-0.13454804,-0.13268035,0.03420853
2019-07-25,0.06223832,0.06172522,0.11534915,0.05483992,0.05461517,0.11525952,0.12760238,0.05359959,0.11615981,0.08521232,0.08558664,0.15301298,0.08476237,0.08428871,0.15307546,0.08472606,0.08495288,0.15259303,0.108876,0.109445,0.19061825,0.10924759,0.11046261,0.19028001,0.21980279,0.21674759,0.19003702
2019-07-26,-0.01494693,-0.01482378,-0.00501032,-0.01317113,-0.01311718,-0.00522609,-0.03062453,-0.0128734,-0.00401281,-0.02045959,-0.02054939,-0.0079086,-0.02035165,-0.02023801,-0.00774565,-0.02034294,-0.02039735,-0.0086352,-0.02613509,-0.02627153,-0.01084187,-0.02622419,-0.02651553,-0.01131848,-0.05270406,-0.05197307,-0.01176434
2019-07-27,-0.186845,-0.18530535,-0.38289636,-0.16464358,-0.1639691,-0.38224327,-0.38288372,-0.16092132,-0.38725734,-0.25577039,-0.25689318,-0.50568942,-0.25442069,-0.25299987,-0.50616463,-0.25431178,-0.25499217,-0.50309211,-0.32673976,-0.32844593,-0.62813912,-0.327854,-0.33149724,-0.62622445,-0.65907905,-0.6499331,-0.6246815
2019-07-28,0.03005523,0.02980711,0.09126792,0.0264781,0.02636945,0.0908529,0.06171054,0.02587852,0.09352797,0.04117076,0.04135196,0.11919407,0.04095295,0.04072367,0.11950345,0.04093537,0.04104517,0.11769265,0.05263198,0.05290772,0.14706083,0.05281206,0.05340088,0.14602034,0.10652112,0.10503328,0.14511043
2019-07-29,-0.02042133,-0.02025279,-0.03051623,-0.01799145,-0.01791765,-0.03056382,-0.04191658,-0.01758415,-0.03039567,-0.02797078,-0.02809383,-0.04091585,-0.02782286,-0.02766715,-0.04087855,-0.02781092,-0.02788549,-0.04104663,-0.03575326,-0.03594047,-0.05132547,-0.03587552,-0.03627529,-0.05139558,-0.07232155,-0.07131245,-0.05147963
2019-07-30,0.02759657,0.02736877,-0.00318237,0.02431234,0.02421259,-0.00265323,0.05665658,0.02376185,-0.00568075,0.03780145,0.0379678,-0.00118862,0.03760149,0.037391,-0.00158797,0.03758535,0.03768615,0.00061065,0.04832294,0.04857606,0.00090497,0.04848824,0.04902876,0.0020947,0.09778323,0.09641789,0.00319802
2019-07-31,0.28610231,0.28374125,0.45605684,0.25206198,0.25102802,0.45642502,0.5872059,0.24635601,0.45586827,0.3918595,0.39358325,0.60956302,0.38978744,0.38760624,0.60926511,0.38962025,0.39066477,0.61035057,0.50087528,0.50349765,0.76317981,0.50258787,0.50818769,0.76345523,1.01303864,0.99890726,0.76399412
2019-08-01,0.15619137,0.15490605,0.13090687,0.13765451,0.13709127,0.13233854,0.31961275,0.13454606,0.12461666,0.21370187,0.21463823,0.18233684,0.21257625,0.21139129,0.18125208,0.21248542,0.21305285,0.18705644,0.27285768,0.27427909,0.23389153,0.27378597,0.27682106,0.23693325,0.54906657,0.54148312,0.23983935
2019-08-02,0.05164777,0.05122341,0.05174785,0.04552661,0.04534059,0.05213215,0.10551412,0.04449993,0.05011494,0.0706242,0.07093298,0.07100065,0.07025299,0.06986221,0.07070912,0.07022304,0.07041017,0.07224923,0.09012081,0.090589,0.09025194,0.09042657,0.09142624,0.09104661,0.18085032,0.17836595,0.09181647
2019-08-03,0.14592793,0.14472954,0.21312353,0.12864082,0.12811541,0.21350691,0.29796392,0.1257411,0.21203718,0.19950695,0.20037863,0.28546656,0.19845906,0.1973559,0.28516972,0.19837451,0.19890276,0.28654588,0.25453354,0.25585467,0.35757805,0.25539633,0.25821717,0.35817335,0.51032363,0.50332572,0.35885659
2019-08-04,0.07059921,0.07002027,0.07506482,0.06224653,0.06199262,0.07554332,0.14393495,0.06084518,0.07306669,0.09646886,0.0968895,0.10244809,0.09596317,0.0954308,0.10208518,0.09592236,0.09617729,0.10398996,0.12300866,0.12364549,0.12976655,0.12342456,0.12478427,0.13074077,0.24599693,0.24264055,0.13169138
2019-08-05,0.34951895,0.34665478,0.47480924,0.30819268,0.30693633,0.47609289,0.71206397,0.3012586,0.47036461,0.47746967,0.47954963,0.63783823,0.47496918,0.47233672,0.63685548,0.47476741,0.47602794,0.64169044,0.60866622,0.61181349,0.80010079,0.61072164,0.61744126,0.80237711,1.21573821,1.19919081,0.80477976
2019-08-06,-0.53584823,-0.39651862,-0.25099772,-0.54359511,-0.4064169,-0.25100449,-0.43646655,-0.12733947,-0.25180315,-0.72208477,-0.55158877,-0.33279784,-0.72078368,-0.54333071,-0.33278468,-0.3752588,-0.20086301,-0.33256034,-0.91091202,-0.70761628,-0.41383212,-0.91198694,-0.71408531,-0.4135388,-0.70112072,-0.50239028,-0.41341706
2019-08-07,0.53033427,0.52799698,0.23160524,0.53170935,0.53154894,0.23347866,0.48635226,0.2071396,0.22357021,0.72954216,0.73496592,0.31805724,0.72567948,0.72390243,0.31664134,0.32315112,0.32697901,0.32414706,0.93639977,0.94350451,0.40418703,0.93959316,0.95219208,0.40806359,0.82925959,0.82030485,0.41180406
2019-08-08,-0.00211751,0.06813156,-0.04180723,-0.00166286,0.06858748,-0.04080955,-0.00806042,0.02681442,-0.04663864,0.00432353,0.09464353,-0.04970479,0.00301755,0.09322909,-0.05045298,-0.04895495,0.04227719,-0.04629242,0.01308526,0.1212466,-0.05734232,0.01416168,0.12235248,-0.05507733,0.00732627,0.10554343,-0.05299885
2019-08-09,-0.33687896,-0.15309761,-0.25369849,-0.3365528,-0.15412138,-0.25227889,-0.32496403,-0.06027925,-0.26122191,-0.4437189,-0.21261598,-0.32824958,-0.44472073,-0.20944142,-0.32930948,-0.3294821,-0.09502511,-0.32318573,-0.54874206,-0.27230721,-0.4018426,-0.54791303,-0.27478787,-0.39837193,-0.49758666,-0.23707673,-0.39530119
2019-08-10,-0.63085253,-0.59736059,-0.32882621,-0.63228334,-0.60136136,-0.33025425,-0.58129616,-0.23498084,-0.3232099,-0.86396578,-0.83008589,-0.44456178,-0.8599783,-0.8176659,-0.44348125,-0.40517085,-0.37055613,-0.44902756,-1.10459327,-1.06376606,-0.55965516,-1.107874,-1.07348343,-0.5623992,-0.98058102,-0.9258114,-0.56514617
2019-08-11,0.266238,0.26294179,0.29063823,0.26691745,0.26471348,0.2897255,0.2442479,0.10305644,0.29590685,0.36660743,0.36623856,0.38086447,0.36469923,0.36071361,0.38154395,0.16318674,0.16273736,0.37746348,0.47104276,0.47044811,0.47042087,0.47262057,0.47479222,0.46801478,0.41696104,0.40886786,0.46595725
2019-08-12,-0.18519393,-0.18290712,-0.17520966,-0.18566529,-0.18413628,-0.17486009,-0.16993498,-0.07180244,-0.17744022,-0.25475542,-0.25450003,-0.2305389,-0.25343424,-0.25067453,-0.23079691,-0.11362873,-0.11331633,-0.22917098,-0.32698727,-0.32657641,-0.28539831,-0.3280774,-0.32957777,-0.28439957,-0.28960085,-0.28400261,-0.28357803
2019-08-13,-0.53299986,-0.5264062,-0.27154196,-0.534359,-0.52995025,-0.27298501,-0.48900889,-0.20641748,-0.26566593,-0.73371357,-0.73297615,-0.36889995,-0.72989879,-0.72193079,-0.36780706,-0.32679638,-0.3258969,-0.37348848,-0.94242885,-0.94124081,-0.46592127,-0.94558112,-0.94991976,-0.46878505,-0.83436233,-0.81818743,-0.4716097
2019-08-14,-0.59658918,-0.89231056,-0.75459415,-0.90586376,-0.89835008,-0.75393255,-0.82860691,-0.34877609,-0.76024286,-0.81911606,-1.56717812,-1.25513394,-0.8148259,-1.22615418,-0.99968941,-0.55284281,-1.65094732,-0.99617453,-1.0494564,-2.00429516,-1.85244409,-1.05300015,-1.61709276,-1.24023629,-1.4187188,-1.39098871,-1.23844226
2019-08-15,0.2236081,0.19886143,0.13396454,0.36395184,0.36090568,0.13547329,0.33265276,0.13934553,0.12732283,0.30741467,0.24327022,0.17125886,0.30579134,0.49423342,0.18606909,0.22132898,0.61706256,0.19218659,0.39440516,0.30941457,0.33123927,0.39575114,0.35177416,0.24398297,0.57296865,0.5616115,0.2470442
2019-08-16,0.04778708,0.04949438,0.02752663,0.07767105,0.0770233,0.03423931,0.07101365,0.02980446,0.03283586,0.06564241,0.06841148,0.03797092,0.06529684,0.10533773,0.04658184,0.04730109,0.1313562,0.04764913,0.08414457,0.0873195,0.08317857,0.08443059,0.08830689,0.04865288,0.12202325,0.11961806,0.06072232
2019-08-17,-0.10652138,-0.11032522,-0.13111048,-0.17308353,-0.1716412,-0.07633261,-0.1582586,-0.06644857,-0.0732048,-0.1462963,-0.15246345,-0.181368,-0.14552663,-0.23467159,-0.10383605,-0.10543858,-0.29255953,-0.10621402,-0.18749711,-0.19456556,-0.18534639,-0.18813392,-0.19676372,-0.2332295,-0.27179831,-0.26644732,-0.13533761
2019-08-18,0.09138562,0.08606047,0.10229554,0.13510071,0.13397296,0.05952388,0.12351073,0.05181123,0.05708305,0.12546775,0.12896099,0.14157892,0.11355976,0.18328647,0.09931988,0.08224457,0.22863157,0.08285007,0.16075192,0.16466888,0.15893578,0.14687046,0.15362077,0.18215752,0.21236272,0.2081707,0.10559812
2019-08-19,0.60091804,0.43370179,0.51543483,0.68050667,0.67483374,0.3000502,0.62219959,0.26119209,0.28775337,0.82334697,0.81847034,0.71309148,0.57212728,0.92277587,0.81061544,0.41448734,1.15055,0.41753637,1.05271493,1.04513599,1.04132123,0.73970434,0.77364973,0.91710237,1.06885326,1.047798,0.53205793
2019-08-20,-0.17852653,-0.12906284,-0.15326058,-0.20201167,-0.20033892,-0.08940921,-0.18480996,-0.0778604,-0.0857555,-0.24406823,-0.24263436,-0.21161614,-0.17002175,-0.27327286,-0.24032451,-0.12336852,-0.33995913,-0.12427227,-0.31135243,-0.30913406,-0.30801734,-0.21945575,-0.22944936,-0.27160797,-0.31607505,-0.30991327,-0.15817718
2019-08-21,-0.62273737,-0.44997484,-0.53446925,-0.7048242,-0.69897623,-0.31159957,-0.64469586,-0.27131951,-0.29885512,-0.85191969,-0.84690262,-0.73840552,-0.59302042,-0.95413775,-0.83882079,-0.4300972,-1.18776847,-0.43325182,-1.08750859,-1.07973611,-1.07582362,-0.76582092,-0.80077522,-0.94830891,-1.10405631,-1.08246619,-0.55164217
2019-08-22,-0.00211778,-0.0015276,-0.00181598,-0.00239891,-0.00237887,-0.00105637,-0.00219294,-0.00091944,-0.00101303,-0.00290386,-0.00288662,-0.00251406,-0.00201611,-0.00325564,-0.00285884,-0.00145982,-0.0040624,-0.00147058,-0.00371572,-0.00368888,-0.00367537,-0.00260812,-0.00272813,-0.00323556,-0.00377289,-0.00369831,-0.00187466
2019-08-23,0.23354787,0.16846213,0.20026581,0.26455251,0.262342,0.11649455,0.24183667,0.10139435,0.11171559,0.32024014,0.31833804,0.27725119,0.22233628,0.35903575,0.31527441,0.16098807,0.44800983,0.16217402,0.40977599,0.40681522,0.40532501,0.28762464,0.300859,0.35682132,0.41608105,0.40785513,0.20673632
2019-08-24,-0.26000659,-0.18766913,-0.22302805,-0.29443269,-0.29197894,-0.12984389,-0.26921217,-0.11303038,-0.12452324,-0.35621217,-0.35410313,-0.30852655,-0.24755253,-0.39921124,-0.35070601,-0.1793563,-0.49770013,-0.18067542,-0.45539898,-0.45212191,-0.45047242,-0.32003707,-0.33471865,-0.39675778,-0.462377,-0.45327294,-0.23021914
2019-08-25,0.01542767,0.01112741,0.01322862,0.0174764,0.01733033,0.00769434,0.01597537,0.00669687,0.00737865,0.0211565,0.0210308,0.01831555,0.01468687,0.02372058,0.02082832,0.01063363,0.02960193,0.01071198,0.02707445,0.02687874,0.02678023,0.01900106,0.01987565,0.02357422,0.02749124,0.02694748,0.01365613
2019-08-26,0.2397851,0.17295555,0.20561079,0.27162197,0.26935209,0.11959873,0.24829629,0.10409537,0.11469215,0.32880683,0.32685353,0.28466178,0.22827281,0.36864738,0.32370746,0.1652815,0.46002376,0.16649918,0.42075661,0.41771589,0.41618544,0.29531403,0.30890424,0.36637327,0.42723198,0.41878389,0.21225468
2019-08-27,-0.16895149,-0.12194499,-0.14492183,-0.19132284,-0.18972829,-0.08436988,-0.17493359,-0.07344455,-0.08091254,-0.23147023,-0.23009965,-0.20048165,-0.16085846,-0.25941378,-0.22789201,-0.11654322,-0.32342006,-0.1174004,-0.29592893,-0.29379921,-0.29272724,-0.20796172,-0.21750255,-0.25781935,-0.30046385,-0.29454725,-0.14959477
2019-08-28,-0.44208733,-0.31893748,-0.37911881,-0.50073758,-0.49655634,-0.22057976,-0.45776783,-0.19199517,-0.21153344,-0.60605668,-0.60245982,-0.52475652,-0.42087656,-0.67941135,-0.59666646,-0.30479309,-0.84758936,-0.30703749,-0.77532931,-0.76973303,-0.7669163,-0.54437626,-0.56940549,-0.67522471,-0.78724653,-0.77169863,-0.39136163
2019-08-29,-0.22352786,-0.1610617,-0.1915686,-0.2533318,-0.25120588,-0.11128178,-0.23149268,-0.09683321,-0.10670827,-0.30693944,-0.30510676,-0.2655475,-0.21275796,-0.3443443,-0.30215519,-0.15389702,-0.43031016,-0.15503376,-0.39333801,-0.3904769,-0.38903696,-0.2755302,-0.28827102,-0.34220796,-0.3994318,-0.39148178,-0.1977792
2019-08-30,0.16267232,0.11713926,0.13936934,0.1844172,0.18286571,0.08089427,0.16848216,0.07038096,0.07756609,0.22356196,0.22222302,0.19333351,0.15481782,0.25090024,0.22006674,0.11192039,0.31380841,0.11274836,0.28673959,0.28464569,0.28359192,0.20062156,0.20992534,0.24933829,0.29119972,0.2853811,0.1438966
2019-08-31,0.00584723,0.00421246,0.00501077,0.0066274,0.00657175,0.00291011,0.00605571,0.00253216,0.00279047,0.00803101,0.00798302,0.00694721,0.00556533,0.00901063,0.00790573,0.004025,0.01126279,0.00405474,0.01029405,0.01021909,0.01018137,0.00720857,0.00754217,0.00895467,0.01045371,0.01024542,0.00517331
2019-09-01,0.17908174,0.12901633,0.15346508,0.20297448,0.20127009,0.08912979,0.1854665,0.0775546,0.08546572,0.24595867,0.24448899,0.21276838,0.17044877,0.27595776,0.24212205,0.12327497,0.34492438,0.12418587,0.31525965,0.31296426,0.31180904,0.22077243,0.23098849,0.27424425,0.32014865,0.31377044,0.15844281
2019-09-02,0.64141844,0.46232984,0.54980765,0.7268219,0.720731,0.31952377,0.66424447,0.27805973,0.30639957,0.88036437,0.87511672,0.76181798,0.61055029,0.98744515,0.86666505,0.44178101,1.23337651,0.44504138,1.12763509,1.11945043,1.11533114,0.79041337,0.82690479,0.98133055,1.14506646,1.12232507,0.56761278
2019-09-03,0.23235605,0.16777914,0.19935118,0.2630705,0.2608817,0.11611999,0.24057029,0.10109309,0.11136502,0.31815965,0.31627963,0.27564144,0.22124181,0.35647976,0.31325132,0.16035478,0.44418228,0.16153297,0.40652571,0.40360771,0.40213892,0.2859067,0.29899805,0.35429377,0.41273878,0.40463263,0.20577059
2019-09-04,-0.10994107,-0.07943718,-0.09435563,-0.12443572,-0.12340309,-0.05500687,-0.11381838,-0.0478957,-0.05275691,-0.15041095,-0.14952497,-0.13036559,-0.10469389,-0.16846256,-0.14809777,-0.07592766,-0.20972508,-0.07648462,-0.19201714,-0.1906444,-0.1899534,-0.13520674,-0.14137925,-0.16743316,-0.19493974,-0.19112657,-0.09738779
2019-09-05,0.00482128,0.00348252,0.00413716,0.00545771,0.00541237,0.00241091,0.00499151,0.00209908,0.00231224,0.0065987,0.00655977,0.00571814,0.00459094,0.00739198,0.00649706,0.00332855,0.00920634,0.00335298,0.00842752,0.00836715,0.00833677,0.00593077,0.00620191,0.00734673,0.00855604,0.00838836,0.00427024
2019-09-06,-0.25369541,-0.18325241,-0.21769863,-0.28718251,-0.28479649,-0.12686483,-0.26265227,-0.11045652,-0.12167303,-0.34721653,-0.34516834,-0.30088501,-0.24157511,-0.38895502,-0.34186908,-0.17515046,-0.4844155,-0.17643621,-0.4434391,-0.44026314,-0.43866447,-0.3120729,-0.32633905,-0.3865745,-0.45020108,-0.44137868,-0.22470098
2019-09-07,0.16734103,0.12079054,0.14354525,0.1894932,0.18791432,0.08357554,0.17326465,0.07275418,0.08015114,0.22924379,0.22788683,0.19856188,0.15932694,0.25690852,0.22570112,0.11544078,0.32026801,0.11628971,0.29305607,0.29094789,0.28988676,0.20596817,0.21541466,0.25533006,0.29754508,0.29168837,0.14817282
2019-09-08,-0.06776313,-0.0489357,-0.05814107,-0.07671648,-0.07607847,-0.03387143,-0.0701577,-0.02948895,-0.03248471,-0.09277273,-0.09222483,-0.08038066,-0.06452307,-0.10393969,-0.09134227,-0.04677086,-0.12949174,-0.04711441,-0.11852148,-0.11767133,-0.11724341,-0.08337267,-0.08718824,-0.1033027,-0.12033159,-0.11796994,-0.06001264
2019-09-09,-0.11732065,-0.08470812,-0.10065196,-0.13283378,-0.13172824,-0.0586229,-0.12146936,-0.05103569,-0.05622205,-0.16066083,-0.15971112,-0.13918339,-0.1117074,-0.18001954,-0.15818135,-0.080959,-0.22433209,-0.08155395,-0.2053046,-0.20383024,-0.20308811,-0.14436854,-0.15098137,-0.17891516,-0.20844389,-0.2043481,-0.1038939
2019-09-10,-0.22571316,-0.16291672,-0.19361195,-0.25559857,-0.25346846,-0.11271834,-0.23370456,-0.09812243,-0.10809945,-0.30922949,-0.30739863,-0.26783349,-0.21490174,-0.34655706,-0.30444959,-0.15570031,-0.43205532,-0.15684545,-0.39533369,-0.39248886,-0.39105694,-0.27782581,-0.29057092,-0.34442721,-0.40139131,-0.39348807,-0.19985456
2019-09-11,0.10726892,0.07737656,0.09198341,0.12150819,0.12049299,0.05350816,0.11107568,0.04657258,0.05131317,0.14708271,0.14620918,0.12734013,0.10211979,0.16489903,0.14480224,0.07394382,0.20575741,0.07448851,0.18820008,0.18684045,0.18615612,0.13210416,0.13818203,0.1638821,0.19109545,0.18731799,0.09495516
2019-09-12,0.23072162,0.16647672,0.19787466,0.26131128,0.25913066,0.115151,0.23890039,0.10023239,0.11042974,0.31623017,0.31435483,0.2738373,0.2196578,0.35447249,0.31133422,0.15909658,0.44212268,0.16026766,0.40446712,0.40155054,0.40008255,0.28406855,0.29711998,0.35229004,0.41067779,0.40257494,0.20426142
2019-09-13,-0.10381336,-0.07495436,-0.08906303,-0.11754133,-0.11656299,-0.05187209,-0.10748464,-0.04515843,-0.04974765,-0.14216671,-0.14132626,-0.12316031,-0.0988461,-0.15929848,-0.13997248,-0.07163681,-0.19851473,-0.07216328,-0.18167535,-0.18037054,-0.17971377,-0.12774886,-0.13360085,-0.15832114,-0.1844536,-0.18082884,-0.09193185
2019-09-14,0.00178087,-0.03842391,-0.02533072,0.00201665,0.00199984,-0.05950135,0.00184392,0.00077422,0.00085294,0.00243975,0.0024253,-0.03506562,-0.05752705,0.00273422,0.00240204,0.0012285,0.00340867,0.00123754,0.003119,0.00309655,0.00308526,-0.07402046,-0.06901715,0.00271742,0.00316678,0.00310444,0.00157686
2019-09-15,-0.09117331,-0.06712019,-0.06684372,-0.09877823,-0.06516134,-0.06735914,-0.09337512,-0.02522685,-0.02779179,-0.12171171,-0.07902382,-0.09249104,-0.13553318,-0.08908891,-0.0782658,-0.08234165,-0.11106377,-0.04032328,-0.20285079,-0.15112297,-0.15054639,-0.17029673,-0.12005458,-0.08854147,-0.15007635,-0.10115137,-0.05137952
2019-09-16,0.40691769,0.04208392,0.04191046,0.4109034,0.04085494,0.04223384,0.40986462,0.01581045,0.01741841,0.5219367,0.04955332,0.058006,0.53507154,0.05587044,0.04907762,0.49804984,0.06966689,0.02527566,0.64268883,0.07520163,0.07492089,0.63909031,0.07531333,0.05552682,0.58925543,0.06344285,0.03220955
2019-09-17,0.21335867,0.10186884,0.10396938,0.19568617,0.10306186,0.10011508,0.21035964,0.19636982,0.20325327,0.2592442,0.13974115,0.11213541,0.2340798,0.12376201,0.14671854,0.34684298,0.0700231,0.21901237,0.25539147,0.11366406,0.11716641,0.25442694,0.105464,0.18069825,0.25517797,0.13620746,0.25660625
2019-09-18,0.12685291,0.11738764,0.11811864,0.12620174,0.11597182,0.11678556,0.12733268,0.12034605,0.12626178,0.16108429,0.14771887,0.14811523,0.1620966,0.15025457,0.15030667,0.16321741,0.1467183,0.14656035,0.19198654,0.17668573,0.17791636,0.19096436,0.17292102,0.17708817,0.17813903,0.16850061,0.17584923
2019-09-19,0.48417079,0.47102763,0.47266887,0.49388511,0.46322278,0.46969669,0.48682433,0.40213642,0.42432603,0.62537636,0.58592331,0.60858096,0.64958369,0.608567,0.58865151,0.5554848,0.63894268,0.50734328,0.78862761,0.74344649,0.74623505,0.78408301,0.73270744,0.68651449,0.71564611,0.68463057,0.61406255
2019-09-20,-0.27680692,-0.15267311,-0.15274343,-0.26114774,-0.14939581,-0.15262935,-0.14919686,-0.10163906,-0.10827133,-0.36391137,-0.21867595,-0.2021264,-0.34889313,-0.19906768,-0.18549667,-0.28241916,-0.22468189,-0.1356838,-0.43007266,-0.25272288,-0.25285757,-0.42755852,-0.25081778,-0.21363508,-0.38803258,-0.22458498,-0.16632218
2019-09-21,-0.46986085,-0.43311189,-0.43259006,-0.42900003,-0.32845385,-0.33649296,-0.32183149,-0.20098058,-0.21517307,-0.62417307,-0.49383846,-0.57067944,-0.58103959,-0.44032897,-0.59053639,-0.78304506,-0.5094521,-0.65571794,-0.7259505,-0.56704354,-0.56673908,-0.72147045,-0.56405333,-0.46419069,-0.64472498,-0.49753047,-0.34072597
2019-09-22,-0.15734518,-0.03754705,-0.03869518,-0.17004334,-0.05970137,-0.05834609,-0.07747431,-0.10506105,-0.10887209,-0.19530578,-0.05075819,-0.03961677,-0.21339621,-0.07259384,-0.04201095,-0.18321046,-0.04632064,-0.03313257,-0.24620968,-0.06995009,-0.07174547,-0.24508299,-0.06567088,-0.10231095,-0.23696366,-0.08014124,-0.13869296
2019-09-23,-1.09496779,-0.85768251,-0.85774273,-1.02072478,-0.72332734,-0.73881459,-0.72407185,-0.49734984,-0.52965436,-1.44609817,-1.05780219,-1.12794581,-1.37130124,-0.96486436,-1.12838302,-1.51837151,-1.08650973,-1.12838265,-1.69963151,-1.22507405,-1.22590724,-1.68937225,-1.2153854,-1.03840272,-1.52296008,-1.08936466,-0.81274247
2019-09-24,-3.79514639,-2.92723148,-2.92795097,-3.545651,-2.4778627,-2.53013506,-2.48834551,-1.72840985,-1.83993226,-5.02442578,-3.61952913,-3.85577591,-4.77363695,-3.31019595,-3.8583542,-5.2695487,-3.71623157,-3.85437217,-5.9281308,-4.20400546,-4.20768511,-5.89189383,-4.16867524,-3.57598089,-5.30975156,-3.74121516,-2.81872701
2019-09-25,-0.20938902,-0.17547978,-0.17531568,-0.19087764,-0.14278301,-0.14634786,-0.14021127,-0.08741966,-0.09369443,-0.28309672,-0.2177212,-0.23517419,-0.26304782,-0.19366715,-0.23489879,-0.30174115,-0.22483179,-0.23628434,-0.33407712,-0.2523532,-0.25226049,-0.33184037,-0.25082903,-0.20536641,-0.29424235,-0.22019692,-0.15002652
2019-09-26,0.0,0.0,0.0,0.0,0.0,0.0,0.0,0.0,0.0,0.0,0.0,0.0,0.0,0.0,0.0,0.0,0.0,0.0,0.0,0.0,0.0,0.0,0.0,0.0,0.0,0.0,0.0
2019-09-27,0.0,0.0,0.0,0.0,0.0,0.0,0.0,0.0,0.0,0.0,0.0,0.0,0.0,0.0,0.0,0.0,0.0,0.0,0.0,0.0,0.0,0.0,0.0,0.0,0.0,0.0,0.0
2019-09-28,0.0,0.0,0.0,0.0,0.0,0.0,0.0,0.0,0.0,0.0,0.0,0.0,0.0,0.0,0.0,0.0,0.0,0.0,0.0,0.0,0.0,0.0,0.0,0.0,0.0,0.0,0.0
2019-09-29,0.0,0.0,0.0,0.0,0.0,0.0,0.0,0.0,0.0,0.0,0.0,0.0,0.0,0.0,0.0,0.0,0.0,0.0,0.0,0.0,0.0,0.0,0.0,0.0,0.0,0.0,0.0
2019-09-30,0.0,0.0,0.0,0.0,0.0,0.0,0.0,0.0,0.0,0.0,0.0,0.0,0.0,0.0,0.0,0.0,0.0,0.0,0.0,0.0,0.0,0.0,0.0,0.0,0.0,0.0,0.0
2019-10-01,0.0,0.0,0.0,0.0,0.0,0.0,0.0,0.0,0.0,0.0,0.0,0.0,0.0,0.0,0.0,0.0,0.0,0.0,0.0,0.0,0.0,0.0,0.0,0.0,0.0,0.0,0.0
2019-10-02,0.0,0.0,0.0,0.0,0.0,0.0,0.0,0.0,0.0,0.0,0.0,0.0,0.0,0.0,0.0,0.0,0.0,0.0,0.0,0.0,0.0,0.0,0.0,0.0,0.0,0.0,0.0
2019-10-03,0.0,0.0,0.0,0.0,0.0,0.0,0.0,0.0,0.0,0.0,0.0,0.0,0.0,0.0,0.0,0.0,0.0,0.0,0.0,0.0,0.0,0.0,0.0,0.0,0.0,0.0,0.0
2019-10-04,0.0,0.0,0.0,0.0,0.0,0.0,0.0,0.0,0.0,0.0,0.0,0.0,0.0,0.0,0.0,0.0,0.0,0.0,0.0,0.0,0.0,0.0,0.0,0.0,0.0,0.0,0.0
2019-10-05,0.0,0.0,0.0,0.0,0.0,0.0,0.0,0.0,0.0,0.0,0.0,0.0,0.0,0.0,0.0,0.0,0.0,0.0,0.0,0.0,0.0,0.0,0.0,0.0,0.0,0.0,0.0
2019-10-06,0.0,0.0,0.0,0.0,0.0,0.0,0.0,0.0,0.0,0.0,0.0,0.0,0.0,0.0,0.0,0.0,0.0,0.0,0.0,0.0,0.0,0.0,0.0,0.0,0.0,0.0,0.0
2019-10-07,0.0,0.0,0.0,0.0,0.0,0.0,0.0,0.0,0.0,0.0,0.0,0.0,0.0,0.0,0.0,0.0,0.0,0.0,0.0,0.0,0.0,0.0,0.0,0.0,0.0,0.0,0.0
2019-10-08,0.0,0.0,0.0,0.0,0.0,0.0,0.0,0.0,0.0,0.0,0.0,0.0,0.0,0.0,0.0,0.0,0.0,0.0,0.0,0.0,0.0,0.0,0.0,0.0,0.0,0.0,0.0
2019-10-09,0.0,0.0,0.0,0.0,0.0,0.0,0.0,0.0,0.0,0.0,0.0,0.0,0.0,0.0,0.0,0.0,0.0,0.0,0.0,0.0,0.0,0.0,0.0,0.0,0.0,0.0,0.0
2019-10-10,0.0,0.0,0.0,0.0,0.0,0.0,0.0,0.0,0.0,0.0,0.0,0.0,0.0,0.0,0.0,0.0,0.0,0.0,0.0,0.0,0.0,0.0,0.0,0.0,0.0,0.0,0.0
2019-10-11,0.0,0.0,0.0,0.0,0.0,0.0,0.0,0.0,0.0,0.0,0.0,0.0,0.0,0.0,0.0,0.0,0.0,0.0,0.0,0.0,0.0,0.0,0.0,0.0,0.0,0.0,0.0
2019-10-12,0.0,0.0,0.0,0.0,0.0,0.0,0.0,0.0,0.0,0.0,0.0,0.0,0.0,0.0,0.0,0.0,0.0,0.0,0.0,0.0,0.0,0.0,0.0,0.0,0.0,0.0,0.0
2019-10-13,0.0,0.0,0.0,0.0,0.0,0.0,0.0,0.0,0.0,0.0,0.0,0.0,0.0,0.0,0.0,0.0,0.0,0.0,0.0,0.0,0.0,0.0,0.0,0.0,0.0,0.0,0.0
2019-10-14,0.0,0.0,0.0,0.0,0.0,0.0,0.0,0.0,0.0,0.0,0.0,0.0,0.0,0.0,0.0,0.0,0.0,0.0,0.0,0.0,0.0,0.0,0.0,0.0,0.0,0.0,0.0
2019-10-15,0.0,0.0,0.0,0.0,0.0,0.0,0.0,0.0,0.0,0.0,0.0,0.0,0.0,0.0,0.0,0.0,0.0,0.0,0.0,0.0,0.0,0.0,0.0,0.0,0.0,0.0,0.0
2019-10-16,0.0,0.0,0.0,0.0,0.0,0.0,0.0,0.0,0.0,0.0,0.0,0.0,0.0,0.0,0.0,0.0,0.0,0.0,0.0,0.0,0.0,0.0,0.0,0.0,0.0,0.0,0.0
2019-10-17,0.0,0.0,0.0,0.0,0.0,0.0,0.0,0.0,0.0,0.0,0.0,0.0,0.0,0.0,0.0,0.0,0.0,0.0,0.0,0.0,0.0,0.0,0.0,0.0,0.0,0.0,0.0
2019-10-18,0.0,0.0,0.0,0.0,0.0,0.0,0.0,0.0,0.0,0.0,0.0,0.0,0.0,0.0,0.0,0.0,0.0,0.0,0.0,0.0,0.0,0.0,0.0,0.0,0.0,0.0,0.0
2019-10-19,0.0,0.0,0.0,0.0,0.0,0.0,0.0,0.0,0.0,0.0,0.0,0.0,0.0,0.0,0.0,0.0,0.0,0.0,0.0,0.0,0.0,0.0,0.0,0.0,0.0,0.0,0.0
2019-10-20,0.0,0.0,0.0,0.0,0.0,0.0,0.0,0.0,0.0,0.0,0.0,0.0,0.0,0.0,0.0,0.0,0.0,0.0,0.0,0.0,0.0,0.0,0.0,0.0,0.0,0.0,0.0
2019-10-21,0.0,0.0,0.0,0.0,0.0,0.0,0.0,0.0,0.0,0.0,0.0,0.0,0.0,0.0,0.0,0.0,0.0,0.0,0.0,0.0,0.0,0.0,0.0,0.0,0.0,0.0,0.0
2019-10-22,0.0,0.0,0.0,0.0,0.0,0.0,0.0,0.0,0.0,0.0,0.0,0.0,0.0,0.0,0.0,0.0,0.0,0.0,0.0,0.0,0.0,0.0,0.0,0.0,0.0,0.0,0.0
2019-10-23,0.0,0.0,0.0,0.0,0.0,0.0,0.0,0.0,0.0,0.0,0.0,0.0,0.0,0.0,0.0,0.0,0.0,0.0,0.0,0.0,0.0,0.0,0.0,0.0,0.0,0.0,0.0
2019-10-24,0.0,0.0,0.0,0.0,0.0,0.0,0.0,0.0,0.0,0.0,0.0,0.0,0.0,0.0,0.0,0.0,0.0,0.0,0.0,0.0,0.0,0.0,0.0,0.0,0.0,0.0,0.0
2019-10-25,0.0,0.0,0.0,0.0,0.0,0.0,0.0,0.0,0.0,0.0,0.0,0.0,0.0,0.0,0.0,0.0,0.0,0.0,0.0,0.0,0.0,0.0,0.0,0.0,0.0,0.0,0.0
2019-10-26,0.0,0.0,0.0,0.0,0.0,0.0,0.0,0.0,0.0,0.0,0.0,0.0,0.0,0.0,0.0,0.0,0.0,0.0,0.0,0.0,0.0,0.0,0.0,0.0,0.0,0.0,0.0
2019-10-27,0.19057668,0.18485533,0.18412756,0.19129669,0.18724548,0.18622366,0.18766512,0.18618208,0.17996334,0.26216878,0.25611685,0.25448178,0.26130698,0.25384629,0.25292175,0.26126881,0.25537239,0.25850645,0.33740543,0.32778353,0.32655667,0.33843982,0.33166116,0.33066177,0.35190393,0.33817495,0.33573894
2019-10-28,-0.27833874,-0.26999808,-0.26893705,-0.2793883,-0.27348258,-0.27199292,-0.27409435,-0.27193232,-0.26286572,-0.38262614,-0.37381613,-0.37143572,-0.38137166,-0.37051052,-0.36916448,-0.38131609,-0.37273232,-0.37729488,-0.49206216,-0.4780757,-0.47629215,-0.49356559,-0.48371257,-0.4822598,-0.5131322,-0.49318062,-0.48963993
2019-10-29,0.19225974,0.18648291,0.1857481,0.19298675,0.1888962,0.18786448,0.18931991,0.1878225,0.18154373,0.26457192,0.25845726,0.25680531,0.26370117,0.25616326,0.25522918,0.2636626,0.25770511,0.26087159,0.3406171,0.33088883,0.32964848,0.34166297,0.33480922,0.33379879,0.35527751,0.34139516,0.33893212
2019-10-30,-0.27136586,-0.26322731,-0.26219203,-0.27239002,-0.26662733,-0.26517378,-0.26722427,-0.26511464,-0.25626812,-0.37316189,-0.36455978,-0.36223563,-0.37193698,-0.3613323,-0.3600181,-0.37188272,-0.36350159,-0.36795638,-0.48005468,-0.4663892,-0.46464666,-0.48152368,-0.47189657,-0.47047716,-0.50064344,-0.48114753,-0.47768796
2019-10-31,0.00144477,0.00140132,0.0013958,0.00145023,0.00141947,0.00141171,0.00142266,0.0014114,0.00136418,0.00198876,0.00194275,0.00193032,0.00198221,0.00192549,0.00191846,0.00198192,0.00193709,0.00196092,0.0025612,0.00248795,0.00247861,0.00256907,0.00251746,0.00250986,0.00267159,0.00256705,0.00254851
2019-11-01,0.0767907,0.07448162,0.07418791,0.0770813,0.07544623,0.07503384,0.07561559,0.07501706,0.07250745,0.10570411,0.10325855,0.10259788,0.10535584,0.1023411,0.10196754,0.10534042,0.10295774,0.10422415,0.13612849,0.13223532,0.13173897,0.13654705,0.13380419,0.13339983,0.14199603,0.13643988,0.13545415
2019-11-02,0.04394629,0.04262582,0.04245786,0.04411247,0.04317745,0.04294162,0.0432743,0.04293202,0.04149682,0.06047558,0.05907786,0.05870026,0.06027654,0.05855349,0.05833998,0.06026772,0.05890594,0.05962974,0.07785835,0.0756346,0.07535108,0.07809742,0.07653075,0.07629978,0.08120952,0.0780362,0.07747319
2019-11-03,-0.09187448,-0.08911506,-0.08876406,-0.09222174,-0.09026782,-0.089775,-0.09047022,-0.08975495,-0.08675571,-0.12640985,-0.12348999,-0.12270114,-0.12599405,-0.12239454,-0.1219485,-0.12597564,-0.12313082,-0.12464288,-0.16271615,-0.15807226,-0.15748015,-0.1632154,-0.15994372,-0.15946138,-0.16971408,-0.16308756,-0.16191182
2019-11-04,0.21273479,0.20633969,0.20552625,0.21353962,0.20901124,0.2078691,0.2094803,0.20782263,0.20087203,0.29280245,0.28603084,0.28420143,0.29183813,0.28349042,0.28245603,0.29179542,0.28519789,0.28870453,0.37703559,0.36625802,0.36488392,0.37819431,0.37060121,0.3694818,0.39327831,0.37789761,0.37516884
2019-11-05,-0.04356591,-0.04225896,-0.04209271,-0.04373038,-0.04280496,-0.04257154,-0.04290082,-0.04256204,-0.04114141,-0.05991508,-0.05853338,-0.05816008,-0.05971833,-0.05801498,-0.0578039,-0.05970962,-0.05836342,-0.05907895,-0.07708666,-0.07489117,-0.07461122,-0.07732267,-0.07577597,-0.07554793,-0.08039455,-0.07726224,-0.07670642
2019-11-06,0.02867873,0.02781802,0.02770853,0.02878704,0.02817759,0.02802387,0.02824072,0.02801761,0.02708206,0.03944757,0.03853734,0.03829141,0.03931795,0.03819583,0.03805678,0.03931221,0.03842537,0.03889674,0.0507619,0.04931509,0.0491306,0.05091744,0.04989816,0.04974788,0.05294192,0.05087761,0.05051132
2019-11-07,-0.11972222,-0.11613009,-0.11567315,-0.12017426,-0.11763075,-0.1169892,-0.11789423,-0.1169631,-0.11305858,-0.1646601,-0.16086212,-0.15983599,-0.16411928,-0.15943717,-0.15885694,-0.16409532,-0.16039492,-0.16236177,-0.21186389,-0.20582831,-0.20505871,-0.21251271,-0.20826069,-0.20763379,-0.22095774,-0.21234657,-0.21081857
2019-11-08,-0.35663114,-0.3459184,-0.34455573,-0.35797931,-0.3503937,-0.34848043,-0.35117944,-0.34840259,-0.33675887,-0.49071385,-0.47937703,-0.4763142,-0.48909946,-0.4751238,-0.47339197,-0.48902795,-0.4779825,-0.48385331,-0.63168748,-0.61365485,-0.61135565,-0.63362611,-0.62092187,-0.6190489,-0.65886151,-0.6331297,-0.62856419
2019-11-09,-0.07376531,-0.0715418,0.03164997,-0.07404517,-0.07247063,0.03201175,-0.07263371,-0.07205737,0.03093136,-0.10163564,-0.09927627,0.04381088,-0.10129962,-0.09839125,0.04354082,-0.10128474,-0.09898608,0.04450769,-0.13101942,-0.12725615,0.05630826,-0.13142408,-0.12877255,0.05702125,-0.13669301,-0.13132046,0.05790326
2019-11-10,0.0,0.0,0.18878831,0.0,0.0,0.19094556,0.0,0.0,0.18450316,0.0,0.0,0.26129491,0.0,0.0,0.25968491,0.0,0.0,0.26544894,0.0,0.0,0.33578924,0.0,0.0,0.34003868,0.0,0.0,0.34529538
2019-11-11,0.0,0.0,-0.2770212,0.0,0.0,-0.28018063,0.0,0.0,-0.27074491,0.0,0.0,-0.38313751,0.0,0.0,-0.38078288,0.0,0.0,-0.38921246,0.0,0.0,-0.49200321,0.0,0.0,-0.49820846,0.0,0.0,-0.50588381
2019-11-12,0.0,0.0,0.08883472,0.0,0.0,0.08985073,0.0,0.0,0.08681659,0.0,0.0,0.12299481,0.0,0.0,0.12223604,0.0,0.0,0.12495261,0.0,0.0,0.15811568,0.0,0.0,0.16011985,0.0,0.0,0.16259918
2019-11-13,0.0,0.0,-0.03394543,0.0,0.0,-0.03433332,0.0,0.0,-0.03317493,0.0,0.0,-0.04698262,0.0,0.0,-0.04669313,0.0,0.0,-0.04772954,0.0,0.0,-0.06037721,0.0,0.0,-0.06114129,0.0,0.0,-0.06208648
2019-11-14,0.0,0.0,-0.12351494,0.0,0.0,-0.12492681,0.0,0.0,-0.12071045,0.0,0.0,-0.17097475,0.0,0.0,-0.16992078,0.0,0.0,-0.17369419,0.0,0.0,-0.21974855,0.0,0.0,-0.22253119,0.0,0.0,-0.22597346
2019-11-15,0.0,0.0,-0.17092228,0.0,0.0,-0.17287848,0.0,0.0,-0.16703667,0.0,0.0,-0.23671052,0.0,0.0,-0.23524884,0.0,0.0,-0.24048207,0.0,0.0,-0.30438542,0.0,0.0,-0.3082484,0.0,0.0,-0.3130274
2019-11-16,0.0,0.0,-0.07111768,0.0,0.0,-0.07193304,0.0,0.0,-0.06949825,0.0,0.0,-0.09855594,0.0,0.0,-0.09794592,0.0,0.0,-0.10013003,0.0,0.0,-0.12681884,0.0,0.0,-0.12843329,0.0,0.0,-0.13043073
2019-11-17,0.0,0.0,0.0,0.0,0.0,0.0,0.0,0.0,0.0,0.0,0.0,0.0,0.0,0.0,0.0,0.0,0.0,0.0,0.0,0.0,0.0,0.0,0.0,0.0,0.0,0.0,0.0
2019-11-18,0.0,0.0,0.0,0.0,0.0,0.0,0.0,0.0,0.0,0.0,0.0,0.0,0.0,0.0,0.0,0.0,0.0,0.0,0.0,0.0,0.0,0.0,0.0,0.0,0.0,0.0,0.0
2019-11-19,0.0,0.0,0.0,0.0,0.0,0.0,0.0,0.0,0.0,0.0,0.0,0.0,0.0,0.0,0.0,0.0,0.0,0.0,0.0,0.0,0.0,0.0,0.0,0.0,0.0,0.0,0.0
2019-11-20,0.0,0.0,0.0,0.0,0.0,0.0,0.0,0.0,0.0,0.0,0.0,0.0,0.0,0.0,0.0,0.0,0.0,0.0,0.0,0.0,0.0,0.0,0.0,0.0,0.0,0.0,0.0
2019-11-21,0.0,0.0,0.0,0.0,0.0,0.0,0.0,0.0,0.0,0.0,0.0,0.0,0.0,0.0,0.0,0.0,0.0,0.0,0.0,0.0,0.0,0.0,0.0,0.0,0.0,0.0,0.0
2019-11-22,0.0,0.0,0.0,0.0,0.0,0.0,0.0,0.0,0.0,0.0,0.0,0.0,0.0,0.0,0.0,0.0,0.0,0.0,0.0,0.0,0.0,0.0,0.0,0.0,0.0,0.0,0.0
2019-11-23,0.0,0.0,0.0,0.0,0.0,0.0,0.0,0.0,0.0,0.0,0.0,0.0,0.0,0.0,0.0,0.0,0.0,0.0,0.0,0.0,0.0,0.0,0.0,0.0,0.0,0.0,0.0
2019-11-24,0.0,0.0,0.0,0.0,0.0,0.0,0.0,0.0,0.0,0.0,0.0,0.0,0.0,0.0,0.0,0.0,0.0,0.0,0.0,0.0,0.0,0.0,0.0,0.0,0.0,0.0,0.0
2019-11-25,0.0,0.0,0.0,0.0,0.0,0.0,0.0,0.0,0.0,0.0,0.0,0.0,0.0,0.0,0.0,0.0,0.0,0.0,0.0,0.0,0.0,0.0,0.0,0.0,0.0,0.0,0.0
2019-11-26,0.0,0.0,0.0,0.0,0.0,0.0,0.0,0.0,0.0,0.0,0.0,0.0,0.0,0.0,0.0,0.0,0.0,0.0,0.0,0.0,0.0,0.0,0.0,0.0,0.0,0.0,0.0
2019-11-27,0.0,0.0,0.0,0.0,0.0,0.0,0.0,0.0,0.0,0.0,0.0,0.0,0.0,0.0,0.0,0.0,0.0,0.0,0.0,0.0,0.0,0.0,0.0,0.0,0.0,0.0,0.0
2019-11-28,0.0,0.0,0.0,0.0,0.0,0.0,0.0,0.0,0.0,0.0,0.0,0.0,0.0,0.0,0.0,0.0,0.0,0.0,0.0,0.0,0.0,0.0,0.0,0.0,0.0,0.0,0.0
2019-11-29,0.0,0.0,0.0,0.0,0.0,0.0,0.0,0.0,0.0,0.0,0.0,0.0,0.0,0.0,0.0,0.0,0.0,0.0,0.0,0.0,0.0,0.0,0.0,0.0,0.0,0.0,0.0
2019-11-30,0.0,0.0,0.0,0.0,0.0,0.0,0.0,0.0,0.0,0.0,0.0,0.0,0.0,0.0,0.0,0.0,0.0,0.0,0.0,0.0,0.0,0.0,0.0,0.0,0.0,0.0,0.0
2019-12-01,0.0,0.0,0.0,0.0,0.0,0.0,0.0,0.0,0.0,0.0,0.0,0.0,0.0,0.0,0.0,0.0,0.0,0.0,0.0,0.0,0.0,0.0,0.0,0.0,0.0,0.0,0.0
2019-12-02,0.0,0.0,0.0,0.0,0.0,0.0,0.0,0.0,0.0,0.0,0.0,0.0,0.0,0.0,0.0,0.0,0.0,0.0,0.0,0.0,0.0,0.0,0.0,0.0,0.0,0.0,0.0
2019-12-03,0.0,0.0,0.0,0.0,0.0,0.0,0.0,0.0,0.0,0.0,0.0,0.0,0.0,0.0,0.0,0.0,0.0,0.0,0.0,0.0,0.0,0.0,0.0,0.0,0.0,0.0,0.0
2019-12-04,0.0,0.0,0.0,0.0,0.0,0.0,0.0,0.0,0.0,0.0,0.0,0.0,0.0,0.0,0.0,0.0,0.0,0.0,0.0,0.0,0.0,0.0,0.0,0.0,0.0,0.0,0.0
2019-12-05,0.0,0.0,0.0,0.0,0.0,0.0,0.0,0.0,0.0,0.0,0.0,0.0,0.0,0.0,0.0,0.0,0.0,0.0,0.0,0.0,0.0,0.0,0.0,0.0,0.0,0.0,0.0
2019-12-06,0.0,0.0,0.0,0.0,0.0,0.0,0.0,0.0,0.0,0.0,0.0,0.0,0.0,0.0,0.0,0.0,0.0,0.0,0.0,0.0,0.0,0.0,0.0,0.0,0.0,0.0,0.0
2019-12-07,0.0,0.0,0.0,0.0,0.0,0.0,0.0,0.0,0.0,0.0,0.0,0.0,0.0,0.0,0.0,0.0,0.0,0.0,0.0,0.0,0.0,0.0,0.0,0.0,0.0,0.0,0.0
2019-12-08,0.0,0.0,0.0,0.0,0.0,0.0,0.0,0.0,0.0,0.0,0.0,0.0,0.0,0.0,0.0,0.0,0.0,0.0,0.0,0.0,0.0,0.0,0.0,0.0,0.0,0.0,0.0
2019-12-09,0.0,0.0,0.0,0.0,0.0,0.0,0.0,0.0,0.0,0.0,0.0,0.0,0.0,0.0,0.0,0.0,0.0,0.0,0.0,0.0,0.0,0.0,0.0,0.0,0.0,0.0,0.0
2019-12-10,0.0,0.0,0.0,0.0,0.0,0.0,0.0,0.0,0.0,0.0,0.0,0.0,0.0,0.0,0.0,0.0,0.0,0.0,0.0,0.0,0.0,0.0,0.0,0.0,0.0,0.0,0.0
2019-12-11,0.0,0.0,0.0,0.0,0.0,0.0,0.0,0.0,0.0,0.0,0.0,0.0,0.0,0.0,0.0,0.0,0.0,0.0,0.0,0.0,0.0,0.0,0.0,0.0,0.0,0.0,0.0
2019-12-12,0.0,0.0,0.0,0.0,0.0,0.0,0.0,0.0,0.0,0.0,0.0,0.0,0.0,0.0,0.0,0.0,0.0,0.0,0.0,0.0,0.0,0.0,0.0,0.0,0.0,0.0,0.0
2019-12-13,0.0,0.0,0.0,0.0,0.0,0.0,0.0,0.0,0.0,0.0,0.0,0.0,0.0,0.0,0.0,0.0,0.0,0.0,0.0,0.0,0.0,0.0,0.0,0.0,0.0,0.0,0.0
2019-12-14,0.0,0.0,0.0,0.0,0.0,0.0,0.0,0.0,0.0,0.0,0.0,0.0,0.0,0.0,0.0,0.0,0.0,0.0,0.0,0.0,0.0,0.0,0.0,0.0,0.0,0.0,0.0
2019-12-15,0.0,0.0,0.0,0.0,0.0,0.0,0.0,0.0,0.0,0.0,0.0,0.0,0.0,0.0,0.0,0.0,0.0,0.0,0.0,0.0,0.0,0.0,0.0,0.0,0.0,0.0,0.0
2019-12-16,0.0,0.0,0.0,0.0,0.0,0.0,0.0,0.0,0.0,0.0,0.0,0.0,0.0,0.0,0.0,0.0,0.0,0.0,0.0,0.0,0.0,0.0,0.0,0.0,0.0,0.0,0.0
2019-12-17,0.0,0.0,0.0,0.0,0.0,0.0,0.0,0.0,0.0,0.0,0.0,0.0,0.0,0.0,0.0,0.0,0.0,0.0,0.0,0.0,0.0,0.0,0.0,0.0,0.0,0.0,0.0
2019-12-18,0.0,0.0,0.0,0.0,0.0,0.0,0.0,0.0,0.0,0.0,0.0,0.0,0.0,0.0,0.0,0.0,0.0,0.0,0.0,0.0,0.0,0.0,0.0,0.0,0.0,0.0,0.0
2019-12-19,0.0,0.0,0.0,0.0,0.0,0.0,0.0,0.0,0.0,0.0,0.0,0.0,0.0,0.0,0.0,0.0,0.0,0.0,0.0,0.0,0.0,0.0,0.0,0.0,0.0,0.0,0.0
2019-12-20,0.0,0.0,0.0,0.0,0.0,0.0,0.0,0.0,0.0,0.0,0.0,0.0,0.0,0.0,0.0,0.0,0.0,0.0,0.0,0.0,0.0,0.0,0.0,0.0,0.0,0.0,0.0
2019-12-21,0.0,0.0,0.0,0.0,0.0,0.0,0.0,0.0,0.0,0.0,0.0,0.0,0.0,0.0,0.0,0.0,0.0,0.0,0.0,0.0,0.0,0.0,0.0,0.0,0.0,0.0,0.0
2019-12-22,0.0,0.0,0.0,0.0,0.0,0.0,0.0,0.0,0.0,0.0,0.0,0.0,0.0,0.0,0.0,0.0,0.0,0.0,0.0,0.0,0.0,0.0,0.0,0.0,0.0,0.0,0.0
2019-12-23,0.0,0.0,0.0,0.0,0.0,0.0,0.0,0.0,0.0,0.0,0.0,0.0,0.0,0.0,0.0,0.0,0.0,0.0,0.0,0.0,0.0,0.0,0.0,0.0,0.0,0.0,0.0
2019-12-24,0.0,0.0,0.0,0.0,0.0,0.0,0.0,0.0,0.0,0.0,0.0,0.0,0.0,0.0,0.0,0.0,0.0,0.0,0.0,0.0,0.0,0.0,0.0,0.0,0.0,0.0,0.0
2019-12-25,0.0,0.0,0.0,0.0,0.0,0.0,0.0,0.0,0.0,0.0,0.0,0.0,0.0,0.0,0.0,0.0,0.0,0.0,0.0,0.0,0.0,0.0,0.0,0.0,0.0,0.0,0.0
2019-12-26,0.0,0.0,0.0,0.0,0.0,0.0,0.0,0.0,0.0,0.0,0.0,0.0,0.0,0.0,0.0,0.0,0.0,0.0,0.0,0.0,0.0,0.0,0.0,0.0,0.0,0.0,0.0
2019-12-27,0.0,0.0,0.0,0.0,0.0,0.0,0.0,0.0,0.0,0.0,0.0,0.0,0.0,0.0,0.0,0.0,0.0,0.0,0.0,0.0,0.0,0.0,0.0,0.0,0.0,0.0,0.0
2019-12-28,0.0,0.0,0.0,0.0,0.0,0.0,0.0,0.0,0.0,0.0,0.0,0.0,0.0,0.0,0.0,0.0,0.0,0.0,0.0,0.0,0.0,0.0,0.0,0.0,0.0,0.0,0.0
2019-12-29,0.0,0.0,0.0,0.0,0.0,0.0,0.0,0.0,0.0,0.0,0.0,0.0,0.0,0.0,0.0,0.0,0.0,0.0,0.0,0.0,0.0,0.0,0.0,0.0,0.0,0.0,0.0
2019-12-30,0.0,0.0,0.0,0.0,0.0,0.0,0.0,0.0,0.0,0.0,0.0,0.0,0.0,0.0,0.0,0.0,0.0,0.0,0.0,0.0,0.0,0.0,0.0,0.0,0.0,0.0,0.0
2019-12-31,0.0,0.0,0.0,0.0,0.0,0.0,0.0,0.0,0.0,0.0,0.0,0.0,0.0,0.0,0.0,0.0,0.0,0.0,0.0,0.0,0.0,0.0,0.0,0.0,0.0,0.0,0.0
2020-01-01,0.0,0.0,0.0,0.0,0.0,0.0,0.0,0.0,0.0,0.0,0.0,0.0,0.0,0.0,0.0,0.0,0.0,0.0,0.0,0.0,0.0,0.0,0.0,0.0,0.0,0.0,0.0
2020-01-02,0.0,0.0,0.0,0.0,0.0,0.0,0.0,0.0,0.0,0.0,0.0,0.0,0.0,0.0,0.0,0.0,0.0,0.0,0.0,0.0,0.0,0.0,0.0,0.0,0.0,0.0,0.0
2020-01-03,0.0,0.0,0.0,0.0,0.0,0.0,0.0,0.0,0.0,0.0,0.0,0.0,0.0,0.0,0.0,0.0,0.0,0.0,0.0,0.0,0.0,0.0,0.0,0.0,0.0,0.0,0.0
2020-01-04,0.0,0.0,0.0,0.0,0.0,0.0,0.0,0.0,0.0,0.0,0.0,0.0,0.0,0.0,0.0,0.0,0.0,0.0,0.0,0.0,0.0,0.0,0.0,0.0,0.0,0.0,0.0
2020-01-05,0.0,0.0,0.0,0.0,0.0,0.0,0.0,0.0,0.0,0.0,0.0,0.0,0.0,0.0,0.0,0.0,0.0,0.0,0.0,0.0,0.0,0.0,0.0,0.0,0.0,0.0,0.0
2020-01-06,0.0,0.0,0.0,0.0,0.0,0.0,0.0,0.0,0.0,0.0,0.0,0.0,0.0,0.0,0.0,0.0,0.0,0.0,0.0,0.0,0.0,0.0,0.0,0.0,0.0,0.0,0.0
2020-01-07,-0.07268066,-0.0762255,0.0,-0.07223448,-0.07474474,0.0,-0.07448474,-0.07540356,0.0,-0.09206401,-0.09581756,0.0,-0.0925986,-0.09722551,0.0,-0.09262228,-0.09627921,0.0,-0.10925597,-0.11523048,0.0,-0.10861351,-0.11282311,0.0,-0.1002478,-0.10877802,0.0
2020-01-08,-0.51495249,-0.29601926,-0.20849042,-0.51608948,-0.29706896,-0.21088245,-0.51035504,-0.29660193,-0.20373956,-0.69910668,-0.39891113,-0.28775642,-0.6977451,-0.39791426,-0.2859736,-0.6976848,-0.39858427,-0.29235694,-0.88891068,-0.50197004,-0.36876961,-0.89054605,-0.50367232,-0.37347021,-0.91183889,-0.50653246,-0.37928615
2020-01-09,-0.65280287,-0.37179222,-0.26574897,-0.65429843,-0.37324914,-0.26880436,-0.64675588,-0.37260092,-0.25968099,-0.88840612,-0.50206855,-0.36707566,-0.88660859,-0.50068208,-0.3647949,-0.88652898,-0.50161394,-0.37296152,-1.13236884,-0.63284214,-0.47080243,-1.13453609,-0.63521478,-0.4768261,-1.16276056,-0.63920142,-0.48427985
2020-01-10,1.17850768,0.70847091,0.44450386,1.1805318,0.7092511,0.44962823,1.17032418,0.70890397,0.43432786,1.60009308,0.95007111,0.61461194,1.59764608,0.94932502,0.61077917,1.59753771,0.94982646,0.6245038,2.0355544,1.19299739,0.78910804,2.03852269,1.19428049,0.79925265,2.07719121,1.19643657,0.81180736
2020-01-11,-0.50479814,-0.28396088,-0.20967105,-0.50602377,-0.28528383,-0.21207738,-0.49984243,-0.28469522,-0.20489182,-0.68653868,-0.3838623,-0.28942034,-0.68506937,-0.38260398,-0.28762644,-0.6850043,-0.38344971,-0.2940495,-0.87440139,-0.48395204,-0.3709471,-0.87616822,-0.48610432,-0.3756781,-0.89917577,-0.48972081,-0.38153176
2020-01-12,0.56080896,0.35630868,0.19676484,0.56144368,0.35581495,0.19902785,0.55824268,0.35603462,0.19227059,0.75612787,0.47365795,0.27182244,0.75536245,0.47412615,0.27013276,0.75532855,0.47381146,0.27618295,0.95542467,0.59121659,0.34867714,0.95635071,0.59041813,0.35314088,0.96841242,0.58907638,0.35866445
2020-01-13,-0.31414849,-0.21715438,-0.09594627,-0.31419963,-0.21606707,-0.09704756,-0.31394172,-0.21655084,-0.09375899,-0.41945576,-0.28524337,-0.13244656,-0.41939346,-0.28627579,-0.13162547,-0.4193907,-0.28558188,-0.13456538,-0.52505436,-0.35319771,-0.16976419,-0.52513047,-0.35143466,-0.17192986,-0.52612154,-0.34847196,-0.17460944
2020-01-14,2.75399965,1.82417483,0.90565019,2.75582003,1.81830504,0.91605556,2.7466393,1.82091665,0.8849848,3.69596725,2.41069011,1.25063843,3.69377389,2.41626927,1.24287505,3.69367674,2.41251941,1.27067257,4.64925654,2.99726748,1.60361278,4.65190758,2.98773087,1.62410514,4.68643355,2.97170593,1.64946166
2020-01-15,-0.17162612,-0.15002458,-0.09569209,-0.12887018,-0.15166783,-0.09572407,-0.12687841,-0.0683364,-0.09562856,-0.2302443,-0.23064517,-0.12738691,-0.17374641,-0.20499819,-0.12736519,-0.17372564,-0.09227172,-0.12744294,-0.28917775,-0.29171617,-0.17896151,-0.25307594,-0.26607502,-0.15897103,-0.22897448,-0.11918582,-0.15903501
2020-01-16,-0.26275435,-0.23559021,-0.14904382,-0.27402003,-0.23659843,-0.14947315,-0.27181925,-0.16800884,-0.1481909,-0.3521268,-0.2941253,-0.20001856,-0.45302305,-0.31656017,-0.19970263,-0.36624314,-0.22323371,-0.20083363,-0.44231468,-0.37185798,-0.22001208,-0.49914518,-0.40106755,-0.25186081,-0.46937642,-0.52132944,-0.25287743
2020-01-17,0.78420944,0.68846186,0.44018771,0.89251859,0.68962347,0.44040548,0.78064594,0.51150331,0.43975511,1.04442897,0.83239291,0.58675033,1.18658957,0.92021029,0.58659732,1.04449165,0.67565686,0.5871451,1.36034926,1.04925514,0.65197489,1.45215064,1.15610271,0.73323373,1.32113743,1.18032826,0.73370244
2020-01-18,0.2233007,0.16862975,0.13220389,0.28536921,0.18922802,0.13039156,0.19251713,0.1806354,0.13580433,0.32086499,0.14963075,0.16832363,0.33845386,0.24612084,0.16967212,0.24169878,0.1331636,0.16484463,0.3841871,0.18008137,0.19847351,0.38369806,0.28910451,0.19932455,0.27024151,0.2823254,0.19493664
2020-01-19,-0.87222517,-1.00462928,-0.44241318,-0.92837414,-0.92068327,-0.44182285,-0.76359353,-0.52526198,-0.4435859,-1.25249936,-1.35052093,-0.58532422,-1.17472353,-1.2207697,-0.5857696,-1.01190113,-1.01696236,-0.58417511,-1.52193775,-1.67593105,-0.7606903,-1.4204618,-1.71330151,-0.72550641,-1.58547975,-1.50284686,-0.72403715
2020-01-20,-0.22913385,-0.22503674,-0.1125602,-0.23150445,-0.19217484,-0.11367608,-0.22273956,-0.1154444,-0.11034344,-0.31749819,-0.31079547,-0.15429544,-0.31146444,-0.2597304,-0.15346791,-0.30646492,-0.30135133,-0.15643044,-0.40633974,-0.39695651,-0.19818318,-0.39766629,-0.40546742,-0.19880519,-0.41627442,-0.35059248,-0.20148929
2020-01-21,0.41936518,0.45166087,0.21048601,0.44241963,0.40756852,0.21063132,0.37422211,0.24397534,0.21019735,0.60075138,0.60354018,0.28072802,0.5676483,0.54386238,0.28062311,0.50112257,0.50138917,0.28099866,0.73919342,0.75660263,0.35281289,0.695467,0.76240316,0.35105494,0.7427494,0.68441641,0.35138591
2020-01-22,-0.22482718,-0.24209561,-0.11308334,-0.23714763,-0.21857372,-0.11315971,-0.20068861,-0.13105387,-0.11293164,-0.32150543,-0.32300107,-0.15070886,-0.30387267,-0.29126586,-0.15065385,-0.26839124,-0.26854114,-0.15085081,-0.39502845,-0.40429018,-0.18926514,-0.3717996,-0.40735812,-0.18832301,-0.39690293,-0.3659925,-0.18849624
2020-01-23,-0.9595764,-0.92664436,-0.43915925,-0.91774039,-0.82645206,-0.44040122,-0.80083183,-0.4953842,-0.43669211,-1.24835582,-1.24672714,-0.58934946,-1.19008936,-1.35582988,-0.58843277,-1.07940362,-1.07519261,-0.59171455,-1.54954165,-1.5687449,-0.74436924,-1.47203121,-1.58570201,-0.74212179,-1.56422081,-1.41172123,-0.74508129
2020-01-24,0.15383257,0.14930208,0.07420629,0.15344018,0.12750844,0.07493012,0.14713097,0.07633696,0.07276845,0.21112332,0.2067551,0.10182859,0.20685624,0.2180259,0.10129052,0.20295826,0.19961338,0.10321689,0.27088159,0.26487477,0.13095567,0.26472528,0.27054257,0.13134557,0.27746635,0.23364984,0.13309537
2020-01-25,-0.3666571,-0.36188961,-0.17001811,-0.35722027,-0.32363577,-0.17039458,-0.30862136,-0.19341107,-0.16927027,-0.486905,-0.48712069,-0.22801571,-0.46275606,-0.50798767,-0.22773785,-0.41607757,-0.41497186,-0.22873262,-0.60422438,-0.61379661,-0.28791871,-0.57202855,-0.61993841,-0.28688019,-0.60918489,-0.55253799,-0.28777725
2020-01-26,1.15113655,1.14129998,0.52671169,1.11407253,1.03255811,0.52673262,0.93210196,0.61591381,0.52667013,1.51668217,1.52651348,0.70211372,1.42833763,1.58732458,0.70210503,1.24877471,1.25119391,0.70213613,1.86638094,1.91728894,0.95691551,1.74930061,1.9304153,0.87733869,1.87286176,1.73457555,0.87734451
2020-01-27,0.89780796,0.8754203,0.43063007,0.89014974,0.75789772,0.43397992,0.83228728,0.45496317,0.4239758,1.21796804,1.19946949,0.58661716,1.18470931,1.26051587,0.58413205,1.13888645,1.12390119,0.59302907,1.54503187,1.52531709,0.77168698,1.49909223,1.5531942,0.75084317,1.57609871,1.35469806,0.75890827
2020-01-28,1.58737794,1.55685262,0.75470436,1.56163751,1.37037811,0.75865827,1.41139742,0.82447824,0.74684938,2.12356055,2.10661037,1.0187902,2.04541606,2.20436545,1.01587102,1.91143107,1.89517185,1.02632136,2.65604942,2.65608211,1.35725267,2.55124859,2.69385106,1.29132436,2.69451631,2.37876163,1.30074962
2020-01-29,-0.50528983,-0.34955416,-0.32196926,-0.49572975,-0.31647237,-0.32384685,-0.290145,-0.1911875,-0.16487479,-0.67397757,-0.46276935,-0.43831232,-0.65399105,-0.48058968,-0.4369077,-0.604075,-0.38559666,-0.44193576,-0.84080506,-0.57479489,-0.57945747,-0.82280505,-0.57881209,-0.56045142,-0.86961666,-0.52240764,-0.56504439
2020-01-30,1.43297675,1.23017791,0.76813078,1.38094993,1.14103709,0.76817282,0.92900265,0.68765131,0.56519221,1.86179436,1.60461671,1.02455809,1.75391326,1.65577628,1.02451438,1.5052465,1.2278941,1.02467089,2.2593141,1.97625174,1.4028382,2.13082286,1.97649821,1.28141891,2.28287235,1.8167518,1.2816017
2020-01-31,-1.15272854,-0.92037683,-0.91611124,-1.12899889,-0.83022517,-0.91513268,-0.77739573,-0.50328502,-0.43795922,-1.52569339,-1.21862438,-1.21673004,-1.47209219,-1.26651903,-1.21746617,-1.35198136,-1.03208148,-1.21483101,-1.88886952,-1.51220247,-1.49682248,-1.83104349,-1.52454438,-1.51423407,-1.93610359,-1.37309239,-1.51181344
2020-02-01,0.39885682,0.35387735,0.32811552,0.38161811,0.33216207,0.32554578,0.25460657,0.20030736,0.16087438,0.51236847,0.4575997,0.42754123,0.47748191,0.47060062,0.42946101,0.39631326,0.33515284,0.42258882,0.61430963,0.56044934,0.52648016,0.57198178,0.55859759,0.52025814,0.6162708,0.51844124,0.51398805
2020-02-02,0.15739677,0.21238373,0.19596007,0.13267069,0.22328278,0.18974687,0.07373569,0.13415157,0.08462253,0.16677426,0.2520622,0.23509214,0.12097903,0.24953892,0.2397231,0.01089945,0.08908052,0.22314489,0.15337782,0.29160346,0.27225921,0.09306707,0.27843685,0.25708562,0.1244224,0.28915933,0.24199162
2020-02-03,0.08051058,0.0910074,0.08409977,0.07223693,0.09292706,0.08197851,0.04862903,0.05595077,0.03769896,0.0927234,0.11052297,0.1031598,0.07747291,0.11062396,0.10473924,0.04068885,0.05109484,0.09908439,0.05635749,0.12990601,0.12154439,0.07706753,0.12566788,0.11637843,0.0870093,0.12627356,0.11123244
2020-02-04,-0.49384921,-0.34878407,-0.32444251,-0.49492791,-0.30640274,-0.32605702,-0.38359982,-0.18584342,-0.16982588,-0.66822945,-0.46987286,-0.43967114,-0.66808579,-0.49165504,-0.43846235,-0.66970949,-0.42968618,-0.44279036,-0.89157906,-0.58930957,-0.55548008,-0.84982881,-0.59820195,-0.55958342,-0.86550509,-0.52844353,-0.5635445
2020-02-05,3.12376805,2.24500738,2.08456903,3.12103552,2.0479749,2.07999012,2.65735079,1.23835377,1.05228623,4.1516671,2.95654239,2.7641807,4.15321795,3.064579,2.76754893,4.15089294,2.40744998,2.75548891,5.37174011,3.66081396,3.44420043,5.16994684,3.67973516,3.43394606,5.12472773,3.33859668,3.42310291
2020-02-06,1.44662452,1.19851386,1.15698165,1.44302973,0.98674168,1.14827802,1.29416095,0.93951157,0.93471401,1.88349549,1.55387209,1.50531122,1.88478167,1.59796276,1.51179894,1.88065724,1.48362001,1.26977522,2.36441756,1.90671265,1.85077651,2.29320821,1.90224565,1.82930952,2.23838863,1.54162792,1.54520712
2020-02-07,1.01512756,1.01773502,1.02417294,1.13954852,0.7889882,1.0112608,1.09647121,0.90878841,0.98090251,1.31235762,1.29412632,1.3090372,1.46203532,1.32512386,1.31862076,1.45509752,1.28818078,0.99376595,1.63257154,1.56939855,1.58959155,1.73492348,1.55337467,1.55785249,1.65031455,1.1636933,1.17911493
2020-02-08,0.36256827,0.37963852,0.2445281,0.3659738,0.38078593,0.24687329,0.26650749,0.38279331,0.1423896,0.53030955,0.52034186,0.33219743,0.4913653,0.51617027,0.33045108,0.49357544,0.52279424,0.33218192,0.65667074,0.6592045,0.42417887,0.62511603,0.66550082,0.42452829,0.64842037,0.6737889,0.42538617
2020-02-09,1.20777222,1.22236299,0.91067453,1.20241501,1.14738636,0.91027294,1.16812121,1.22627028,0.68619384,1.62583906,1.63275417,1.20144548,1.58321184,1.62904772,1.20171449,1.58492618,1.6354862,1.07601399,2.05205103,2.03777673,1.56376011,2.07054702,2.04308686,1.4862705,1.97320367,1.92973512,1.33814038
2020-02-10,-1.32503751,-1.30169628,-0.96550026,-1.27928905,-1.22742728,-0.96554769,-1.36911033,-1.30617511,-1.12765802,-1.72915673,-1.73408189,-1.39645989,-1.90239836,-1.72964467,-1.27183057,-1.6819137,-1.73723472,-1.14715495,-2.21691558,-2.15732835,-1.65322935,-2.26824579,-2.16369439,-1.5715193,-2.09221278,-2.05446179,-1.42518998
2020-02-11,2.64741567,2.65953434,2.12168747,2.64359559,2.40569536,2.11166749,2.80495853,2.66089206,2.24214243,3.44744926,3.50718006,2.91663316,3.72253057,3.51019745,2.77251662,3.44648382,3.5072488,2.34769711,4.37327198,4.34573195,3.52833504,4.52599158,4.3403067,3.3725036,4.1702015,3.93222667,2.87612685
2020-02-12,2.57345272,2.45039593,2.29881623,2.79649423,2.23070044,2.54985408,2.89644214,2.71810205,2.68407892,3.27049185,3.15751589,3.00456562,3.60498951,3.48535019,3.28539391,3.51137924,3.43590314,2.44195786,3.93845871,3.87434501,3.66260087,4.1958961,4.10086898,3.82512213,3.88680612,3.26285346,2.85506745
2020-02-13,-0.13598792,-0.09834478,-0.21003862,-0.13082528,-0.07360837,-0.23738452,-0.01120366,-0.01874115,0.07705831,-0.17185315,-0.14162015,-0.26958231,-0.21004652,-0.1560734,-0.31393257,-0.01970086,-0.05252036,-0.30858903,-0.233456,-0.17732729,-0.36085468,-0.25523487,-0.20468323,-0.4214771,-0.10301716,-0.19664519,-0.43486892
2020-02-14,1.61605637,1.64518103,1.6502991,1.42626781,1.51115377,1.47336706,1.86527756,1.75849681,1.73845401,2.10696969,2.14666302,2.16439444,1.93038407,1.94460714,1.95866668,2.30199004,2.22550607,1.81143157,2.56316403,2.60783372,2.64503766,2.56266223,2.58963811,2.61697364,2.53409306,2.2076774,2.16464898
2020-02-15,-3.18495992,-3.18906289,-3.18919397,-2.97486794,-3.0293625,-2.96951423,-3.17875959,-3.0229873,-3.33425315,-4.22194646,-4.22546055,-4.22586555,-3.94725611,-3.94021744,-3.93890943,-4.43427653,-3.88919691,-3.4821767,-4.74283479,-4.68610803,-4.7764038,-4.74369801,-4.679378,-4.76841137,-4.53621623,-4.26528975,-4.27927806
2020-02-16,-0.51234675,-0.53181039,-0.53292755,-0.43975204,-0.46612,-0.45135569,-0.60421217,-0.56625181,-0.59708238,-0.66630922,-0.68440342,-0.68828412,-0.57967137,-0.59918341,-0.60163781,-0.74969522,-0.7089839,-0.53656462,-0.76090225,-0.79112346,-0.79962738,-0.80454335,-0.82811157,-0.83168068,-0.79402978,-0.65165294,-0.62652139
2020-02-17,-0.10013545,-0.04719847,-0.04410696,-0.19990143,-0.15271374,-0.16447733,0.16274844,0.13346042,0.06432244,-0.19556782,-0.14529472,-0.13428894,-0.295817,-0.23709096,-0.22948656,-0.06493767,0.09962555,-0.18141445,-0.17691562,-0.06102112,-0.08372413,-0.06993265,0.03030987,-0.00587333,0.007952,-0.25529893,-0.33353179
2020-02-18,3.04455432,3.019984,3.01844415,3.02488432,3.06140244,3.00481372,3.08536072,2.93739437,3.28612993,3.96625218,3.94647893,3.94214974,4.07465614,4.04266671,4.03811038,4.49243291,3.84877215,3.54096633,4.63884972,4.51775981,4.62174979,4.82450874,4.71343518,4.82390887,4.57019095,4.39324661,4.44102405
2020-02-19,-3.60957863,-3.60407664,-3.60373855,-3.77490718,-3.83634181,-3.76243489,-3.97495695,-3.78235352,-4.18784231,-4.92773578,-4.92106633,-4.91960307,-4.72945402,-4.71857216,-4.71718994,-5.60691386,-4.88661954,-4.41508119,-5.74403413,-5.63861994,-5.75540853,-6.0022282,-5.9038507,-6.02331428,-5.72496575,-5.42262979,-5.45318455
2020-02-20,-0.00021787,-0.00382391,-0.00403146,-0.06962924,-0.07228912,-0.07034926,-0.02147923,-0.01876588,-0.01438265,-0.0671776,-0.06931541,-0.06978249,0.00391948,-0.00039545,-0.00093898,-0.00774256,-0.01877484,0.00411733,-0.01414964,-0.02364591,-0.02230915,-0.04157172,-0.0503511,-0.04790227,-0.01368997,0.00750678,0.01353262
2020-02-21,0.55472707,0.56757935,0.56831898,0.52897986,0.5536558,0.53799155,0.699761,0.65838071,0.70768875,0.73107108,0.7453139,0.74843019,0.71930651,0.73394927,0.73580768,0.91738524,0.83888966,0.67525415,0.84697252,0.8591354,0.8725798,0.84683852,0.853478,0.86390833,0.95959746,0.82916933,0.81162324
2020-02-22,-0.34758342,-0.35438026,-0.35477135,-0.33083286,-0.34498548,-0.33561949,-0.43070659,-0.40588845,-0.43801708,-0.44375877,-0.45093853,-0.45250917,-0.45138046,-0.45902709,-0.45999879,-0.57028015,-0.51796804,-0.42406912,-0.53193838,-0.53665709,-0.54550677,-0.53191621,-0.53369978,-0.54101854,-0.59439848,-0.52075691,-0.51189977
2020-02-23,1.89617161,1.89756333,1.89764299,1.78370675,1.82484608,1.78531657,2.14075374,2.03149126,2.25144842,2.33583996,2.33713221,2.33741491,2.50675456,2.50586823,2.5058038,3.04467854,2.64720017,2.35877427,2.98954557,2.93203004,2.99618789,2.99122715,2.93198902,2.99765254,3.11843051,2.92365824,2.93481816
2020-02-24,-1.6368248,-1.62624716,-1.625638,-1.53461467,-1.55760192,-1.52790287,-1.77449114,-1.69098086,-1.89088663,-2.01415859,-2.00404651,-2.00183422,-2.16463556,-2.14991703,-2.14810258,-2.57514883,-2.20868552,-2.04119057,-2.5799778,-2.50515698,-2.56342843,-2.58195746,-2.51038977,-2.57312814,-2.61711231,-2.5238735,-2.5525699
2020-02-25,-2.5765382,-2.58864562,-2.58934219,-2.51642141,-2.58146662,-2.52358503,-3.05551307,-2.89687306,-3.19691912,-3.28386343,-3.29241607,-3.29428692,-3.51941439,-3.52656142,-3.52752776,-4.29598339,-3.76036049,-3.31137623,-4.18863625,-4.12417887,-4.21109037,-4.19064437,-4.12098054,-4.20808727,-3.92291653,-4.09713343,-4.1011828
2020-02-26,-2.20813732,-2.73608309,-2.73727901,-2.15984088,-2.74286666,-2.67764857,-2.76217288,-3.64063586,-3.21917224,-2.80039427,-3.50214815,-3.50580073,-2.92592368,-3.62714755,-3.62986172,-2.9515689,-4.05525235,-3.47660515,-3.52302402,-4.40750063,-4.43429431,-3.52295149,-4.40043891,-4.42319327,-3.32958511,-4.35827541,-4.27990906
2020-02-27,-0.05159735,-0.14144687,-0.14112903,-0.04563416,-0.14562967,-0.13625495,-0.10393479,-0.28292644,-0.14695928,-0.0594699,-0.18354229,-0.18219217,-0.06643392,-0.18895929,-0.18808613,0.05005476,-0.24535385,-0.0776595,-0.08436375,-0.24286843,-0.24071913,-0.08467689,-0.24597997,-0.24542862,-0.08724692,-0.25472999,-0.11738395
2020-02-28,-0.24446286,-0.24045567,-0.24029055,-0.24402811,-0.24188155,-0.24078732,-0.24382703,-0.24159751,-0.41324616,-0.32887927,-0.32316254,-0.32251111,-0.32827654,-0.3218637,-0.32142324,-0.37378207,-0.3253259,-0.37422252,-0.41646845,-0.40644311,-0.4053268,-0.41663981,-0.40789849,-0.40756908,-0.42360799,-0.412881,-0.46670266
2020-02-29,-0.50991533,-0.52063313,-0.52121237,-0.51139059,-0.51564973,-0.51939457,-0.51295809,-0.51849571,-0.69382076,-0.67552406,-0.68642269,-0.68870091,-0.67844987,-0.69110487,-0.69264587,-0.91819098,-0.67984463,-0.9331497,-0.8341695,-0.85119609,-0.85509399,-0.8336003,-0.84612093,-0.84727309,-0.80835505,-0.82870403,-1.12384496
2020-03-01,-0.06198072,-0.06151089,-0.06149552,-0.06193881,-0.06164415,-0.06153958,-0.0619451,-0.06167136,-0.10032297,-0.08327906,-0.08248055,-0.08241988,-0.08324688,-0.08236367,-0.08232267,-0.09920121,-0.08271093,-0.09972894,-0.10509318,-0.10362973,-0.10352587,-0.10510998,-0.10376532,-0.10373473,-0.10573099,-0.10422824,-0.12355961
2020-03-02,0.86509268,0.8741636,0.87470583,0.86645903,0.86950426,0.87298258,0.86817414,0.87270034,1.26164621,1.15354678,1.1611473,1.16328729,1.15653151,1.16558601,1.16703382,1.4981829,1.1552552,1.51711825,1.43786842,1.44868078,1.45235642,1.43734037,1.44389742,1.44498428,1.41328388,1.42747358,1.84777016
2020-03-03,-0.56221423,-0.57022446,-0.57067863,-0.56336504,-0.56631929,-0.56924448,-0.56469557,-0.56876853,-0.79751144,-0.74628698,-0.75374781,-0.75553134,-0.74867371,-0.75742978,-0.75863625,-0.98315163,-0.74871448,-0.99678675,-0.92509987,-0.93629607,-0.93934353,-0.92465832,-0.93232903,-0.93323002,-0.9048158,-0.91871029,-1.20602114
2020-03-04,0.10642492,0.10789473,0.10797853,0.10663711,0.10717425,0.10771373,0.10688466,0.1076306,0.15181435,0.14156313,0.14292263,0.14325294,0.14200706,0.14360488,0.14382833,0.18649944,0.14199294,0.18907687,0.17586343,0.17790052,0.17846699,0.17578145,0.17716318,0.17733064,0.17209254,0.17463226,0.22935289
2020-03-05,0.38205889,0.37520136,0.37491468,0.38130561,0.37767639,0.37577941,0.38093084,0.37712814,0.65249671,0.51504763,0.50538626,0.50425513,0.51397742,0.50312687,0.50236203,0.58150549,0.5091138,0.58179738,0.65380268,0.63690314,0.63496444,0.65409939,0.6394304,0.63885828,0.66622294,0.64808285,0.72801578
2020-03-06,0.56477908,0.59231578,0.59371581,0.56836828,0.58026258,0.58935905,0.57173393,0.58623479,0.62855282,0.73859928,0.76944613,0.77495858,0.74527351,0.78070667,0.78443537,1.12881517,0.75304458,1.1569155,0.89300579,0.94312085,0.95255943,0.89161385,0.93082956,0.93361809,0.83098805,0.88867992,1.36420984
2020-03-07,-0.56407027,-0.56638827,-0.56656674,-0.56451018,-0.56485823,-0.56598449,-0.56524736,-0.56628042,-0.84895325,-0.75084775,-0.75147255,-0.75216443,-0.75197784,-0.75293573,-0.75340387,-0.941953,-0.74976632,-0.95129698,-0.93596069,-0.93575524,-0.93692362,-0.93579868,-0.93423583,-0.93458179,-0.92795944,-0.92900797,-1.15928225
2020-03-08,-2.43344644,-2.46306457,-2.46478578,-2.43779756,-2.44826821,-2.4593339,-2.44303238,-2.45796203,-3.49925889,-3.23400012,-3.2601353,-3.2668768,-3.2432096,-3.27408411,-3.27864418,-4.21975371,-3.24133321,-4.27493888,-4.01610957,-4.05415351,-4.06564366,-4.01445089,-4.03919645,-4.04259441,-3.93937719,-3.98782871,-5.182724
2020-03-09,-0.14112833,-0.13962264,-0.23027683,-0.07974536,-0.07750427,-0.16732533,-0.07933262,-0.07681138,-0.34992176,-0.1918052,-0.18947837,-0.31340225,-0.19166187,-0.18907328,-0.31190975,-0.26996969,-0.10764733,-0.40333683,-0.24497087,-0.24081746,-0.39914345,-0.24502729,-0.24128139,-0.40222058,-0.15516491,-0.14395863,-0.50740094
2020-03-10,0.00749933,0.00788865,0.05636317,0.01542099,0.01576499,0.06473998,0.01551761,0.01593632,0.11437624,0.00977942,0.01021581,0.07666282,0.00987159,0.01037269,0.07617524,0.00968635,0.02060151,0.07892765,0.01177434,0.01248213,0.0975294,0.01175468,0.01230898,0.09852911,0.02273639,0.02443307,0.10151057
2020-03-11,-0.08653983,-0.09103213,0.02782734,-0.17793916,-0.18190781,-0.0652781,-0.17905383,-0.1838844,0.04485674,-0.1128488,-0.11788393,0.04427883,-0.11391223,-0.11969407,0.04123699,-0.11177486,-0.23770362,0.05817514,-0.1358662,-0.14403254,0.06298354,-0.13563945,-0.14203486,0.06917371,-0.26233058,-0.28190192,0.08730306
2020-03-12,-1.47022013,-1.546609,-4.88125539,-3.02576591,-3.09337378,-6.49450334,-3.0447542,-3.12704797,-10.00301542,-1.91768665,-2.0033517,-6.57845093,-1.93577844,-2.03415053,-6.56188352,-1.89941627,-4.04445191,-6.65751922,-2.309363,-2.44836916,-8.30526514,-2.30550357,-2.41436281,-8.33950551,-4.46457392,-4.79859791,-8.44462085
2020-03-13,-0.03819607,-0.04021181,-0.03662011,-0.07986983,-0.08171141,-0.08083506,-0.0803868,-0.08262963,-0.08318028,-0.05004846,-0.05232988,-0.04817972,-0.05052995,-0.05315109,-0.04894518,-0.0495624,-0.10789303,-0.04471345,-0.06051221,-0.06424601,-0.05977006,-0.0604087,-0.06333159,-0.05819267,-0.11962429,-0.12902528,-0.05361661
2020-03-14,0.0,0.0,0.0,0.0,0.0,0.0,0.0,0.0,0.0,0.0,0.0,0.0,0.0,0.0,0.0,0.0,0.0,0.0,0.0,0.0,0.0,0.0,0.0,0.0,0.0,0.0,0.0
2020-03-15,0.0,0.0,0.0,0.0,0.0,0.0,0.0,0.0,0.0,0.0,0.0,0.0,0.0,0.0,0.0,0.0,0.0,0.0,0.0,0.0,0.0,0.0,0.0,0.0,0.0,0.0,0.0
2020-03-16,0.0,0.0,0.0,0.0,0.0,0.0,0.0,0.0,0.0,0.0,0.0,0.0,0.0,0.0,0.0,0.0,0.0,0.0,0.0,0.0,0.0,0.0,0.0,0.0,0.0,0.0,0.0
2020-03-17,0.0,0.0,0.0,0.0,0.0,0.0,0.0,0.0,0.0,0.0,0.0,0.0,0.0,0.0,0.0,0.0,0.0,0.0,0.0,0.0,0.0,0.0,0.0,0.0,0.0,0.0,0.0
2020-03-18,0.0,0.0,0.0,0.0,0.0,0.0,0.0,0.0,0.0,0.0,0.0,0.0,0.0,0.0,0.0,0.0,0.0,0.0,0.0,0.0,0.0,0.0,0.0,0.0,0.0,0.0,0.0
2020-03-19,0.0,0.0,0.0,0.0,0.0,0.0,0.0,0.0,0.0,0.0,0.0,0.0,0.0,0.0,0.0,0.0,0.0,0.0,0.0,0.0,0.0,0.0,0.0,0.0,0.0,0.0,0.0
2020-03-20,0.0,0.0,0.0,0.0,0.0,0.0,0.0,0.0,0.0,0.0,0.0,0.0,0.0,0.0,0.0,0.0,0.0,0.0,0.0,0.0,0.0,0.0,0.0,0.0,0.0,0.0,0.0
2020-03-21,0.0,0.0,0.0,0.0,0.0,0.0,0.0,0.0,0.0,0.0,0.0,0.0,0.0,0.0,0.0,0.0,0.0,0.0,0.0,0.0,0.0,0.0,0.0,0.0,0.0,0.0,0.0
2020-03-22,0.0,0.0,0.0,0.0,0.0,0.0,0.0,0.0,0.0,0.0,0.0,0.0,0.0,0.0,0.0,0.0,0.0,0.0,0.0,0.0,0.0,0.0,0.0,0.0,0.0,0.0,0.0
2020-03-23,0.0,0.0,0.0,0.0,0.0,0.0,0.0,0.0,0.0,0.0,0.0,0.0,0.0,0.0,0.0,0.0,0.0,0.0,0.0,0.0,0.0,0.0,0.0,0.0,0.0,0.0,0.0
2020-03-24,0.0,0.0,0.0,0.0,0.0,0.0,0.0,0.0,0.0,0.0,0.0,0.0,0.0,0.0,0.0,0.0,0.0,0.0,0.0,0.0,0.0,0.0,0.0,0.0,0.0,0.0,0.0
2020-03-25,0.0,0.0,0.0,0.0,0.0,0.0,0.0,0.0,0.0,0.0,0.0,0.0,0.0,0.0,0.0,0.0,0.0,0.0,0.0,0.0,0.0,0.0,0.0,0.0,0.0,0.0,0.0
2020-03-26,0.0,0.0,0.0,0.0,0.0,0.0,0.0,0.0,0.0,0.0,0.0,0.0,0.0,0.0,0.0,0.0,0.0,0.0,0.0,0.0,0.0,0.0,0.0,0.0,0.0,0.0,0.0
2020-03-27,0.0,0.0,0.0,0.0,0.0,0.0,0.0,0.0,0.0,0.0,0.0,0.0,0.0,0.0,0.0,0.0,0.0,0.0,0.0,0.0,0.0,0.0,0.0,0.0,0.0,0.0,0.0
2020-03-28,0.0,0.0,0.0,0.0,0.0,0.0,0.0,0.0,0.0,0.0,0.0,0.0,0.0,0.0,0.0,0.0,0.0,0.0,0.0,0.0,0.0,0.0,0.0,0.0,0.0,0.0,0.0
2020-03-29,0.0,0.0,0.0,0.0,0.0,0.0,0.0,0.0,0.0,0.0,0.0,0.0,0.0,0.0,0.0,0.0,0.0,0.0,0.0,0.0,0.0,0.0,0.0,0.0,0.0,0.0,0.0
2020-03-30,0.0,0.0,0.0,0.0,0.0,0.0,0.0,0.0,0.0,0.0,0.0,0.0,0.0,0.0,0.0,0.0,0.0,0.0,0.0,0.0,0.0,0.0,0.0,0.0,0.0,0.0,0.0
2020-03-31,0.0,0.0,0.0,0.0,0.0,0.0,0.0,0.0,0.0,0.0,0.0,0.0,0.0,0.0,0.0,0.0,0.0,0.0,0.0,0.0,0.0,0.0,0.0,0.0,0.0,0.0,0.0
2020-04-01,0.0,0.0,0.0,0.0,0.0,0.0,0.0,0.0,0.0,0.0,0.0,0.0,0.0,0.0,0.0,0.0,0.0,0.0,0.0,0.0,0.0,0.0,0.0,0.0,0.0,0.0,0.0
2020-04-02,0.0,0.0,0.0,0.0,0.0,0.0,0.0,0.0,0.0,0.0,0.0,0.0,0.0,0.0,0.0,0.0,0.0,0.0,0.0,0.0,0.0,0.0,0.0,0.0,0.0,0.0,0.0
2020-04-03,0.0,0.0,0.0,0.0,0.0,0.0,0.0,0.0,0.0,0.0,0.0,0.0,0.0,0.0,0.0,0.0,0.0,0.0,0.0,0.0,0.0,0.0,0.0,0.0,0.0,0.0,0.0
2020-04-04,0.0,0.0,0.0,0.0,0.0,0.0,0.0,0.0,0.0,0.0,0.0,0.0,0.0,0.0,0.0,0.0,0.0,0.0,0.0,0.0,0.0,0.0,0.0,0.0,0.0,0.0,0.0
2020-04-05,0.0,0.0,0.0,0.0,0.0,0.0,0.0,0.0,0.0,0.0,0.0,0.0,0.0,0.0,0.0,0.0,0.0,0.0,0.0,0.0,0.0,0.0,0.0,0.0,0.0,0.0,0.0
2020-04-06,0.0,0.0,0.0,0.0,0.0,0.0,0.0,0.0,0.0,0.0,0.0,0.0,0.0,0.0,0.0,0.0,0.0,0.0,0.0,0.0,0.0,0.0,0.0,0.0,0.0,0.0,0.0
2020-04-07,-0.2035018,-0.20465788,0.0,-0.20311308,-0.20360553,0.0,-0.2032204,-0.20383267,0.0,-0.27044716,-0.27173825,0.0,-0.27071963,-0.27220298,0.0,-0.27013542,-0.27001306,0.0,-0.33643471,-0.33851922,0.0,-0.33637692,-0.3380087,0.0,-0.33235432,-0.33468707,0.0
2020-04-08,0.15857308,0.16011586,0.0,0.15805436,0.1587115,0.0,0.15819756,0.15901462,0.0,0.21038755,0.21211233,0.0,0.21075154,0.21273318,0.0,0.20997109,0.20980763,0.0,0.26099074,0.26377838,0.0,0.26091346,0.26309565,0.0,0.25553432,0.25865369,0.0
2020-04-09,-0.07958517,-0.07982869,0.0,-0.07950328,-0.07960702,0.0,-0.07952589,-0.07965486,0.0,-0.10594244,-0.10621433,0.0,-0.10599983,-0.1063122,0.0,-0.1058768,-0.10585103,0.0,-0.13210618,-0.13254504,0.0,-0.13209402,-0.13243757,0.0,-0.13124709,-0.13173824,0.0
2020-04-10,-0.2778719,-0.27797741,0.0,-0.27783641,-0.27788138,0.0,-0.2778462,-0.27790209,0.0,-0.3705692,-0.37068695,0.0,-0.37059407,-0.37072933,0.0,-0.37054079,-0.37052963,0.0,-0.46325673,-0.46344667,0.0,-0.46325146,-0.46340016,0.0,-0.4628849,-0.46309748,0.0
2020-04-11,0.01174362,0.01189652,0.0,0.01169221,0.01175734,0.0,0.0117064,0.01178738,0.0,0.0155616,0.01573258,0.0,0.01559768,0.01579413,0.0,0.01552031,0.01550411,0.0,0.01926287,0.0195393,0.0,0.01925521,0.0194716,0.0,0.01872177,0.01903112,0.0
2020-04-12,0.00821159,0.00803039,0.0,0.00827252,0.00819534,0.0,0.0082557,0.00815973,0.0,-0.01242969,-0.01195231,0.0,0.01105981,0.01082701,0.0,0.0111515,0.01117071,0.0,-0.03245091,-0.03269334,0.0,0.01416075,0.01390431,0.0,0.01479293,0.01442632,0.0
2020-04-13,-0.03372541,-0.03411994,0.0,-0.03359275,-0.03376081,0.0,-0.03362938,-0.03383832,0.0,-0.10772089,-0.10963797,0.0,-0.04481431,-0.04532118,0.0,-0.04461468,-0.04457287,0.0,-0.10316328,-0.10446336,0.0,-0.05539774,-0.05595604,0.0,-0.05402144,-0.05481957,0.0
2020-04-14,-0.02998741,-0.02807806,0.0,0.00327494,0.00358591,0.0,0.00334271,0.00372937,0.0,0.01048369,0.01213888,0.0,0.00431081,0.00524889,0.0,0.00394135,0.00386397,0.0,0.00747067,0.00992395,0.0,0.00411515,0.00514852,0.0,0.00156777,0.00304501,0.0
2020-04-15,-0.22601791,-0.22191687,0.0,-0.12688721,-0.12663032,0.0,-0.12683122,-0.12651181,0.0,-0.330286,-0.32958202,0.0,-0.16946807,-0.16869295,0.0,-0.16977335,-0.1698373,0.0,-0.39777393,-0.39564372,0.0,-0.21318713,-0.21233306,0.0,-0.21529258,-0.21407161,0.0
2020-04-16,0.62427395,0.61893016,0.0,0.38571422,0.3870032,0.0,0.38599512,0.38759775,0.0,1.01885386,1.02763358,0.0,0.51495996,0.51884811,0.0,0.5134286,0.51310784,0.0,1.19416796,1.20404632,0.0,0.63955782,0.6438412,0.0,0.62899812,0.6351219,0.0
2020-04-17,-0.06298696,-0.06145048,0.0,-0.03306864,-0.03286496,0.0,-0.03302425,-0.03277101,0.0,-0.08487598,-0.08397085,0.0,-0.04415493,-0.04354051,0.0,-0.04439693,-0.04444762,0.0,-0.10431009,-0.10267565,0.0,-0.05606145,-0.0553845,0.0,-0.05773058,-0.05676258,0.0
2020-04-18,0.32512133,0.32664895,0.0,0.22681087,0.22891292,0.0,0.22726897,0.22988252,0.0,0.60394638,0.61609214,0.0,0.30218734,0.30851881,0.0,0.29969353,0.29917117,0.0,0.68528232,0.70156063,0.0,0.36933859,0.37630426,0.0,0.35216334,0.3621241,0.0
2020-04-19,-0.16481899,-0.16475618,-0.18120845,-0.11013421,-0.11092013,-0.17563542,-0.11030549,-0.11128264,-0.19163074,-0.29074062,-0.29536538,-0.23692042,-0.14667122,-0.14903378,-0.23991705,-0.14574058,-0.14554564,-0.22306623,-0.41813254,-0.42102418,-0.29178587,-0.37273455,-0.3698411,-0.28570307,-0.17370116,-0.17741256,-0.26763712
2020-04-20,-0.3331313,-0.32928658,-0.20078701,-0.20040509,-0.20075546,-0.19460097,-0.20048144,-0.20091705,-0.21235753,-0.5233729,-0.5261666,-0.26266493,-0.26720197,-0.26825109,-0.26599518,-0.26678871,-0.26670215,-0.24727097,-0.75083076,-0.74844149,-0.32367024,-0.63520628,-0.62772812,-0.31690342,-0.32983102,-0.33147236,-0.29681079
2020-04-21,0.02418097,0.02377702,0.01140538,0.0137923,0.01377648,0.01105331,0.01378885,0.01376919,0.01206403,0.03589066,0.03587456,0.01492952,0.01840966,0.01836158,0.01511931,0.0184286,0.01843257,0.01405238,0.05357617,0.05304784,0.01840823,0.04694763,0.04621215,0.01802216,0.02323092,0.02315457,0.0168761
2020-04-22,0.49024587,0.49443197,0.25864461,0.226942,0.22785747,0.25066138,0.22714151,0.22827973,0.27357915,0.70092134,0.70383223,0.3385509,0.50985831,0.50567431,0.34285408,0.30158504,0.30135786,0.3186631,0.83370387,0.8356525,0.41742193,0.68285518,0.67709216,0.40866892,0.36745586,0.37178229,0.38268533
2020-04-23,0.33737396,0.32909889,0.04072129,0.1545362,0.1529155,0.03946755,0.15418298,0.15216791,0.04306619,0.54862345,0.53632134,0.05325938,0.52215035,0.50671197,0.05393403,0.20831834,0.20872167,0.05014066,0.65436472,0.63550822,0.06561546,0.63261119,0.61672067,0.06424515,0.27797763,0.2702739,0.06017595
2020-04-24,0.10325306,0.10534505,0.06435439,0.04588241,0.04626676,0.0623738,0.04596617,0.04644405,0.06805858,0.14122745,0.14287394,0.08415856,0.10141972,0.10122694,0.08522403,0.06061999,0.06052459,0.07923293,0.15875943,0.1609558,0.10367038,0.12179552,0.12172844,0.10150673,0.07160543,0.07342243,0.0950813
2020-04-25,0.18350742,0.189416,0.1390797,0.08087837,0.08198037,0.13480201,0.08111854,0.08248868,0.14707958,0.23839237,0.24387184,0.18184356,0.15263632,0.15443313,0.1841438,0.10625296,0.10597942,0.17120906,0.26257814,0.27023319,0.2239596,0.18255837,0.18469804,0.2192902,0.12087241,0.12608331,0.2054222
2020-04-26,0.21914283,0.19030322,0.06921633,0.1328438,0.08626531,0.0670903,0.0863723,0.0862022,0.07319181,0.32656995,0.28396765,0.09046016,0.30479979,0.23869572,0.09160233,0.11529827,0.11533251,0.08517894,0.3862409,0.32875489,0.11136444,0.36631472,0.28886239,0.10904765,0.20978761,0.14484548,0.10216557
2020-04-27,0.03879754,0.05189744,-0.02018358,-0.00132921,0.02566041,-0.01956404,0.02622828,0.02532547,-0.02134199,0.07963651,0.09896386,-0.02637271,0.0794208,0.11120991,-0.0267054,0.03614795,0.03632829,-0.02483434,0.09629191,0.12127174,-0.03246036,0.09741242,0.13576385,-0.0317858,0.01461388,0.04952816,-0.02978182
2020-04-28,-0.15778426,-0.0278518,-0.10040607,-0.18971614,-0.013006,-0.10261928,-0.18449504,-0.01294198,-0.09626772,-0.19651312,-0.04522561,-0.13565768,-0.19626198,-0.04285321,-0.13446734,-0.25042791,-0.01773202,-0.14116185,-0.25948415,-0.05348731,-0.17120665,-0.26040533,-0.05203619,-0.17362395,-0.34838715,-0.02293584,-0.18080506
2020-04-29,2.81105722,1.18929269,1.368357,2.8255229,1.25364074,1.38093808,2.31287405,0.54230693,1.34483401,3.77889627,1.80817815,1.83460656,3.77756046,1.56664958,1.82782446,3.75937363,0.72937329,1.86596957,4.77997811,2.1032982,2.30258989,4.78882964,1.89673715,2.31639556,4.92431042,0.92215305,2.35741231
2020-04-30,-0.77572198,-0.37283141,-0.39730196,-0.7740303,-0.30926823,-0.39533284,-0.49242476,-0.16677176,-0.40098495,-1.02021933,-0.51191354,-0.52557048,-1.02079584,-0.37903926,-0.52662749,-1.04370115,-0.21799832,-0.52068437,-1.25548823,-0.5780156,-0.6523209,-1.25446596,-0.45458715,-0.65017931,-1.23408974,-0.26577105,-0.64382004
2020-05-01,0.50511615,0.22787744,0.2526611,0.50598303,0.22066652,0.25330185,0.37240778,0.10308706,0.25146259,0.67053456,0.32961295,0.3362555,0.67058467,0.26652688,0.33591511,0.68325474,0.13672545,0.33782891,0.83531267,0.37790295,0.41936255,0.8358147,0.32104635,0.42004504,0.84203132,0.1698669,0.42207148
2020-05-02,0.38315966,0.15939711,0.18707046,0.3857893,0.18813078,0.1894829,0.33556733,0.07365109,0.18255794,0.51236343,0.24762634,0.2503817,0.51207184,0.22338502,0.24909246,0.51916821,0.09965098,0.25634092,0.64532283,0.28929839,0.31350954,0.64687377,0.2699991,0.31610998,0.67116727,0.12697258,0.32383089
2020-05-03,-0.19544248,-0.09880399,-0.10190487,-0.19433015,-0.07097734,-0.10074284,-0.10589109,-0.04372759,-0.10407861,-0.25536564,-0.13000711,-0.13423492,-0.25562548,-0.08839182,-0.13485842,-0.26223486,-0.05649906,-0.13135319,-0.31129154,-0.1448824,-0.1660705,-0.31062372,-0.1055872,-0.164808,-0.29863907,-0.0678058,-0.16105994
2020-05-04,-0.07351361,-0.04379554,-0.04071911,-0.07215077,-0.01697523,-0.03936073,-0.01462848,-0.01874826,-0.04326026,-0.0939338,-0.05022709,-0.05290617,-0.09418903,-0.02330474,-0.05363402,-0.09784494,-0.02334834,-0.04954222,-0.11065878,-0.0533816,-0.064776,-0.1098464,-0.02724666,-0.06330425,-0.09596068,-0.02657798,-0.05893518
2020-05-05,0.42819401,0.1596518,0.20241947,0.43375131,0.23736795,0.20768411,0.4450092,0.07588757,0.19257046,0.57840127,0.27305874,0.27310771,0.57764025,0.27735501,0.27029376,0.58233386,0.10552027,0.28611256,0.73877702,0.32641497,0.3439511,0.74205435,0.33643833,0.34962685,0.79499125,0.13891699,0.36647507
2020-05-06,0.16319954,0.02043648,0.06257456,0.17103703,0.1495429,0.07018602,0.32224927,0.01486439,0.04833303,0.23331925,0.09597558,0.08938132,0.23207835,0.16607758,0.08531137,0.22680955,0.02740244,0.10818786,0.32046229,0.13113762,0.11705299,0.32508795,0.20386319,0.1252639,0.40164046,0.04636728,0.14963213
2020-05-07,2.10252703,0.89498009,1.03634315,2.11432914,1.01157593,1.04725655,1.7767605,0.41212603,1.01591899,2.91476469,1.36568302,1.38357526,2.7977027,1.20410878,1.37778358,2.83939742,0.55490197,1.41033168,3.64303923,1.6987138,1.72863715,3.51212234,1.68672934,1.74023103,3.61607233,0.70276754,1.77462804
2020-05-08,-0.34345582,-0.35696923,-0.33018158,-0.34722573,-0.34194069,-0.33767692,-0.3414142,-0.39808805,-0.15934895,-0.46036868,-0.47126905,-0.44947464,-0.4579189,-0.46668932,-0.44543647,-0.46219895,-0.55273157,-0.23161994,-0.57987109,-0.61333993,-0.57132333,-0.57986726,-0.62090409,-0.57952548,-0.61428916,-0.72581904,-0.60384876
2020-05-09,-0.62910106,-0.50360459,-0.49016959,-0.63462771,-0.49977204,-0.49977197,-0.58790064,-0.49197771,-0.29758013,-0.85543328,-0.68645821,-0.66421883,-0.83674494,-0.66181701,-0.6590475,-0.84634484,-0.68192833,-0.42402788,-1.07207157,-0.88708325,-0.84101458,-1.05422618,-0.89645072,-0.85151825,-1.10416842,-0.89371797,-0.88267686
2020-05-10,-2.50389277,-1.87229254,-1.80888982,-2.50967956,-1.64454392,-1.82678852,-1.90263951,-1.62557521,-1.25297809,-3.54327452,-2.48022725,-2.43525892,-3.30250175,-2.18518034,-2.42553537,-3.36114436,-2.23554145,-1.68710934,-4.37279989,-3.29574735,-3.06890078,-4.09186858,-3.31107257,-3.08882935,-4.13382223,-2.90258553,-3.14797121
2020-05-11,-0.3642947,-0.29376999,-0.28528271,-0.36086182,-0.28396021,-0.2903797,-0.32998101,-0.27967544,-0.17693078,-0.50721436,-0.40118059,-0.38908632,-0.480602,-0.37885128,-0.38630304,-0.4865607,-0.39010835,-0.2503006,-0.61865233,-0.5266227,-0.49609777,-0.62143159,-0.53166866,-0.50183675,-0.64023584,-0.51478273,-0.51888221
2020-05-12,0.56097283,0.39290459,0.38322218,0.61284208,0.40719374,0.3923749,0.51443118,0.40013597,0.21730494,0.75451184,0.54708367,0.52583569,0.81571649,0.54327144,0.5208409,0.82813827,0.56166511,0.32022541,0.8714206,0.70794987,0.67380909,0.95642457,0.71736752,0.68410405,1.06206888,0.74658337,0.71468828
2020-05-13,1.33460309,0.8984514,0.87639524,1.48342127,0.93099375,0.8972449,1.19561223,0.91492142,0.49777994,1.57632973,1.24909302,1.20083372,1.96890318,1.24043603,1.18948638,2.0011428,1.2821992,0.73278707,2.06472309,1.61379832,1.53649402,2.25595259,1.63511331,1.55981021,2.52815673,1.70121221,1.62904978
2020-05-14,0.84509955,0.81056241,0.79083673,1.11244105,0.83965058,0.80948362,1.02230144,0.82528659,0.45087619,1.26145337,1.12300067,1.08012784,1.37696299,1.11531294,1.07004109,1.49099359,1.15238807,0.66219107,1.63372005,1.44568258,1.37747931,1.80189845,1.46446991,1.39806142,1.95124908,1.52268033,1.45912623
2020-05-15,-1.02300625,-0.8307238,-0.81066609,-1.32937933,-0.86028725,-0.82962705,-1.09254831,-0.84569069,-0.46374559,-1.44282745,-1.14737741,-1.10404202,-1.58343654,-1.13960944,-1.09384111,-1.77729505,-1.17706065,-0.67966228,-1.84332968,-1.3494456,-1.28690493,-2.00974865,-1.49122333,-1.42453403,-2.23435485,-1.54960814,-1.48586028
2020-05-16,0.30340933,0.16194376,0.15800169,0.4236359,0.16775696,0.16172817,0.25326971,0.16488633,0.09007063,0.41507524,0.22438964,0.21582004,0.43518465,0.22285297,0.2138039,0.57054783,0.23026386,0.13229386,0.51844836,0.25856239,0.24643641,0.55086477,0.29265266,0.27937574,0.66144628,0.30429103,0.29158428
2020-05-17,0.59885575,0.46036382,0.44917524,0.78826632,0.47686155,0.45975194,0.618645,0.46871503,0.25623115,0.8427939,0.63748373,0.6131902,0.91966154,0.6331278,0.60747412,1.05760548,0.65413385,0.37618826,1.07575105,0.73431703,0.69996392,1.16980901,0.83085085,0.79326226,1.31658784,0.86379235,0.82782653
2020-05-18,0.11428395,-0.03056033,-0.02982092,0.18963898,-0.0316503,-0.0305199,0.0180571,-0.03111212,-0.01704402,0.13986651,-0.0422436,-0.04064357,0.12292873,-0.04195676,-0.04026698,0.25595736,-0.04333977,-0.02499344,0.15842522,-0.04861359,-0.04635514,0.15048135,-0.05495171,-0.0524852,0.23632064,-0.05711177,-0.05475333
2020-05-19,0.05900529,0.07095857,0.06924121,0.0689966,0.0734902,0.07086466,0.08247468,0.07224019,0.03956947,0.0872333,0.09809763,0.09438056,0.10147896,0.09743127,0.09350571,0.09179265,0.10064425,0.0580295,0.11529131,0.11289716,0.10764984,0.12990571,0.1276245,0.12189306,0.13146651,0.13264408,0.1271635
2020-05-20,-0.61986827,-0.5048894,-0.49267836,-0.80469504,-0.52288936,-0.50422168,-0.66351977,-0.51400184,-0.28163583,-0.87448094,-0.69780189,-0.67138598,-0.96028252,-0.69306643,-0.66516851,-1.07531184,-0.71589863,-0.41294887,-1.11759382,-0.80295727,-0.76567694,-1.21903061,-0.90756883,-0.86686081,-1.35349979,-0.94321698,-0.90429474
2020-05-21,-1.01069005,-0.76214259,-0.74361847,-1.3345408,-0.78945678,-0.76112954,-1.03157629,-0.77596911,-0.42418419,-1.41903783,-1.05539491,-1.01517194,-1.54465652,-1.04818274,-1.00570784,-1.789353,-1.0829628,-0.62278068,-1.8080287,-1.21572521,-1.15884506,-1.9632333,-1.37556402,-1.31332505,-2.21657545,-1.43010889,-1.37055633
2020-05-22,0.48150438,0.2618354,0.25542372,0.6715315,0.2712939,0.26148469,0.40660372,0.26662267,0.1452346,0.66127456,0.36365736,0.34965559,0.69537344,0.36114594,0.34636275,0.90643858,0.37326042,0.21365733,0.82893794,0.41958225,0.39972109,0.88282667,0.4755167,0.45371508,1.05766403,0.49464581,0.47376155
2020-05-23,-0.00447384,0.01105333,0.01078335,-0.01073392,0.01145154,0.01103857,0.00762463,0.01125489,0.00613819,-0.00378011,0.01533615,0.01474773,-0.00048887,0.01523062,0.01460932,-0.01469344,0.01573963,0.00902384,-0.0024051,0.01768476,0.01685098,5.654e-05,0.02003116,0.01911691,-0.00825575,0.020833,0.01995757
2020-05-24,-0.96994082,-0.80885847,-0.78910421,-1.25660476,-0.83799518,-0.80777803,-1.05657754,-0.82360627,-0.44920129,-1.37858386,-1.12221776,-1.07916632,-1.5215532,-1.11449678,-1.06903997,-1.68733753,-1.1517372,-0.66035813,-1.7735509,-1.29404607,-1.23304583,-1.94217082,-1.46570436,-1.39882063,-2.14998316,-1.52436433,-1.46032095
2020-05-25,0.21405051,0.08695151,0.31144815,0.24941283,0.09022134,0.31887846,0.4366025,0.32517871,0.17668798,0.27025032,0.1168228,0.42718046,0.23334448,0.11601028,0.4231287,0.34106884,0.45624185,0.26029613,0.32849905,0.17263392,0.48885305,0.2991161,0.14742385,0.55550847,0.37968505,0.15280767,0.58029382
2020-05-26,-0.20090675,-0.09034622,-0.17937047,-0.26283767,-0.09367008,-0.18363616,-0.26647938,-0.18725259,-0.10189574,-0.26530188,-0.12401023,-0.24573997,-0.25687212,-0.12314853,-0.24341897,-0.35681775,-0.2623819,-0.14998727,-0.32744496,-0.15839545,-0.28104517,-0.32719808,-0.16018333,-0.31915416,-0.40486649,-0.16643883,-0.33331183
2020-05-27,0.4317876,0.2689335,0.5344081,0.5201618,0.27883691,0.54714048,0.73052588,0.55793579,0.30334803,0.57725348,0.36926557,0.73263344,0.56435289,0.36669651,0.72569689,0.7068258,0.78237917,0.44673366,0.72411739,0.47181696,0.83818676,0.72437012,0.47715109,0.9522066,0.85021107,0.49581595,0.99458772
2020-05-28,0.50537819,0.25600496,0.50737396,0.64382754,0.26540606,0.51939647,0.72860286,0.52958752,0.28866598,0.66937831,0.35116234,0.69420289,0.65022679,0.34872816,0.68767755,0.8732404,0.74097326,0.42450491,0.82973895,0.44822818,0.79338801,0.82941344,0.45327156,0.90029582,1.00804842,0.47091484,0.93997187
2020-05-29,-0.10997786,-0.11881478,-0.23488903,-0.10229717,-0.12316639,-0.2404261,-0.28919312,-0.24511863,-0.1339295,-0.1510159,-0.16282385,-0.32078528,-0.15128332,-0.16169911,-0.31779057,-0.13844072,-0.26819019,-0.19668693,-0.19617649,-0.20762965,-0.36625712,-0.19675962,-0.20995532,-0.41516935,-0.2002847,-0.21808938,-0.43329549
2020-05-30,1.24797037,0.72685429,0.36705241,0.98030139,0.70638467,0.37572583,1.46751056,0.90839615,0.2090751,1.61721775,0.94580901,0.50171127,1.6238137,0.95111978,0.49701259,1.32704423,0.90170544,0.30723776,1.94361744,1.15901332,0.63411515,1.93911088,1.14856568,0.64994428,1.42329076,1.11001274,0.67844409
2020-05-31,-0.96553446,-0.74996543,-0.99815301,-0.98756481,-0.72807031,-0.9867706,-1.00234174,-0.66962184,-0.87826369,-1.25971224,-0.97615435,-1.32230472,-1.26687045,-0.98184345,-1.32839225,-1.29126993,-0.60822926,-1.07877556,-1.52599844,-1.1967082,-1.67656048,-1.52289603,-1.18547757,-1.63319899,-1.45381248,-0.76479821,-1.59677764
2020-06-01,1.38340668,1.11055215,1.62586172,1.37774636,1.09874044,1.63033673,1.8930194,1.38452397,1.22366855,1.82607181,1.46947429,2.187773,1.83197352,1.47258307,2.18531924,1.82477348,1.08525472,1.59698348,2.24781058,1.82555084,2.85061713,2.24564073,1.81965431,2.76399453,2.15849118,1.42526899,2.77903479
2020-06-02,-1.01530805,-0.84649283,-1.32866819,-1.01369978,-0.84621251,-1.33973515,-1.5709984,-1.20043919,-0.93764947,-1.34222864,-1.1248272,-1.78662733,-1.34443393,-1.12492243,-1.78066229,-1.3422257,-0.88610389,-1.25338946,-1.65947108,-1.40084423,-2.3338967,-1.65898023,-1.40097671,-2.2612989,-1.62969984,-1.182508,-2.29722368
2020-06-03,0.41932869,0.31603588,0.39379034,0.41584521,0.3065388,0.38953042,0.4381933,0.28808939,0.34387522,0.54726925,0.41161591,0.52322471,0.55049599,0.41408887,0.52551092,0.54621525,0.26702922,0.42400754,0.66290252,0.50499385,0.66592133,0.66149717,0.50009965,0.64835194,0.61184344,0.33427576,0.63463101
2020-06-04,-0.16795076,-0.1076839,-0.06742054,-0.16494024,-0.09847322,-0.06058115,-0.05197801,0.00486861,-0.11298659,-0.21378216,-0.13405913,-0.08241098,-0.2163902,-0.13644884,-0.08609566,-0.21275675,-0.0502774,-0.11512219,-0.24936427,-0.15842216,-0.08724559,-0.24811747,-0.15362049,-0.08801582,-0.20694436,-0.04462263,-0.06580704
2020-06-05,-0.23558638,-0.19246289,-0.29147387,-0.23489488,-0.19134486,-0.29307664,-0.34207613,-0.25554811,-0.21260576,-0.31122128,-0.25522223,-0.39233571,-0.31199731,-0.25551736,-0.39146283,-0.31110262,-0.19435684,-0.28072095,-0.38393426,-0.31750576,-0.51228603,-0.38368424,-0.31698234,-0.49647804,-0.37259736,-0.25736273,-0.50179372
2020-06-06,0.16120431,0.12294071,0.15822984,0.15998813,0.11970016,0.15698159,0.17780695,0.11987636,0.13408307,0.21076845,0.1605737,0.21074889,0.21190833,0.16141797,0.21141754,0.21040925,0.1069663,0.16714517,0.25599461,0.19743804,0.26951502,0.25550668,0.19577297,0.26217729,0.23804819,0.13528039,0.25817243
2020-06-07,0.18014992,0.13826493,0.18074019,0.17886315,0.13488064,0.1795696,0.20401533,0.13922648,0.15095684,0.23564496,0.18078006,0.24089681,0.23685812,0.18166133,0.24152207,0.23527083,0.12206007,0.1891452,0.28648192,0.22245318,0.30861206,0.28596841,0.22072019,0.30010611,0.26745212,0.15508438,0.29637166
2020-06-08,0.15568548,0.11895025,0.15340216,0.1545253,0.11586089,0.15223358,0.17245094,0.11664789,0.12972667,0.20337276,0.15527628,0.20413295,0.20445908,0.15607987,0.20475738,0.20303164,0.10378869,0.16175354,0.24683555,0.19081252,0.26083333,0.2463722,0.18923062,0.25375323,0.22976652,0.13129497,0.25002176
2020-06-09,-0.22300968,-0.16503572,-0.19404282,-0.220889,-0.15907274,-0.19090975,-0.21186005,-0.13289901,-0.17880173,-0.28971972,-0.2136556,-0.25617137,-0.29164869,-0.21520419,-0.25785227,-0.28905986,-0.13257131,-0.216126,-0.34884604,-0.26080847,-0.32241693,-0.34798859,-0.25773602,-0.31450864,-0.31817583,-0.16268771,-0.30442146
2020-06-10,0.30775337,0.22730479,0.3027641,0.29198991,0.22225327,0.3012172,0.34344969,0.23761012,0.24850061,0.40234047,0.31017222,0.41675389,0.3866679,0.29894264,0.40458506,0.38424844,0.24777779,0.31365694,0.48910845,0.38170637,0.53403474,0.48818463,0.3640505,0.50393602,0.4393863,0.31191627,0.49929198
2020-06-11,-1.70237396,-1.20607036,-1.86118752,-1.52480766,-1.1853358,-1.66933944,-1.91762456,-1.36401245,-1.3224228,-2.2251578,-1.73777644,-2.64027473,-2.01903411,-1.58956867,-2.23572436,-2.00845958,-1.65916107,-2.49115954,-2.89348756,-2.31916177,-3.29455824,-2.70237183,-1.94552556,-2.7988549,-2.32736438,-2.07884337,-2.79198968
2020-06-12,0.53290258,0.55928428,0.51920815,0.71851439,0.54722392,0.5401708,0.85765314,0.59337866,0.61234494,0.69816286,0.81336795,0.76630489,0.72862102,0.73823322,0.72824007,0.94961722,0.77623297,0.66118619,0.93160402,1.0784735,0.94853846,0.85198632,0.90253664,0.88902617,1.09128458,0.96803865,1.25674236
2020-06-13,0.02752751,0.02625574,0.02689845,-0.00352867,0.02491502,0.0259903,0.02748399,0.01444916,0.02819189,0.03525196,0.03913878,0.04084581,0.03566182,0.03400831,0.03553967,0.04793775,0.03745912,0.03286546,0.04162444,0.0473036,0.05016715,0.04153541,0.04007893,0.04227885,0.05084115,0.0437439,0.03900655
2020-06-14,-0.42729297,-0.40749299,-0.43613217,-0.42261231,-0.39644157,-0.42916054,-0.5853008,-0.3923072,-0.44430076,-0.63599087,-0.67027273,-0.64065477,-0.56021107,-0.5351294,-0.57924651,-0.69958167,-0.56754962,-0.55900233,-0.72034626,-0.77243847,-0.79368531,-0.67356548,-0.64886153,-0.70805552,-0.79037113,-0.69781229,-0.85087757
2020-06-15,-0.08967774,-0.08551397,-0.06598911,-0.06977828,-0.0627094,-0.06210254,-0.03765412,-0.00171133,-0.07190008,-0.07907595,-0.09455079,-0.10500466,-0.09142956,-0.08698068,-0.08665295,-0.13448906,-0.10050851,-0.0751309,-0.09263921,-0.11521523,-0.12767536,-0.10208165,-0.09871317,-0.09913921,-0.13237983,-0.11000667,-0.04922707
2020-06-16,0.46036468,0.43886515,0.42089696,0.40402196,0.3806458,0.41595609,0.59861205,0.41551512,0.4258141,0.59234336,0.62053875,0.61468645,0.53720048,0.51321292,0.56065608,0.6590067,0.53922178,0.54638357,0.70816292,0.7496829,0.76455582,0.65187468,0.62752964,0.69079278,0.75797402,0.67281992,0.8763279
2020-06-17,-0.10664445,-0.10168176,-0.09661148,-0.09212361,-0.08711088,-0.09578682,-0.14265118,-0.10158868,-0.09723202,-0.13707937,-0.14241887,-0.13997451,-0.12245823,-0.11705423,-0.12863271,-0.14785706,-0.12206172,-0.12628741,-0.16387773,-0.17173938,-0.17412645,-0.14929424,-0.14371041,-0.15902872,-0.1720718,-0.15360473,-0.20883044
2020-06-18,-0.16211658,-0.15456707,-0.14736489,-0.14086569,-0.1330266,-0.14593522,-0.21461673,-0.15148986,-0.14859407,-0.20842284,-0.21718788,-0.21407511,-0.18723378,-0.17894122,-0.19620362,-0.22735627,-0.18710813,-0.19211194,-0.24913334,-0.26203353,-0.26623819,-0.22783933,-0.21932962,-0.24222463,-0.26341019,-0.23468219,-0.31408182
2020-06-19,-0.14221001,-0.13558293,-0.13055564,-0.12568044,-0.1182551,-0.12885626,-0.18249214,-0.12543711,-0.13235801,-0.18285625,-0.192174,-0.19098249,-0.16694293,-0.15948439,-0.17373853,-0.20590513,-0.16804465,-0.16881928,-0.21840309,-0.23209849,-0.23724025,-0.20200196,-0.1945016,-0.21353709,-0.23551908,-0.20872655,-0.26654214
2020-06-20,0.0437387,0.04167446,0.03480791,0.02989704,0.02982621,0.03610043,0.08019169,0.06901191,0.03240479,0.05650388,0.05278783,0.04608714,0.0404726,0.0388686,0.04703061,0.03741633,0.03584857,0.05092748,0.06857362,0.06321302,0.05889949,0.05394197,0.05168815,0.06209789,0.05521884,0.05313186,0.1205801
2020-06-21,-0.14086295,-0.17629176,-0.1682761,-0.11817371,-0.11240828,-0.12508514,-0.19810403,-0.1461451,-0.12511924,-0.18134857,-0.1858539,-0.22830612,-0.15755625,-0.15065762,-0.16750974,-0.18537774,-0.15507674,-0.16652494,-0.30738976,-0.28093315,-0.28193028,-0.30826885,-0.35692777,-0.27219927,-0.22101324,-0.19885702,-0.29189007
2020-06-22,1.0047004,1.11571275,1.08788236,0.89555253,0.84100739,0.91332724,1.26848726,0.85854837,0.94241588,1.40087231,1.36456238,1.45521989,1.18974122,1.13625576,1.23388956,1.47968723,1.20202505,1.19413759,1.77390889,1.85693931,1.90488454,1.65721038,1.82351087,1.75177887,1.68215624,1.48631462,1.8522526
2020-06-23,-0.0906397,-0.0881683,-0.07763198,-0.06799625,-0.06636792,-0.07728106,-0.14941326,-0.12239046,-0.0728591,-0.1180094,-0.1133618,-0.12507084,-0.09115264,-0.08740258,-0.10163803,-0.09485445,-0.08495969,-0.10604654,-0.16791866,-0.16198401,-0.15717959,-0.16712065,-0.16292923,-0.13311628,-0.12547386,-0.11718522,-0.22190551
2020-06-24,-0.68387675,-0.73700585,-0.7041656,-0.58764005,-0.55645965,-0.61311125,-0.92323894,-0.66362047,-0.62046638,-0.94675924,-0.90950713,-0.97665534,-1.01993138,-0.97629444,-0.82163137,-0.93622596,-0.77597045,-0.80884154,-1.21513225,-1.25636117,-1.27290146,-1.1540597,-1.23168405,-1.14268977,-1.09368653,-0.97879094,-1.35006539
2020-06-25,-0.11893358,-0.13579231,-0.13494646,-0.109945,-0.10251189,-0.1097128,-0.13937531,-0.08805173,-0.11527871,-0.17100479,-0.16422211,-0.17379738,-0.16083608,-0.15359567,-0.14884549,-0.18647321,-0.14927697,-0.1417483,-0.20688179,-0.22328407,-0.23180599,-0.19026962,-0.215549,-0.21421092,-0.20647145,-0.1806809,-0.20183413
2020-06-26,-0.21549294,-0.23522177,-0.22662711,-0.18790661,-0.17728138,-0.19422138,-0.28361016,-0.19878345,-0.19816297,-0.30148986,-0.28950144,-0.3101172,-0.30173467,-0.28851956,-0.26149071,-0.30465735,-0.25012612,-0.25558779,-0.38320427,-0.39991592,-0.40735918,-0.36137887,-0.39069925,-0.36753477,-0.35215135,-0.31325563,-0.41571247
2020-06-27,-0.58015804,-0.65353562,-0.72186633,-0.52666257,-0.49271974,-0.53120631,-0.70649775,-0.46223744,-0.5532454,-0.91787047,-0.88127692,-0.84489799,-0.79412017,-0.7585418,-0.7196786,-0.88299764,-0.71152158,-0.69079322,-1.01850016,-1.08808059,-1.1231933,-0.94391256,-1.05412678,-1.0299223,-0.9907379,-0.87075998,-1.02909056
2020-06-28,0.32359292,0.18379599,0.38434354,0.28793954,0.27035748,0.29386349,0.41016417,0.27720836,0.30313091,0.49811797,0.28515267,0.47001851,0.44902219,0.29732028,0.44400667,0.4771645,0.3871195,0.38507676,0.57465578,0.31374086,0.62328752,0.53668284,0.32066189,0.56648458,0.54365052,0.26084086,0.60170695
2020-06-29,0.12319467,0.08949031,0.1472247,0.11186548,0.10462893,0.11279831,0.14994393,0.09790681,0.11752022,0.18809643,0.12642319,0.17965055,0.16873548,0.12418709,0.18832521,0.18793811,0.15128557,0.14676703,0.21665439,0.14934837,0.23916143,0.20067236,0.14868667,0.21925867,0.21089072,0.12374029,0.2186836
2020-06-30,-0.20171079,-0.09192027,-0.2081075,-0.19144557,-0.10805415,-0.21925679,-0.15375245,-0.09999231,-0.12138144,-0.2491036,-0.12948797,-0.27991995,-0.27076413,-0.1272957,-0.19459298,-0.19436835,-0.15636299,-0.15125692,-0.30015597,-0.15299884,-0.32207392,-0.31890339,-0.15228273,-0.31292635,-0.21769205,-0.12712254,-0.37476561
2020-07-01,0.46537681,0.26762285,0.51302969,0.43726473,0.3167853,0.47088477,0.44858421,0.29334444,0.35076272,0.63447179,0.4083062,0.66023183,0.63111297,0.37160198,0.62663992,0.5605707,0.45139187,0.55804643,0.74833724,0.47811271,0.81291458,0.74701019,0.44500066,0.76775107,0.62939243,0.36998758,0.8516553
2020-07-02,-0.5409737,-0.43758792,-0.53344769,-0.46242359,-0.36848228,-0.55857626,-0.45816315,-0.32044023,-0.32101204,-0.65695285,-0.43173158,-0.75195359,-0.58446403,-0.38335033,-0.73114947,-0.49434549,-0.40551969,-0.56179389,-0.69687749,-0.50150843,-0.73503695,-0.69621199,-0.46270524,-0.68167843,-0.57103161,-0.36893235,-0.82096101
2020-07-03,-0.32253463,-0.21604225,-0.33222925,-0.21836795,-0.16947142,-0.23712184,-0.20816223,-0.14123831,-0.15330651,-0.30359295,-0.19703712,-0.33317383,-0.2779264,-0.17332287,-0.32159424,-0.24051161,-0.19546315,-0.27266007,-0.33070761,-0.22929894,-0.35375862,-0.33026409,-0.20856536,-0.33085519,-0.27416651,-0.1693567,-0.3836574
2020-07-04,0.45065764,0.29617971,0.47157475,0.36555866,0.275869,0.39615655,0.33402303,0.21889235,0.35145841,0.51313518,0.31784912,0.56502358,0.46834104,0.27670785,0.54406859,0.41504057,0.33431784,0.46921109,0.55573961,0.37047811,0.60307225,0.55477112,0.33161409,0.56902171,0.46665636,0.27509954,0.63376004
2020-07-05,-0.21761656,-0.16579296,-0.21932561,-0.16967745,-0.14054634,-0.1852248,-0.17827391,-0.12971142,-0.16667692,-0.23064803,-0.16679442,-0.25109866,-0.21266374,-0.14997395,-0.2438257,-0.17274569,-0.14367991,-0.19745988,-0.25506479,-0.19353193,-0.26312612,-0.254976,-0.18212195,-0.24026881,-0.20444804,-0.14111882,-0.30872327
2020-07-06,1.35657097,0.88516476,1.42196922,1.10307638,0.82892733,1.1947736,1.00080873,0.65215598,1.28739948,1.54938846,0.9533233,1.7064214,1.41384363,0.82860374,1.64271318,1.25822623,1.01259778,1.42129668,1.6759882,1.11114024,1.8224126,1.67296752,0.99199109,1.72232518,1.41108138,0.82631432,1.90496251
2020-07-07,-0.11521856,-0.08658409,-0.11662518,-0.09050192,-0.07425339,-0.0986197,-0.09352275,-0.06744854,-0.09088074,-0.12307053,-0.08771174,-0.13400546,-0.11345351,-0.07865027,-0.13004773,-0.09342185,-0.07751472,-0.10646049,-0.1355664,-0.10169001,-0.14063724,-0.1354976,-0.09523223,-0.12913083,-0.10961034,-0.07449488,-0.1625019
2020-07-08,0.70673526,0.47758292,0.73502881,0.57150771,0.43846932,0.61939698,0.53383884,0.35718772,0.6468152,0.79492216,0.50687316,0.87249836,0.72758357,0.44409042,0.84167568,0.63832337,0.51767914,0.72142252,0.86231162,0.58944469,0.92778574,0.86100624,0.53248466,0.87248702,0.72142552,0.43771719,0.98961711
2020-07-09,-0.58047065,-0.44857608,-0.58536472,-0.46456805,-0.38323707,-0.5062227,-0.48332136,-0.35058647,-0.46224895,-0.62961748,-0.4530503,-0.68474016,-0.58102625,-0.40702137,-0.66496286,-0.47665464,-0.39654379,-0.54312937,-0.69388846,-0.52480146,-0.71763588,-0.69359128,-0.49276898,-0.65809713,-0.56036328,-0.38460456,-0.83330349
2020-07-10,0.02081984,0.0486853,0.00696978,-0.00424306,0.01966174,-0.00201456,0.03889431,0.04919762,-0.0597796,-0.01909327,0.03172144,-0.02600509,-0.01367884,0.03635953,-0.02141522,-0.04121099,-0.02515655,-0.04232757,-0.01080397,0.03547382,-0.03646,-0.01013812,0.04809122,-0.04923542,-0.02731568,0.02138774,0.02079273
2020-07-11,-0.18479675,-0.14078728,-0.18883959,-0.15786066,-0.12502455,-0.17151229,-0.15472798,-0.10747994,-0.16931028,-0.21724743,-0.14603633,-0.23755826,-0.1995125,-0.12941174,-0.229802,-0.17010875,-0.13939203,-0.19294427,-0.23731735,-0.16956396,-0.25109078,-0.23706885,-0.15591015,-0.23361097,-0.19549278,-0.12510834,-0.27792419
2020-07-12,0.3256986,0.22645359,0.33975557,0.27936491,0.21124104,0.3024441,0.25521942,0.16762964,0.32353991,0.390421,0.24301472,0.42922691,0.37115168,0.21175337,0.41356227,0.31691525,0.25588605,0.35763151,0.42222708,0.28282008,0.45762247,0.42150085,0.253331,0.43231628,0.35563034,0.21064336,0.48020942
2020-07-13,-0.51039164,-0.34401119,-0.52875338,-0.40032623,-0.31139741,-0.43425515,-0.38167841,-0.25967738,-0.44306425,-0.62228672,-0.36149965,-0.68294824,-0.57899524,-0.31832695,-0.7023984,-0.44046006,-0.35887433,-0.4983931,-0.60255495,-0.42001298,-0.6436583,-0.60176293,-0.38237793,-0.60273258,-0.50109653,-0.3111791,-0.69716429
2020-07-14,-0.14495086,-0.11273683,-0.14484677,-0.11022026,-0.09358986,-0.12049748,-0.11990258,-0.08932745,-0.10298713,-0.15593696,-0.11177423,-0.16931959,-0.15000587,-0.10129387,-0.16965016,-0.10868144,-0.09138664,-0.12453943,-0.16470874,-0.12946241,-0.16738718,-0.1647165,-0.12327514,-0.1514512,-0.13049261,-0.09412485,-0.20228388
2020-07-15,-0.39014754,-0.28093738,-0.39775001,-0.50305422,-0.35559219,-0.42266322,-0.47363612,-0.21706772,-0.31062258,-0.4398884,-0.28709831,-0.4806236,-0.42521589,-0.34124635,-0.48287291,-0.31647451,-0.26113703,-0.36018055,-0.4531117,-0.33323955,-0.47372758,-0.45278716,-0.3098878,-0.43698884,-0.36858437,-0.24448195,-0.5389979
2020-07-16,-0.38077829,-0.21352681,-0.4094908,-0.39934695,-0.23295973,-0.41167728,-0.39517994,-0.14894034,-0.39331086,-0.48384441,-0.29865608,-0.53638748,-0.47300192,-0.27826323,-0.54226253,-0.373478,-0.2957323,-0.41894188,-0.46867882,-0.28417182,-0.52506642,-0.46742796,-0.24332999,-0.50580755,-0.40658327,-0.21473983,-0.51123117
2020-07-17,-0.10784906,-0.0531855,-0.11855284,-0.11343297,-0.05859145,-0.12176421,-0.11323709,-0.03464059,-0.12220011,-0.14366961,-0.07642552,-0.16015353,-0.14100369,-0.07693436,-0.162268,-0.11350933,-0.08860143,-0.12676347,-0.13598807,-0.07553558,-0.15638012,-0.1355204,-0.0618087,-0.15289371,-0.12078904,-0.05791801,-0.14312233
2020-07-18,0.27602022,0.15460857,0.29689073,0.28954332,0.16870823,0.29843111,0.286486,0.10781124,0.28492613,0.3510667,0.20239466,0.38944175,0.34313959,0.20148154,0.39373058,0.27054059,0.21403126,0.30366736,0.34005973,0.205841,0.38117324,0.33914873,0.17622804,0.36705431,0.29470769,0.15539124,0.37124467
2020-07-19,0.31095956,0.18726423,0.3298621,0.3256074,0.20332208,0.32695973,0.32040361,0.13499691,0.30166384,0.3836089,0.23293595,0.42395105,0.37395874,0.23037258,0.4279742,0.29096171,0.23248199,0.32759386,0.37727123,0.24078131,0.4156555,0.37644826,0.21129108,0.39623902,0.32193011,0.18028882,0.4211759
2020-07-20,-0.38186388,-0.24989587,-0.39808075,-0.39896565,-0.26987244,-0.38746877,-0.38989912,-0.18643195,-0.34105992,-0.45306678,-0.29352468,-0.49827318,-0.44011431,-0.28803857,-0.50199399,-0.33627458,-0.27230461,-0.38024998,-0.45447495,-0.30919533,-0.48962064,-0.45377219,-0.27888868,-0.46043154,-0.38001971,-0.22934409,-0.52172184
2020-07-21,0.95757543,0.63041568,0.99678263,1.00043827,0.68064353,0.96840987,0.97697782,0.47134898,0.84801355,1.13279618,0.73709834,1.24584544,1.09987907,0.72276516,1.25495387,0.83792675,0.67895216,0.94836493,1.13849256,0.77789864,1.22436351,1.13679212,0.70311338,1.14946997,0.94935528,0.57602341,1.31131887
2020-07-22,1.54606494,0.86157465,1.66482123,1.6212918,0.94021564,1.67670661,1.60566116,0.59917076,1.60933043,1.96889996,1.13382836,2.18186781,1.92580235,1.12981687,2.20599592,1.52568017,1.2081381,1.709478,1.90382877,1.15024076,2.13573665,1.89866278,0.98252931,2.060824,1.65673266,0.87134029,2.06873567
2020-07-23,1.26166766,1.21137032,1.35947255,1.26655558,1.18548087,1.31173576,1.03461131,1.13476673,1.34133289,1.58313131,1.51621698,1.75137284,1.58585047,1.52609965,1.77020644,1.4739134,1.43636461,1.56518746,1.61806514,1.57467848,1.81678807,1.61304549,1.52800634,1.75734633,1.41493023,1.39591413,1.74687414
2020-07-24,0.15762045,0.18229169,0.20518503,0.14795868,0.15441887,0.22002788,0.0757079,0.20469788,0.32343523,0.28127247,0.26001621,0.32158174,0.29705892,0.32102967,0.3296982,0.34955207,0.36320181,0.3501473,0.26221143,0.29276651,0.34857829,0.25984932,0.28042149,0.36883421,0.2701739,0.3118535,0.20928408
2020-07-25,2.97591999,3.09897448,3.20891572,2.9599136,2.99336022,3.07403566,2.30990198,2.98953034,3.19485681,3.72348287,3.66258488,4.11279839,3.74897863,3.88568284,4.1566297,3.59616851,3.61372998,3.7792441,3.84165461,4.00840613,4.31276032,3.829446,3.94171982,4.1796711,3.37391757,3.6231861,4.12871766
2020-07-26,0.95000942,0.74074391,0.74499992,0.95486884,0.7464439,0.68228881,0.99141298,0.84566857,0.7655509,1.06314985,0.85187227,0.89502441,1.05664104,0.82164156,0.89783607,1.18886599,0.86604061,0.94275255,1.29836895,1.0993586,1.13621987,1.2974859,1.0914143,1.0625411,1.21058298,0.93602786,1.25030808
2020-07-27,3.42059718,3.12794756,3.03486376,3.4402371,3.22217637,3.07446296,3.46580199,3.19917202,2.9121287,3.50957916,3.22643421,3.11012205,3.48599703,3.18890522,3.08504554,3.58136775,3.27734576,3.24102541,3.66810984,3.37770917,3.22109418,3.67500673,3.41232303,3.23197926,3.86867911,3.46147025,2.61846318
2020-07-28,0.71042351,0.55045088,0.54415704,0.71266598,0.65978825,0.64769724,0.71263881,0.69491609,0.67369684,0.78154286,0.706334,0.69501845,0.77917865,0.7039192,0.69294292,0.82536236,0.75497906,0.7505232,0.8449016,0.76888316,0.76040644,0.84541798,0.77074829,0.76273672,0.8600103,0.77691936,0.62532386
2020-07-29,0.54529955,0.32426668,0.30756975,0.54995232,0.39498347,0.37181645,0.55854678,0.36790856,0.31735148,0.58839219,0.3628706,0.33308632,0.58182605,0.35613851,0.32761351,0.57110909,0.35545654,0.34049056,0.5852475,0.34758068,0.30986843,0.58730137,0.3558801,0.31936709,0.64382853,0.38157289,0.21607786
2020-07-30,0.80228925,0.98423502,1.04577778,0.78937096,0.89304684,0.97192108,0.74349358,1.22552417,1.42320027,1.12826719,1.3111951,1.43345752,1.14904431,1.33952098,1.45594753,1.44271528,1.59240581,1.65989813,1.47518235,1.70706235,1.8906468,1.46744158,1.66667632,1.84534575,1.254522,1.54362515,1.79095353
2020-07-31,2.5385034,2.06696068,2.08288587,2.53862742,2.1823701,2.19744951,2.51512859,2.45851706,2.51805559,3.01800045,2.53521302,2.57642214,3.02047539,2.54528117,2.58400385,3.30126457,2.81346065,2.8404063,3.37810346,2.91189822,2.99378498,3.3760363,2.89384293,2.9741925,3.31905253,2.83993517,2.60609093
2020-08-01,5.05605718,4.47705521,4.56599877,5.0430356,4.25529531,4.37324589,4.95804605,5.35832317,5.65466441,6.15848841,5.56894464,5.75899701,6.18346666,5.61385523,5.79390998,6.9263392,6.29946861,6.41032572,7.08067428,6.57178756,6.88576214,7.06964615,6.50249549,6.80937156,6.76546868,6.29278932,6.16652932
2020-08-02,-3.98741048,-3.9688506,-3.90036828,-4.22229618,-4.05294251,-3.9654852,-4.39159832,-3.44148778,-3.32452775,-4.78133524,-4.83795607,-4.72271101,-4.76363577,-4.81160659,-4.70145008,-4.81362279,-4.90879458,-4.85467827,-5.08775906,-5.14268106,-5.02764212,-5.0921138,-5.16816035,-5.05570489,-5.40386996,-5.4557234,-5.44086219
2020-08-03,1.50723798,1.53266935,1.5510705,1.46891596,1.51422078,1.53756845,1.67187076,1.59684555,1.63958844,2.07932842,2.10543973,2.14033219,2.20163398,2.22486393,2.25213311,2.20469794,2.21654479,2.2303888,2.49629886,2.54290159,2.60297398,2.4938259,2.52957702,2.58825535,2.69814223,2.78856305,2.87981751
2020-08-04,-0.16241775,-0.14373867,-0.13052447,-0.16444994,-0.15690805,-0.1401402,-0.14699038,-0.14786139,-0.11312607,-0.20958907,-0.1895806,-0.16286415,-0.23387864,-0.21089013,-0.18391738,-0.23226949,-0.220592,-0.2069307,-0.21258117,-0.18409439,-0.14741221,-0.21409354,-0.19223664,-0.15639592,-0.33789205,-0.30704108,-0.27596066
2020-08-05,2.155549,2.1054536,2.07001844,2.16164024,2.14077994,2.09580498,2.29031304,2.11726066,2.02504441,2.85107754,2.79747095,2.72593187,3.02351459,2.95711253,2.87924073,3.02022768,2.98653929,2.9471199,3.21984143,3.15412279,3.0695527,3.22333148,3.17290302,3.09025875,3.28272473,3.18939776,3.09543506
2020-08-06,-0.22024325,-0.24597071,-0.26417872,-0.21760842,-0.22783274,-0.2509288,-0.28632306,-0.2404827,-0.28858881,-0.29983772,-0.32730408,-0.36400777,-0.3675883,-0.3946471,-0.42642411,-0.29608083,-0.31148725,-0.32951468,-0.3865345,-0.42822809,-0.48195975,-0.38432181,-0.41630801,-0.46879601,-0.29927214,-0.35378015,-0.40875916
2020-08-07,-0.9811163,-1.01206997,-1.03398336,-0.97820868,-0.99024965,-1.01803706,-1.13259335,-1.00577331,-1.06405632,-1.3080691,-1.34139488,-1.38595969,-1.29884167,-1.33571715,-1.37904805,-1.34705537,-1.36480679,-1.38557765,-1.55813743,-1.6132339,-1.68430632,-1.55521473,-1.59747726,-1.66688716,-1.42295622,-1.49289694,-1.56351955
2020-08-08,1.45203271,1.48866527,1.51461156,1.44870434,1.46284095,1.49572974,1.66224489,1.48134271,1.55052927,1.93902352,1.97885653,2.03216622,1.91873252,1.96320399,2.01550307,2.00413573,2.02497124,2.04935696,2.17654984,2.23652748,2.31399571,2.29666137,2.3489039,2.43480188,2.12562669,2.21109758,2.29752501
2020-08-09,-0.50646813,-0.51688068,-0.52425082,-0.50555351,-0.50954154,-0.51888784,-0.57486432,-0.5148373,-0.53453022,-0.659196,-0.66976098,-0.68388688,-0.66400445,-0.67667274,-0.69155668,-0.69595964,-0.70171968,-0.70845724,-0.75959608,-0.77715971,-0.79981476,-0.79032862,-0.80537091,-0.83007031,-0.73882417,-0.76329677,-0.78800168
2020-08-10,1.16019085,1.1415422,1.12833143,1.16258171,1.15469782,1.13794692,1.24477718,1.14608751,1.11186915,1.49403334,1.47277394,1.44434483,1.48066827,1.46139866,1.43875222,1.61107538,1.59841184,1.58357412,1.69932046,1.67555113,1.64487905,1.73452787,1.71801973,1.69090254,1.74148897,1.70976947,1.677733
2020-08-11,-2.53004465,-2.50735985,-2.49128022,-2.53335027,-2.52336944,-2.50298545,-2.74221496,-2.51335763,-2.47227617,-3.23785008,-3.21014681,-3.17308253,-3.23625847,-3.21486603,-3.18971414,-3.49207241,-3.47564257,-3.45637671,-3.70455164,-3.6801916,-3.6487404,-3.79430053,-3.78010316,-3.75677176,-3.7575734,-3.72606378,-3.69421933
2020-08-12,0.66207128,0.66492185,0.66694275,0.80189846,0.80260234,0.80483249,0.88791949,0.80416176,0.80922533,0.92783905,0.93282992,0.93950278,1.04312248,1.04734258,1.05230168,1.11459595,1.11519151,1.11588025,1.19895091,1.20584643,1.21474406,1.23726151,1.24449383,1.25637451,1.1956012,1.20568127,1.21586174
2020-08-13,2.31281761,2.4053317,2.4708303,2.56345496,2.60367694,2.69594649,3.00963297,2.65493993,2.8481166,3.17346605,3.27639365,3.413993,3.43505133,3.55660674,3.69943925,3.53520584,3.59503915,3.66505437,3.93338941,4.09893447,4.31251213,4.13460008,4.27203409,4.4977571,3.72140558,3.95044627,4.18172215
2020-08-14,0.59710919,0.6401471,0.67057033,0.48429514,0.49880505,0.53168352,0.43545965,0.69962994,0.78872324,0.69336366,0.73359841,0.78726132,0.67840752,0.72122681,0.77141329,0.89397819,0.92197404,0.95469886,0.85986547,0.92268133,1.00342855,0.84115504,0.88847674,0.96592828,0.92375646,1.02487144,1.12652207
2020-08-15,-0.08637107,-0.11528432,-0.135708,-0.04245249,-0.05406461,-0.08009344,-0.03854544,-0.13639862,-0.19790493,-0.10303607,-0.13279776,-0.17245529,-0.09283176,-0.12587411,-0.16456571,-0.14078149,-0.16059838,-0.1837523,-0.13614758,-0.18185872,-0.24053501,-0.1361843,-0.17129883,-0.22869984,-0.12740948,-0.19562065,-0.26405568
2020-08-16,0.17996166,0.17377771,0.16940735,0.19860762,0.1957105,0.18937756,0.19965399,0.19841671,0.18607978,0.23661454,0.23002829,0.22124599,0.24726473,0.23958169,0.23057861,0.28117067,0.27685729,0.27181316,0.28572663,0.27599826,0.26349755,0.28578019,0.2783108,0.26608942,0.30568099,0.29289677,0.28005302
2020-08-17,0.89784053,0.83583372,0.79200718,1.02273102,0.99510089,0.9340149,1.03241044,0.92376982,0.79337362,1.16332785,1.09699978,1.0085424,1.23102413,1.155416,1.0668028,1.36262872,1.31886576,1.26769467,1.39185166,1.29208314,1.16385462,1.39210012,1.31548549,1.19010436,1.50776314,1.36819778,1.22794672
2020-08-18,-1.59887608,-1.57016761,-1.54985507,-1.73620848,-1.72166638,-1.69040934,-1.74170504,-1.81525471,-1.76379658,-2.10877516,-2.07894379,-2.03909868,-2.18955328,-2.15339733,-2.11095347,-2.51520724,-2.49620633,-2.47395464,-2.54932534,-2.50738058,-2.45334915,-2.54980503,-2.51762077,-2.46484556,-2.70846968,-2.66067315,-2.61250902
2020-08-19,-0.74775048,-0.76488019,-0.77699415,-0.7879429,-0.79387746,-0.80784672,-0.77973243,-0.91595696,-0.95962187,-1.00764876,-1.02651031,-1.05168535,-1.03192489,-1.05151168,-1.07448634,-1.2257107,-1.23863438,-1.25374178,-1.23572305,-1.26637609,-1.30582317,-1.23597313,-1.25952541,-1.2981124,-1.29637099,-1.34858253,-1.40114378
2020-08-20,0.49525454,0.50475764,0.51148012,0.48804372,0.4920462,0.50114279,0.51886158,0.60360026,0.62856191,0.66811961,0.67868797,0.69280012,0.68532326,0.69614608,0.70884635,0.81333125,0.82064578,0.82919773,0.82048846,0.83793922,0.86041237,0.82065589,0.83406453,0.85604648,0.86243113,0.89292006,0.92364581
2020-08-21,-1.81845975,-1.85166318,-1.87514745,-1.79149616,-1.80553209,-1.83742835,-1.90646381,-2.21068525,-2.29830733,-2.44816491,-2.48500684,-2.53419061,-2.51151171,-2.54907974,-2.59315447,-2.97505024,-3.000514,-3.03028002,-3.00135487,-3.06217918,-3.14047791,-3.00196177,-3.04870021,-3.12529571,-3.15436736,-3.2612001,-3.36879737
2020-08-22,0.72846299,0.72946923,0.73018132,0.71236701,0.71321142,0.71513433,0.7790882,0.8624662,0.8705464,0.98035911,0.98195844,0.98409543,1.01252967,1.0128847,1.01330156,0.9529688,0.95975413,0.96768899,1.20382586,1.2081794,1.21379172,1.20407219,1.20742719,1.2129324,1.27473736,1.28830846,1.30200701
2020-08-23,-0.2714722,-0.2811479,-0.28799522,-0.26929697,-0.27322891,-0.28216691,-0.27930726,-0.34073599,-0.36444317,-0.36938243,-0.38005556,-0.39431617,-0.37680337,-0.3881725,-0.40152183,-0.4318967,-0.43968989,-0.44880705,-0.45622852,-0.473388,-0.49550683,-0.45632422,-0.46950444,-0.49112995,-0.47714232,-0.50517466,-0.53346265
2020-08-24,1.09238874,1.12463917,1.14746599,1.08085155,1.09407347,1.12413405,1.13195367,1.35762233,1.43828301,1.48421755,1.52000003,1.56782182,1.51745052,1.55521034,1.59955789,1.71251113,1.73954764,1.77118109,1.83213986,1.8902571,1.96520071,1.83252347,1.87716469,1.95043558,1.92055502,2.01727974,2.11494181
2020-08-25,-2.51255373,-2.51566786,-2.51787077,-2.45774867,-2.46050473,-2.46677936,-2.68471077,-2.96556064,-2.99193599,-3.36333741,-3.36818945,-3.37466866,-3.47160967,-3.47219303,-3.47287759,-3.62481668,-3.63927652,-3.6561654,-4.11046188,-4.12388418,-4.14116997,-4.11128148,-4.12162893,-4.13859285,-4.34654511,-4.38986056,-4.43351252
2020-08-26,0.16152613,0.16178437,0.34183624,0.17677929,0.1766152,0.38119833,0.12584873,0.14719407,0.43568656,0.21663134,0.21707617,0.45246365,0.19233,0.19389838,0.42811649,0.26140926,0.26184964,0.53283898,0.29207832,0.29191483,0.62519448,0.29213879,0.29201625,0.6303042,0.31003623,0.31154776,0.66807747
2020-08-27,-0.335844,-0.32833876,-0.44108023,-0.27582895,-0.27408455,-0.37049686,-0.27656378,-0.29355166,-0.42602341,-0.44827669,-0.44033972,-0.58442785,-0.36657342,-0.36150153,-0.58084487,-0.39289412,-0.39105759,-0.52084918,-0.46268379,-0.45552757,-0.60865225,-0.46277778,-0.45728736,-0.61304571,-0.49354518,-0.48571643,-0.65045238
2020-08-28,0.72230882,0.73626404,0.876603,0.68522121,0.69161271,0.83254188,0.6842326,0.81438333,1.03195908,0.9820322,0.99772754,1.18948954,0.93364146,0.95300113,1.19170491,1.07536637,1.08917631,1.27159347,1.16669631,1.19527037,1.43685568,1.16694482,1.18889879,1.43275682,1.22795594,1.27729587,1.54487509
2020-08-29,0.04064372,0.05676094,0.01310819,0.05705821,0.06313749,0.02341688,0.0555189,0.11161887,0.0712222,0.06376069,0.08130038,0.03268837,0.08898209,0.10708181,0.03768449,0.13976486,0.15036383,0.09216475,0.10447221,0.13071267,0.07758428,0.10449949,0.12465182,0.06949043,0.10128993,0.14075215,0.08803445
2020-08-30,1.72140293,1.78032969,2.02474301,1.66492257,1.68972277,1.94234222,1.66007309,2.05006327,2.47384,2.34857852,2.41355071,2.76395404,2.28173208,2.35595377,2.77733432,2.68693167,2.73583268,3.04832157,2.83325104,2.94152786,3.39432599,2.83385582,2.91704017,3.371605,2.96562339,3.14254736,3.65327566
2020-08-31,0.04451889,0.06521655,0.00705277,0.06625129,0.07404424,0.02089479,0.06426933,0.13500123,0.08008366,0.07112761,0.09348049,0.02867244,0.10421115,0.12721444,0.03505612,0.16735497,0.18070047,0.1037781,0.075197,0.10544962,0.03106737,0.12094969,0.14639671,0.07278405,0.1160169,0.16565505,0.09494394
2020-09-01,2.39025695,2.47629264,2.7896674,2.32004037,2.35602836,2.76640198,2.31286436,2.86120491,3.41393304,3.24372668,3.33715188,3.8261426,3.25263265,3.3546727,3.80565724,3.72288084,3.79165063,4.184093,4.01283051,4.17247011,4.7580884,3.9049399,4.02234123,4.60143613,4.07815125,4.32564378,4.9764216
2020-09-02,-2.47486753,-2.50101364,-3.03219997,-2.51504181,-2.5250546,-3.02602615,-2.10647941,-2.48017791,-3.10589285,-3.11659788,-3.15210426,-3.65158936,-3.04702143,-3.08922531,-3.77540249,-3.21701148,-3.25382343,-4.21215846,-3.40695574,-3.47688962,-4.13858925,-3.4772739,-3.53434183,-4.20848003,-3.64599084,-3.77351632,-4.50313227
2020-09-03,-5.67977285,-5.67125209,-7.16511323,-5.70453011,-5.70167194,-7.23531643,-4.7207239,-5.37698951,-7.08639137,-7.14607579,-7.15594638,-8.67012589,-7.00160102,-7.01921953,-8.89488757,-7.05941162,-7.10411068,-9.75024507,-7.66158449,-7.71913783,-9.60298496,-7.85818014,-7.91178721,-9.83995509,-8.29176376,-8.43772275,-10.50363889
2020-09-04,0.31192024,0.31609546,0.20202365,0.38348345,0.38691582,0.27551257,0.80698793,0.85934513,0.42308493,0.43999604,0.44296402,0.32612584,0.56295098,0.57147892,0.43479293,0.4441777,0.44261252,0.22992908,0.64019281,0.64143539,0.49531644,0.62318884,0.62333004,0.4725699,0.57667456,0.57253151,0.40855651
2020-09-05,-2.40741847,-2.52106864,-2.63752888,-2.81669353,-2.87194048,-3.03799637,-3.05896218,-3.8144311,-3.92701723,-3.2514105,-3.37334934,-3.57926764,-3.29598526,-3.42950006,-3.6486004,-3.24025305,-3.30746135,-3.4759981,-4.01168915,-4.20218939,-4.51444594,-3.99885634,-4.14514704,-4.45231941,-3.69643593,-3.95734597,-4.2875573
2020-09-06,0.22836149,0.23293205,0.23780666,0.20116148,0.20229837,0.20592391,0.28290515,0.2406007,0.1617232,0.30308985,0.30786608,0.31621027,0.30503361,0.31028189,0.31923576,0.30218133,0.30480537,0.31183234,0.37293267,0.38019472,0.39254842,0.37232864,0.37789557,0.39003522,0.36055826,0.3704054,0.38336024
2020-09-07,0.17102908,0.16470106,0.15860654,0.17205524,0.16955653,0.16243846,0.31807763,0.3073591,0.15570567,0.22650664,0.21970887,0.20875123,0.22522426,0.21784403,0.20637989,0.2270097,0.22327776,0.21485562,0.28666396,0.27605601,0.25943482,0.28744047,0.27930317,0.26301031,0.3043596,0.28993475,0.27248519
2020-09-08,-0.41628953,-0.41730647,-0.41887976,-0.4162372,-0.41664154,-0.41840625,-0.62723239,-0.61992276,-0.41937129,-0.55475569,-0.55584098,-0.55841084,-0.55487529,-0.5560568,-0.5589048,-0.55423348,-0.55483921,-0.55761431,-0.69173095,-0.69343823,-0.69736878,-0.6916065,-0.69291612,-0.69681801,-0.68888561,-0.69120664,-0.69535884
2020-09-09,0.22794303,0.23451101,0.24138173,0.22698121,0.22957707,0.23753429,0.29060851,0.29343025,0.24441651,0.30555609,0.31260908,0.32473383,0.30680836,0.31446886,0.327301,0.30462835,0.30850932,0.31856231,0.37789818,0.38892248,0.40735678,0.37709177,0.38554808,0.40366211,0.35951576,0.37450144,0.39387302
2020-09-10,0.32402009,0.33184956,0.34010806,0.32288656,0.32598152,0.33553901,0.42607203,0.42837468,0.34372782,0.43367188,0.44206475,0.45658603,0.43515217,0.44426807,0.45965333,0.43251612,0.43713577,0.44926476,0.53685101,0.54995047,0.57199511,0.53589275,0.54594126,0.56760983,0.51500218,0.53281454,0.55598939
2020-09-11,0.0893142,0.09245806,0.09571859,0.08884856,0.09009114,0.09387108,0.10848708,0.11025026,0.09716933,0.11963481,0.12300003,0.12874499,0.1202363,0.123891,0.12996366,0.11921242,0.12106391,0.12579375,0.14735105,0.15259399,0.16129759,0.14696742,0.15098944,0.15954102,0.13860305,0.14573503,0.15488558
2020-09-12,0.22459033,0.23356528,0.24283188,0.22325325,0.22680042,0.23754829,0.26316792,0.26882321,0.2469712,0.30098903,0.31059227,0.32692857,0.3027114,0.31314033,0.33039778,0.29981405,0.30509704,0.31849541,0.36997372,0.38492851,0.40966463,0.36887936,0.38035186,0.40465357,0.34501758,0.36536377,0.3913719
2020-09-13,-0.36140843,-0.37390457,-0.38686828,-0.35955868,-0.36449824,-0.37952872,-0.44034137,-0.44723351,-0.39263248,-0.48354404,-0.49688957,-0.51967427,-0.48592863,-0.50042134,-0.52450557,-0.48186347,-0.48920674,-0.50797793,-0.59510204,-0.6158499,-0.65028914,-0.59358356,-0.6095011,-0.64334374,-0.56046501,-0.58870529,-0.62493182
2020-09-14,0.44116643,0.43300148,0.42543278,0.44254628,0.43932343,0.43044678,0.74695993,0.72864914,0.42170317,0.58562925,0.57684778,0.56309989,0.58393054,0.57439852,0.56009441,0.58606107,0.58124479,0.57107176,0.73560216,0.72189391,0.70103836,0.73660598,0.72609004,0.70566916,0.75847717,0.73983048,0.71794225
2020-09-15,-0.03137238,-0.0477209,-0.0641002,-0.02884151,-0.03529987,-0.05435208,0.09727694,0.07934918,-0.07162188,-0.04543788,-0.06294288,-0.0920344,-0.04864942,-0.06765788,-0.09826395,-0.04367162,-0.05329233,-0.07650414,-0.04679393,-0.0740482,-0.11808779,-0.0447995,-0.06570593,-0.10892729,-0.00133494,-0.03839298,-0.08465339
2020-09-16,0.22668401,0.21813618,0.20989313,0.22806837,0.22469366,0.21506953,0.42121007,0.40698688,0.20597197,0.29952035,0.29037192,0.27560685,0.29779593,0.28786269,0.27241116,0.30020314,0.29518113,0.28382498,0.37832337,0.36410186,0.34178467,0.37936405,0.36845605,0.34658322,0.40202799,0.38270658,0.35929446
2020-09-17,0.23352354,0.25486287,0.27650868,0.23026948,0.23869871,0.26383838,0.16662082,0.18606441,0.28634588,0.31518388,0.33803573,0.37639155,0.31933897,0.34415787,0.38458342,0.31268938,0.3252508,0.35617546,0.37961869,0.41520394,0.47330238,0.37701599,0.40430873,0.46133305,0.32033033,0.36865659,0.42963237
2020-09-18,-0.04043559,-0.0443183,-0.04825223,-0.03984282,-0.04137681,-0.04594736,-0.02712542,-0.03071116,-0.05004067,-0.05457579,-0.05872692,-0.06568622,-0.05533113,-0.0598391,-0.06717215,-0.05412466,-0.05640679,-0.06201593,-0.06557463,-0.07202966,-0.08255268,-0.06510233,-0.07005379,-0.08038439,-0.05480978,-0.06358522,-0.0746392
2020-09-19,0.14184159,0.13511595,0.12858193,0.14292158,0.14026583,0.13264214,0.27527253,0.26483741,0.12549553,0.18684472,0.17965132,0.1679761,0.18549582,0.1776854,0.16545486,0.1874186,0.18346872,0.17442102,0.23651507,0.22533701,0.20769752,0.23733313,0.22875899,0.2114649,0.25515404,0.23996076,0.22144637
2020-09-20,-0.34196074,-0.34535623,-0.34920313,-0.34151935,-0.34286265,-0.34728427,-0.48962719,-0.48667487,-0.350785,-0.45470453,-0.45834117,-0.46499659,-0.45530841,-0.45926002,-0.46637732,-0.4540094,-0.45601526,-0.46190093,-0.56348269,-0.56916367,-0.5792742,-0.56306744,-0.56742489,-0.57738135,-0.55401438,-0.5617336,-0.57236715
2020-09-21,-0.78912842,-0.78987591,-0.79167163,-0.78921108,-0.78951129,-0.7914766,-1.19455003,-1.17965062,-0.79206032,-1.04887284,-1.0496981,-1.05250962,-1.04887487,-1.04977664,-1.0530059,-1.0480143,-1.04848517,-1.05208966,-1.30547349,-1.30683984,-1.31123999,-1.30537442,-1.30642247,-1.31082357,-1.30319949,-1.30505603,-1.30972075
2020-09-22,0.22597417,0.22223535,0.21880023,0.22661201,0.22513675,0.2211054,0.37862133,0.36979301,0.21709225,0.30024112,0.29623712,0.29001086,0.29946187,0.29511526,0.28864527,0.30041258,0.29821749,0.29365934,0.37704793,0.37082714,0.36142703,0.37750328,0.37273196,0.36353351,0.38741643,0.37896575,0.36911333
2020-09-23,-0.53142806,-0.53716642,-0.54361369,-0.53067175,-0.5329415,-0.54035694,-0.76028332,-0.75608158,-0.54628548,-0.70886652,-0.7150452,-0.7262803,-0.70990024,-0.71661402,-0.7286166,-0.70772614,-0.71113296,-0.72100269,-0.8807683,-0.89046839,-0.90762475,-0.88005934,-0.88749916,-0.9043887,-0.86460704,-0.87778213,-0.8958177
2020-09-24,0.84780241,0.84612161,0.84558009,0.84827919,0.84762081,0.84685698,1.31250689,1.29336542,0.84485478,1.13041181,1.12866511,1.12734401,1.12992711,1.12803623,1.12694428,1.12973501,1.12879427,1.12923922,1.41353585,1.41094804,1.4091898,1.41372611,1.41174145,1.41010911,1.41785042,1.41433697,1.412544
2020-09-25,0.05432001,0.05853145,0.06281492,0.05367995,0.05534348,0.06031675,0.04547968,0.04915367,0.06475715,0.07320758,0.07772293,0.08531818,0.07402697,0.07893115,0.08693939,0.07270643,0.07518856,0.08132628,0.08869379,0.09573364,0.10725326,0.08817895,0.09357812,0.10488509,0.07696723,0.08652541,0.0986136
2020-09-26,0.05778651,0.05741477,0.05712005,0.0578588,0.05771235,0.0573605,0.09132246,0.08974797,0.05695219,0.07676126,0.07636657,0.07581744,0.07667774,0.07624951,0.07569188,0.07674331,0.07652771,0.07619122,0.09585773,0.09525176,0.09443501,0.09590212,0.09543737,0.09464224,0.09686755,0.09604467,0.09519111
2020-09-27,0.08851075,0.08917132,0.08994957,0.08843052,0.08869196,0.08958327,0.12894697,0.12792758,0.0902587,0.11783156,0.11854425,0.11988936,0.1179457,0.11872032,0.12016579,0.1176736,0.11806715,0.11929118,0.14637865,0.14750113,0.14956043,0.14629665,0.14715755,0.14918733,0.1445089,0.14603324,0.14819921
2020-09-28,-0.19144576,-0.18976795,-0.18834497,-0.19175447,-0.19109305,-0.18940803,-0.30626986,-0.3005618,-0.1875834,-0.25408476,-0.25229985,-0.24968753,-0.25372042,-0.25178335,-0.24910161,-0.25407303,-0.25309651,-0.25134987,-0.31741193,-0.31466224,-0.31075646,-0.31761328,-0.31550438,-0.31169287,-0.32199401,-0.31825992,-0.314173
2020-09-29,0.15994668,0.1590802,0.15842695,0.16012158,0.15978038,0.15899549,0.25140817,0.24722783,0.15803714,0.21253525,0.21161552,0.21038255,0.21233578,0.21133808,0.21009655,0.21246832,0.21196649,0.21126363,0.26535194,0.26394168,0.26211263,0.26545528,0.26437366,0.26259629,0.26770242,0.26578715,0.26387734
2020-09-30,-0.05132326,-0.04871755,-0.0461806,-0.05174072,-0.05071194,-0.04775316,-0.10120074,-0.09723381,-0.04498395,-0.06763238,-0.06484562,-0.06031422,-0.06711052,-0.06408445,-0.05933578,-0.06785797,-0.06632786,-0.06281119,-0.08579289,-0.08146326,-0.07461676,-0.08610965,-0.08278895,-0.07607738,-0.093007,-0.08712702,-0.07994592
2020-10-01,-0.26852095,-0.26551764,-0.26287234,-0.26905493,-0.26787047,-0.26475153,-0.43556451,-0.42680457,-0.26150508,-0.35632714,-0.35312377,-0.34829923,-0.35568743,-0.3522105,-0.34722864,-0.3563797,-0.35462545,-0.35125261,-0.44565109,-0.44069898,-0.43345481,-0.44601365,-0.44221548,-0.43513673,-0.4539042,-0.44717806,-0.43959168
2020-10-02,-0.10941828,-0.11356798,-0.11786243,-0.10880167,-0.11044134,-0.11541944,-0.13009452,-0.13259671,-0.11977864,-0.14655032,-0.15100137,-0.15858922,-0.14734742,-0.15218191,-0.16020097,-0.14600074,-0.14844896,-0.15467814,-0.18021348,-0.18715993,-0.19867865,-0.17970544,-0.18503335,-0.19634667,-0.16863711,-0.17807362,-0.19016965
2020-10-03,0.0018096,0.00295907,0.00411072,0.00163161,0.0020856,0.00342482,-0.00743541,-0.00616924,0.00463997,0.0026708,0.00390322,0.00595202,0.00289693,0.00423535,0.00639101,0.00254686,0.00322408,0.00485755,0.00263945,0.00456035,0.00766632,0.00249894,0.00397223,0.0070197,-0.00056127,0.00204764,0.00530706
2020-10-04,0.1784986,0.17795854,0.17762672,0.17430418,0.17417692,0.1740422,0.26873896,0.2648636,0.17365263,0.2352062,0.23472861,0.23422575,0.23173778,0.2313694,0.23117359,0.23169443,0.23151128,0.23162173,0.28932925,0.28882107,0.28849124,0.28936662,0.28897687,0.28867201,0.29017678,0.28948661,0.28915087
2020-10-05,0.0893043,0.08391166,0.07840647,0.03825052,0.03714054,0.03405242,0.11906056,0.11369597,0.0472212,0.10001331,0.09495445,0.08642107,0.07336474,0.06901561,0.06215231,0.07445266,0.0722532,0.06714432,0.09462359,0.0883927,0.07849269,0.09507945,0.09030048,0.08059348,0.10500658,0.09654359,0.08615777
2020-10-06,-0.35359005,-0.35255505,-0.35149756,-0.35982339,-0.35929922,-0.35772619,-0.41050707,-0.40762068,-0.29015279,-0.53226321,-0.53772544,-0.54693846,-0.37835803,-0.38124822,-0.38653771,-0.37737926,-0.37884679,-0.38326761,-0.59115238,-0.60322128,-0.62370888,-0.46918416,-0.47239289,-0.4798294,-0.4625208,-0.46820226,-0.4761399
2020-10-07,0.04475122,0.04276471,0.04073653,0.04628807,0.04547944,0.04305401,0.05754041,0.05549774,0.02728217,0.05269115,0.05093737,0.04797816,0.03986887,0.0383984,0.03610331,0.04022757,0.03948418,0.03779322,0.05232829,0.05031839,0.04716071,0.05096388,0.04934886,0.04610042,0.05431788,0.05145866,0.04798312
2020-10-08,0.48520112,0.47283826,0.46021512,0.4981747,0.49307792,0.47778952,0.59633551,0.58248165,0.34238754,0.63066785,0.62307764,0.61026856,0.47196017,0.46510393,0.4548916,0.47346072,0.46999863,0.4628034,0.66257368,0.65725114,0.64977895,0.59445354,0.58695149,0.57247965,0.6100334,0.59675258,0.58125743
2020-10-09,0.26028328,0.26519568,0.27021173,0.26258542,0.26446914,0.27011969,0.28511253,0.28811354,0.24246303,0.41235436,0.42263389,0.43998092,0.30304612,0.31079597,0.32376979,0.30084829,0.304773,0.31491857,0.4742387,0.49204587,0.52161606,0.37114515,0.37969695,0.39800794,0.35339124,0.36852682,0.38809197
2020-10-10,0.37655669,0.36425807,0.35169888,0.38766319,0.38262825,0.3675237,0.4703476,0.45719661,0.25225915,0.47035016,0.46107402,0.4454219,0.35435576,0.34632819,0.334028,0.35623348,0.35217707,0.34326859,0.48394069,0.47488292,0.46106888,0.44787082,0.43908423,0.42169841,0.46611851,0.45056304,0.43195616
2020-10-11,0.20252056,0.19907498,0.19555526,0.20760499,0.20615733,0.20181328,0.24704768,0.24270116,0.14779071,0.27435739,0.27324396,0.271364,0.20193712,0.20085167,0.19949222,0.20208385,0.20153788,0.20076153,0.29313535,0.293877,0.29560832,0.25567039,0.25436628,0.25215161,0.25837834,0.25607031,0.2536933
2020-10-12,0.72276829,0.70507473,0.68700243,0.72555756,0.7185763,0.69762939,0.73371793,0.71971194,0.67916107,0.88515851,0.8768387,0.8627982,0.79839284,0.78466742,0.76217517,0.80212754,0.79518102,0.77789743,0.96177584,0.95610501,0.94679494,0.85968931,0.85020018,0.8302625,0.87939059,0.86259714,0.84128771
2020-10-13,-0.19653803,-0.2039646,-0.07347486,-0.19536166,-0.19829227,-0.07372343,-0.07449834,-0.0742126,-0.07336958,-0.23054318,-0.23798514,-0.10340192,-0.25301481,-0.26225148,-0.08627529,-0.25050563,-0.25517974,-0.08616901,-0.27262307,-0.28486216,-0.11877199,-0.29642641,-0.30707457,-0.09691359,-0.27432618,-0.29316489,-0.09627548
2020-10-14,-0.11731148,-0.12161471,-0.10372673,-0.11664281,-0.11834114,-0.06126959,-0.20893703,-0.21737153,-0.06203464,-0.14960592,-0.15455325,-0.09423408,-0.15056592,-0.15594249,-0.07557616,-0.14910637,-0.15182689,-0.07431513,-0.17699306,-0.1850979,-0.11143618,-0.17608298,-0.18229878,-0.08677233,-0.1631865,-0.17417953,-0.08504313
2020-10-15,0.37441577,0.35562355,0.33696289,0.37729699,0.36988142,0.34835768,0.38590976,0.37087138,0.32844069,0.38826368,0.37236672,0.34634185,0.38571964,0.36843876,0.3411784,0.39041169,0.38166812,0.36087129,0.39473355,0.37482817,0.34318515,0.39719482,0.38194088,0.35114685,0.42883752,0.40186562,0.36876497
2020-10-16,-1.0044338,-1.00190677,-0.77690233,-1.00477967,-1.00378344,-0.71058267,-1.02728062,-1.02643587,-0.690055,-1.17242374,-1.17645022,-0.86245241,-1.17385634,-1.17822757,-0.76885475,-1.17267155,-1.17488282,-0.78677102,-1.30857949,-1.322622,-0.93920409,-1.30727558,-1.31805748,-0.83332373,-1.2849201,-1.30397477,-0.84652536
2020-10-17,0.21191723,0.21108758,0.16431192,0.21203582,0.21170864,0.15084021,0.21683555,0.21641531,0.14629263,0.24697991,0.24755669,0.18210894,0.24723596,0.24786175,0.16272236,0.24706647,0.24738302,0.16673497,0.275408,0.2780079,0.19791309,0.27517664,0.27717324,0.17617613,0.27103822,0.27456548,0.17918697
2020-10-18,0.79210466,0.79257266,0.60496135,0.79199779,0.7921831,0.54745266,0.80986086,0.81123213,0.53291073,0.98331774,0.99154106,0.67589749,0.93420358,0.94031693,0.59758713,0.93254568,0.93563813,0.60997659,1.1076151,1.12627677,0.74122661,1.04602058,1.05731815,0.75139498,1.02260233,1.04256231,0.65933374
2020-10-19,0.58727342,0.55497836,0.536521,0.59222648,0.57948446,0.56026806,0.60571615,0.57980643,0.52711274,0.59436386,0.5663572,0.54748579,0.59641026,0.56631089,0.54429696,0.60458107,0.58935412,0.57721631,0.59598049,0.56028178,0.53733326,0.60804254,0.58105685,0.54460975,0.66399924,0.61630424,0.58718813
2020-10-20,-0.09668522,-0.14290192,0.04087335,-0.08991285,-0.10962673,0.13672127,-0.09158604,-0.13031524,0.10857072,-0.32651202,-0.37688931,-0.02337239,-0.24192253,-0.29132983,0.05949556,-0.22910668,-0.25524325,0.08975819,-0.46653476,-0.53953595,-0.10956846,-0.3497279,-0.40075913,-0.1661084,-0.24867687,-0.33717354,0.04819768
2020-10-21,4.33630776,3.01087254,2.57400544,4.35749493,3.06858408,2.51054648,4.4578351,3.10922079,2.40066185,4.74191161,3.50963352,2.74872733,4.5810703,3.34725556,2.57720003,4.61081499,3.39239044,2.68190543,5.03826313,3.78864253,2.86118662,4.8823453,3.62739853,3.00365424,5.05871461,3.68035574,2.80899662
2020-10-22,2.113938,2.04692482,1.40798951,2.0724648,1.85753099,1.25943627,2.1173526,1.9045076,1.23135178,2.56471093,2.44111921,1.60700169,2.38402729,2.2516404,1.71424257,2.37972189,2.23426684,1.43695862,2.87625031,2.78316824,1.94139936,2.92968037,2.82528473,1.91584759,2.59600572,2.48789941,1.55700431
2020-10-23,-0.74076979,-0.60728636,-0.65217788,-0.79307458,-0.56222454,-0.67295078,-0.60454756,-0.57345797,-0.67637258,-0.91666536,-0.70548556,-0.79876545,-0.94275046,-0.6610857,-0.77948471,-0.93865349,-0.66171589,-0.818208,-1.04461046,-0.78369644,-0.8883166,-1.02762324,-0.80591693,-0.89064212,-1.02631379,-0.72649824,-0.92667722
2020-10-24,0.97348043,0.90151106,0.85877839,1.04923284,0.90407198,0.87918919,0.98625574,0.91136935,0.84432738,1.09582797,1.00353883,0.95076863,1.10093504,0.97652448,0.94594396,1.10769242,0.99945049,0.98177059,1.15674337,1.04438441,0.98473848,1.16862932,1.06779697,1.00310983,1.21012611,1.06474315,1.03461933
2020-10-25,-0.77049994,-0.63119549,-0.65104943,-0.74303354,-0.59085301,-0.58687947,-0.62612927,-0.4699194,-0.47665855,-0.87495147,-0.7069191,-0.70734211,-0.90638084,-0.73502637,-0.73440323,-0.90040456,-0.54580745,-0.57351628,-0.85230972,-0.72520002,-0.69819878,-0.91792375,-0.67538506,-0.65149259,-0.7657858,-0.60147231,-0.6441986
2020-10-26,-0.41588541,-0.2175466,-0.26492413,-0.40566635,-0.20567038,-0.25966515,-0.2662895,-0.06274884,-0.17096396,-0.69697548,-0.40835699,-0.48401182,-0.70448917,-0.41880511,-0.50445111,-0.68370762,-0.15389007,-0.25381934,-0.73937281,-0.48332464,-0.55225112,-0.76926403,-0.41978301,-0.44028037,-0.47950894,-0.2200496,-0.37805507
2020-10-27,3.90361019,3.46150616,3.37417265,3.87847999,3.29982913,3.2085123,3.77451787,3.13229212,2.93768035,4.2186374,3.69251619,3.59393674,4.21540839,3.68010908,3.56843028,4.22816527,3.46080531,3.43232711,4.31714751,3.79760811,3.64382122,4.37704348,3.77894066,3.56458626,4.28417512,3.70421968,3.65226112
2020-10-28,-2.51000055,-2.14412528,-2.12359335,-2.57590566,-2.12390576,-2.10111873,-2.43603716,-1.94359445,-1.89048296,-2.87527265,-2.46941056,-2.45532147,-2.94117782,-2.46816501,-2.45217822,-2.93661553,-2.18879599,-2.22915495,-3.01952524,-2.57336579,-2.52349843,-3.07093741,-2.52619377,-2.4131507,-2.85226698,-2.36875734,-2.42864553
2020-10-29,1.03240249,0.98444957,0.94299689,0.95962543,1.01818033,0.96938508,1.1519648,1.01335385,0.91179831,1.14269749,1.07547309,1.01665053,1.14201886,1.06775193,1.00110407,1.15350665,1.08886103,1.04463556,1.16291288,1.0834701,1.00892111,1.17190623,1.09968716,0.98341034,1.24345483,1.14518416,1.07295588
2020-10-30,0.32612586,0.34388879,0.30981847,0.28825069,0.37191484,0.33195042,0.40863719,0.41954554,0.33795977,0.2774249,0.32597818,0.27394389,0.25103564,0.3189752,0.26001159,0.26334008,0.42047425,0.36657968,0.2478596,0.30321038,0.24662421,0.24125579,0.33248102,0.24624658,0.37388167,0.42179098,0.33547992
2020-10-31,1.19560884,1.08863274,1.05937162,1.17982754,1.11214853,1.07764689,1.26542757,1.0669077,0.99369128,1.35950936,1.22795805,1.18961875,1.38008294,1.22307371,1.17960983,1.38577826,1.16953236,1.15273122,1.41126959,1.2574257,1.20122536,1.42896101,1.255829,1.22708869,1.41863495,1.24547466,1.21678711
2020-11-01,0.59452129,0.45557828,0.48898549,0.6483214,0.42759223,0.46654792,0.51276753,0.2952194,0.3718624,0.84620941,0.62690724,0.6842945,0.91490436,0.63489578,0.69993877,0.89798493,0.39576458,0.47775528,0.95153026,0.69786892,0.74595896,0.98109548,0.64264612,0.77229002,0.72820044,0.46888558,0.59840484
2020-11-02,-1.68239618,-1.45226727,-1.45710855,-1.71887693,-1.44728012,-1.45259153,-1.66889509,-1.27949875,-1.28508741,-2.06989245,-1.74270656,-1.7618847,-2.15324057,-1.74579372,-1.76750999,-2.1425246,-1.4697613,-1.53227204,-2.21602401,-1.8367865,-1.83079388,-2.25985609,-1.7831167,-1.87931739,-2.01261909,-1.60896991,-1.7054861
2020-11-03,1.45359527,1.35150447,1.30051107,1.414534,1.39285712,1.33286648,1.57593409,1.37341219,1.24803015,1.59722317,1.45342543,1.37973504,1.547499,1.47826701,1.39755637,1.61651093,1.48199966,1.43242079,1.63414881,1.50507959,1.4123659,1.64884455,1.52074525,1.43936459,1.71659242,1.56271447,1.48142914
2020-11-04,1.47109247,1.23794459,1.25962076,1.58372553,1.27764875,1.29984075,1.48258073,1.09097273,1.13081713,1.9391866,1.49000925,1.52397177,1.86906056,1.59743365,1.64437117,2.01803182,1.27948819,1.36443777,2.09843363,1.695006,1.71333952,2.1452762,1.62889147,1.76200146,1.84029719,1.41735485,1.55018468
2020-11-05,5.63575608,5.1163906,4.93926166,5.79031339,5.62689842,5.41180051,6.35523613,5.50373882,5.0512013,6.45071901,5.99625268,5.74113961,6.49797601,6.02795656,5.74447343,6.64522608,5.95566047,5.79634312,6.73051102,6.15247547,5.81758402,6.79619747,6.19213191,5.92975982,6.9633358,6.28933446,6.02680946
2020-11-06,1.77929288,1.12817662,1.22585421,1.92727849,1.23301113,1.3641689,1.46259845,0.8182368,1.07682795,2.29909542,1.65940125,1.83157374,2.41411078,1.92577088,2.13877397,2.71781413,1.17969027,1.44123076,2.87887865,2.11762912,2.2797805,2.96675195,1.94438542,2.3575684,2.18225551,1.39975277,1.81192472
2020-11-07,-3.43388047,-3.40907326,-2.95582201,-3.4544145,-3.28937151,-3.01003927,-3.57380134,-3.04631386,-2.95621133,-4.54924493,-4.5396468,-3.92706828,-4.81215636,-4.5618285,-4.15094092,-4.84758405,-4.8639316,-4.23727284,-5.17101017,-5.19117651,-4.40713655,-5.1845303,-5.2117774,-4.43927339,-5.20064996,-5.27685113,-4.5170461
2020-11-08,2.55363666,2.54531674,2.1744374,2.81010671,2.7129396,2.43040867,2.9624541,2.49313478,2.42858655,3.40607074,3.39878678,2.88438805,3.35648026,3.20066402,2.82425987,4.00523797,3.99583691,3.51595965,4.34192039,4.32987269,3.65669351,4.34395833,4.33580944,3.67270453,4.37626253,4.35331723,3.77055378
2020-11-09,-0.28136951,-0.30190678,-0.21181447,-0.33090125,-0.31194374,-0.25280022,-0.30593441,-0.19063234,-0.22860421,-0.38213306,-0.40414504,-0.28856942,-0.38503464,-0.3687511,-0.29668194,-0.49034494,-0.49635125,-0.38958601,-0.46089672,-0.49314105,-0.36741237,-0.46958047,-0.49318203,-0.36078251,-0.41401598,-0.45483274,-0.34684377
2020-11-10,0.26796954,0.29061763,0.1975381,0.26603411,0.24759253,0.18955108,0.28955204,0.17028788,0.21276283,0.31916336,0.34063138,0.27075185,0.36876666,0.35325688,0.2798859,0.36541601,0.37350984,0.26837622,0.41670898,0.45047796,0.3468284,0.44910582,0.47516419,0.33932598,0.38761882,0.43276822,0.32262908
2020-11-11,1.7017132,1.70121186,1.44779915,1.6550398,1.59388036,1.41399715,1.92788033,1.61036642,1.58191123,2.19308375,2.18949715,1.91386376,2.25937682,2.15790459,1.90592469,2.21079666,2.21175568,1.91367088,2.7168243,2.71278395,2.36162918,2.79739245,2.79933793,2.36926762,2.80051639,2.79868391,2.42348193
2020-11-12,1.35596632,1.28469947,1.25155659,1.30242437,1.28186688,1.2332892,1.57675581,1.54455959,1.37541691,1.76870842,1.69442599,1.61744282,1.75128163,1.67084781,1.5789242,1.70016948,1.67631473,1.62459203,2.17975353,2.07073134,1.93532397,2.1811702,2.10350894,1.98123607,2.37425783,2.23303222,2.10124225
2020-11-13,0.46981639,0.51496529,0.34083377,0.49386372,0.4594525,0.35045179,0.5330159,0.30931193,0.39213286,0.58898276,0.63333877,0.47237102,0.67721423,0.65006972,0.51487477,0.67206953,0.68761578,0.49248807,0.75637698,0.8208968,0.56895705,0.81577307,0.86537566,0.6178769,0.69871287,0.78462607,0.58458414
2020-11-14,-1.11549414,-1.13748405,-0.96074447,-1.18509303,-1.13382008,-0.97833763,-1.35171499,-1.0623711,-1.09139289,-1.48781232,-1.51088257,-1.28093125,-1.6035363,-1.53578863,-1.33035767,-1.57532142,-1.58412241,-1.32250314,-1.88308378,-1.91546974,-1.55891106,-1.95613813,-1.98361382,-1.62922917,-1.89514313,-1.94015883,-1.63962354
2020-11-15,-0.85416689,-0.88022225,-0.74157009,-0.9280472,-0.8833632,-0.74663507,-1.05066164,-0.7889705,-0.83418994,-1.16925336,-1.19817924,-0.94568712,-1.26352752,-1.2098323,-1.03079081,-1.24309532,-1.25385438,-1.01853501,-1.47743174,-1.51941328,-1.20142449,-1.54325875,-1.57735615,-1.26197613,-1.46538596,-1.52270553,-1.25841268
2020-11-16,2.06094874,2.02202401,1.85031888,2.20158637,2.13701116,1.95403479,2.5961997,2.30508794,2.18166622,2.77465491,2.73438466,2.4025594,2.98195643,2.84826278,2.57862901,2.91065487,2.89763487,2.61187317,3.45754989,3.3986796,2.97727595,3.69063472,3.64785627,3.20900036,3.80347886,3.72137891,3.32446591
2020-11-17,2.84134573,2.81372974,2.54081131,3.04063494,2.94279928,2.65903495,3.54698061,3.07231733,2.96295202,3.81219594,3.78547595,3.26035316,4.09352222,3.91642232,3.51596756,4.00399383,3.99623537,3.54508245,4.71467525,4.67717772,4.03463221,5.02233533,4.99683827,4.33834716,5.09669476,5.04299598,4.46080187
2020-11-18,0.15827639,0.14031913,0.09155169,0.22490251,0.22564831,0.23170385,0.27935113,0.30696088,0.25684423,0.21241609,0.19301813,0.10259948,0.17007521,0.16217807,0.08456587,0.28481237,0.27724125,0.29605921,0.28220912,0.25220873,0.14057311,0.23615086,0.21462073,0.14519764,0.42411525,0.38135489,0.38430223
2020-11-19,-0.24952502,-0.27301327,-0.2759217,-0.27140614,-0.25204983,-0.1902632,-0.28933951,-0.16246461,-0.2121419,-0.34439505,-0.36980969,-0.37150466,-0.37798235,-0.36363985,-0.38397488,-0.36589361,-0.37507801,-0.26559603,-0.38473763,-0.420211,-0.46928159,-0.38064162,-0.4057191,-0.45719191,-0.36908189,-0.41928991,-0.30999308
2020-11-20,3.03053785,3.06748186,3.01790602,3.42784818,3.29547013,3.22694875,3.91992993,3.20423429,3.22127174,4.09325795,4.13560869,4.03227547,4.25187187,4.07816415,4.05044746,4.50083839,4.51546682,3.86310172,4.92452404,4.97603974,5.0503449,4.92076473,4.9571932,5.03302692,5.45557751,5.52756255,4.7688083
2020-11-21,1.58904518,1.70048382,1.70693323,1.38524618,1.63662502,1.68919168,1.88862565,1.21942444,1.44614451,1.89353627,1.99792479,2.27273691,1.89232481,2.24330282,2.33115822,2.30778866,2.35077383,1.77432272,2.44586558,2.6105593,2.83867324,2.42712246,2.54355857,2.78260351,2.44310856,2.67484142,2.09256494
2020-11-22,-0.22639512,-0.18670728,-0.14815103,-0.26276717,-0.20857591,-0.17359059,-0.45435015,-0.3926818,-0.28254392,-0.23461978,-0.18974895,-0.17591151,-0.22782468,-0.13784978,-0.08553263,-0.23051539,-0.21321853,-0.3101216,-0.34192172,-0.27814332,-0.19207872,-0.29366057,-0.24579699,-0.14815273,-0.44092952,-0.34509111,-0.41787109
2020-11-23,1.514466,1.62625328,1.71184629,1.59074569,1.83930933,1.90330315,1.41861322,1.34119213,1.61402599,2.15584056,2.28050383,2.31509668,2.17599408,2.52748187,2.63192226,2.58688499,2.63689983,1.98006267,2.52086246,2.6976245,2.93691122,2.71106021,2.84626252,3.12243535,2.70951267,2.97857129,2.32201578
2020-11-24,1.05338667,0.97914137,0.92220541,1.23551173,1.18819512,1.1143347,1.5299694,1.5043924,1.29604795,1.35343086,1.27452896,1.18634835,1.33023159,1.22320793,1.11627979,1.49509954,1.46561077,1.48724445,1.70145756,1.58493947,1.42785976,1.69039317,1.60685992,1.43766069,2.09086817,1.92227094,1.88340977
2020-11-25,-1.84630739,-1.87831931,-1.90291419,-2.15740618,-1.9762452,-2.00080589,-2.21374701,-2.13400204,-2.21652722,-2.45951963,-2.49425367,-2.53812191,-2.69106587,-2.50989017,-2.56014409,-2.59225717,-2.60221087,-2.63782484,-3.05067968,-3.10372194,-3.17542071,-3.04852981,-3.08612765,-3.16241514,-3.11794562,-3.17838967,-3.17016702
2020-11-26,-4.09124215,-4.05653548,-4.02985255,-4.29838526,-4.02200102,-3.99195551,-4.26869146,-4.13345447,-4.11337764,-5.430108,-5.39564578,-5.35104831,-5.73777988,-5.38385587,-5.33317137,-5.85541097,-5.83869739,-5.83539544,-6.77620332,-6.72811743,-6.6630349,-6.78277674,-6.74871575,-6.67953785,-7.39022418,-7.30002455,-7.15696871
2020-11-27,-0.31829511,-0.28350342,-0.28235637,-0.32721797,-0.26308484,-0.26263127,-0.27621722,-0.26657115,-0.26981021,-0.42884388,-0.38343904,-0.38148363,-0.467182,-0.36416716,-0.36304489,-0.47591834,-0.392923,-0.39395949,-0.54903264,-0.49204522,-0.48971165,-0.54417572,-0.48725758,-0.48424054,-0.61199191,-0.54676373,-0.53590556
2020-11-28,1.21951726,1.54269212,1.53747914,1.33202176,1.63971861,1.62922201,1.72252207,1.66457527,1.66430427,1.64813533,2.07724507,2.06900691,1.6035627,2.26239506,2.24229696,1.6522622,2.46228786,2.46207005,2.00433325,2.5395097,2.52177158,2.08181778,2.62616884,2.61489228,2.05831094,2.63604695,2.59337714
2020-11-29,1.52417873,1.79280124,1.82534474,1.72474042,1.82489998,1.86172008,1.48342993,1.83276217,1.96177537,2.07577662,2.41692389,2.47592623,1.99222536,2.56296448,2.62315691,2.09231055,2.6549489,2.69669272,2.47025592,2.8999883,2.98477658,2.61012697,3.02842579,3.13248043,2.47628278,2.96345887,2.97223215
2020-11-30,2.62188815,3.33647316,3.3126639,2.46549587,3.56565164,3.5273095,2.72604493,3.6243886,3.58018179,3.3104946,4.23666306,4.18355339,3.42008795,4.32554722,4.28572984,3.50658107,5.28745661,5.27226898,4.2412261,5.38718182,5.31482189,4.38194402,5.54980812,5.48616595,4.37065618,5.59640449,5.49103429
2020-12-01,-2.21539797,-2.18979122,-2.18386893,-1.88657268,-2.34380794,-2.3435238,-2.06499514,-2.64027597,-2.64975341,-2.98269207,-2.94284879,-2.93476702,-3.05453449,-3.21718658,-3.21134898,-2.6429282,-3.18089191,-3.19647507,-3.67743356,-3.61202617,-3.59476741,-3.69699965,-3.80377034,-3.77608795,-3.22891378,-4.02768749,-3.97281917
2020-12-02,0.71207085,0.70497272,0.69842065,0.61319225,0.7534524,0.74811198,0.66383812,0.88817101,0.87378515,0.97118669,0.96515035,0.95471904,0.99157533,1.06596534,1.05348738,0.85184042,1.01127075,1.0125855,1.20206713,1.1918577,1.17316647,1.20215907,1.27481552,1.2496348,1.06311403,1.36255839,1.33576806
2020-12-03,0.60804507,0.62268371,0.63661019,0.58127585,0.68477397,0.70669371,0.66711416,0.73590044,0.80046981,0.85421764,0.86852578,0.89546935,0.89079158,0.97976435,1.01462485,0.8671869,0.92833687,0.95132399,1.02930683,1.04862522,1.08795332,1.02978377,1.07357856,1.11331148,1.00744659,1.17496061,1.18456512
2020-12-04,-2.0113955,-2.03445314,-2.05658843,-1.85397808,-2.21296835,-2.25286325,-2.08422657,-2.4569376,-2.57561006,-2.78609469,-2.80942412,-2.85429116,-2.882278,-3.14118017,-3.20011144,-2.69081942,-2.97967555,-3.02831639,-3.38127054,-3.41054709,-3.47223088,-3.38234257,-3.54582346,-3.60172601,-3.19516388,-3.84211912,-3.83468799
2020-12-05,1.3718413,1.38492673,1.39754532,1.2542517,1.50644127,1.53053053,1.40820912,1.68642469,1.7588217,1.9114508,1.92515024,1.9517438,1.9767334,1.88044534,1.89542426,1.827734,2.04278359,2.07416848,2.33770618,2.35462542,2.39085402,2.33841567,2.23705257,2.28308086,2.19097475,2.66759407,2.65756219
2020-12-06,0.3300541,0.32490332,0.32011097,0.28313657,0.3453082,0.34044128,0.29872885,0.41295784,0.39935331,0.41042301,0.40453168,0.39397032,0.45420977,0.46088462,0.44915706,0.38150055,0.46131947,0.45992359,0.55399907,0.54678677,0.53321962,0.55400446,0.53032548,0.51714286,0.4818146,0.62613426,0.61100381
2020-12-07,-0.44863958,-0.45210448,-0.45546083,-0.47021306,-0.49035919,-0.49713382,-0.45673956,-0.55015811,-0.57051912,-0.58262329,-0.58488771,-0.58946285,-0.6400822,-0.62646037,-0.63093348,-0.58944299,-0.66026306,-0.66942428,-0.75531436,-0.75966158,-0.76912909,-0.75552336,-0.74098379,-0.75223348,-0.70583508,-0.85813851,-0.85391527
2020-12-08,-1.97405832,-1.97737663,-1.98089721,-2.06982848,-2.13433629,-2.14894359,-1.95178821,-2.43553396,-2.48115004,-2.73631023,-2.7327831,-2.725826,-2.79487199,-2.76049936,-2.75695512,-2.51544954,-2.87225586,-2.90020242,-3.52138692,-3.52090051,-3.51908028,-3.32987823,-3.24517371,-3.26173184,-3.88475262,-3.78048164,-3.74302525
2020-12-09,0.50320429,0.87297497,0.8860453,0.48253089,0.95523622,0.97739751,0.52371659,1.05261815,1.11863403,0.65264021,1.17589353,1.19386315,0.64438996,1.21230086,1.23467181,0.73340071,1.30202876,1.32774316,0.7923553,1.54601926,1.58031327,0.82603957,1.45675349,1.49878426,0.71936854,1.68793306,1.68996891
2020-12-10,-0.70889519,-0.99749914,-1.00188959,-0.70822357,-1.0802257,-1.09118921,-0.71855817,-1.2256797,-1.25917896,-0.94480167,-1.36413878,-1.36582198,-0.9445166,-1.39524559,-1.39872847,-0.96563412,-1.46131869,-1.47856112,-1.17877418,-1.77109579,-1.77863365,-1.17829217,-1.65019633,-1.6662633,-1.17242081,-1.92436293,-1.90905775
2020-12-11,-0.36532029,-0.52555128,-0.53316445,-0.36349651,-0.57487693,-0.58787036,-0.36405429,-0.63454181,-0.67326626,-0.49003437,-0.70891598,-0.71925094,-0.48925708,-0.7306175,-0.74351718,-0.49874185,-0.78379771,-0.79898654,-0.61195187,-0.93218254,-0.95197879,-0.61150526,-0.87764308,-0.90211248,-0.59549607,-1.01778378,-1.01847396
2020-12-12,1.18417817,1.64345275,1.63486363,1.18749842,1.76613327,1.76293502,1.21946339,2.06495329,2.05859365,1.57797204,2.29799469,2.27236603,1.5793852,2.33550465,2.30809735,1.61993284,2.39405467,2.40543315,1.97850975,2.97837127,2.94382648,1.9782699,2.7391617,2.71887351,2.00725241,3.23375437,3.18026985
2020-12-13,0.60619455,0.86659557,0.87777121,0.60357166,0.94574245,0.96525215,0.60572405,1.04678695,1.10497313,0.81041954,1.1671924,1.18187182,0.80930012,1.2011971,1.21969143,0.82519549,1.28335289,1.30663637,1.009566,1.52577147,1.55446893,1.00888352,1.43612446,1.47232055,0.98580807,1.66223461,1.66167231
2020-12-14,0.02675077,0.01768545,0.00729016,0.02966902,0.0087066,-0.0052658,0.03964232,0.04680964,0.00630205,0.03163188,0.04867621,0.03012944,0.0328696,0.03932703,0.01767107,0.03669542,0.00563314,-0.00571343,0.04112016,0.04738903,0.01680015,0.04148578,0.02430309,-0.00638143,0.06682261,0.04489132,0.0271143
2020-12-15,0.20829739,0.28282889,0.27909888,0.20950132,0.30109971,0.29746754,0.21707312,0.35861865,0.3485725,0.27507677,0.39698647,0.38869959,0.2755858,0.4009904,0.39172648,0.28315486,0.40297149,0.40228465,0.34320868,0.50600317,0.49368417,0.34325062,0.46268153,0.45258998,0.35362674,0.54590559,0.53348949
2020-12-16,2.50291653,3.42115039,3.38989075,2.51361645,3.65516982,3.62995009,2.59223585,4.30172793,4.23456106,3.30813712,4.76438145,4.68896577,3.31264896,4.82551658,4.7424684,3.39942702,4.89499442,4.90199129,4.12247676,6.08589865,5.97814103,4.12249214,5.59290833,5.51215632,4.21417708,6.57161527,6.4455203
2020-12-17,1.52912256,1.61963617,1.56028435,1.27462903,1.6817856,1.60949778,1.35360421,2.12631711,1.92100643,2.01026983,1.99376833,1.8978759,2.02020296,2.31607888,2.18702871,1.69381594,2.19945531,2.15324636,2.5264472,2.48215207,2.32784316,2.52959707,2.57327108,2.40746483,2.17620022,3.06522751,2.93790206
2020-12-18,0.60624251,0.71949303,0.71966495,0.52504131,0.77256982,0.77626074,0.5351701,0.87815319,0.89020434,0.80003557,0.89520748,0.89551159,0.80091626,0.83553734,0.84116565,0.70314827,1.02074583,1.02923979,0.99336882,1.09875637,1.09826683,0.99359417,1.1440231,1.14777612,0.84824936,1.31622788,1.30375286
2020-12-19,0.81689753,0.85667701,0.83070532,0.66962978,0.84065576,0.80621827,0.70633317,1.10568345,1.01879058,1.06963588,1.07062105,1.02810096,1.07428991,1.03300552,0.98640921,0.88618721,1.16258987,1.14414135,1.33554911,1.3281678,1.26130667,1.33705309,1.3449403,1.27452802,1.12195242,1.58418975,1.52808856
2020-12-20,-0.54122419,-0.67628792,-0.68597721,-0.48331639,-0.63471525,-0.64387479,-0.48402054,-0.80569932,-0.85310443,-0.71329284,-0.84124017,-0.85691256,-0.71281723,-0.85287116,-0.87285036,-0.64790158,-0.97698448,-0.99502586,-0.87816336,-1.02196167,-1.04537018,-0.87792672,-1.07645908,-1.10685515,-0.75959078,-1.2197268,-1.22338526
2020-12-21,-1.31326502,-1.45900622,-1.46615491,-1.14260101,-1.5007536,-1.50029159,-1.16205163,-1.90320203,-1.94047293,-1.72894428,-1.94606559,-1.95155004,-1.73044403,-1.94713093,-1.95788,-1.52751669,-2.22212309,-2.24366276,-2.13971773,-2.38058321,-2.38738802,-2.14005783,-2.48172374,-2.4987257,-1.83316812,-2.84444674,-2.82305534
2020-12-22,1.87453338,1.98812068,1.98090847,1.60143226,2.1091413,2.08770467,1.64552881,2.68091315,2.66331223,2.47389789,2.70318883,2.68110442,2.47851199,2.67965849,2.660421,2.14302495,3.05581578,3.06658547,3.08148866,3.33317954,3.29658245,3.08283163,3.45227482,3.42421217,2.61771614,3.99925964,3.9393336
2020-12-23,-1.45118521,-1.78551988,-1.82480718,-1.31123821,-1.72330418,-1.75988634,-1.30389879,-2.19061815,-2.35990486,-1.91514866,-2.30956299,-2.36921184,-1.91246953,-2.35542604,-2.42952246,-1.76155587,-2.70488765,-2.76564896,-2.35386039,-2.80006013,-2.89031032,-2.35273592,-2.96428867,-3.07729408,-2.04415634,-3.34429678,-3.37067982
2020-12-24,0.96713745,1.12652923,1.14108617,0.8541882,1.12605586,1.13657632,0.86034027,1.43506633,1.50151411,1.27934207,1.48881452,1.50901366,1.27918637,1.50300313,1.52979722,1.14863373,1.72532874,1.75295438,1.58425452,1.82161934,1.85209021,1.58406018,1.91483875,1.95680491,1.3617587,2.18637206,2.18552319
2020-12-25,1.28283055,1.27624871,1.25634464,1.07517979,1.40941322,1.37729233,1.11885486,1.78033216,1.70771893,1.68201411,1.76111744,1.72094906,1.6871503,1.72422371,1.68180507,1.42798875,1.95195226,1.94154573,2.09189963,2.17259981,2.10944043,2.09349341,2.22607459,2.16315824,1.77114392,2.59320279,2.53074829
2020-12-26,1.92598984,2.05293428,1.99875409,1.79838783,2.34733431,2.2691381,1.89090061,2.94846006,2.74335269,2.56565541,2.60015229,2.51059848,2.8519168,2.77854883,2.66694745,2.37256449,3.12450267,3.08282814,3.25229098,3.27370456,3.13077373,3.53027332,3.59290065,3.42736167,2.9789591,4.20508598,4.07055871
2020-12-27,0.30756888,0.63779978,0.70155196,0.32684227,0.43229962,0.50523355,0.27379234,0.55963073,0.81823909,0.40689071,0.75356384,0.85807256,0.3535478,0.79630961,0.92101435,0.45485954,0.9414055,1.01824242,0.46407951,1.02828316,1.20396535,0.41627692,0.9407034,1.12790543,0.41047554,0.97551061,1.06758592
2020-12-28,1.80896987,1.95405343,1.97828353,1.49965012,1.95244151,1.97003061,1.51005629,2.45380299,2.56223259,2.40378036,2.4312341,2.46962521,2.51297575,2.56437208,2.6082685,1.98960423,2.91609793,2.9602057,2.97543421,3.16231859,3.23671844,3.08450219,3.20875579,3.2761723,2.33514632,3.61975155,3.62044851
2020-12-29,0.25768081,0.25900412,0.24912593,0.23785124,0.30679964,0.29332694,0.25255169,0.38003285,0.34216997,0.33776517,0.3303161,0.31396584,0.37339474,0.34768578,0.32783319,0.30917274,0.38599124,0.37730561,0.42335186,0.38842692,0.3608499,0.45693931,0.44557227,0.41635767,0.39056543,0.52049793,0.49962462
2020-12-30,1.72881061,1.7761977,1.7466512,1.51999789,1.96291931,1.91680256,1.58166854,2.43870045,2.33126751,2.27248679,2.23573483,2.18614903,2.45261898,2.35364874,2.29240855,1.98630583,2.63471099,2.61716528,2.8251895,2.75628235,2.6779129,2.99661422,2.97587854,2.88675488,2.43529849,3.41921689,3.33815829
2020-12-31,0.06475768,0.04573205,0.02492525,0.09817085,0.12416371,0.0988302,0.1202596,0.14848788,0.06668384,0.08027717,0.0719494,0.03809116,0.11780261,0.07525591,0.034728,0.12096283,0.07197005,0.04971445,0.11166107,0.10139345,0.04920556,0.14440246,0.1143428,0.05477948,0.18783985,0.15979197,0.12617856
2021-01-01,0.29868025,0.28908148,0.2673153,0.23149838,0.38141254,0.35357332,0.32539068,0.46724209,0.38323621,0.41470011,0.40201357,0.36522004,0.44315156,0.39356826,0.35080035,0.38191939,0.42911427,0.40785561,0.55694941,0.50192505,0.44000655,0.53948886,0.51124992,0.44874136,0.50008507,0.60929952,0.57001885
2021-01-02,2.72283651,2.79847387,2.75534749,2.55496163,3.07640357,3.00870903,2.48823729,3.80051662,3.64838946,3.89532583,3.83323847,3.74684221,3.82605758,3.68134006,3.59348413,3.11276313,4.1092167,4.08590109,4.89434378,4.86264578,4.73185841,4.64421517,4.61779315,4.49291026,3.78975082,5.27335801,5.15828981
2021-01-03,2.75203083,3.07315488,3.26545328,2.79003099,2.49777272,2.7108499,1.79542482,3.12354195,3.89146208,3.56329274,3.59338854,3.90408935,3.51401401,3.83191587,4.19853224,2.58146864,4.40071022,4.63195176,4.21539553,4.64680355,5.1610386,4.21776853,4.53361515,5.072493,2.65070242,4.81023738,5.05714612
2021-01-04,1.89032788,1.96782656,2.02331922,1.82976761,2.46399052,2.56235849,1.87850995,2.00547041,2.1367063,2.53536112,2.58458159,2.68505935,2.55955584,2.62622062,2.73926893,2.52248326,2.59459976,2.6365929,3.14577177,3.22359772,3.38247967,3.14219053,3.20473865,3.37378289,2.77264344,3.14685662,3.2533079
2021-01-05,2.39663434,2.44324013,2.41961551,2.25867143,2.54451682,2.49753479,2.34950446,3.07850385,2.95375639,3.15498408,3.13863306,3.10190866,3.29271002,3.19687014,3.151172,2.94324536,3.37668897,3.35428596,3.80116696,3.76276894,3.6911636,3.95553896,3.92933864,3.86519594,3.46481253,4.25673006,4.20533779
2021-01-06,3.37929175,3.44545514,3.41647033,3.40307852,3.83304935,3.79024027,3.5204207,4.49306212,4.36803448,4.44361136,4.42508971,4.38312968,4.87939694,4.77429096,4.74224679,4.41927675,5.00091755,4.98310397,5.61820886,5.58811941,5.53189209,5.83377816,5.81620272,5.77394233,5.13071889,6.21499189,6.17414791
2021-01-07,2.55455911,2.21505244,2.15261046,2.41021029,2.27122823,2.1976357,2.54871761,2.30067517,2.13769065,3.29223713,3.2381337,3.11561332,3.51940674,3.33203708,3.19079713,3.04919111,3.59886286,3.53622504,4.08169508,3.98064778,3.79167832,4.13649062,4.05616662,3.85696342,3.67481653,4.54722971,4.40970938
2021-01-08,0.93740168,0.93146169,0.89429383,0.9885267,0.97865836,0.93354079,1.05650301,1.01318737,0.90632085,1.37337771,1.34304394,1.2742335,1.45201271,1.35332652,1.27195339,1.23203454,1.48282312,1.44743725,1.68680094,1.630301,1.52434508,1.68962324,1.64384811,1.52983866,1.51033715,1.88241704,1.80601904
2021-01-09,-0.05782467,-0.01055589,0.03640414,0.01040586,-0.04987886,0.00842695,-0.04078801,-0.03880798,0.1087064,-0.12800101,-0.0912369,-0.00775738,-0.08351558,0.0186696,0.12378289,0.05745744,-0.08189926,-0.03767753,-0.14478135,-0.07455392,0.05735517,-0.0692599,-0.00972105,0.13930988,-0.07259945,-0.2076031,-0.11239544
2021-01-10,-1.61947193,-1.58660405,-1.54656226,-1.69337542,-1.64733351,-1.59937831,-1.78339027,-1.71113585,-1.60215805,-2.27517171,-2.24188626,-2.16639735,-2.42855947,-2.31200561,-2.22586043,-2.12684416,-2.48099245,-2.44285996,-2.79227454,-2.73132572,-2.61707457,-2.83292101,-2.78481799,-2.6653131,-2.53154699,-3.08868766,-3.00654312
2021-01-11,-3.39389711,-3.43218007,-3.45373133,-3.71805568,-3.47428494,-3.5050277,-3.79753921,-3.6417744,-3.74633294,-4.44368153,-4.46119934,-4.50088651,-4.77289101,-5.11904395,-5.17360306,-4.79517489,-5.26110507,-5.28007321,-5.57932093,-5.61583534,-5.68415596,-6.08688704,-6.11936497,-6.20182463,-5.39712742,-6.33818166,-6.3786945
2021-01-12,-1.40662289,-1.39723391,-1.38102023,-1.50631145,-1.43612443,-1.41762136,-1.56762055,-1.50070901,-1.46523755,-1.8277391,-1.81635332,-1.79054503,-1.91378506,-1.87694717,-1.85510623,-1.94048013,-2.21963388,-2.20339416,-2.18403722,-2.1632407,-2.12428349,-2.24514065,-2.22834557,-2.18637769,-2.27397694,-2.39346601,-2.37175595
2021-01-13,3.58049704,3.21389133,3.17793856,3.82811823,3.65542696,3.59967448,3.99359336,3.82048964,3.7085243,4.66794529,4.63340936,4.55515559,4.87944174,4.59525897,4.53408282,4.94707715,5.69598653,5.6471153,5.47288501,5.40914323,5.28981233,5.47778818,5.42706523,5.29981652,5.837083,5.85077423,5.79187033
2021-01-14,2.0056445,2.2007194,2.21580306,2.17699611,2.37657829,2.39162839,2.59965605,2.49140805,2.54836755,2.49318316,2.50299575,2.52525404,2.80787208,2.71141676,2.72287969,3.28517286,2.83906912,2.86516031,3.22846077,3.25112074,3.29361615,3.48021155,3.49214772,3.52215242,3.720368,3.82731251,3.86878809
2021-01-15,-1.65632318,-1.62996318,-1.61204746,-1.67543025,-1.78880589,-1.77295831,-2.26202636,-2.16989187,-2.1146532,-2.21212855,-2.19877678,-2.16849978,-2.24178137,-2.38333679,-2.33823181,-2.76352441,-2.40426135,-2.39663703,-2.7947179,-2.77095114,-2.72640807,-3.03100766,-3.00643711,-2.94471807,-3.21277516,-3.22212746,-3.19456786
2021-01-16,-0.00373233,0.05978318,0.10255307,-0.00603231,0.14180417,0.20320596,0.0170967,0.01677399,0.18798584,0.05186891,0.08698165,0.16656924,0.0488151,0.03408174,0.12945531,0.14774802,0.29717903,0.34242192,0.0736411,0.14297981,0.27284127,-0.02465745,0.03286812,0.1772526,0.00681871,0.13975502,0.24317027
2021-01-17,-0.10912378,-0.09778699,-0.09158602,-0.10949069,-0.09825762,-0.09019903,-0.14919082,-0.14293473,-0.11912358,-0.14170217,-0.13667532,-0.12529434,-0.13980395,-0.15550141,-0.14122727,-0.16829942,-0.1261226,-0.12031906,-0.204496,-0.19595425,-0.17998857,-0.2071132,-0.19862321,-0.17735738,-0.21605195,-0.20103126,-0.18695041
2021-01-18,0.66787138,0.6479074,0.64324735,0.66832477,0.71501018,0.71341798,0.93088021,0.89209862,0.87955125,0.91202963,0.90858888,0.9008002,0.89794614,0.98307287,0.96987907,1.15097605,1.00790408,1.00743628,1.11608102,1.10791191,1.09264647,1.2550375,1.24785891,1.22988543,1.33487971,1.346488,1.34055363
2021-01-19,0.34254923,0.42967639,0.49282416,0.33925252,0.58997071,0.6830204,0.51035487,0.48987626,0.74520811,0.55388044,0.60582685,0.72342912,0.54195409,0.56322023,0.70222775,0.82290157,0.97729375,1.04582543,0.53547276,0.62942853,0.80504221,0.61299426,0.69720566,0.90813421,0.7019382,0.91049429,1.06468715
2021-01-20,-0.12932393,-0.10860188,-0.09635068,-0.13002404,-0.17019971,-0.15833721,-0.17359955,-0.16636248,-0.11857828,-0.19910616,-0.19031306,-0.17043973,-0.15893753,-0.17891921,-0.15111358,-0.18033198,-0.11406662,-0.10211873,-0.22067035,-0.20203784,-0.16730475,-0.24560362,-0.22893906,-0.18732129,-0.25211723,-0.21900947,-0.19063384
2021-01-21,-5.01019997,-4.93766801,-4.95411886,-5.01082058,-4.73204726,-4.73971611,-6.98508399,-6.69802788,-6.80365718,-6.45155671,-6.45336703,-6.45745745,-6.77847527,-7.38995991,-7.40205418,-8.75304005,-7.87200947,-7.91953372,-8.29822844,-8.31077972,-8.33416407,-9.3235097,-9.33486239,-9.36321655,-9.9429376,-10.17321656,-10.24238017
2021-01-22,1.8070467,2.33034902,2.33945895,1.8059571,2.22639947,2.23127501,2.24154666,3.21934591,3.27766116,2.31192671,3.09297895,3.09670154,2.52638844,3.57880739,3.58728751,3.01914598,3.83809693,3.86423425,3.01263293,3.81846485,3.84917121,3.21479723,4.02538365,4.0836966,3.48782471,4.10166962,4.08221036
2021-01-23,-0.35790316,-0.52019471,-0.50146654,-0.35860628,-0.54345583,-0.52062896,-0.37539899,-0.74416992,-0.6734558,-0.46726233,-0.67260387,-0.64073951,-0.47587838,-0.69562068,-0.65756095,-0.54486924,-0.7457747,-0.72957994,-0.61086959,-0.86379265,-0.81537934,-0.63065984,-0.88823608,-0.83858646,-0.69603361,-1.09956774,-1.05703299
2021-01-24,1.38707513,1.49267508,1.55958884,1.38380598,1.29138415,1.36508522,1.97680065,1.95457919,2.23653823,1.7432209,1.81918658,1.92729275,1.98343645,2.15201995,2.29756744,1.61047479,2.7215169,2.80164783,1.96547757,2.09367657,2.24768436,1.9795381,2.09072071,2.25523922,1.81826536,2.09532042,2.20308803
2021-01-25,-0.40004252,-0.40353724,-0.42957928,-0.51832669,-0.4394552,-0.47570601,-0.43035673,-0.67711237,-0.81048194,-0.53827946,-0.52986297,-0.57451442,-0.54834448,-0.57088978,-0.62353459,-0.59238332,-0.58643663,-0.61009535,-0.71587065,-0.71586267,-0.79126009,-0.72229674,-0.71421968,-0.79476186,-0.64693971,-0.6599943,-0.7143811
2021-01-26,0.32346885,0.36188384,0.37356608,0.42017622,0.41106093,0.42949455,0.31278706,0.61268528,0.68401804,0.44060608,0.47521144,0.4962342,0.4347879,0.48384945,0.50785748,0.49229777,0.48687513,0.49654731,0.60141046,0.6592311,0.69705271,0.60507293,0.65858548,0.69898631,0.56367817,0.68327857,0.70907827
2021-01-27,-1.44521419,-1.8213843,-1.81875897,-1.70023039,-1.99418247,-2.00198078,-1.43690727,-2.85126915,-2.91067135,-1.93276312,-2.32378093,-2.32457919,-1.92772506,-2.32533795,-2.32624371,-2.06097894,-2.50755718,-2.50364596,-2.54865838,-3.12678492,-3.13516098,-2.55380424,-3.12838026,-3.13730426,-2.50873242,-3.64041259,-3.63187361
2021-01-28,1.6455408,2.20225845,2.16713753,1.83815459,2.37697505,2.34248359,1.65891174,3.36572282,3.28430486,2.19191451,2.78997129,2.73630526,2.19827169,2.77009005,2.70880446,2.28204424,3.08480848,3.05248702,2.85734173,3.7358109,3.65128664,2.85686726,3.74036944,3.65003917,2.88545733,4.59751818,4.51383678
2021-01-29,0.60497397,0.76900893,0.76607416,0.70552948,0.83951964,0.8403042,0.60286506,1.19531466,1.21206181,0.80746136,0.97832836,0.97565628,0.80605565,0.9777825,0.97472785,0.85761198,1.05907207,1.05594706,1.0612563,1.31205196,1.31068464,1.0630478,1.31285095,1.31138078,1.04868956,1.53732515,1.5302116
2021-01-30,0.02129769,0.03193945,0.03053117,0.0206052,0.03329499,0.03154959,0.02216682,-0.02013942,-0.03620327,0.02756621,0.03917981,0.03687954,0.02801592,0.03828331,0.03565536,0.02688553,0.04511918,0.04389658,0.01615024,0.03186378,0.02647027,0.03386088,0.05054769,0.04646249,0.0366682,0.06777952,0.06464457
2021-01-31,-0.81225916,-1.03138116,-1.02731298,-0.94575223,-1.12493399,-1.12575264,-0.80956688,-1.24437127,-1.20862453,-1.08177028,-1.30911429,-1.30530248,-1.07996542,-1.30828273,-1.30392524,-1.14806838,-1.41631775,-1.41205001,-1.32087589,-1.64909271,-1.63834564,-1.42017214,-1.75048962,-1.74807379,-1.40159702,-2.04610357,-2.03645497
2021-02-01,0.60721171,0.72490915,0.73454549,0.74889527,0.8064933,0.82438981,0.59602159,0.79630151,0.81095664,0.8187114,0.93606226,0.95471243,0.81248532,0.94399667,0.96530077,0.8926564,0.98705638,0.99469202,0.99277447,1.16725335,1.19335389,1.10137824,1.27546816,1.31317373,1.05490005,1.4096441,1.43062096
2021-02-02,1.63726819,2.04593289,2.04680049,1.93635178,2.24290541,2.25687813,1.62522851,2.41303745,2.37033008,2.18762496,2.60853702,2.61608134,2.18050769,2.61292168,2.62153303,2.33858548,2.80415056,2.80318655,2.6661765,3.27809169,3.28031542,2.89052841,3.50525638,3.52792644,2.83012173,4.04148178,4.04148344
2021-02-03,1.76567298,1.97897944,1.98971154,2.08770247,2.39940522,2.41641661,1.751634,2.56373211,2.524788,2.34755584,2.78002324,2.79080991,2.3394202,2.78575402,2.79806744,2.50900672,2.97912923,2.97960832,2.84649332,3.23140825,3.2535305,3.08374533,3.70580611,3.73431324,3.01678945,4.23913273,4.24293472
2021-02-04,-0.51276586,-0.56742709,-0.5776495,-0.51507554,-0.66901314,-0.68474097,-0.50287941,-0.65171085,-0.66709838,-0.67489025,-0.76251916,-0.77941442,-0.67745398,-0.77656068,-0.79544748,-0.74321629,-0.80612882,-0.81306658,-0.80890057,-0.90499686,-0.9306652,-0.90474458,-1.0280449,-1.060175,-0.86599707,-1.08837643,-1.10786195
2021-02-05,1.06684158,1.19230663,1.20774793,0.99211189,1.41287328,1.43713955,1.05085779,1.42733625,1.43858409,1.31956365,1.54043473,1.5688428,1.41032364,1.6395067,1.66687258,1.5340166,1.7212356,1.73039013,1.59143622,1.91337655,1.95140938,1.87328619,2.17251341,2.22094772,1.80775154,2.04120494,2.08086998
2021-02-06,0.14902346,0.22121467,0.19383804,0.17045148,0.28930645,0.24950431,0.17004984,0.54182484,0.43954355,0.09244581,0.26778918,0.22156748,0.18893509,0.32392412,0.26681728,0.13497899,0.43121409,0.40566519,0.13718052,0.37815245,0.30427468,0.17832214,0.41027798,0.32134573,0.24856755,0.35328442,0.30126591
2021-02-07,-0.62400274,-0.60587581,-0.62088339,-0.50868312,-0.70940811,-0.73218751,-0.54093078,-0.65641219,-0.68710793,-0.86869638,-0.78372632,-0.81030579,-0.73228376,-0.82366929,-0.85230394,-0.81246461,-0.84171469,-0.85283978,-1.04818777,-0.95789156,-0.99632802,-1.1131281,-1.08873133,-1.13639709,-0.93270011,-1.03248328,-1.0664505
2021-02-08,4.31755323,4.28855006,4.19961199,3.50649601,5.20643193,5.08223783,3.66311544,6.44278553,5.98888045,5.68990528,5.44682875,5.30304393,4.72150571,5.97969097,5.78158977,4.79654026,6.7079111,6.61135708,7.08071233,6.97095596,6.72202475,7.23792375,7.81588305,7.52344741,6.0724651,7.19488551,7.05393904
2021-02-09,-0.05965647,-0.05608346,-0.04901019,-0.02379583,-0.0851069,-0.07440871,-0.0228682,-0.17373675,-0.14475794,-0.07295278,-0.06014025,-0.04866023,-0.02190826,-0.08528995,-0.07057424,-0.00843141,-0.0692953,-0.06377708,-0.09433108,-0.0874906,-0.06933064,-0.07925199,-0.10653255,-0.08400654,-0.02924228,-0.04827604,-0.03670238
2021-02-10,-0.71227739,-0.70260925,-0.69091219,-0.72756759,-0.75176865,-0.73981067,-0.75864008,-0.72966151,-0.69559293,-0.94002848,-0.93653287,-0.9156958,-0.96694086,-0.93070504,-0.90689893,-0.97956796,-1.35415922,-1.33517019,-1.16813842,-1.15950515,-1.12522722,-1.19813513,-1.19658216,-1.16326412,-1.22805824,-1.44201815,-1.41399238
2021-02-11,1.27655707,1.25548421,1.23000189,1.31205192,1.33950636,1.31189303,1.36685489,1.31762026,1.24398162,1.68742158,1.67984036,1.6344349,1.73962547,1.66697381,1.61510678,1.75079147,2.47902467,2.43988273,2.10829376,2.08961712,2.01545886,2.15014153,2.14653536,2.07223897,2.21646113,2.62026736,2.55946624
2021-02-12,0.18513632,0.2046069,0.22812464,0.14126372,0.24602035,0.27939333,0.15731366,0.13097457,0.19576579,0.25108217,0.25768669,0.29842919,0.23755824,0.27007872,0.31663179,0.31170974,0.13277253,0.15435827,0.27201622,0.28754278,0.34943511,0.35677941,0.36104452,0.43426557,0.29378182,0.27262932,0.32215261
2021-02-13,-0.14131617,-0.14597728,-0.15160218,-0.13002844,-0.16422444,-0.17275277,-0.13854647,-0.12720107,-0.14249574,-0.1882056,-0.18975873,-0.19942115,-0.18737842,-0.19275932,-0.20379621,-0.21098539,-0.20211405,-0.20630708,-0.22157782,-0.22517772,-0.23953087,-0.25036541,-0.25144954,-0.26925664,-0.23516894,-0.25420084,-0.26562159
2021-02-14,0.3637884,0.3463581,0.32529708,0.39882293,0.35494804,0.32811441,0.41001698,0.40606466,0.34679995,0.475102,0.46905295,0.43222108,0.50038157,0.45818142,0.41610548,0.46632047,0.81237873,0.78767667,0.61179183,0.59730708,0.53967974,0.58289838,0.57945504,0.51604304,0.63831855,0.78927202,0.7427748
2021-02-15,-0.42675836,-0.42565419,-0.42430848,-0.42574336,-0.46086688,-0.46146574,-0.4458605,-0.42470113,-0.42000709,-0.56301102,-0.56253021,-0.55995025,-0.57456979,-0.56201921,-0.55907051,-0.59694334,-0.75868448,-0.75316337,-0.68920459,-0.6878764,-0.68264512,-0.72299656,-0.72306798,-0.72074642,-0.72565001,-0.8345715,-0.83016765
2021-02-16,0.49185638,0.47990958,0.46546243,0.51390413,0.50673917,0.48972476,0.53329831,0.51795651,0.47678615,0.64629621,0.64209381,0.61670729,0.66964584,0.6347541,0.60574539,0.66119625,0.98291071,0.96364084,0.81126408,0.80110362,0.76068859,0.81317669,0.8109952,0.76858022,0.8505835,1.01442085,0.98175992
2021-02-17,1.51109369,1.49807798,1.48230751,1.52732144,1.61081002,1.59783148,1.59516549,1.5281215,1.48100647,1.99019084,1.98540113,1.95728747,2.03948985,1.97787431,1.94574217,2.08948604,2.77353548,2.7432949,2.45191696,2.43997023,2.39255954,2.5399257,2.53827439,2.49666011,2.57814561,2.99389458,2.95536017
2021-02-18,0.19661596,0.22433881,0.25784551,0.13475971,0.27709165,0.3241826,0.15421736,0.12038786,0.21275267,0.26727881,0.27664722,0.33441344,0.24636266,0.2941646,0.36019617,0.34683945,0.07064668,0.10149362,0.27576355,0.29769162,0.38519093,0.38857136,0.39452157,0.49737368,0.30012414,0.25273017,0.32221395
2021-02-19,1.44250562,1.4041135,1.35769387,1.51473992,1.4756554,1.42011839,1.56876598,1.52840676,1.39645289,1.88124208,1.86786995,1.78694113,1.95132165,1.84436106,1.75188997,1.91341628,2.86923788,2.81019298,2.35262964,2.32057831,2.19306379,2.34200251,2.33495813,2.19986151,2.46089063,2.93022477,2.8279949
2021-02-20,-0.10518861,-0.11533022,-0.12758961,-0.08231586,-0.13725656,-0.15464366,-0.09093583,-0.07694364,-0.1106556,-0.14075807,-0.14416251,-0.16518637,-0.133885,-0.15055562,-0.17459129,-0.17225967,-0.25225192,-0.25945079,-0.15249535,-0.16041636,-0.19204257,-0.19594476,-0.19812147,-0.23552416,-0.16384293,-0.15385559,-0.17882025
2021-02-21,0.53175792,0.5224384,0.51115358,0.54789315,0.55452556,0.54203205,0.56921721,0.55056441,0.51816254,0.69093342,0.68767095,0.66804629,0.71320557,0.68341928,0.66108416,0.71443097,0.67399727,0.66548727,0.91884495,0.91006625,0.87501896,0.86601657,0.8644689,0.83313113,0.89376697,1.0449237,1.02045575
2021-02-22,-2.23679823,-2.25234407,-2.27108955,-2.00233794,-2.21405921,-2.23571412,-2.09866366,-1.99197964,-2.00833466,-3.08486746,-3.08773987,-3.10534013,-2.69515073,-2.66070156,-2.6749925,-2.83231643,-2.57921456,-2.58659161,-3.80013905,-3.80777077,-3.83828167,-3.38368798,-3.38646685,-3.41962364,-3.35796804,-3.78955582,-3.80070104
2021-02-23,-3.06960709,-3.07891171,-3.09008784,-2.81488811,-3.0707147,-3.08455148,-2.94833725,-2.80521158,-2.79402925,-4.29701325,-4.29738555,-4.29968724,-3.79165249,-3.72244924,-3.7184541,-3.9569148,-3.61639648,-3.61717149,-5.39041008,-5.39169818,-5.39684808,-4.76489816,-4.76680577,-4.77738537,-4.75993682,-5.42907119,-5.41955992
2021-02-24,0.61855949,0.62381141,0.63015056,0.55167668,0.61722153,0.62497328,0.58000918,0.54825488,0.55583259,0.86936596,0.87061993,0.87840375,0.75758304,0.74881981,0.75509781,0.80159901,0.7235091,0.7265115,1.10026541,1.10347718,1.11632369,0.97032361,0.97136004,0.98470176,0.9597257,1.09262835,1.09821626
2021-02-25,-1.80583865,-1.82245091,-1.84250433,-1.6058169,-1.80130662,-1.82581711,-1.68839971,-1.59528563,-1.62140269,-2.52858283,-2.53268868,-2.55817353,-2.20360259,-2.1806566,-2.20177062,-2.3346651,-2.10615196,-2.11602051,-3.19163917,-3.20207805,-3.24382517,-2.82004971,-2.82329433,-2.8662983,-2.78557467,-3.16305771,-3.18228035
2021-02-26,-0.32209272,-0.32663177,-0.3321177,-0.2793937,-0.3205506,-0.32723848,-0.29466139,-0.27683875,-0.28609061,-0.45082952,-0.45212751,-0.46018726,-0.38902405,-0.38750346,-0.39464141,-0.41723015,-0.37250574,-0.37561367,-0.57158112,-0.57488814,-0.58812089,-0.50503132,-0.5059218,-0.51900888,-0.49424289,-0.55880377,-0.56593989
2021-02-27,0.05959253,0.06606792,0.07390616,0.04261233,0.05664404,0.06616221,0.03182744,0.02495187,0.04342272,0.0781495,0.08048529,0.09499241,0.06638694,0.07674247,0.09144658,0.0719316,0.05300925,0.05841832,0.09211394,0.09794449,0.12127916,0.09572897,0.0970477,0.1198061,0.06339257,0.05436962,0.06885733
2021-02-28,-0.71377626,-0.71700849,-0.7209011,-0.78799017,-0.71358899,-0.71837888,-0.68042215,-0.64517982,-0.64534707,-1.08866658,-1.08994433,-1.0978763,-1.03151461,-1.02270197,-1.03563304,-0.93182973,-0.84525441,-0.84628154,-1.36912199,-1.37205101,-1.38376938,-1.26805631,-1.26950601,-1.28847463,-1.13124273,-1.30094491,-1.30078485
2021-03-01,2.70986241,2.71346935,2.71775892,2.97927726,2.71328346,2.71873828,2.61759913,2.48851284,2.46312129,4.14225914,4.14374463,4.15295987,3.9080511,3.85619202,3.88267421,3.55380259,3.23808923,3.23450799,5.23904817,5.24189361,5.25327758,4.81061263,4.8142583,4.85321646,4.35693325,5.04545423,5.02425895
2021-03-02,-1.01837136,-1.03319968,-1.05112185,-1.13912828,-1.01323804,-1.03508279,-0.93015504,-0.87414926,-0.90507215,-1.54522102,-1.55098199,-1.58675265,-1.48327075,-1.49213203,-1.53711489,-1.31192008,-1.17255369,-1.18280155,-1.91155757,-1.92535906,-1.98057844,-1.81789731,-1.82214126,-1.88782355,-1.54463579,-1.73771312,-1.76133097
2021-03-03,1.28248685,1.28923224,1.29736465,1.4161541,1.28168522,1.29166859,1.21914532,1.15576117,1.15893833,1.94740061,1.95008836,1.96678099,1.84832566,1.83499074,1.86074573,1.66853136,1.51320216,1.51590935,2.43827026,2.44455398,2.46971202,2.26613294,2.26893867,2.30683291,2.01595782,2.30946302,2.31192831
2021-03-04,-0.69720177,-0.68667756,-0.67391586,-0.74536142,-0.70345623,-0.68803171,-0.72015244,-0.69510454,-0.65468201,-1.0413472,-1.03729898,-1.01215216,-0.96622046,-0.9304545,-0.90695212,-0.91693198,-0.86061826,-0.84998816,-1.32098232,-1.3108978,-1.27053274,-1.17169935,-1.1700782,-1.13562898,-1.15793672,-1.36423853,-1.33315361
2021-03-05,0.15084693,0.14360582,0.13483634,0.15312185,0.15454873,0.14391705,0.17578589,0.17348422,0.14993674,0.22243202,0.2196229,0.20217946,0.1980399,0.18015132,0.16197919,0.20349433,0.20048047,0.19392367,0.29128191,0.2843457,0.25659676,0.23771293,0.2362674,0.20958394,0.27626153,0.33990533,0.32162667
2021-03-06,0.8883686,0.92532489,0.97004248,1.03391201,0.87254285,0.92689383,0.71461264,0.65034836,0.74880665,1.3677635,1.38212417,1.47130982,1.35178259,1.40829166,1.51092124,1.12282585,0.95566425,0.98514122,1.65416352,1.68910746,1.828951,1.67194801,1.68095342,1.83129303,1.2306406,1.31231331,1.38826591
2021-03-07,1.16398822,1.16734345,1.17137022,1.2786678,1.16453299,1.16952693,1.11804723,1.06290096,1.05791144,1.75082527,1.75206897,1.7597812,1.65915075,1.64164847,1.65681091,1.50974979,1.37719416,1.3772524,2.18382729,2.18639647,2.19665972,2.02163704,2.02342559,2.04488572,1.82753273,2.09548018,2.0907107
2021-03-08,1.40153811,1.41976608,1.44177675,1.56147993,1.3954551,1.42231737,1.28935091,1.21443657,1.25106328,2.10638835,2.11331562,2.15628588,2.02101678,2.02902306,2.08391358,1.79832717,1.61470028,1.62691765,2.59291201,2.60921048,2.67431513,2.46188574,2.46705464,2.54606526,2.11626783,2.37897862,2.40580478
2021-03-09,0.98828692,0.9748802,0.95864317,1.05615363,0.99639254,0.97674105,1.01563781,0.98032381,0.9276957,1.40176085,1.39595714,1.35996675,1.35636377,1.30971004,1.2800754,1.28749616,1.2094787,1.19571683,1.7743129,1.76012238,1.70348135,1.63073339,1.62868028,1.58484503,1.60901279,1.88136294,1.8408103
2021-03-10,-0.20986208,-0.24128541,-0.27928603,-0.28077371,-0.19537284,-0.24156145,-0.07721079,-0.0475036,-0.13904734,-0.24701008,-0.25795938,-0.32588046,-0.36557947,-0.4241226,-0.50609172,-0.24070799,-0.16029132,-0.18650913,-0.37325683,-0.3987126,-0.50038742,-0.45796241,-0.46480908,-0.58313471,-0.17363893,-0.10990688,-0.17802107
2021-03-11,0.7815134,0.7709726,0.75821361,0.75538931,0.71056936,0.69836942,0.71999896,0.69426862,0.66049117,1.00866731,1.00518703,0.98357857,0.96822219,0.93782748,0.92011771,0.91564594,0.85834218,0.84967353,1.2965118,1.28763109,1.25211453,1.309479,1.30750557,1.27238769,1.13649478,1.32195842,1.29677099
2021-03-12,-0.59557548,-0.60832294,-0.62374773,-0.63664001,-0.55794895,-0.57809036,-0.49314492,-0.45955939,-0.49341323,-0.77170314,-0.77611413,-0.80350351,-0.81787654,-0.83437752,-0.87275522,-0.71099634,-0.62781665,-0.6381524,-0.97565113,-0.98613447,-1.02807876,-1.05281461,-1.05586706,-1.10718728,-0.80605106,-0.88119811,-0.90634146
2021-03-13,1.89736537,1.90056321,1.90443382,1.87794071,1.70821452,1.72097719,1.62858632,1.54774997,1.55192877,2.39765736,2.39946632,2.41069774,2.4114009,2.39570244,2.42765367,2.19098533,1.99855797,2.00205353,3.14009111,3.14260709,3.15267889,3.27297748,3.27436945,3.29784069,2.61147259,2.95753707,2.96128758
2021-03-14,-0.60203201,-0.60134649,-0.60051684,-0.58923599,-0.53995404,-0.54162852,-0.52076336,-0.49662935,-0.49327805,-0.75416181,-0.75416975,-0.75421741,-0.75241047,-0.74451122,-0.75029267,-0.68978478,-0.63341444,-0.63317825,-0.98522314,-0.9846054,-0.98213277,-1.02042646,-1.0204749,-1.02130864,-0.82454135,-0.93504116,-0.93276886
2021-03-15,-1.56832209,-1.5468327,-1.52082483,-1.45578106,-1.3698073,-1.34710211,-1.38649616,-1.33729345,-1.27398689,-1.93367336,-1.92724381,-1.88730604,-1.85881749,-1.80217885,-1.7696448,-1.75847348,-1.64946242,-1.63334763,-2.58683895,-2.56895242,-2.49736065,-2.61947359,-2.61520774,-2.54354349,-2.17263414,-2.51783133,-2.47168635
2021-03-16,0.60758072,0.59671203,0.58356437,0.5536662,0.52521333,0.51300391,0.53994028,0.52235713,0.49090587,0.74773383,0.74439148,0.72364046,0.70944341,0.68263293,0.66391592,0.67764973,0.63940331,0.6311513,1.01392265,1.00472353,0.96793739,1.01956324,1.01730395,0.97937203,0.84934253,0.99406325,0.97058467
2021-03-17,0.67081498,0.65450665,0.63477402,0.59405415,0.5723702,0.55293152,0.60342097,0.58718718,0.54049028,0.81683379,0.81173816,0.78009511,0.75926126,0.72190561,0.69076451,0.73873963,0.70547405,0.69297522,1.11726151,1.10360798,1.04898435,1.10988353,1.10644074,1.04860651,0.939921,1.10983593,1.07527668
2021-03-18,-0.57577322,-0.57658016,-0.57755691,-0.5693158,-0.51858846,-0.52221724,-0.49513215,-0.47087392,-0.47169903,-0.72548721,-0.72597907,-0.72903275,-0.72906252,-0.72409506,-0.73328671,-0.66357574,-0.60616038,-0.60708926,-0.94698271,-0.94761104,-0.95012648,-0.9859563,-0.98633714,-0.99276011,-0.78975808,-0.8932239,-0.8940435
2021-03-19,0.43350211,0.43895409,0.44555332,0.44803519,0.39904559,0.40844555,0.36487719,0.3431265,0.35713415,0.55541506,0.55737822,0.56957207,0.57544612,0.58051468,0.59927178,0.50990608,0.45679902,0.46131373,0.71309995,0.71759777,0.73560492,0.75778117,0.75915919,0.78234727,0.59100075,0.65643609,0.66697543
2021-03-20,0.02307612,0.02066307,0.01774258,0.01300623,0.01632285,0.01310608,0.02368589,0.02444012,0.01770632,0.02486414,0.02408184,0.01922281,0.01627231,0.01161276,0.00604547,0.02162554,0.02415506,0.02226762,0.0392789,0.03727916,0.02927495,0.03332274,0.03279048,0.02384264,0.03413832,0.04501932,0.04005285
2021-03-21,-0.43247236,-0.4303931,-0.42787649,-0.41683967,-0.38457713,-0.38361281,-0.37606021,-0.35971996,-0.35291213,-0.54045491,-0.53994326,-0.53676393,-0.53354079,-0.52489885,-0.52528598,-0.49304703,-0.45517125,-0.4537554,-0.71327249,-0.71151703,-0.70448988,-0.7343481,-0.73403211,-0.7287334,-0.59618351,-0.68147815,-0.67659533
2021-03-22,-2.0468703,-2.04030976,-2.03236964,-1.98590254,-1.82536552,-1.82535358,-1.77364332,-1.69372554,-1.67060309,-2.8715118,-2.86788877,-2.84538714,-3.01441663,-3.01052201,-2.99311153,-2.34175248,-2.15498563,-2.15086835,-3.38367428,-3.37804082,-3.35549182,-3.49469591,-3.49393074,-3.4811346,-2.82299472,-3.22097343,-3.20445485
2021-03-23,0.21650708,0.20735716,0.19628474,0.16760572,0.20185155,0.19195625,0.22007692,0.21557156,0.19292836,0.31059056,0.30727144,0.28666189,0.29507961,0.28048465,0.25542865,0.26251139,0.25422772,0.2480452,0.36749371,0.359767,0.32884846,0.34304843,0.3409805,0.30622449,0.34322384,0.41229949,0.39530037
2021-03-24,-1.18365236,-1.17875394,-1.17282513,-1.08811368,-1.21226779,-1.22186241,-1.1540408,-1.09584629,-1.09970984,-1.65589016,-1.65361304,-1.63947032,-1.65785338,-1.64850732,-1.63229402,-1.5603946,-1.42076104,-1.42352121,-1.98210561,-1.97790922,-1.96111079,-1.97860786,-1.97753805,-1.9595875,-1.86474395,-2.11666477,-2.11997722
2021-03-25,-0.31400191,-0.24946272,-0.23634055,-0.25163465,-0.22693937,-0.21064419,-0.2598959,-0.25705234,-0.22114213,-0.43458596,-0.35688015,-0.33280835,-0.43647496,-0.34697855,-0.31939094,-0.29715877,-0.29425857,-0.28430677,-0.53187294,-0.4326248,-0.39589219,-0.52536769,-0.43092216,-0.39161711,-0.53069163,-0.49389079,-0.46673558
2021-03-26,0.86874117,1.64257447,1.63259907,1.08861953,2.00178568,1.99979861,1.94813723,1.85893056,1.82890268,1.15525797,2.52155032,2.50395859,1.15599606,2.19091608,2.1708814,2.59149876,2.3797255,2.37388042,1.4480596,3.15865612,3.13089549,1.44514218,2.75827717,2.72886512,1.43746263,3.62903439,3.60647263
2021-03-27,0.17052247,0.2930956,0.28822995,0.19757869,0.35001858,0.34479305,0.35269083,0.3395854,0.32452212,0.22500145,0.45237608,0.44290932,0.22548107,0.38720952,0.37746809,0.01222855,0.42202228,0.41821008,0.28327781,0.56527688,0.55045096,0.28138481,0.48902574,0.47476559,0.29048392,0.64960276,0.63845504
2021-03-28,-0.06705429,-0.12813197,-0.13465688,-0.12501646,-0.16934298,-0.1806065,-0.13713198,-0.12455569,-0.14522344,-0.09115618,-0.2017065,-0.21541663,-0.09057952,-0.17364495,-0.18677388,-0.09406774,-0.18301208,-0.18911998,-0.1101546,-0.24552933,-0.26703995,-0.11243353,-0.20729714,-0.22661655,-0.10169096,-0.2429721,-0.25843919
2021-03-29,0.65544013,1.17694609,1.19144868,0.9453366,1.46970064,1.50207955,1.34901669,1.2694916,1.31628162,0.87527207,1.83170728,1.86410095,0.87410789,1.57188379,1.60128503,0.84547708,1.68852742,1.70386904,1.0837204,2.26280694,2.31388685,1.08833758,1.93761029,1.98119826,1.06697651,2.44519911,2.48088309
2021-03-30,0.34154955,0.589402,0.58340285,0.41559895,0.70893346,0.70428806,0.70023601,0.67145418,0.65310162,0.45075331,0.9049519,0.89377005,0.45137479,0.77724413,0.76530542,0.41948708,0.84323234,0.83896709,0.56410821,1.12254992,1.10511776,0.56166252,0.97228703,0.95491477,0.57350774,1.26966074,1.25629624
2021-03-31,0.20512122,0.38950019,0.40949655,0.17237543,0.51321218,0.54750257,0.41539934,0.3774954,0.44071111,0.27806618,0.60783737,0.64944731,0.27629066,0.52514713,0.56516158,0.28734616,0.552414,0.5709751,0.33491633,0.73539709,0.8002759,0.34191212,0.6234521,0.68201868,0.30893147,0.72461676,0.77113614
2021-04-01,0.12294894,0.15877689,0.17865132,0.12938132,0.16708274,0.18930795,0.10827193,0.09086198,0.13401206,0.17068701,0.27155605,0.3057794,0.16882804,0.28018336,0.31687515,0.0886614,0.16286726,0.17526503,0.20251745,0.32792671,0.38163183,0.20986639,0.32532328,0.37922903,0.17499603,0.17952156,0.21106651
2021-04-02,0.9673513,1.54357022,1.61373663,0.99493387,1.20500422,1.27377337,1.00373747,0.92015797,1.04535095,1.31659929,2.03665442,2.1601994,1.30884878,2.06557059,2.20806522,0.68178469,1.92349241,1.98120851,1.5988333,2.50037994,2.69529525,1.62952712,2.46207779,2.67325202,1.48379886,2.33027076,2.45927209
2021-04-03,-1.20154884,-1.53308512,-1.56273344,-1.22458091,-1.2925392,-1.31926302,-1.19153841,-1.12389817,-1.16285123,-1.6290457,-1.99315816,-2.04587998,-1.62256397,-1.92664789,-1.9919196,-1.66017101,-1.9301752,-1.9577503,-2.00271835,-2.56815945,-2.64319345,-2.02853967,-2.52377842,-2.60712011,-1.90593237,-2.5240819,-2.57810725
2021-04-04,0.61102311,0.81640919,0.83098504,0.62211334,0.69007228,0.70292439,0.63942065,0.60367534,0.62140248,0.83032583,1.06564236,1.09191534,0.82718311,1.06870638,1.09916486,0.81120958,1.0305299,1.04441044,1.02485285,1.36935743,1.40761632,1.03746566,1.35926466,1.40091776,0.97764857,1.36405368,1.39107475
2021-04-05,0.25505238,0.3706322,0.37193785,0.2577672,0.32603792,0.32631911,0.31630409,0.30216527,0.29875063,0.34313636,0.47989507,0.48262218,0.34237369,0.51020153,0.51168041,0.33024796,0.46146037,0.4635336,0.42485085,0.62641147,0.62868302,0.42791453,0.61957967,0.62248002,0.41341231,0.638228,0.64021474
2021-04-06,-0.25964156,-0.48202098,-0.46710516,-0.25589805,-0.46329994,-0.44621814,-0.49222442,-0.48027846,-0.43971633,-0.3396943,-0.61495175,-0.58994299,-0.34076559,-0.67037748,-0.63814789,-0.3094391,-0.58260203,-0.57218556,-0.42767129,-0.83826288,-0.79467186,-0.42345708,-0.82209509,-0.77652189,-0.4436075,-0.89816674,-0.86907161
2021-04-07,-1.44065789,-1.89882536,-1.93630395,-1.46804488,-1.59759516,-1.63142097,-1.47049499,-1.38608266,-1.43571384,-1.95546345,-2.60498537,-2.66543716,-1.94774208,-2.60062143,-2.67135969,-1.91447593,-2.39628398,-2.43115896,-2.40740721,-3.1643422,-3.26192473,-2.43822715,-3.14284237,-3.24880537,-2.29192885,-3.14249019,-3.21121376
2021-04-08,1.13527886,1.54666176,1.5702346,1.1545205,1.31504075,1.33505427,1.22909514,1.16253433,1.18698578,1.54521706,2.12425395,2.16254695,1.53973878,2.13712704,2.18107478,1.50504261,1.95402536,1.97728951,1.91420222,2.62302556,2.68474025,1.93631232,2.60130093,2.66884498,1.83152896,2.62508484,2.66902156
2021-04-09,-0.05386389,-0.041256,-0.04726786,-0.05672843,-0.02247791,-0.02866581,-0.00673322,-0.00290688,-0.01527198,-0.07583317,-0.04994645,-0.06067756,-0.07502039,-0.05414766,-0.06641046,-0.079159,-0.0574462,-0.06231457,-0.09136627,-0.06084994,-0.07763307,-0.094604,-0.06269646,-0.08053977,-0.07920879,-0.04630106,-0.05777576
2021-04-10,0.70022401,0.99575118,1.00299729,0.7091547,0.86664115,0.87129829,0.83111098,0.79157262,0.79043424,0.94537859,1.36919166,1.37933183,0.94285848,1.37175659,1.38346166,0.91361494,1.24523314,1.25379408,1.17028471,1.68339619,1.70011649,1.18041447,1.66647533,1.68553541,1.13242984,1.70543107,1.7180123
2021-04-11,0.16603418,0.21341317,0.21850754,0.16949736,0.17760737,0.18233513,0.16114514,0.15135312,0.15885042,0.2255679,0.28816605,0.29670078,0.22459142,0.29124756,0.30102223,0.22171974,0.26986591,0.27447802,0.27705997,0.35285903,0.36631607,0.28095314,0.35089139,0.36543735,0.26246931,0.34790911,0.35731749
2021-04-12,-0.10421112,-0.13147749,-0.13503841,-0.10653002,-0.10844684,-0.11180644,-0.09724266,-0.09105029,-0.09659956,-0.1417064,-0.17689124,-0.18290151,-0.14105303,-0.17908924,-0.18596987,-0.13969145,-0.16660189,-0.16977217,-0.17379739,-0.21642179,-0.22587062,-0.17639871,-0.21540537,-0.22559397,-0.16404414,-0.21223449,-0.21881918
2021-04-13,1.76944094,2.47272455,2.49626269,1.79403308,2.14157518,2.15908036,2.03963749,1.93989621,1.94958588,2.38576987,3.3797637,3.41477905,2.37886037,3.39010706,3.43039951,2.31230955,3.08988017,3.1153168,2.94370437,4.1409351,4.197417,2.97131545,4.10249506,4.1656182,2.84041033,4.17889598,4.22023188
2021-04-14,0.33119512,0.5351673,0.60288646,0.37100813,0.27204903,0.34386202,0.36789721,0.04471587,0.18851786,0.48491607,0.70017278,0.81694203,0.47374549,0.74399394,0.87750356,0.47988119,0.60985171,0.66692334,0.54434165,0.81295109,0.99562612,0.58854546,0.81152947,1.00724687,0.37828894,0.66946613,0.79395396
2021-04-15,0.79279566,0.7526286,0.77815483,0.80955883,0.69753742,0.72714362,0.48049942,0.56272743,0.61536308,1.05908952,1.00068851,1.04675259,1.06720459,1.1346874,1.19427877,1.07556702,1.10843236,1.13386784,1.2946238,1.34368606,1.42469347,1.32825434,1.36175725,1.44730971,1.2414962,1.3089414,1.36461606
2021-04-16,-1.60607664,-1.55531532,-1.55415273,-1.60685425,-1.51902605,-1.51509188,-1.50812294,-1.42532179,-1.39951316,-2.21543527,-2.1610432,-2.15410337,-2.12741125,-2.15758464,-2.16128196,-2.12925729,-2.18654854,-2.189072,-2.74734761,-2.69614159,-2.68489388,-2.64116145,-2.66055855,-2.66243591,-2.64171749,-2.69563509,-2.69913569
2021-04-17,-1.11138261,-1.07722955,-1.09322048,-1.12212804,-1.01783195,-1.03474256,-0.95814999,-0.89704107,-0.91981466,-1.53595209,-1.48914199,-1.5149523,-1.48892308,-1.54298847,-1.58152173,-1.49486797,-1.53823421,-1.55507779,-1.8372489,-1.84531923,-1.88431111,-1.85818011,-1.8869067,-1.9408862,-1.80432135,-1.86822904,-1.90434071
2021-04-18,-3.00176896,-2.903852,-2.84978295,-2.74727908,-2.70189575,-2.64404164,-2.81712419,-2.67879163,-2.52771308,-3.88203505,-3.80453607,-3.71239543,-3.68241423,-3.65248563,-3.56611876,-3.67375401,-3.77057497,-3.73617118,-4.8126762,-4.77059913,-4.62131693,-4.61325306,-4.61063683,-4.47769953,-4.7546911,-4.78887104,-4.70835661
2021-04-19,-1.15516551,-1.21173156,-1.22635584,-1.14075734,-1.09927308,-1.1165261,-0.94160403,-0.96897162,-0.99111666,-1.56135105,-1.60945341,-1.63701118,-1.52831424,-1.68941935,-1.72979476,-1.53528629,-1.68688158,-1.70463302,-1.85742387,-2.0134399,-2.05556923,-1.92710595,-2.09472462,-2.15141577,-1.86095178,-2.07867344,-2.11691164
2021-04-20,1.55818178,1.67656524,1.72283092,1.58864003,1.49441055,1.54741513,1.16091578,1.23038921,1.32087754,2.14332792,2.23765608,2.32314794,2.12773483,2.44465843,2.55579365,2.14478918,2.40347426,2.45126617,2.49186747,2.79605106,2.93081834,2.69140037,3.00609508,3.16748577,2.51084896,2.91665377,3.02270671
2021-04-21,-0.84446811,-1.33610709,-1.26860531,-0.76310656,-1.29321439,-1.21836615,-0.88054881,-1.41757251,-1.2478008,-1.07348639,-1.65839744,-1.54926306,-1.01041034,-1.64618352,-1.52365198,-0.99880336,-1.66912392,-1.61550477,-1.28532802,-2.05558945,-1.88191481,-1.32777893,-2.14366105,-1.95689995,-1.38262965,-2.23624303,-2.11262247
2021-04-22,-0.45728026,-0.83119816,-0.76898742,-0.37687847,-0.82316224,-0.75394128,-0.53595445,-0.96480468,-0.81187456,-0.56045283,-1.02127572,-0.91927663,-0.49829675,-0.98935875,-0.87337225,-0.48634093,-0.99757293,-0.94634615,-0.66930276,-1.26868628,-1.10567804,-0.69050844,-1.32056043,-1.14355382,-0.74622033,-1.39246938,-1.27404126
2021-04-23,-0.50641284,-0.64696081,-0.6494677,-0.56257288,-0.59707192,-0.60016878,-0.52225349,-0.54357215,-0.54279272,-0.68376769,-0.80190289,-0.80481231,-0.75040015,-0.80250584,-0.80585508,-0.75300362,-0.89828747,-0.9027351,-0.89542133,-1.00847858,-1.01248436,-0.85885528,-1.01845275,-1.02201951,-0.91770862,-1.12225758,-1.13079979
2021-04-24,-1.14645002,-1.29956884,-1.34646779,-1.35639812,-1.1649836,-1.21791886,-1.15831014,-0.92287091,-1.01835239,-1.58573417,-1.61910753,-1.69287322,-1.81480883,-1.64135879,-1.72529768,-1.82975934,-1.9088936,-1.95449792,-2.1207915,-2.04795044,-2.16475977,-2.00286946,-2.0421611,-2.16693028,-2.13584703,-2.29218146,-2.39352841
2021-04-25,0.43646653,0.55565906,0.60076849,0.58710436,0.44510848,0.4970662,0.11569369,0.25985915,0.36158733,0.64099536,0.67339618,0.74723646,0.79569083,0.69545339,0.77950879,0.80919404,0.85491549,0.8973681,0.90107462,0.86893902,0.98681122,0.82506005,0.8626925,0.98857573,0.87650771,0.99491429,1.09050069
2021-04-26,2.32918645,2.51923061,2.55995412,2.61626929,2.36402788,2.40757749,3.02410018,2.05857344,2.11986068,3.1593338,3.18800775,3.24697434,3.49637678,3.20621632,3.27334685,3.51142991,3.64426898,3.68777786,4.1584241,4.01498276,4.10830393,3.97579706,4.01120702,4.11092095,4.25251476,4.45917218,4.55480238
2021-04-27,1.01072261,0.97402837,1.00546152,1.18966269,1.02673955,1.07134393,1.03429157,0.82003587,0.90045405,1.38835264,1.41625407,1.47779641,1.27657557,1.43483282,1.50483424,1.59443082,1.66133547,1.69929734,1.63472572,1.78077022,1.87733033,1.7434084,1.77599354,1.87913649,1.85602414,1.98614674,2.06973607
2021-04-28,0.36193368,0.36300807,0.38680369,0.29064384,0.36836212,0.39991075,0.20819517,0.24856017,0.309942,0.51237208,0.53174684,0.57552726,0.47609791,0.54486545,0.59463376,0.62043894,0.65097205,0.67618842,0.60375865,0.67276828,0.74123245,0.64700961,0.66917283,0.74229899,0.68584421,0.75848135,0.81413671
2021-04-29,-0.16005149,-0.15026882,-0.13784617,-0.15931255,-0.16147726,-0.14589397,-0.39620812,-0.19561274,-0.16122081,-0.19433344,-0.18497804,-0.16282601,-0.20196116,-0.17843399,-0.15326705,-0.17510972,-0.1752591,-0.16405132,-0.24518817,-0.22208325,-0.18720895,-0.23451194,-0.22410454,-0.1868614,-0.25242126,-0.23326136,-0.20802715
2021-04-30,1.10324152,1.06409964,1.04175586,1.06654874,1.11697944,1.09100476,1.89390938,1.11184958,1.04461988,1.42836934,1.41320547,1.37472921,1.41579959,1.40206717,1.35837759,1.48010823,1.51777675,1.50195664,1.75016634,1.73818062,1.67666602,1.75843691,1.74219597,1.67651798,1.87981853,1.88841605,1.85116589
2021-05-01,1.01541846,1.01067534,1.05934054,0.94761807,1.03215954,1.09730992,0.71666813,0.76541285,0.88941227,1.38129461,1.42162273,1.51246049,1.3241231,1.4731234,1.57483002,1.65303627,1.72665102,1.77914885,1.63384218,1.78361504,1.92468247,1.76017071,1.80583432,1.95427861,1.86627106,2.02630416,2.14117452
2021-05-02,-0.21427678,-0.18034321,-0.17075814,-0.18626922,-0.19149386,-0.17963142,-0.15441938,-0.212829,-0.18580348,-0.2043639,-0.19893976,-0.18705471,-0.23968931,-0.2237543,-0.20458296,-0.22747382,-0.23036863,-0.22212785,-0.22013833,-0.23457325,-0.21518809,-0.28548998,-0.27771921,-0.24940433,-0.30559359,-0.29408088,-0.27547122
2021-05-03,2.60746299,2.98185403,3.11424578,2.80653873,3.0487306,3.22639853,2.44474039,2.30367908,2.64127348,3.65546506,3.75279799,3.96831451,3.89901022,4.30873789,4.58297099,4.81462442,5.02189272,5.16367429,4.84789747,4.81112684,5.15217381,5.1467402,5.26970629,5.66677576,5.45405233,5.89254306,6.20037585
2021-05-04,-1.45743938,-1.48484276,-1.49642366,-1.62759015,-1.48269946,-1.49776862,-1.3994055,-1.52058388,-1.56528121,-1.77246937,-1.78600687,-1.81588415,-1.96823633,-1.99936969,-2.02290224,-2.02165629,-2.0328043,-2.04404649,-2.23782147,-2.25064643,-2.29739886,-2.47417184,-2.48764142,-2.52198502,-2.47953687,-2.51103418,-2.53579751
2021-05-05,1.95487674,1.99155847,2.02029501,2.2716733,1.95293319,1.98827947,1.95585976,2.06517837,2.17375152,2.46091327,2.48946038,2.55249731,2.66755719,2.71662842,2.77469746,2.69140829,2.68193923,2.70638111,3.12204122,3.17400318,3.27420081,3.39196986,3.42220912,3.50956651,3.31992484,3.35808776,3.4146652
2021-05-06,-0.37254416,-0.37540241,-0.37757015,-0.43870126,-0.41157685,-0.41231756,-0.39343041,-0.43666041,-0.44242225,-0.48776813,-0.48979924,-0.49427864,-0.54715139,-0.54876468,-0.54999614,-0.54790357,-0.54828309,-0.54880902,-0.61114842,-0.61472465,-0.62170068,-0.68213893,-0.68362904,-0.68550087,-0.68075972,-0.68257473,-0.6838055
2021-05-07,-0.03534368,-0.04607783,-0.05488194,0.00227065,0.00111626,-0.01146075,-0.03486509,0.00483994,-0.02698512,-0.05294383,-0.06024711,-0.07636381,-0.01985152,-0.0359397,-0.05625692,-0.02773483,-0.02330243,-0.03184898,-0.0739199,-0.08719775,-0.11259283,-0.04189004,-0.05070034,-0.08079581,-0.01669547,-0.02795933,-0.04744823
2021-05-08,1.9832687,2.08209611,2.16299032,1.96313199,2.04877703,2.14454681,2.22110822,2.14743189,2.40936873,2.82746325,2.89121436,3.03191913,2.88368137,3.00971654,3.16488239,2.9452413,2.91466686,2.97995394,3.60259434,3.71809149,3.93976647,3.72569082,3.79786989,4.0282736,3.5338973,3.62567991,3.77489281
2021-05-09,-0.01495213,-0.00816514,-0.00260316,-0.04603158,-0.04695006,-0.0385338,-0.02065051,-0.05223278,-0.03140426,-0.05600481,-0.05231535,-0.04418733,-0.04775294,-0.03714737,-0.02369691,-0.0425491,-0.04556247,-0.03989194,-0.06144431,-0.0545245,-0.04149741,-0.04780661,-0.04210842,-0.02234131,-0.06445281,-0.05713459,-0.0442904
2021-05-10,-0.17089042,-0.14976269,-0.13243737,-0.29166666,-0.30002441,-0.27231355,-0.20640847,-0.32621842,-0.25896864,-0.25440118,-0.24014396,-0.20873835,-0.34910675,-0.31436452,-0.27003555,-0.33204562,-0.34220207,-0.32351163,-0.29848607,-0.2725017,-0.22314101,-0.39489171,-0.37640343,-0.31117566,-0.44991063,-0.42612647,-0.3837335
2021-05-11,0.91105255,0.95174046,0.98517868,1.0702153,1.11582675,1.16400282,1.1991607,1.16951329,1.30134424,1.34318367,1.37041975,1.43037798,1.55441992,1.61668727,1.69292423,1.58485319,1.56987804,1.60207777,1.71718341,1.76671734,1.86072967,1.98978211,2.024889,2.13596227,1.8966558,1.94149716,2.0138433
2021-05-12,-1.98443141,-2.00853505,-2.0283051,-2.44303204,-2.53689363,-2.5535177,-2.46277009,-2.68418508,-2.74872898,-2.80696442,-2.81946777,-2.84695805,-3.36490323,-3.38812696,-3.41257548,-3.37606892,-3.37453523,-3.3849137,-3.51582042,-3.53795883,-3.57990192,-4.17329408,-4.18847434,-4.22148246,-4.14647632,-4.16545729,-4.18708886
2021-05-13,-0.39703576,-0.42164473,-0.4418409,-0.4377955,-0.45765347,-0.48698867,-0.51875161,-0.47731385,-0.55566611,-0.5767189,-0.59297326,-0.62874113,-0.65668908,-0.6944484,-0.74103282,-0.67516638,-0.66567888,-0.68536856,-0.7463658,-0.77600493,-0.83221772,-0.8565646,-0.87766426,-0.94583526,-0.79921338,-0.82623616,-0.87069163
2021-05-14,1.25120794,1.32418532,1.38410347,1.39349619,1.45626782,1.54277174,1.63089813,1.52125221,1.75355779,1.81815664,1.86637108,1.97252231,2.08141245,2.19334267,2.33133057,2.1361637,2.10826833,2.16654379,2.35241713,2.44063862,2.60810115,2.71123627,2.77416102,2.97679147,2.54110689,2.62158268,2.75355785
2021-05-15,-1.95864526,-2.02874937,-2.08623176,-2.29369074,-2.38927874,-2.46628235,-2.49247363,-2.51257375,-2.72846894,-2.8079318,-2.85214197,-2.94932405,-2.78289708,-2.85550973,-2.943282,-3.33659156,-3.31394755,-3.36476111,-3.31465553,-3.38498024,-3.51812512,-3.56800941,-3.61059649,-3.7395751,-4.03331817,-4.10515437,-4.2180143
2021-05-16,-0.32543412,-0.33825794,-0.34878668,-0.37987412,-0.39622322,-0.41063175,-0.41752158,-0.41681341,-0.45699653,-0.47111633,-0.47939532,-0.49762079,-0.45349341,-0.46696512,-0.48335301,-0.56180635,-0.557421,-0.56711812,-0.55399873,-0.56723556,-0.59234978,-0.58875884,-0.59675576,-0.62129356,-0.68227355,-0.69609332,-0.71802499
2021-05-17,-1.15779323,-1.218729,-1.26877142,-1.31107458,-1.36985872,-1.44136917,-1.5050155,-1.4350828,-1.6290771,-1.6865643,-1.72678704,-1.81536066,-1.54509979,-1.61604097,-1.7034953,-1.99568115,-1.97282695,-2.02122203,-1.97419769,-2.04011386,-2.16523014,-2.04096431,-2.08214397,-2.21326208,-2.39762055,-2.46527241,-2.57533823
2021-05-18,0.1446858,0.15312597,0.32807634,0.13974694,0.123996,0.36818965,0.09266006,0.36373709,0.41937253,0.20371814,0.20914573,0.47226613,0.22327572,0.23516974,0.43687596,0.5147596,0.50802664,0.52214065,0.28209932,0.29273505,0.56551677,0.2883234,0.29501893,0.57264811,0.21476605,0.22149341,0.67031247
2021-05-19,-2.17043792,-2.29685737,-3.80693594,-2.24387296,-2.16104545,-4.2706956,-2.03025907,-4.2192368,-4.86189539,-3.11064241,-3.19334528,-5.47222237,-3.13044078,-3.29681201,-5.06393459,-3.2550452,-3.21169253,-6.04712452,-4.0061176,-4.15671576,-6.54665615,-4.09611229,-4.19095372,-6.62874151,-3.79118737,-3.91105617,-7.75173684
2021-05-20,0.33738418,0.35749745,0.75968173,0.81671207,0.78589911,0.70059234,0.73735087,0.23558681,1.81830114,0.47947811,0.49264654,1.05012442,1.14982796,1.21302035,1.11501509,1.16159812,1.14559003,2.29009518,0.61222649,0.63623949,1.3924454,0.62656522,0.64170732,1.40998272,1.40208741,1.44822263,1.20910694
2021-05-21,-0.37190194,-0.39399402,-0.81043773,-0.82653099,-0.79559074,-0.76618809,-0.74680354,-0.32483287,-0.76559121,-0.52908981,-0.54354955,-1.12423907,-0.52733273,-0.55596661,-1.1746418,-1.17155563,-1.15559318,-1.06249875,-0.67635564,-0.70271622,-1.47062082,-0.69209797,-0.70871714,-1.4890164,-1.41075271,-1.45651039,-1.33150525
2021-05-22,-0.15214402,-0.16121758,-0.3330136,-0.33968152,-0.32686395,-0.31469077,-0.3066692,-0.13282544,-0.27353795,-0.21679117,-0.22274834,-0.46342251,-0.19163659,-0.20210052,-0.48444596,-0.48315808,-0.47649808,-0.39025205,-0.2775433,-0.28843695,-0.60833563,-0.28404821,-0.29091767,-0.61606014,-0.58321627,-0.60241244,-0.55001263
2021-05-23,-0.22720474,-0.24077664,-0.49820934,-0.50821899,-0.48897892,-0.47071071,-0.45867522,-0.19831691,-0.40898597,-0.3239555,-0.33287729,-0.69421765,-0.28629431,-0.30195851,-0.72586458,-0.72392552,-0.71389894,-0.58417718,-0.41499132,-0.43132696,-0.91262953,-0.42474536,-0.43504744,-0.92428974,-0.87472422,-0.90368968,-0.82464905
2021-05-24,0.61420138,0.65097878,1.35047491,1.37774621,1.32533144,1.275583,1.24281764,0.53595389,1.10762767,0.87659726,0.90081953,1.88550053,0.77439656,0.81689491,1.97208232,1.96677572,1.93933944,1.58487356,1.12395933,1.16839429,2.48417257,1.15048978,1.1785165,2.51620769,2.38008403,2.45961642,2.24269887
2021-05-25,0.04830438,0.05117806,0.10543765,0.10753791,0.10350026,0.09966415,0.09713554,0.04218334,0.08668518,0.06876139,0.07064445,0.14643647,0.06080625,0.06411621,0.15303076,0.15262692,0.1505383,0.12345269,0.08794912,0.09138597,0.19180501,0.0900015,0.09216846,0.19421776,0.18395508,0.18995452,0.17356959
2021-05-26,0.2198087,0.23287868,0.47951939,0.48906088,0.47071747,0.45328825,0.44179892,0.19196673,0.394309,0.31283424,0.3213953,0.66570511,0.27666379,0.29171423,0.69563715,0.69380419,0.68432411,0.5613489,0.4000533,0.4156722,0.87155716,0.40938054,0.41922809,0.88249938,0.83595278,0.86316454,0.78883945
2021-05-27,-0.16033633,-0.1698479,-0.34887453,-0.35578266,-0.34250069,-0.32987617,-0.3215517,-0.14006632,-0.28712316,-0.22798087,-0.23419984,-0.48343823,-0.20169405,-0.21263424,-0.50502486,-0.50370332,-0.49686753,-0.40807728,-0.29128931,-0.30261477,-0.50089411,-0.29805303,-0.3051927,-0.63949803,-0.60604794,-0.62560706,-0.57215911
2021-05-28,-0.36412537,-0.38576297,-0.79379645,-0.80957068,-0.77924417,-0.75042629,-0.73142808,-0.3180274,-0.65288858,-0.51809779,-0.53226388,-1.10145743,-0.45823896,-0.4831475,-1.15088969,-1.14786281,-1.13220732,-0.9290528,-0.66238965,-0.68822183,-1.071218,-0.67781629,-0.69410263,-1.4593099,-1.38251265,-1.42741168,-1.3047608
2021-05-29,-0.14764833,-0.15645609,-0.3232687,-0.32974509,-0.31729584,-0.30547293,-0.29768243,-0.12889654,-0.26550773,-0.2104074,-0.21619125,-0.44995716,-0.1859859,-0.19614464,-0.47038588,-0.46913439,-0.46266267,-0.37886756,-0.26939726,-0.27997614,-0.43747027,-0.27571417,-0.28238524,-0.59830864,-0.5663808,-0.58504117,-0.53410672
2021-05-30,0.11638484,0.12333849,0.2552678,0.26039878,0.25053634,0.24117239,0.23500338,0.10158453,0.20953567,0.16595943,0.17053134,0.35575899,0.14666101,0.15468753,0.37198731,0.37099295,0.36585131,0.29933818,0.21261353,0.22098603,0.34584284,0.21761274,0.22289292,0.47375921,0.44833376,0.4631918,0.42264917
2021-05-31,0.3416205,0.36200619,0.74824102,0.76324188,0.73440682,0.70702394,0.68898121,0.29822174,0.61447128,0.48689402,0.50028432,1.0417566,0.43035899,0.45387545,1.0891013,1.08620077,1.07120185,0.8770346,0.62347808,0.64797586,1.01281956,0.63810616,0.65355482,1.38566322,1.31163013,1.35489787,1.2368044
2021-06-01,-0.07415074,-0.07855961,-0.16175462,-0.16497294,-0.15878575,-0.15290688,-0.14903151,-0.06475879,-0.13301291,-0.10553042,-0.10841822,-0.22455257,-0.09332941,-0.09840624,-0.23464786,-0.23402966,-0.23083228,-0.18935513,-0.13495051,-0.14021886,-0.21837768,-0.13809665,-0.14141828,-0.29766913,-0.28197119,-0.29114845,-0.26608185
2021-06-02,0.08384709,0.08883642,0.18306704,0.18671541,0.17970165,0.1730382,0.16864606,0.07322012,0.15049506,0.11936765,0.12263763,0.25429905,0.10555393,0.1113014,0.26575855,0.26505674,0.26142709,0.21436339,0.15269028,0.15865955,0.24729087,0.15625492,0.16001863,0.33734858,0.31950779,0.3299371,0.30145519
2021-06-03,0.184006,0.19494556,0.40135048,0.40933416,0.39398555,0.37940155,0.36978761,0.16070172,0.330048,0.26186442,0.26902921,0.55712121,0.23159235,0.24418866,0.58216028,0.58062698,0.57269668,0.46981686,0.33485496,0.34792503,0.54180548,0.34266013,0.35090061,0.73845532,0.69952624,0.72228497,0.66012091
2021-06-04,-0.18874592,-0.19994545,-0.41079791,-0.1822956,-0.17546029,-0.38841722,-0.37861109,-0.16487969,-0.3380571,-0.26840135,-0.2757253,-0.43809118,-0.2374453,-0.25032848,-0.59479265,-0.59323512,-0.58517876,-0.48054822,-0.34296428,-0.35630447,-0.55378437,-0.35093117,-0.35934105,-0.75330859,-0.71387236,-0.73693128,-0.67392261
2021-06-05,-0.06450009,-0.06833497,-0.14069486,-0.04815713,-0.04634461,-0.13299977,-0.12962925,-0.05633082,-0.11569723,-0.09179397,-0.09430571,-0.14222329,-0.08118172,-0.08559749,-0.20408859,-0.20355097,-0.2007704,-0.16469911,-0.11738245,-0.12196457,-0.18993924,-0.12011879,-0.12300776,-0.2588923,-0.24524167,-0.25322207,-0.23142432
2021-06-06,0.08670551,0.09186415,0.18927613,0.06472558,0.06228833,0.17891018,0.1743703,0.07571762,0.15560799,0.12342956,0.12681012,0.19133525,0.10914834,0.11509041,0.27473383,0.27400864,0.27025806,0.22162222,0.15787721,0.1640476,0.25565044,0.16156196,0.16545246,0.34869934,0.33026824,0.34104277,0.31161719
2021-06-07,-0.13321926,-0.14113801,-0.29051686,-0.0994699,-0.09572667,-0.27463474,-0.26767796,-0.11634962,-0.23892046,-0.18957462,-0.19476022,-0.29367133,-0.16766411,-0.17678129,-0.42132511,-0.42021601,-0.41447968,-0.34005454,-0.24239912,-0.25185741,-0.39213391,-0.24804744,-0.25401068,-0.53436265,-0.50621097,-0.52266926,-0.47771281
2021-06-08,-0.09594342,-0.10165449,-0.20955792,-0.0716132,-0.06891569,-0.19807016,-0.19303936,-0.08377988,-0.17225086,-0.13660717,-0.14035119,-0.21184003,-0.12079197,-0.12737199,-0.30431278,-0.30350833,-0.29934792,-0.24541276,-0.17476491,-0.18160137,-0.2831457,-0.17884736,-0.18315793,-0.38639565,-0.3659357,-0.37789577,-0.34523573
2021-06-09,0.11025853,0.11682839,0.24109891,0.08227811,0.07917674,0.22785588,0.22205736,0.09626843,0.19810264,0.15705338,0.16136383,0.24373008,0.13884911,0.14642242,0.3504483,0.34951907,0.34471357,0.28245183,0.20099906,0.20887605,0.32600295,0.20570275,0.21066968,0.44534204,0.42167423,0.43550832,0.39773865
2021-06-10,-0.15183804,-0.16087491,-0.33158618,-0.11333763,-0.10906889,-0.31341428,-0.30545613,-0.13259067,-0.2725698,-0.21617862,-0.22210225,-0.33519606,-0.19115581,-0.20156686,-0.48145047,-0.48017833,-0.47359909,-0.38829914,-0.27654701,-0.28736206,-0.44797626,-0.28300534,-0.28982447,-0.61123875,-0.57889072,-0.59780033,-0.54616121
2021-06-11,-0.11604226,-0.12295981,-0.25387184,-0.08658493,-0.08332024,-0.23991517,-0.23380464,-0.10131293,-0.20856373,-0.16532109,-0.16986123,-0.25664496,-0.14614842,-0.15412428,-0.36916732,-0.36818715,-0.36311837,-0.29746217,-0.21161542,-0.21991502,-0.34338441,-0.21657141,-0.22180495,-0.4692986,-0.44431773,-0.45891877,-0.4190588
2021-06-12,0.02127989,0.02255,0.04661948,0.01587331,0.01527431,0.0440504,0.04292583,0.01857608,0.03828199,0.03033164,0.03116604,0.04713003,0.02680886,0.02827417,0.0678701,0.06768923,0.06675397,0.05464803,0.03884332,0.04037012,0.06311367,0.03975499,0.04071783,0.08636568,0.08174789,0.08444665,0.07708107
2021-06-13,0.15001372,0.15896539,0.32856328,0.11190578,0.10768349,0.31046497,0.30254242,0.13095659,0.26982503,0.21380511,0.21968491,0.33215982,0.18898,0.19930634,0.47823107,0.4769575,0.47037177,0.38511569,0.27377994,0.28453696,0.44473712,0.28020316,0.28698669,0.60844348,0.57593792,0.59493543,0.54308407
2021-06-14,0.07938859,0.08411837,0.17356915,0.05924407,0.05701115,0.16403799,0.15986465,0.06931658,0.14262317,0.11307553,0.11617837,0.17546279,0.09997099,0.10542279,0.25225739,0.2515888,0.24813117,0.20332931,0.14470793,0.15037748,0.23466823,0.14809347,0.15166846,0.32052647,0.30350068,0.31345255,0.28628128
2021-06-15,-0.12303552,-0.12150248,-0.08932673,-0.10986922,-0.11133531,-0.08442959,-0.16869676,-0.12638807,-0.07342317,-0.16162041,-0.16061273,-0.09029958,-0.15356789,-0.15112638,-0.12972145,-0.23013228,-0.22969719,-0.10461161,-0.2008257,-0.19898093,-0.12069753,-0.19972408,-0.1985609,-0.16471614,-0.28868517,-0.29001586,-0.14716803
2021-06-16,-0.33916453,-0.34131822,-0.37545438,-0.28983031,-0.29032534,-0.35485353,-0.52212478,-0.33475573,-0.30856011,-0.45548314,-0.45688909,-0.37954712,-0.42442277,-0.42552568,-0.54546031,-0.74989509,-0.74515425,-0.43976643,-0.57084158,-0.57339806,-0.50747016,-0.57236821,-0.57398011,-0.6928508,-0.92755098,-0.94135438,-0.61892884
2021-06-17,0.03289585,0.03430951,0.0608199,0.02564678,0.0250257,0.05747088,0.06147964,0.02989054,0.04995015,0.04607608,0.0470042,0.06148541,0.04138194,0.04297022,0.08851022,0.09477633,0.0936403,0.07128383,0.05867201,0.06036919,0.08231423,0.0596855,0.06075562,0.1125937,0.11523993,0.11852262,0.10050599
2021-06-18,-0.39044991,-0.38745564,-0.32135336,-0.34466031,-0.34827788,-0.30366836,-0.55314913,-0.39708735,-0.26394967,-0.51650186,-0.51452755,-0.32486754,-0.48815115,-0.48268497,-0.46753099,-0.7674908,-0.76503086,-0.37660213,-0.64407563,-0.64045001,-0.43482928,-0.64191055,-0.63962451,-0.59460229,-0.96082086,-0.96817264,-0.53083171
2021-06-19,-0.11150018,-0.11414676,-0.16264018,-0.09124892,-0.09033735,-0.15366236,-0.18954281,-0.10590273,-0.1335107,-0.15306575,-0.15480327,-0.29887431,-0.1400665,-0.14281057,-0.23696966,-0.28349919,-0.2808287,-0.19070784,-0.19366581,-0.19684303,-0.39081855,-0.19556315,-0.1975664,-0.30176143,-0.34834084,-0.35610228,-0.26922507
2021-06-20,0.07482777,0.08024439,0.18287645,0.05382492,0.05119134,0.17276604,0.15984153,0.06328188,0.15007879,0.10835457,0.11191673,0.30057067,0.09457488,0.10089933,0.26665281,0.25660989,0.25276985,0.2144967,0.1397054,0.14623024,0.39482203,0.14360178,0.14771583,0.33978115,0.30964085,0.3207443,0.30304655
2021-06-21,-0.89795439,-0.89997844,-0.91938788,-0.77405844,-0.77743649,-0.86864676,-1.35420735,-0.89415513,-0.75474895,-1.20321257,-1.20451457,-1.50930731,-1.12520196,-1.1235481,-1.33944265,-1.93395185,-1.92324106,-1.07801436,-1.50898525,-1.511317,-1.98072665,-1.51037771,-1.51184784,-1.70553494,-2.40755878,-2.43904443,-1.52170231
2021-06-22,-0.04755801,-0.0465447,-0.02601445,-0.04322351,-0.0440262,-0.02456613,-0.06198616,-0.04975495,-0.0213205,-0.06219456,-0.06152473,-0.05552315,-0.05956091,-0.05808851,-0.03806144,-0.08297986,-0.08303097,-0.03055177,-0.07743101,-0.07619772,-0.07339187,-0.07669452,-0.07591693,-0.04864477,-0.10596442,-0.10586364,-0.04332053
2021-06-23,0.1051449,0.11139776,0.22931768,0.07830037,0.07536005,0.21654757,0.21333072,0.09182628,0.18793161,0.15061181,0.15473417,0.22088356,0.13298307,0.14020628,0.33555239,0.33907123,0.33436843,0.26932637,0.19385426,0.20142419,0.28910627,0.19837483,0.20314761,0.42890125,0.41264912,0.42634358,0.38193705
2021-06-24,0.02407126,0.02550116,0.05243361,0.01793044,0.01725762,0.04952003,0.04878596,0.02102497,0.04298841,0.03446453,0.0354064,0.05050939,0.0304359,0.03208677,0.076643,0.07744401,0.07637347,0.06155704,0.04800202,0.04987271,0.06606489,0.04537252,0.04646194,0.09787361,0.09418017,0.09729243,0.08719733
2021-06-25,-0.20483886,-0.21700376,-0.44606706,-0.15259177,-0.14686697,-0.42129269,-0.41505068,-0.17892133,-0.36574872,-0.29325188,-0.30126318,-0.4297055,-0.2589835,-0.27302645,-0.65186521,-0.65867277,-0.6495746,-0.52363488,-0.63375098,-0.65843663,-0.56195557,-0.38602367,-0.39528804,-0.83225957,-0.80088234,-0.82732243,-0.74155393
2021-06-26,0.02024986,0.02145507,0.04420393,0.01507695,0.01451047,0.04173848,0.04111749,0.01768312,0.0362154,0.03167558,0.03254353,0.04257555,0.02561636,0.02700917,0.06473173,0.06541222,0.06450278,0.05193113,0.06292148,0.06538862,0.05575304,0.03823075,0.03915191,0.08279565,0.07964895,0.08230039,0.07370457
2021-06-27,0.1729377,0.1832282,0.37741969,0.12876671,0.12392936,0.35637807,0.35107803,0.15102117,0.30923715,0.45298525,0.46539363,0.36352227,0.21875693,0.23064793,0.55257574,0.55838086,0.55062259,0.44336147,0.53713238,0.55817948,0.47597276,0.32643928,0.33430168,0.70664895,0.67981367,0.70242546,0.62911502
2021-06-28,0.11981826,0.12693489,0.26095899,0.08925416,0.08590532,0.24646186,0.24280932,0.1046565,0.21396093,0.31297162,0.32150497,0.25138471,0.15149439,0.15971024,0.38140146,0.38538605,0.38006073,0.30635181,0.37079902,0.38524784,0.32877866,0.22582434,0.23124527,0.48700039,0.46863123,0.48411,0.43390049
2021-06-29,0.09976346,0.10568142,0.21697463,0.07433777,0.07155099,0.20495061,0.20192061,0.08715262,0.17798147,0.26008565,0.26715431,0.20903404,0.12609784,0.13292548,0.31673615,0.32003246,0.31562695,0.25460126,0.30796385,0.31991813,0.27317857,0.18782771,0.19232612,0.40400614,0.38883852,0.40161988,0.36014579
2021-06-30,0.13836117,0.14656008,0.30056848,0.10312468,0.09926149,0.28394603,0.27975663,0.12088652,0.24664839,0.36013398,0.36989569,0.28959157,0.17483812,0.18429226,0.43832881,0.442876,0.43679863,0.35255916,0.42622615,0.44271828,0.37821402,0.26026782,0.26648918,0.55861513,0.53772425,0.55532887,0.49818751
2021-07-01,-0.19051398,-0.2017868,-0.41319318,-0.14204569,-0.13672976,-0.39040691,-0.38466283,-0.16648163,-0.3392513,-0.49478437,-0.50814645,-0.39814673,-0.24065262,-0.25364165,-0.6017466,-0.60796154,-0.59965507,-0.48441397,-0.58520234,-0.60774598,-0.51953075,-0.35793545,-0.36646869,-0.76596075,-0.73746885,-0.76147959,-0.68351447
2021-07-02,0.04853777,0.05141558,0.10550575,0.0361718,0.03481625,0.09966464,0.09819261,0.04240477,0.08656098,0.12644303,0.12987518,0.10164839,0.06134254,0.06466188,0.1539429,0.15554258,0.1534046,0.12377996,0.14968552,0.15548709,0.13280004,0.09134542,0.09353112,0.19627755,0.18892225,0.19512044,0.17500528
2021-07-03,0.08194765,0.08680385,0.17802689,0.06107741,0.0587893,0.16818062,0.16569905,0.07159753,0.14608777,0.21331116,0.21909373,0.17152473,0.10355305,0.10915284,0.25963251,0.26232626,0.25872604,0.20882407,0.25246296,0.26223282,0.2240213,0.15415503,0.15784019,0.33089218,0.31851572,0.32894527,0.29509322
2021-07-04,0.1111658,0.11774774,0.24127013,0.08287162,0.07976888,0.22794842,0.22459051,0.09713542,0.19804792,0.28898718,0.29680409,0.23247319,0.14044421,0.14803066,0.35157937,0.35521754,0.35035504,0.28292088,0.34189523,0.35509135,0.30346451,0.2089677,0.2139553,0.44775685,0.43106245,0.44513098,0.39945693
2021-07-05,-0.51846133,-0.15338759,-0.31391039,-0.54823755,-0.10395273,-0.29661727,-0.2922576,-0.12656239,-0.25778623,-0.71568739,-0.3859504,-0.30249147,-0.75574279,-0.19277821,-0.4569281,-0.46163969,-0.45534247,-0.36794824,-0.92307565,-0.46147628,-0.39458509,-0.97214989,-0.27844764,-0.58136743,-0.55978445,-0.57797311,-0.51890433
2021-07-06,0.49331254,0.16340388,0.33494741,0.51442382,0.1106861,0.31644047,0.31177581,0.13479077,0.27490725,0.71111387,0.41211306,0.32272626,0.71618772,0.20544779,0.48825007,0.49330799,0.48654799,0.39281959,0.91248186,0.49313255,0.42136961,0.9293005,0.29700243,0.62199715,0.59877582,0.6183445,0.55482015
2021-07-07,0.0103189,0.00342927,0.00701734,0.01075823,0.00232413,0.00663083,0.00653339,0.00282959,0.00576291,0.0148426,0.00862737,0.00676213,0.01494775,0.00430981,0.01021352,0.0103188,0.01017808,0.00822505,0.01900762,0.01031515,0.00882034,0.01935473,0.00622473,0.01299403,0.0125118,0.01291819,0.01159839
2021-07-08,-0.78262506,-0.26010696,-0.53223997,-0.81594246,-0.17628531,-0.50292669,-0.49553655,-0.2146231,-0.43710167,-1.12566941,-0.65434438,-0.51288404,-1.13364284,-0.32689252,-0.77463345,-0.78261787,-0.77194637,-0.62383299,-1.44148584,-0.78234095,-0.66897877,-1.46780523,-0.47212673,-0.98549087,-0.94892261,-0.97973992,-0.87965531
2021-07-09,0.09945355,0.03288042,0.06746514,0.10372225,0.02226572,0.06373069,0.06278955,0.02711838,0.05535275,0.14354285,0.08304467,0.06499899,0.14457127,0.04135055,0.09843007,0.09945263,0.09808598,0.07914808,0.18440407,0.09941716,0.08491447,0.18782117,0.05980922,0.12548969,0.12078858,0.12475013,0.11189328
2021-07-10,-0.13294254,-0.04398149,-0.0902115,-0.13864273,-0.02978622,-0.08522114,-0.08396343,-0.03627617,-0.07402429,-0.19179355,-0.1110265,-0.08691601,-0.19316567,-0.05530662,-0.13157577,-0.13294131,-0.13111625,-0.10582107,-0.24628942,-0.13289394,-0.1135242,-0.25084474,-0.07998045,-0.1677022,-0.1614273,-0.1667151,-0.14955251
2021-07-11,0.10164688,0.03359799,0.06894555,0.10601126,0.02275082,0.06512833,0.06416635,0.02770967,0.05656506,0.1467304,0.08487142,0.06642473,0.14778217,0.04225418,0.10060049,0.10164594,0.10024869,0.08088804,0.18852505,0.10160968,0.08678289,0.19202073,0.06112005,0.12826851,0.12346134,0.12751226,0.11436577
2021-07-12,-0.39406517,-0.13034149,-0.2673758,-0.41096707,-0.08827008,-0.25258201,-0.24885362,-0.10750441,-0.21939051,-0.56858912,-0.3290851,-0.25760638,-0.57265875,-0.16390849,-0.39001257,-0.39406152,-0.38865007,-0.31365223,-0.73024112,-0.39392108,-0.33649034,-0.74375551,-0.23704649,-0.49713983,-0.47853128,-0.4942125,-0.44331748
2021-07-13,-0.18686213,-0.09567059,-0.19652336,-0.30249963,-0.06476291,-0.18562227,-0.18287544,-0.07889014,-0.16117624,-0.26873717,-0.24202995,-0.18932422,-0.27055419,-0.1203492,-0.2870153,-0.29000677,-0.2860087,-0.23064393,-0.34383306,-0.289903,-0.24749462,-0.35010771,-0.17417811,-0.36624552,-0.35247059,-0.36407823,-0.32641775
2021-07-14,0.08936116,0.05516545,0.11343356,0.17478881,0.03733196,0.10712974,0.10554153,0.04548189,0.09299822,0.1282435,0.13976375,0.10927032,0.12908006,0.06941275,0.16581598,0.16754925,0.16523278,0.13317353,0.16368016,0.16748913,0.14292724,0.16663932,0.10051335,0.21175754,0.20376491,0.21049987,0.18865432
2021-07-15,-0.14043094,-0.08672206,-0.17821782,-0.27444612,-0.05869763,-0.16832435,-0.16583156,-0.07150608,-0.14614125,-0.20145621,-0.21952799,-0.171684,-0.20276867,-0.10910378,-0.26038068,-0.26309789,-0.25946639,-0.20919044,-0.25703229,-0.26300363,-0.22448981,-0.26167142,-0.15793898,-0.33237022,-0.31985067,-0.33040036,-0.29617617
2021-07-16,-0.0850537,-0.05249603,-0.10798064,-0.16644499,-0.03552186,-0.10197616,-0.10046345,-0.04327865,-0.08851728,-0.12208901,-0.13306518,-0.10401505,-0.12288601,-0.0660593,-0.15789237,-0.1595444,-0.15733651,-0.12678603,-0.15585671,-0.1594871,-0.13607952,-0.15867712,-0.09567443,-0.20169172,-0.19407012,-0.20049239,-0.1796629
2021-07-17,0.04624514,0.02853368,0.05872438,0.09057275,0.01930427,0.05545556,0.05463211,0.0235215,0.04813002,0.06640648,0.07238458,0.05656548,0.06684052,0.03591074,0.08591139,0.08681172,0.08560846,0.06896452,0.08480203,0.08678049,0.07402655,0.08633906,0.05202534,0.10979138,0.10563448,0.10913721,0.09777835
2021-07-18,-0.01749071,-0.01079384,-0.02220781,-0.03424101,-0.00730317,-0.02097232,-0.02066108,-0.00889826,-0.01820326,-0.02511102,-0.02736995,-0.02139184,-0.02527504,-0.01358347,-0.0324803,-0.03282039,-0.03236587,-0.02607765,-0.03206124,-0.03280859,-0.02799035,-0.03264185,-0.01967575,-0.04149864,-0.03992909,-0.04125165,-0.03696243
2021-07-19,-0.14468462,-0.08928159,-0.18371349,-0.28329194,-0.06040631,-0.17349084,-0.17091555,-0.07360082,-0.15057997,-0.20773627,-0.22642887,-0.17696196,-0.20909349,-0.11235916,-0.26872,-0.2715346,-0.26777298,-0.21573503,-0.26525189,-0.27143697,-0.23156281,-0.27005698,-0.16276298,-0.34336265,-0.33037084,-0.34131817,-0.30581581
2021-07-20,-0.06023827,-0.03715106,-0.07651753,-0.11811025,-0.02512847,-0.07225235,-0.07117801,-0.03062131,-0.06269645,-0.08654396,-0.09434907,-0.0737005,-0.08711057,-0.04676469,-0.11201854,-0.11319503,-0.11162271,-0.08988349,-0.11056898,-0.11315422,-0.09649325,-0.11257739,-0.06777732,-0.14324126,-0.13780348,-0.14238544,-0.12752973
2021-07-21,0.41883836,0.25825266,0.53211519,0.82169964,0.17465758,0.50243297,0.49495681,0.21284772,0.43594088,0.60190096,0.65623563,0.51251066,0.6058451,0.32511234,0.77927176,0.78746542,0.77651501,0.62514782,0.76917652,0.78718119,0.67116372,0.7831638,0.47129311,0.99678829,0.9588956,0.99082432,0.88731513
2021-07-22,0.0647948,0.0586431,0.08222611,0.12660999,0.0270856,0.07766233,0.07651242,0.03299548,0.0674291,0.09294537,0.10128101,0.07921213,0.09355075,0.05034226,0.12012312,0.12137629,0.11970145,0.09651284,0.11857884,0.12133282,0.12494933,0.12071841,0.07287155,0.15332192,0.14754878,0.15241357,0.1366313
2021-07-23,0.19867296,0.25211726,0.25207669,0.38797021,0.08308082,0.23809661,0.2345739,0.10120248,0.20674476,0.2849077,0.31043329,0.24284419,0.28676167,0.15438106,0.36811639,0.37195206,0.36682572,0.29583261,0.36338955,0.37181901,0.46581182,0.36993845,0.22341974,0.46969811,0.45203829,0.46691963,0.41863656
2021-07-24,0.12623325,0.16010541,0.16007971,0.24604452,0.05284904,0.15122284,0.14899069,0.06436486,0.13135135,0.18086961,0.19702402,0.15423087,0.18204321,0.09813435,0.23349972,0.23592371,0.23268403,0.18778467,0.2305123,0.23583963,0.29518153,0.23465121,0.14192187,0.29763274,0.28649263,0.29588028,0.26541155
2021-07-25,-0.03020818,0.01100867,0.01100691,0.01690325,0.00363774,0.01039884,0.01024557,0.00442989,0.00903417,-0.04349733,0.01354216,0.01060537,-0.04377891,0.00675179,0.01604343,0.01620958,0.01598751,0.0129083,-0.05571033,0.01620382,0.02026902,-0.05670807,0.00976016,0.02043684,0.01967409,0.02031686,0.01823024
2021-07-26,0.51923141,0.4401628,0.08052948,0.49066097,0.40425858,0.07608114,0.47525295,0.45092529,0.06609769,0.67500407,0.56036225,0.07759201,0.67342003,0.49457029,0.1173721,0.58519167,0.58977184,0.09443878,0.83731784,0.67486363,0.14827986,0.83172477,0.6246362,0.14950728,0.75852743,0.74576078,0.13336767
2021-07-27,0.89792971,0.73793292,0.61598955,0.84454666,0.64669026,0.62916751,0.78855737,0.72280622,0.60989475,1.17779834,0.93604078,0.73277813,1.17620182,0.80156602,0.79364902,0.98724928,0.99324741,0.79408726,1.46340032,1.12551355,0.9927809,1.45778919,1.01700481,0.98620533,1.27103144,1.25448852,1.03368869
2021-07-28,0.07243287,0.07883729,0.07064103,0.07155483,0.09519275,0.07621236,0.0907901,0.10474858,0.07893827,0.0848905,0.10170087,0.09593509,0.08386503,0.1081261,0.08191299,0.09891759,0.10089816,0.09708761,0.10143067,0.12248191,0.10133515,0.09782644,0.13179841,0.09921999,0.13228213,0.12671147,0.11926064
2021-07-29,0.27833447,0.15121726,0.15477308,0.24818092,0.02710914,0.1430586,0.13480255,0.03662669,0.12010425,0.40396709,0.18371612,0.1996394,0.40712449,0.07277326,0.23198467,0.22727208,0.22302149,0.17633573,0.51561296,0.21872696,0.29298276,0.52673259,0.23436243,0.29641124,0.27026706,0.28248412,0.25407354
2021-07-30,0.9293124,0.75250341,0.7073434,0.87244163,0.64265033,0.72216205,0.79918141,0.71870191,0.69998961,1.22075044,0.95080667,0.93301441,1.21972109,0.80160204,0.90951903,1.00766457,1.01278746,0.90940629,1.51316344,1.14019655,1.13462937,1.50956211,1.20683899,1.12726665,1.28902546,1.27505698,1.1802594
2021-07-31,0.01116223,-0.09688531,-0.08997714,0.03126431,-0.16564124,-0.12542402,0.14695653,-0.14006481,-0.03371068,0.08586775,-0.10758474,-0.08685248,0.09263007,-0.1150519,-0.04522893,0.31061149,0.01085636,-0.30266729,0.13132402,-0.10815749,-0.05433976,0.15521217,-0.08567576,-0.04041575,-0.00778955,-0.32065325,-0.16869485
2021-08-01,-0.51518285,-0.52980371,-0.51367563,-0.48190851,-0.57262628,-0.55454089,-0.26028423,-0.41798739,-0.31658281,-0.61316212,-0.67039819,-0.64762767,-0.60635269,-0.63934253,-0.59803748,-0.73385541,-0.91050867,-0.78401973,-0.73943209,-0.79817565,-0.74446382,-0.71536485,-0.79197183,-0.72799415,-0.82092282,-0.974995,-0.87603424
2021-08-02,-0.01757646,-0.09271488,-0.0810258,0.00943846,-0.12362029,-0.11059992,0.09138468,-0.17006036,-0.08381231,0.03625714,-0.09760001,-0.08112728,0.04176871,-0.07498827,-0.04525963,0.03049559,-0.27433363,-0.2837377,0.06712756,-0.09319294,-0.05437183,0.0865895,-0.08878879,-0.04246252,0.00156625,-0.32230827,-0.1496368
2021-08-03,-1.05796534,-0.84994446,-0.85218629,-1.07181325,-0.844463,-0.84666637,-0.85300011,-0.35946034,-0.4153939,-1.44267263,-1.1407538,-1.14363644,-1.44539745,-1.14515442,-1.14996716,-1.47460788,-0.88469136,-0.79436281,-1.81609472,-1.43403781,-1.44034375,-1.82546642,-1.43450564,-1.44231963,-1.78559397,-1.09037089,-1.42457115
2021-08-04,2.23739276,1.75861525,1.76862413,2.27917242,1.73310042,1.74362419,1.84723406,0.68192566,0.83863411,3.08989529,2.37928137,2.39285383,3.09825667,2.39886477,2.42251699,3.15637382,1.75153387,2.34704929,3.91414073,3.01313298,3.04420001,3.94330959,3.01612296,3.05381809,3.81822411,2.96186921,2.96730198
2021-08-05,1.17343304,1.1174509,0.95615564,1.18499087,1.10576118,0.95400822,0.93425168,0.77710663,0.47402013,1.58542599,1.50485631,1.27557091,1.58764335,1.51323734,1.27769836,1.62083648,1.46096702,1.30684408,1.98477866,1.89780266,1.59506514,1.99223284,1.89937383,1.59560901,1.96080714,1.63172804,1.59076124
2021-08-06,1.4917404,1.4586594,1.39740612,1.47905502,1.47760906,1.41843033,1.08470059,1.06707274,0.92247694,1.94767591,1.9264408,1.84245292,1.9449448,1.91260048,1.816766,1.99700785,1.99900085,1.73670101,2.40754488,2.38673458,2.26704585,2.39754724,2.38389145,2.25844673,2.44273457,2.17632163,2.33598636
2021-08-07,2.67080072,2.44411323,2.45972229,2.71180948,2.37821271,2.39738885,2.53996983,1.90106506,2.05624251,3.61183213,3.30396004,3.33659016,3.61979215,3.35073444,3.41157881,3.384943,3.29761599,2.62952619,4.49735848,4.17674685,4.2686168,4.52433664,4.1860985,4.29332994,4.40887805,3.24469268,4.0706749
2021-08-08,-1.21376464,-1.12018833,-1.12985289,-1.2385122,-1.0818537,-1.09357123,-1.1797394,-0.88563453,-0.97484438,-1.64078757,-1.5098528,-1.52832136,-1.64556214,-1.53666914,-1.57126536,-1.54235167,-1.49580345,-1.17828384,-2.0306936,-1.90154859,-1.95179349,-2.04675655,-1.9068392,-1.96573034,-1.97752893,-1.44166676,-1.83992645
2021-08-09,2.48158882,2.00534518,2.00256274,2.46796425,2.00272095,2.00027944,2.50421688,1.50858701,1.52484245,3.23036111,2.65150197,2.65394464,3.22733903,2.65300895,2.65641265,2.73436814,2.71131618,2.29748245,3.96762967,3.28571771,3.29779281,3.95637254,3.28595251,3.29851661,4.00788566,2.84649777,3.29198987
2021-08-10,-0.45462946,-0.33992275,-0.33707268,-0.44553212,-0.34734523,-0.34415632,-0.46822485,-0.24832044,-0.23394128,-0.57335597,-0.43935691,-0.43610045,-0.57149868,-0.43405454,-0.42761998,-0.45570114,-0.45916052,-0.41026956,-0.694333,-0.52556926,-0.51848341,-0.68781284,-0.5320672,-0.52296431,-0.71671895,-0.50859315,-0.54804949
2021-08-11,0.02151886,0.0502385,0.05285217,0.02889632,0.04134488,0.04441171,0.01096483,0.04765542,0.06725676,0.04378985,0.07424804,0.07841928,0.04525625,0.08052381,0.08846762,0.07316765,0.06446815,0.03275843,0.05897954,0.10734011,0.11787025,0.06403112,0.10175242,0.1145868,0.04195468,0.03703521,0.08501561
2021-08-12,-1.3540617,-1.16087172,-1.1643966,-1.36101998,-1.14256065,-1.14712748,-1.34573114,-0.89549712,-0.94147349,-1.78225198,-1.5421569,-1.55133282,-1.78347942,-1.55484199,-1.57166901,-1.58289569,-1.55449555,-1.27983197,-2.18642486,-1.86102553,-1.88988471,-2.19024826,-1.92033953,-1.95101685,-2.17470562,-1.57219293,-1.89178716
2021-08-13,3.45194253,2.8850337,2.88858646,3.45420584,2.8564792,2.86176803,3.45296121,2.20038869,2.27750805,4.52975651,3.83122211,3.84630278,4.52981366,3.8509683,3.8779977,3.94065022,3.88482644,3.23340934,5.56850639,4.59993212,4.65339352,5.56767433,4.76898653,4.82233712,5.57442364,4.71242444,4.72977627
2021-08-14,-0.6795267,-0.56831419,-0.56924331,-0.69335433,-0.57658293,-0.5775996,-0.69323934,-0.44688993,-0.46207624,-0.88590509,-0.74993305,-0.75311974,-0.89984949,-0.76970171,-0.77485045,-0.78701184,-0.7763339,-0.65038235,-1.0815098,-0.91273551,-0.92280663,-1.09508725,-0.94481927,-0.95482065,-1.09649914,-0.9520941,-0.93751337
2021-08-15,0.19567291,0.22840482,0.23350075,0.20256537,0.2021703,0.20836252,0.16766362,0.18724131,0.22872025,0.28299298,0.31496559,0.32349384,0.27800832,0.31897412,0.3354767,0.30832773,0.28919409,0.20100083,0.35367006,0.40094161,0.4234316,0.35564361,0.39685006,0.4237734,0.31335238,0.369519,0.36293082
2021-08-16,-1.46736873,-1.3086944,-1.3183464,-1.54667892,-1.33260837,-1.34313058,-1.49768103,-1.07511807,-1.16091962,-1.96578798,-1.75426649,-1.77300862,-2.03054575,-1.8488665,-1.88127439,-1.86574722,-1.81952902,-1.46585838,-2.42424387,-2.22504062,-2.27472588,-2.49755541,-2.27826169,-2.33396783,-2.44152834,-2.25369724,-2.21776711
2021-08-17,-1.26995153,-1.09806045,-1.10419928,-1.34192486,-1.13686394,-1.14317354,-1.31609439,-0.90014287,-0.95675912,-1.69734046,-1.47338545,-1.48627508,-1.76316674,-1.56227231,-1.58354603,-1.58507368,-1.55206976,-1.26526188,-2.10030126,-1.87710037,-1.91174923,-2.17081055,-1.93142561,-1.96928362,-2.14189925,-1.92419178,-1.89323179
2021-08-18,0.07707744,0.06168934,0.06172329,0.08183929,0.06670648,0.06666313,0.08280538,0.05049885,0.0512645,0.10158774,0.08229479,0.08254471,0.10691039,0.08855637,0.08876823,0.09113212,0.09026619,0.07629125,0.12581315,0.10517063,0.10587983,0.13093955,0.10956569,0.11014534,0.13231483,0.11130614,0.10954351
2021-08-19,2.25796369,1.86608445,1.87122369,2.39329932,1.98101047,1.98495308,2.39061734,1.52735983,1.58238661,2.99799125,2.49927532,2.51320163,3.13871869,2.67320536,2.69277681,2.73446716,2.69489222,2.24098136,3.7170691,3.19466067,3.2329429,3.85831939,3.31097434,3.34948524,3.85997387,3.33535254,3.28178854
2021-08-20,1.89154464,1.4294417,1.42380646,2.0118707,1.60053624,1.59137129,2.08313248,1.1747737,1.14257123,2.43981667,1.87878388,1.87449872,2.58868793,2.04279135,2.02709682,2.12603767,2.1275172,1.86329859,2.99229961,2.38220905,2.37182966,3.12498436,2.50480521,2.485126,3.21649083,2.58680436,2.54842906
2021-08-21,-0.62063302,-0.54250433,-0.54571775,-0.6544624,-0.5590065,-0.56236473,-0.64010075,-0.44647159,-0.4758382,-0.82333365,-0.72320363,-0.72977326,-0.85279792,-0.76439668,-0.77540006,-0.77404961,-0.75748773,-0.61881682,-1.01038702,-0.91424105,-0.93175589,-1.04188514,-0.93841969,-0.95772347,-1.02537247,-0.93288997,-0.91839781
2021-08-22,0.34349785,0.25811056,0.25693296,0.36520935,0.29019314,0.28834379,0.37910016,0.21247187,0.20535232,0.44065909,0.33790802,0.33689225,0.46767872,0.3676784,0.36437365,0.38310421,0.38388904,0.338206,0.53835259,0.42710593,0.4246258,0.56209167,0.44940698,0.44513553,0.57953041,0.46494452,0.45818578
2021-08-23,0.48574691,0.48737978,0.49435339,0.50800246,0.46592305,0.47413916,0.46387723,0.40051669,0.45871982,0.66893618,0.66055857,0.67275612,0.67628738,0.68274785,0.70559703,0.67525962,0.64717039,0.4907462,0.80858638,0.83723864,0.86950424,0.84252751,0.84311205,0.88099355,0.7894299,0.81075613,0.79730476
2021-08-24,-1.90648945,-1.58571198,-1.58982653,-2.01573272,-1.68070525,-1.68380262,-2.01412847,-1.30597179,-1.35071286,-2.49658831,-2.09932042,-2.11039085,-2.60717539,-2.23862642,-2.25404867,-2.28760643,-2.25629404,-1.89262971,-3.15074254,-2.65026559,-2.68011115,-3.1632004,-2.741171,-2.77107304,-3.16434413,-2.76026965,-2.71855693
2021-08-25,0.96085013,0.73392797,0.73159794,1.02133599,0.81667833,0.8127019,1.05334946,0.60314231,0.59090659,1.24187889,0.96602876,0.96472105,1.31528829,1.04806132,1.04186446,1.08843472,1.08729124,0.94731704,1.58901445,1.22504714,1.22213659,1.58923749,1.28560144,1.27853132,1.63016119,1.32359329,1.30386076
2021-08-26,-1.87773709,-1.51368175,-1.51453998,-1.98953783,-1.63281683,-1.63185474,-2.0116088,-1.24503017,-1.26374387,-2.44922257,-2.00190251,-2.00788742,-2.57126099,-2.14823893,-2.15345411,-2.20797686,-2.1875165,-1.85931964,-3.10942456,-2.53404017,-2.55080711,-3.11749967,-2.63465685,-2.64852366,-3.14709864,-2.67379141,-2.63338089
2021-08-27,2.14986183,1.7877241,1.79303986,2.27626648,1.8925267,1.89683441,2.27000469,1.46603126,1.52165063,2.8440918,2.38690947,2.4007798,2.9728376,2.54855528,2.56855346,2.60400442,2.56522285,2.13463747,3.62429608,3.0393126,3.07729513,3.64019671,3.14563892,3.18436973,3.63600805,3.16456366,3.11461203
2021-08-28,-0.2629139,-0.24084708,-0.24300386,-0.27656213,-0.24175365,-0.24417377,-0.26460625,-0.1979967,-0.21671925,-0.35362904,-0.32332809,-0.32737315,-0.36342522,-0.33909756,-0.34630201,-0.34055187,-0.33081815,-0.26328158,-0.44346991,-0.40957144,-0.42031551,-0.44746854,-0.41759753,-0.42985046,-0.43331965,-0.41029826,-0.40373688
2021-08-29,-0.18860782,-0.16917078,-0.17046906,-0.19866997,-0.17177256,-0.17319601,-0.19193495,-0.1390338,-0.15049184,-0.25255539,-0.22674112,-0.22925551,-0.26051313,-0.23867516,-0.24306044,-0.24057719,-0.23442078,-0.18850762,-0.31761897,-0.28739843,-0.29410265,-0.32014715,-0.29393377,-0.30148953,-0.31221233,-0.29025543,-0.2856386
2021-08-30,-0.92568202,-0.57920689,-0.56784048,-0.9923335,-0.72910066,-0.71383696,-1.09042448,-0.47737286,-0.39350447,-1.14461599,-0.73709808,-0.72141002,-1.24700069,-0.83631789,-0.80125103,-0.90579071,-0.9356575,-0.89954434,-1.48397705,-0.92970012,-0.88897642,-1.4711975,-1.01431533,-0.96098831,-1.59250979,-1.10797666,-1.09342554
2021-08-31,1.28010965,1.30159273,1.32138534,1.3386163,1.23494761,1.25841688,1.21120755,1.06736628,1.23178438,1.77950144,1.77327798,1.80772782,1.7957366,1.83070261,1.89553887,1.80704391,1.72774499,1.29525339,2.21950699,2.25664995,2.3478681,2.25255307,2.27007846,2.37747752,2.09904681,2.17651665,2.13951049
2021-09-01,2.8304019,2.65815161,2.69076639,3.36064958,2.9590225,2.99218788,3.19325837,2.44364698,2.69504493,4.00936052,3.66138025,3.70515843,4.42620675,4.17544263,4.27110481,4.18409913,4.05694805,3.2060131,5.40710638,5.04938404,5.18912101,5.45906018,5.13946864,5.29966962,5.26563022,5.03599403,4.955306
2021-09-02,-0.09211531,-0.16707699,-0.17414372,-0.12320764,-0.15033019,-0.15864121,-0.09962585,-0.17814661,-0.23350126,-0.14811202,-0.2457189,-0.25534873,-0.1828349,-0.26695384,-0.28746829,-0.27627255,-0.25211192,-0.15536312,-0.23916622,-0.34824681,-0.37471913,-0.24873127,-0.33586954,-0.36812136,-0.21906603,-0.32545406,-0.3195485
2021-09-03,0.98879385,0.90308305,0.91204506,1.0417155,0.91951766,0.92891968,1.22190741,0.92530832,1.01214749,1.39765146,1.23792546,1.25027838,1.40197951,1.30237098,1.32437315,1.56346382,1.52019185,1.21785226,1.75510114,1.60553159,1.63544451,1.76849728,1.63934333,1.67373993,1.9676704,1.86819748,1.83972956
2021-09-04,-0.28995171,-0.26282576,-0.26696929,-0.27416786,-0.2552121,-0.25986494,-0.32762637,-0.27980623,-0.31747806,-0.37421343,-0.36500216,-0.37067342,-0.37687525,-0.37874543,-0.38947648,-0.4624808,-0.44490029,-0.34341732,-0.47835778,-0.47531042,-0.48919713,-0.48413168,-0.47957495,-0.49611841,-0.54128599,-0.54962242,-0.54110972
2021-09-05,1.24567527,0.83933247,0.83384911,1.2195566,0.96352901,0.95507225,1.37032611,0.76653443,0.73486381,1.56441611,1.09556895,1.08808659,1.55580005,1.19637916,1.17739269,1.3542845,1.36113761,1.21693153,1.87032946,1.38517118,1.36494907,1.86510923,1.46337087,1.4349593,2.03967787,1.62675495,1.60483503
2021-09-06,0.50543061,0.38186662,0.25388397,0.48116681,0.43739653,0.33451361,0.52098533,0.4030936,0.14477469,0.59329855,0.47275936,0.33574182,0.58556223,0.48028769,0.34482559,0.48830845,0.51292322,0.41307901,0.71315276,0.55888037,0.36250046,0.66857564,0.57669253,0.39818664,0.7183414,0.62077349,0.4574761
2021-09-07,-5.14030373,-5.15261557,-3.98036472,-5.11789753,-5.19372809,-4.28477722,-5.85303753,-5.8457057,-3.9924241,-7.05905687,-7.20787969,-5.98815808,-6.65800575,-6.77079139,-5.67093622,-7.63341217,-7.58437857,-5.51360185,-8.98577784,-8.96175507,-7.34286132,-8.1383807,-8.41523087,-7.01658244,-8.94976939,-9.40160819,-7.75200857
2021-09-08,-0.07636395,-0.03551553,0.10415234,-0.07230919,-0.10448191,0.03075029,-0.04321072,-0.10223657,0.25116478,0.03634234,0.06145457,0.22791073,-0.0393602,0.03222662,0.17445506,0.09058631,0.04706227,0.06409793,-0.02051914,0.03592454,0.25013687,0.01758901,0.06864362,0.25851911,0.04372536,0.05761156,0.26387765
2021-09-09,-0.20635694,-0.2394561,-0.28453691,-0.20625416,-0.18494596,-0.24282453,-0.26943468,-0.22241688,-0.40084043,-0.40035747,-0.42929567,-0.49054569,-0.31721237,-0.38302477,-0.4308601,-0.47475793,-0.43772383,-0.3354195,-0.46951625,-0.51230232,-0.58270078,-0.44638055,-0.5067333,-0.57158208,-0.51428594,-0.55192755,-0.61753158
2021-09-10,-1.66602261,-1.68748073,-1.48217059,-1.79092092,-1.79825842,-1.54625801,-2.09182937,-2.04959948,-1.58478181,-2.45721865,-2.48205598,-2.20135082,-2.40796392,-2.30820007,-2.16689932,-2.88223258,-2.83354044,-2.03290979,-2.92317153,-2.95355864,-2.69729907,-3.03768133,-2.92509083,-2.74801074,-3.38801364,-3.58537422,-3.04535266
2021-09-11,0.41913068,0.42780234,0.38270396,0.44950041,0.44906038,0.39387552,0.52964145,0.51436254,0.41973899,0.63335598,0.6425542,0.57980985,0.61241769,0.59476142,0.56504554,0.74673796,0.73067004,0.52213623,0.75639301,0.76853088,0.71217601,0.78254093,0.76083038,0.72360286,0.87773871,0.9316119,0.80270206
2021-09-12,1.0377817,1.05535316,0.93532769,1.11458653,1.11628208,0.96908888,1.30865335,1.27630344,1.0136852,1.55272553,1.5720359,1.4058708,1.51103092,1.45781678,1.37657632,1.82794707,1.79252005,1.28098677,1.85289562,1.87765956,1.72670865,1.92163417,1.85906955,1.75690583,2.15126569,2.28109515,1.94933726
2021-09-13,-1.08503419,-1.08963207,-0.93390483,-1.17138277,-1.18304234,-0.9910396,-1.35990254,-1.34526228,-0.968772,-1.67047475,-1.67449293,-1.36694054,-1.56386457,-1.47433013,-1.36169069,-1.84329821,-1.82112604,-1.29867977,-1.9878161,-1.98948111,-1.68139292,-1.9599658,-1.86300115,-1.71999538,-2.18178316,-2.30700769,-1.91163975
2021-09-14,1.93608525,1.90902909,1.47705575,1.98812617,2.02849476,1.61969273,2.28614299,2.29975072,1.44064679,2.72335835,2.70685658,2.1056912,2.62778586,2.40158607,2.14819488,3.01682199,3.0075287,2.11366097,3.2575879,3.22490296,2.6157235,3.26298366,3.02588904,2.69834503,3.6246666,3.83013361,3.02000556
2021-09-15,1.28566887,1.30955704,1.13565581,1.31994761,1.31707894,1.16449161,1.55104304,1.50435543,1.25009372,1.91044141,1.93598437,1.70975487,1.78652854,1.74272631,1.66346108,2.17176586,2.12428628,1.53518111,2.26576976,2.29935503,2.08604594,2.2674212,2.21333837,2.11662758,2.53291603,2.68207427,2.3381705
2021-09-16,-0.21548156,-0.21920611,-0.18974584,-0.22106248,-0.22074301,-0.19487329,-0.25897528,-0.25158358,-0.20797512,-0.31971944,-0.32378591,-0.28592472,-0.29755415,-0.28983777,-0.27638484,-0.35969664,-0.3521936,-0.2558564,-0.37527574,-0.38043766,-0.34484796,-0.37555304,-0.36626361,-0.34994505,-0.41832699,-0.44226467,-0.38583949
2021-09-17,-0.85889046,-0.89847996,-0.85121213,-0.89090343,-0.87279416,-0.8344251,-1.06578906,-1.00393841,-1.00464986,-1.21849511,-1.25045001,-1.18919628,-1.23043861,-1.25787429,-1.25231531,-1.55987982,-1.5057093,-1.1084739,-1.58896722,-1.64098204,-1.59802013,-1.58907304,-1.60694941,-1.60570322,-1.78322434,-1.89153441,-1.75973641
2021-09-18,0.74826541,0.7246671,0.51687741,0.75343898,0.77729443,0.59016864,0.85213009,0.87405416,0.46075329,0.95666994,0.93842941,0.66787812,0.97298657,0.85895282,0.73959694,1.0734151,1.08266501,0.75915388,1.17859344,1.15029368,0.87496537,1.18108038,1.0658308,0.91208285,1.30009918,1.36757754,1.02458826
2021-09-19,-1.08529719,-1.08250263,-0.87162111,-1.10500579,-1.118105,-0.93038046,-1.27644564,-1.26715351,-0.89281219,-1.44264459,-1.4412959,-1.16803047,-1.46296522,-1.37317539,-1.26276952,-1.70900128,-1.69161708,-1.21253218,-1.81700114,-1.81635528,-1.54883836,-1.81927627,-1.72453844,-1.5858862,-2.01774976,-2.12938977,-1.76023264
2021-09-20,-3.96709947,-3.9355346,-3.09749194,-4.03159394,-4.09449016,-3.34584581,-4.64633643,-4.63969628,-3.10585757,-5.25283533,-5.23086025,-4.13775638,-5.3305795,-4.94613007,-4.4945184,-6.17889823,-6.13484638,-4.36181827,-6.61242547,-6.58272376,-5.49562407,-6.62183179,-6.21895103,-5.64491532,-7.34783767,-7.75790444,-6.28763077
2021-09-21,-1.34947679,-1.32428154,-1.23130089,-1.34099093,-1.35879336,-1.39889908,-1.92904763,-1.44977336,-1.01313589,-1.76726958,-1.74748057,-1.60253729,-1.76939731,-1.70469804,-1.77975883,-1.84173149,-1.85186342,-1.83345879,-2.20115304,-2.17010897,-2.10968465,-2.19208723,-2.12976184,-2.2113591,-2.31171888,-2.33391087,-2.36631373
2021-09-22,-0.18245723,1.04186871,0.45982123,-0.17875396,1.03476869,0.39967828,-0.29035774,1.6987484,0.45153959,-0.23575418,1.39953017,0.66388675,-0.23428876,1.40495181,0.68443868,-0.2331602,2.16328116,0.57614788,-0.29101635,1.76206522,0.88386502,-0.28829876,1.7632837,0.8899217,-0.30167141,1.74371781,0.72742425
2021-09-23,0.0,0.29712174,0.11004889,0.0,0.3015662,0.10490121,0.0,0.5266109,0.10133264,0.0,0.38983555,0.15369905,0.0,0.38656421,0.1620803,0.0,0.26635188,0.1462141,0.0,0.48003549,0.20349176,0.0,0.47931852,0.20750801,0.0,0.49186615,0.18386274
2021-09-24,0.0,-0.72109494,-0.39134931,0.0,-0.71826003,-0.37306263,0.0,-1.08942417,-0.36038448,0.0,-0.96242255,-0.54633721,0.0,-0.96454905,-0.5760809,0.0,-0.90761345,-0.51977012,0.0,-1.20413689,-0.72297045,0.0,-1.20453985,-0.73720996,0.0,-1.19721962,-0.65336
2021-09-25,0.0,-0.033189,-0.01191469,0.0,-0.03372267,-0.01135586,0.0,-0.0594518,-0.01096855,0.0,-0.04356077,-0.01665924,0.0,-0.04316779,-0.01757146,0.0,-0.04088511,-0.01584491,0.0,-0.05366385,-0.02208447,0.0,-0.05357787,-0.02252267,0.0,-0.05508302,-0.01994411
2021-09-26,0.0,0.32388438,0.24542928,0.0,0.31486119,0.23391679,0.0,0.38503997,0.22593775,0.0,0.44319635,0.34317802,0.0,0.44988995,0.36197288,0.0,0.41971899,0.32640023,0.0,0.56722026,0.45496167,0.0,0.56862468,0.46399111,0.0,0.54377332,0.41085928
2021-09-27,0.0,-0.38462185,-0.22907821,0.0,-0.38083303,-0.21835779,0.0,-0.55147761,-0.21092626,0.0,-0.51695184,-0.32000267,0.0,-0.51976326,-0.33746508,0.0,-0.4879386,-0.30440881,0.0,-0.6509858,-0.42376532,0.0,-0.65155637,-0.43213677,0.0,-0.64138068,-0.38285507
2021-09-28,0.0,-0.40647065,-0.217307,0.0,-0.40514262,-0.20711519,0.0,-0.62074783,-0.20005139,0.0,-0.5436307,-0.30383619,0.0,-0.54463009,-0.32047254,0.0,-0.51227762,-0.28898492,0.0,-0.68159835,-0.40277604,0.0,-0.68178255,-0.41076738,0.0,-0.67841035,-0.36374265
2021-09-29,0.0,0.25297936,0.11675785,0.0,0.25416384,0.11127048,0.0,0.41490165,0.10746792,0.0,0.33625302,0.16339119,0.0,0.33538681,0.17236633,0.0,0.31623783,0.15538162,0.0,0.41922518,0.21681233,0.0,0.41902241,0.22113177,0.0,0.42251763,0.19572415
2021-09-30,0.0,0.70043766,0.28840227,0.0,0.70760464,0.27486305,0.0,1.20044657,0.26547996,0.0,0.92528491,0.40340288,0.0,0.92001242,0.42552382,0.0,0.86936423,0.3836584,0.0,1.14690953,0.53501107,0.0,1.14573637,0.5456463,0.0,1.16619713,0.48307503
2021-10-01,0.0,1.27386926,0.5504063,0.0,1.28420375,0.52463797,0.0,2.13676551,0.50677565,0.0,1.68234786,0.76899939,0.0,1.67479463,0.81098944,0.0,1.58223327,0.73150471,0.0,2.0845829,1.01854651,0.0,2.08289287,1.03868385,0.0,2.11228693,0.92014677
2021-10-02,0.0,0.03738126,0.13533304,0.0,0.0246941,0.12903023,0.0,-0.11394585,0.12465929,0.0,0.07301392,0.1886702,0.0,0.07489393,0.19888938,0.0,0.06509931,0.17953787,0.0,0.10845204,0.24927804,0.0,0.1018516,0.25415576,0.0,0.06698973,0.22541535
2021-10-03,0.0,0.15190788,0.05492056,0.0,0.15435855,0.05236606,0.0,0.26953087,0.05059436,0.0,0.16715732,0.07652497,0.0,0.19643102,0.08066166,0.0,0.18629679,0.07282752,0.0,0.20708747,0.10104649,0.0,0.24240479,0.1030187,0.0,0.24923093,0.09139535
2021-10-04,0.0,0.11081843,-0.06009699,0.0,0.1235337,-0.05730319,0.0,0.34466188,-0.05536543,0.0,0.0767703,-0.08371961,0.0,0.12142117,-0.08824157,0.0,0.12003859,-0.07967748,0.0,0.08201003,-0.11051949,0.0,0.14204618,-0.11267436,0.0,0.17700531,-0.0999732
2021-10-05,0.24921845,0.7879117,0.47935572,0.23884881,0.6508269,0.4789456,0.26433891,1.11257024,0.47886308,0.30789895,1.00436781,0.63817627,0.30375801,1.01568941,0.6387549,0.30028171,0.78977878,0.63759152,0.37042425,1.23165781,0.79655803,0.3628945,1.25621998,0.79675945,0.3993063,1.05274745,0.79581017
2021-10-06,0.55763403,1.0843488,0.59621953,0.53812983,0.81583078,0.61374192,0.58606683,1.62557565,0.62631109,0.69709367,1.3841394,0.76803003,0.68931577,1.34996633,0.73952137,0.68278578,0.9350775,0.79337276,0.84360172,1.65972604,0.9174815,0.82947799,1.65317507,0.90375721,0.89775676,1.27341256,0.98513009
2021-10-07,-0.59617112,-0.49730437,-0.54226627,-0.57002459,-0.56343969,-0.57065825,-0.63426855,-0.56753166,-0.59083604,-0.73552691,-0.63051436,-0.68408105,-0.72507124,-0.609116,-0.63782984,-0.71629178,-0.72342762,-0.72523469,-0.88556925,-0.78623495,-0.82802746,-0.8665297,-0.74799578,-0.76955531,-0.95852368,-0.88676264,-0.90123693
2021-10-08,0.03506791,0.01850591,0.01598557,0.04282357,0.03671161,0.03335851,0.05474582,0.05564443,0.03739831,0.03742244,0.01865228,0.01503127,0.05065127,0.02876556,0.02003853,0.04902089,0.04053782,0.03766127,0.04173412,0.0365515,0.02906229,0.05595444,0.03311768,0.01993743,0.07307525,0.05029275,0.04636823
2021-10-09,0.3718347,0.3584543,0.35057224,0.31327705,0.32833942,0.32080463,0.3434611,0.37239702,0.33005814,0.46241209,0.45685456,0.4454276,0.40178559,0.39125143,0.37163102,0.39765255,0.41838833,0.41169519,0.55827825,0.53866463,0.5126876,0.48406507,0.48170474,0.45194048,0.52751059,0.52143479,0.51257471
2021-10-10,-0.26703805,-0.33908111,-0.34405022,-0.26382484,-0.31942424,-0.32531593,-0.24820001,-0.28855315,-0.31849144,-0.36945742,-0.46211648,-0.4692637,-0.3605278,-0.45910875,-0.47445701,-0.36265887,-0.43946909,-0.44416896,-0.46938562,-0.47049144,-0.48111385,-0.46063315,-0.57681731,-0.59980569,-0.43833524,-0.54837534,-0.5552085
2021-10-11,1.25222729,1.25946273,1.2397146,1.079899,1.1592566,1.14109437,1.15770399,1.26763844,1.16366167,1.58112677,1.62471373,1.59610186,1.39923171,1.43195124,1.38469735,1.38858436,1.49826967,1.48182629,1.9239588,1.86775947,1.79921587,1.70283292,1.77110493,1.699366,1.81457229,1.86818638,1.84686707
2021-10-12,-0.57285916,-0.56739023,-0.55732891,-0.49071767,-0.5218665,-0.51243214,-0.52995497,-0.57756214,-0.52409262,-0.71695832,-0.7261935,-0.71171638,-0.63147538,-0.63485117,-0.61040888,-0.62613322,-0.66887965,-0.66046771,-0.86698791,-0.84030388,-0.80657159,-0.76344693,-0.78140865,-0.74455131,-0.81912781,-0.83087128,-0.8199447
2021-10-13,0.50587131,0.53289693,0.52811288,0.4481023,0.49324205,0.48928852,0.46835602,0.51829178,0.49437078,0.64873385,0.69468665,0.68777913,0.58609884,0.63057963,0.62036018,0.583337,0.64556817,0.64179432,0.79484696,0.77690435,0.75817873,0.71970651,0.78177406,0.7662491,0.74856336,0.80368568,0.79907614
2021-10-14,0.2334316,0.32455304,0.33260818,0.24426753,0.30824301,0.31733872,0.21761845,0.25948873,0.30666988,0.33516903,0.44917508,0.46078617,0.33966802,0.46232815,0.48605965,0.3433101,0.43147772,0.43890733,0.43213996,0.43846977,0.45797918,0.44042175,0.58212893,0.61777475,0.40229993,0.53735696,0.54792844
2021-10-15,1.66433205,1.64932214,1.61655423,1.40965443,1.48101337,1.44889272,1.53924696,1.66898033,1.48838184,2.06589991,2.10142807,2.05427661,1.80350214,1.81988519,1.73933918,1.78585242,1.88311054,1.85470666,2.48658629,2.49396525,2.38784218,2.16783672,2.23574077,2.11434031,2.35205051,2.33638053,2.29909994
2021-10-16,-0.43655031,-0.49699078,-0.49211763,-0.37951442,-0.40820222,-0.40246372,-0.40457295,-0.4425494,-0.40961514,-0.54825432,-0.64366648,-0.6367898,-0.48874514,-0.58366775,-0.57314231,-0.4853604,-0.5243514,-0.51921054,-0.66250175,-0.78405942,-0.76904395,-0.59135234,-0.72064912,-0.70505914,-0.62629047,-0.64795613,-0.6414322
2021-10-17,0.35172277,0.3804526,0.3752665,0.30231301,0.32171893,0.31611972,0.32573002,0.35479404,0.3230454,0.43905332,0.4895957,0.48221687,0.38790825,0.43651601,0.42446337,0.38473645,0.41112968,0.40616054,0.52920715,0.59294477,0.57669742,0.46768334,0.537977,0.51998906,0.50053209,0.50858117,0.50217406
2021-10-18,0.12200805,-0.03627567,-0.04838153,0.07758435,0.05274786,0.0428254,0.11198513,0.10822024,0.05473768,0.12584939,-0.08048571,-0.0979421,0.0839613,-0.13514815,-0.16855238,0.07928496,0.04512583,0.0367322,0.13524783,-0.1351322,-0.17411515,0.08301474,-0.18189408,-0.23222473,0.13159376,0.05495,0.04354239
2021-10-19,0.9108131,1.05928491,1.05047874,0.79541254,0.85940282,0.84847159,0.84425341,0.92528183,0.86215102,1.14730205,1.37694862,1.36461478,1.026388,1.25643035,1.23838004,1.01980108,1.10695889,1.09712036,1.38856062,1.68316388,1.65643629,1.24433648,1.55434681,1.52784979,1.31217253,1.36823687,1.355875
2021-10-20,0.90553824,1.29416088,1.30043579,0.83118719,0.93986556,0.94063139,0.84141238,0.94120133,0.94036186,1.08531952,1.6344453,1.64635908,1.09210528,1.65753723,1.68223427,1.09079753,1.23868891,1.23867644,1.35804095,2.06717051,2.09364133,1.34667213,2.06462176,2.10271599,1.35939576,1.52824333,1.52942952
2021-10-21,-1.78145384,-1.68764121,-1.66992922,-1.59939122,-1.60335758,-1.58901459,-1.65495204,-1.69200939,-1.60680047,-2.33715905,-2.23185552,-2.20557268,-2.080422,-1.96813371,-1.92949528,-2.07309462,-2.0774973,-2.06546036,-2.89296178,-2.74985892,-2.69068234,-2.87506815,-2.74584016,-2.66334413,-2.61573441,-2.56618029,-2.55099445
2021-10-22,-0.94297731,-0.93290485,-0.92904202,-0.86615679,-0.86899947,-0.8667486,-0.87568902,-0.88643669,-0.86972313,-1.24688896,-1.23861748,-1.23299127,-1.14421292,-1.13684121,-1.13170791,-1.14301457,-1.14651868,-1.1447191,-1.56099977,-1.54804881,-1.53512906,-1.55436419,-1.54488797,-1.52712964,-1.43004939,-1.42526,-1.42330771
2021-10-23,1.22628272,1.27754395,1.29804059,1.08281221,1.05736756,1.07696458,1.00749145,0.95420147,1.05349916,1.71652707,1.75601498,1.78576573,1.49787081,1.54463532,1.5960682,1.4956179,1.46103394,1.47850257,2.19260655,2.25280068,2.31951951,2.22822838,2.27031444,2.36188047,1.79439525,1.83186825,1.85578256
2021-10-24,-0.62643869,-0.64536494,-0.65290307,-0.53894817,-0.53000494,-0.53688367,-0.51263592,-0.49462129,-0.52869034,-0.86187355,-0.87631675,-0.88710578,-0.77564666,-0.78964266,-0.80507682,-0.73366901,-0.72157546,-0.72768041,-1.09074061,-1.11242517,-1.13622921,-1.10349696,-1.11870973,-1.15135601,-0.88732121,-0.90016204,-0.90852455
2021-10-25,1.62842212,1.62723279,1.62675372,1.38752492,1.38900494,1.38777441,1.3935552,1.40373148,1.38965949,2.26317748,2.2585978,2.25517003,2.23123839,2.22499218,2.21878421,1.83947429,1.84108093,1.84022545,2.8223332,2.81495323,2.80683056,2.72337293,2.72130012,2.71677545,2.2954734,2.29212081,2.29162261
2021-10-26,-1.40162484,-1.37351147,-1.3623038,-1.19056083,-1.20512521,-1.19379537,-1.23572701,-1.27501694,-1.20787183,-1.9476601,-1.92113621,-1.90130824,-1.91198027,-1.87750033,-1.84142424,-1.54279279,-1.56191523,-1.55220143,-2.38982077,-2.34943139,-2.30504321,-2.23500596,-2.21093688,-2.15915583,-1.95376463,-1.93124577,-1.91888164
2021-10-27,-1.72120223,-1.74979341,-1.76117721,-1.47424273,-1.46114718,-1.4711769,-1.43649051,-1.41345209,-1.45942541,-2.43023736,-2.44847668,-2.46209636,-2.46675781,-2.49894825,-2.53256433,-1.98472189,-1.96686313,-1.9758579,-3.04791363,-3.07524066,-3.1052217,-2.96701038,-2.9893661,-3.03729522,-2.43427857,-2.45243765,-2.46505221
2021-10-28,2.06990031,2.16044101,2.41941359,1.98462047,1.94850334,1.97629208,1.87820044,1.8047288,1.94314903,2.87560157,2.94692266,3.40130364,3.02773197,3.13720945,3.58580047,2.72518496,2.67598257,2.70082328,3.67418557,3.78342123,4.37972026,3.76387622,3.83956721,4.35393576,3.30700041,3.35980041,3.39403645
2021-10-29,1.46602996,1.48862691,1.71668646,1.45650333,1.45311664,1.455644,1.44794826,1.44718946,1.45298706,1.97858533,1.99563768,2.39683964,2.04119605,2.06894521,2.42064617,1.93701527,1.93232071,1.93465339,2.47614298,2.50155151,2.98404135,2.48946447,2.50730031,2.8813081,2.39869493,2.40205988,2.40567882
2021-10-30,-0.53289193,-0.55755272,-0.59670617,-0.4887571,-0.47787775,-0.48625705,-0.45653282,-0.43372566,-0.47622666,-0.74176912,-0.7604659,-0.824781,-0.77736439,-0.80604971,-0.87744003,-0.66779847,-0.65328026,-0.66061582,-0.93745403,-0.96543879,-1.05301872,-0.95263392,-0.97225478,-1.05625491,-0.79633646,-0.81181492,-0.82169393
2021-10-31,-0.31857553,-0.32178299,-0.37502568,-0.32059766,-0.32083507,-0.32063187,-0.32167115,-0.32375969,-0.3209676,-0.42598642,-0.42838053,-0.52162015,-0.43805088,-0.44211554,-0.52233087,-0.42296349,-0.42323295,-0.42308702,-0.53015326,-0.53368289,-0.64387373,-0.53195404,-0.53443372,-0.61835415,-0.52487426,-0.5241855,-0.5241096
2021-11-01,-0.08256378,-0.06780416,-0.19324093,-0.14882467,-0.15698694,-0.27749032,-0.14907446,-0.17078843,-0.13208129,-0.08580592,-0.07448079,-0.17190173,-0.07627905,-0.05950981,-0.1302045,-0.14089669,-0.15308281,-0.14691031,-0.16099825,-0.14237109,-0.24555022,-0.08440363,-0.07238538,-0.23249377,-0.20025072,-0.1865639,-0.3926729
2021-11-02,2.01726197,2.07196555,2.47345847,2.28214853,2.25158241,2.54145927,1.89225105,1.8588795,1.92481226,2.75529216,2.79675714,3.2316636,2.8599777,2.92496414,3.3279177,2.61337634,2.58848282,2.60102704,3.790556,3.85732657,4.39774905,3.49508799,3.53861421,4.17720176,3.19221292,3.2174082,3.68688605
2021-11-03,-0.14239914,-0.13567101,-0.20965784,-0.16608679,-0.17083612,-0.21992577,-0.17814357,-0.19016769,-0.16902461,-0.17654848,-0.1713857,-0.24975321,-0.17522328,-0.16774651,-0.2283123,-0.20431894,-0.21075651,-0.20749235,-0.23353499,-0.2248709,-0.31027835,-0.20745277,-0.20198009,-0.29925585,-0.26546237,-0.25813512,-0.34196693
2021-11-04,-0.49114157,-0.48685149,-0.658969,-0.56322904,-0.5672821,-0.68436252,-0.53456949,-0.55026346,-0.52357466,-0.63897968,-0.63554179,-0.81846315,-0.64965085,-0.64526023,-0.79468156,-0.66742313,-0.67500017,-0.67114869,-0.85938235,-0.85307947,-1.05947448,-0.78045706,-0.77667499,-1.0148149,-0.83967367,-0.83060894,-1.02666434
2021-11-05,-0.40453396,-0.41657233,-0.49040856,-0.45621902,-0.44940118,-0.50314471,-0.37457949,-0.36627257,-0.38236991,-0.55168051,-0.56069586,-0.64014067,-0.57311229,-0.58714083,-0.66195092,-0.5196141,-0.51379906,-0.51673215,-0.7543824,-0.768675,-0.86732171,-0.6979124,-0.70725822,-0.82460457,-0.63041752,-0.6363291,-0.72184163
2021-11-06,0.36128135,0.36692762,0.45427331,0.40899574,0.40619347,0.46839268,0.35474462,0.35422302,0.35623387,0.48531763,0.48949785,0.58467121,0.49906061,0.5059078,0.59101387,0.47324442,0.47196102,0.47664484,0.66056985,0.66704151,0.78028794,0.60758516,0.61187204,0.74237694,0.58320887,0.58414627,0.68644213
2021-11-07,0.97026808,0.96723712,1.20013549,1.00485084,1.00560962,1.18913376,0.91589884,0.93048135,0.90695313,1.275468,1.27272471,1.57968599,1.19007426,1.19353579,1.58474914,1.17819182,1.18408609,1.5080337,1.64174663,1.63977484,1.99391414,1.57193884,1.56859806,1.81875778,1.46923857,1.46148867,1.76738569
2021-11-08,2.1265381,2.1097396,2.7027454,2.19072135,2.19847063,2.61902963,2.03378516,2.0780437,2.00432761,2.7713082,2.75761549,3.46046241,2.56178607,2.55860868,3.44992871,2.57723422,2.59714581,3.34099928,3.53396362,3.51755971,4.3165513,3.39108548,3.37573798,3.93415137,3.21952847,3.19493726,3.89241057
2021-11-09,-0.68461652,-0.69025149,-0.66190557,-0.70925693,-0.70512817,-0.65284452,-0.491106,-0.48108755,-0.50058705,-0.91048368,-0.91422041,-0.86435772,-0.9696489,-0.97425358,-0.89786027,-0.67295437,-0.66587002,-0.77679332,-1.16178867,-1.16795343,-1.10322268,-1.13063303,-1.13400152,-1.04607895,-1.03317086,-1.03368382,-0.92193345
2021-11-10,-0.84714205,-0.83059161,-0.82691811,-0.85330436,-0.86223174,-0.86109927,-0.67407603,-0.69127533,-0.66223973,-1.09262207,-1.07945289,-1.0755455,-1.10216391,-1.08376856,-1.12159362,-0.84358473,-0.85159881,-1.09928297,-1.34293295,-1.32254996,-1.3093989,-1.32705365,-1.31258888,-1.27112888,-1.3162117,-1.29871534,-1.27269282
2021-11-11,0.57268443,0.60282235,0.60882841,0.62566822,0.60705673,0.61888211,0.44358902,0.41151441,0.47065776,0.79923882,0.82185646,0.82711207,0.84240201,0.87688957,0.90448753,0.60340896,0.58115045,0.68427792,1.02247621,1.05645234,1.07599597,1.02658117,1.05006892,1.08507313,0.81645848,0.83668708,0.84009686
2021-11-12,-0.54807682,-0.5482152,-0.54806693,-0.56487332,-0.56418534,-0.56675468,-0.43287409,-0.43246922,-0.43447273,-0.72277179,-0.72245461,-0.72198229,-0.73849193,-0.73879505,-0.76376749,-0.67682152,-0.67944822,-0.69596474,-0.89868249,-0.89781802,-0.89664978,-0.8922411,-0.89147015,-0.88094088,-0.83279681,-0.82976184,-0.81834392
2021-11-13,0.09786024,0.08363488,0.08068162,0.08409427,0.09246636,0.08859432,0.08109232,0.09608818,0.06929646,0.10906343,0.09813008,0.0953191,0.09930705,0.08318424,0.08711116,0.12774519,0.13846622,0.14536678,0.12318624,0.10654161,0.09651518,0.11685554,0.10523147,0.08152825,0.17582667,0.1641649,0.1547671
2021-11-14,0.32995228,0.29703604,0.29016782,0.30125008,0.32050834,0.31202767,0.26936429,0.30401938,0.24233856,0.38896866,0.3635997,0.35700226,0.36936727,0.33209459,0.34592866,0.42349039,0.44879166,0.46788324,0.41366498,0.37328796,0.34887529,0.43920128,0.41215458,0.35527774,0.56427366,0.53674026,0.51284289
2021-11-15,-0.90525561,-0.87199092,-0.86546578,-0.76890092,-0.78331671,-0.77910918,-0.98421421,-1.03163898,-0.94308196,-1.14287946,-1.11705004,-1.11127961,-1.13862652,-1.10151829,-0.99196082,-0.9700941,-0.99228071,-1.02274475,-1.40940701,-1.37089618,-1.34912842,-1.36502649,-1.33729476,-1.30129499,-1.22696832,-1.20275824,-1.17341746
2021-11-16,-3.25709116,-3.27234829,-3.27541202,-3.17009562,-3.15008984,-3.17273637,-2.98934404,-2.99258597,-2.98588665,-4.32337472,-4.33284918,-4.33509971,-4.42994545,-4.44882238,-4.35233226,-3.75422735,-3.74943328,-3.83489236,-5.62480225,-5.64668041,-5.65939243,-5.36540675,-5.37316033,-5.38580648,-4.5958393,-4.60006277,-4.54961556
2021-11-17,0.19282219,0.34844803,0.34955375,0.22591997,0.31219308,0.31517564,0.30415709,0.44598094,0.4800996,0.28039589,0.47717625,0.47818705,0.27404652,0.46859036,0.46212056,0.51653178,0.64002496,0.6513521,0.33152375,0.5363632,0.54054495,0.37350778,0.61258638,0.6198626,0.61510251,0.79795927,0.79663296
2021-11-18,-2.22812916,-2.85448343,-2.84581443,-2.22545377,-2.64159541,-2.64419409,-2.48623424,-3.23247215,-3.17325406,-2.96230892,-3.78382314,-3.77564257,-2.96121369,-3.75111978,-3.58755324,-3.35119009,-3.96335279,-4.06236261,-3.69747616,-4.52861246,-4.50204294,-3.69373833,-4.69519507,-4.63484844,-4.15206544,-4.88994844,-4.82256169
2021-11-19,0.69081135,0.62618595,1.66077649,0.70327659,0.63447453,1.65230744,1.02913118,0.50637475,1.91333423,0.95668634,0.85962588,2.27365572,0.96485772,0.87962774,2.35182672,0.9127047,0.81140464,2.67463267,1.21556719,1.12480578,2.95953817,1.22969873,1.10778579,2.98038265,1.10793813,1.02270552,3.39042053
2021-11-20,0.4614787,0.45841263,0.91577957,0.45961385,0.46158351,0.92084868,0.75830587,0.46960648,1.02797071,0.60813845,0.60587397,1.21068164,0.60689479,0.60346575,1.20347085,0.60791074,0.61061211,1.36442668,0.75489483,0.75132859,1.49902053,0.75276403,0.75038916,1.49317671,0.76333495,0.76081358,1.69610987
2021-11-21,-0.43145507,-0.43826608,-0.87842062,-0.43489292,-0.43201928,-0.86756648,-0.61858762,-0.41824024,-0.99863944,-0.58363666,-0.58976724,-1.18016625,-0.58589442,-0.59406343,-1.19459541,-0.58485245,-0.58145856,-1.35226802,-0.7330785,-0.74200749,-1.41151137,-0.73688159,-0.74420578,-1.50138753,-0.71914993,-0.72593698,-1.67920165
2021-11-22,-0.63220449,-0.62906294,-1.2572607,-0.63021667,-0.63239912,-1.26239485,-1.02861176,-0.64105936,-1.41285174,-0.83482188,-0.83263965,-1.66465768,-0.83349959,-0.83007023,-1.6573238,-0.8346694,-0.83770999,-1.87899981,-1.03732857,-1.03383671,-1.94690513,-1.03506789,-1.03289921,-2.05924524,-1.04640971,-1.04399651,-2.33628094
2021-11-23,0.61954826,0.63680052,1.29539263,0.62848117,0.62072283,1.2674658,0.82504739,0.58453281,1.48717788,0.85336362,0.86859992,1.76986576,0.85926425,0.87985831,1.80760189,0.85622864,0.84677084,2.0541249,1.08296933,1.10543513,2.08979895,1.09296867,1.11100979,2.30558551,1.04590225,1.06284246,2.57394745
2021-11-24,-0.12144163,-0.12597297,-0.25539704,-0.12380857,-0.121727,-0.24813817,-0.1506523,-0.11209918,-0.29424851,-0.16881376,-0.17276623,-0.33895727,-0.17037172,-0.17574041,-0.35965703,-0.16954241,-0.16699261,-0.40772623,-0.21487253,-0.22069289,-0.41260073,-0.21750368,-0.22214079,-0.45909752,-0.20507444,-0.20945424,-0.50872556
2021-11-25,0.71812878,0.72999722,1.47169412,0.7241339,0.71909585,1.4527758,1.02838239,0.6949963,1.67609133,0.97408499,0.98474534,1.81279099,0.97802776,0.99224808,2.01056846,0.97619025,0.97022928,2.28031198,1.22621027,1.24174607,2.33340487,1.23284986,1.24557261,2.53670132,1.20186343,1.21367042,2.8429678
2021-11-26,-1.7567124,-1.76014695,-3.20504508,-1.75770524,-1.75783503,-3.50043299,-2.74017747,-1.75513408,-3.94897457,-2.33507877,-2.3392364,-4.31373695,-2.33565259,-2.34022966,-4.6527536,-2.33642084,-2.33750264,-5.26293048,-2.90754262,-2.91284073,-5.42822628,-2.90836875,-2.91400093,-5.78303898,-2.90600179,-2.91047547,-5.36045791
2021-11-27,-0.00352866,0.22692228,0.19215754,0.00263615,0.23023061,0.21786104,-0.11199658,0.23822926,0.51220787,0.01432448,0.29891365,0.27583403,0.01840989,0.29646794,0.32121089,0.01603132,0.3037002,0.36569898,0.02944179,0.36983469,0.36720801,0.03639009,0.36877557,0.28348566,0.00326941,0.37937832,0.32549671
2021-11-28,0.34929149,0.78480459,1.01339158,0.36253743,0.7879342,1.13275262,0.32516164,0.79636953,1.78588609,0.50729929,1.04325502,1.42079493,0.51605355,1.04073746,1.59339161,0.51118735,1.04824584,1.81321756,0.6596572,1.30050502,1.84818266,0.67450353,1.29964458,1.7154931,0.60404899,1.3107475,1.71629331
2021-11-29,0.24278937,0.32860592,0.50399049,0.25196324,0.31678891,0.5739798,0.22607128,0.28996305,0.77091455,0.35206481,0.45183037,0.73315754,0.35810906,0.46012238,0.86495661,0.35474939,0.43573172,0.98221073,0.457108,0.57840349,0.98579097,0.46732681,0.58243471,0.90734791,0.41880578,0.54703065,0.85873143
2021-11-30,0.27975265,0.14000983,0.36213733,0.29029662,0.11090619,0.42951271,0.26053278,0.04379778,0.38277217,0.40522291,0.22184531,0.57074917,0.41215495,0.24246668,0.73745692,0.40830191,0.18172208,0.83652311,0.39017169,0.1724482,0.66623513,0.53727116,0.32266169,0.7414669,0.48172069,0.23450283,0.63183716
2021-12-01,-0.06785205,-0.0304155,-0.08449853,-0.07040201,-0.02311932,-0.10056961,-0.06320252,-0.00627218,-0.08521569,-0.09710992,-0.04826842,-0.13398149,-0.09983349,-0.05451751,-0.17194858,-0.09890399,-0.03930866,-0.19320212,-0.10077441,-0.0430731,-0.16334758,-0.12997758,-0.07301974,-0.17456342,-0.11660314,-0.05097366,-0.14744028
2021-12-02,-0.10961257,-0.20697047,-0.28007916,-0.11373485,-0.2055174,-0.31432736,-0.10209667,-0.20246634,-0.46883909,-0.120049,-0.23687356,-0.39480007,-0.16132908,-0.27773232,-0.36369262,-0.15982554,-0.27497805,-0.35139145,-0.16285112,-0.30223099,-0.46797515,-0.21010478,-0.34696101,-0.47823574,-0.18846017,-0.34306674,-0.470405
2021-12-03,-0.48362907,-0.94166344,-1.26297207,-0.50183797,-0.93703782,-1.41626925,-0.45043376,-0.92775548,-2.13408203,-0.5297317,-1.08090606,-1.77811237,-0.71217971,-1.26063532,-1.63796822,-0.70553177,-1.25224386,-1.58724593,-0.71890966,-1.37676604,-2.10793259,-0.9279511,-1.57456802,-2.15220352,-0.83217477,-1.56283811,-2.12368291
2021-12-04,-0.1574559,-0.84756057,-0.90707025,-0.1634141,-0.88131408,-0.98741631,-0.14659955,-0.9607259,-1.8552404,-0.17254554,-1.02879259,-1.20203801,-0.23239923,-1.06453913,-1.11481471,-0.23021445,-1.13655163,-1.1739906,-0.23461126,-1.25184624,-1.40457318,-0.30346948,-1.30718754,-1.3925038,-0.27188474,-1.41246662,-1.50780934
2021-12-05,0.12168175,0.0606764,0.2468447,0.12629377,0.04779987,0.28229011,0.11327965,0.01805828,0.37685887,0.13336316,0.05174934,0.36301103,0.17973278,0.10620169,0.33222564,0.17803922,0.07921518,0.30741281,0.18144754,0.08707119,0.4365869,0.23486435,0.14229533,0.45243544,0.21035331,0.10294229,0.42604965
2021-12-06,0.26494081,0.28588218,0.64913423,0.27497003,0.2679683,0.73273796,0.24666741,0.2268845,1.08260947,0.29034118,0.30532026,0.92911255,0.39111006,0.41699075,0.85319975,0.38743131,0.37981974,0.81696665,0.39483473,0.41826399,1.10932531,0.51079879,0.53532385,1.13733931,0.45760243,0.48134483,1.10916185
2021-12-07,-0.06326996,-0.06825667,-0.09318596,-0.06565845,-0.06399102,-0.10930962,-0.05891687,-0.05420239,-0.11306847,-0.06931821,-0.07288354,-0.14397759,-0.0932828,-0.09942991,-0.13110374,-0.09240877,-0.09060016,-0.11301422,-0.09416767,-0.09973224,-0.17495141,-0.12168442,-0.12749576,-0.18491506,-0.1090695,-0.11470139,-0.16264361
2021-12-08,0.1702407,0.18366762,0.24887849,0.17667164,0.17218209,0.29220839,0.15852091,0.14582932,0.29986047,0.18652603,0.19612686,0.38530085,0.25107173,0.26763322,0.35074524,0.24871711,0.24384483,0.30168233,0.25345561,0.26844782,0.46849784,0.32760815,0.34327387,0.49549403,0.29360823,0.30878633,0.43490307
2021-12-09,-0.5196727,-0.56058426,-1.32881879,-0.53926901,-0.52558875,-1.49411601,-0.48395377,-0.4452636,-2.24751179,-0.56929236,-0.59853749,-1.88413782,-0.76579763,-0.81617725,-1.7330753,-0.75863358,-0.74380836,-1.67310542,-0.77305035,-0.81865481,-2.24107813,-0.99848022,-1.04606267,-2.29108,-0.89515902,-0.9412919,-2.2534524
2021-12-10,-0.34774343,-0.37527408,-0.70401318,-0.36092757,-0.35172312,-0.80555576,-0.32372557,-0.29772925,-1.07582483,-0.38113696,-0.40083425,-1.03692285,-0.51371101,-0.54778468,-0.94865932,-0.50886849,-0.49884966,-0.87728014,-0.51861416,-0.54946123,-1.24806146,-0.67137295,-0.70370536,-1.29360034,-0.6012728,-0.63255442,-1.21770729
2021-12-11,0.31807208,0.34334852,0.91175852,0.33017496,0.32172506,1.02210828,0.29603221,0.27218877,1.62087441,0.34873316,0.36682834,1.28917254,0.47066228,0.50205255,1.18462777,0.46620288,0.45697805,1.15968073,0.47517798,0.50359763,1.53755768,0.61608859,0.64596885,1.56548183,0.55137173,0.58023982,1.56312034
2021-12-12,0.06551165,0.0706999,0.21143105,0.06799622,0.06626162,0.23529496,0.06098561,0.05608696,0.38783406,0.07180481,0.07551702,0.29400326,0.09679264,0.10321586,0.27087014,0.09587981,0.09399125,0.26968307,0.09771691,0.10353192,0.3485948,0.12651672,0.13261339,0.35282219,0.11329968,0.11919747,0.35870126
2021-12-13,-0.56890228,-0.61392509,-1.50750573,-0.59046354,-0.57541071,-1.69430586,-0.52962217,-0.48710425,-2.59108943,-0.62351274,-0.65572321,-2.13906347,-0.84028322,-0.89598747,-1.96615001,-0.83236629,-0.81598644,-1.90522977,-0.84829922,-0.89872824,-2.54894581,-1.09800002,-1.15084109,-2.60342559,-0.98342318,-1.03455414,-2.5706475
2021-12-14,0.14314348,0.1545418,0.51789323,0.1486008,0.14479056,0.57456904,0.13320745,0.12246125,0.98628378,0.15697042,0.16513298,0.71702226,0.21200521,0.22618657,0.66040571,0.20999099,0.20582465,0.66552525,0.21404497,0.22688474,0.85099481,0.27774957,0.29127184,0.85792556,0.24847841,0.26153255,0.88418169
2021-12-15,0.24902262,0.26882135,0.5132177,0.25850248,0.25188386,0.5871688,0.23176019,0.21308634,0.79210929,0.27303925,0.28721407,0.75659939,0.36856597,0.39316429,0.69181177,0.36507163,0.35784328,0.64100751,0.37210447,0.39437511,0.91196112,0.48254439,0.50596889,0.94495768,0.43181658,0.45444347,0.89102639
2021-12-16,-0.12902146,-0.13925191,-0.43786483,-0.13392042,-0.13050018,-0.48637463,-0.12009828,-0.11044206,-0.81553397,-0.14143087,-0.14875222,-0.57254323,-0.19073079,-0.20341043,-0.55915877,-0.18892907,-0.18520165,-0.55996133,-0.19255516,-0.20403441,-0.71909084,-0.24943072,-0.26147807,-0.72638508,-0.22332189,-0.23497087,-0.74326072
2021-12-17,-0.08055372,-0.08694994,-0.30340724,-0.08361645,-0.08147815,-0.3357293,-0.07497589,-0.06894096,-0.58180483,-0.08831242,-0.09289084,-0.37685143,-0.11915517,-0.12709266,-0.38484946,-0.11802744,-0.11569454,-0.38989796,-0.1202971,-0.12748332,-0.49394885,-0.15591845,-0.16346895,-0.49695126,-0.13956136,-0.14685834,-0.51516092
2021-12-18,0.14029348,0.15144292,0.35809121,0.14563205,0.1419048,0.4041034,0.13057176,0.12005458,0.61108249,0.15381809,0.16179996,0.44254297,0.2076025,0.22144949,0.47094687,0.20563537,0.20156611,0.45306991,0.20959447,0.22213106,0.61463121,0.27175471,0.28493625,0.62939514,0.24320564,0.25594038,0.61700822
2021-12-19,-0.06302663,-0.06802793,-0.14201483,-0.06542149,-0.06374949,-0.16142339,-0.05866486,-0.05394524,-0.2294002,-0.06909321,-0.07267278,-0.17495204,-0.09320246,-0.09940528,-0.18917093,-0.09232113,-0.09049789,-0.17831652,-0.09409488,-0.09971055,-0.24799584,-0.12192533,-0.12782255,-0.25558089,-0.10914759,-0.11484819,-0.24529504
2021-12-20,0.01497803,0.01616738,0.04389779,0.01554753,0.01514992,0.04914378,0.01394086,0.01281871,0.07860531,0.01642072,0.01727206,0.05434893,0.02215589,0.02363187,0.05688836,0.02194618,0.02151238,0.05587845,0.02236823,0.02370452,0.07373018,0.02899216,0.03039623,0.07498065,0.02595047,0.02730738,0.07514203
2021-12-21,0.11517947,0.12432394,0.48862787,0.11955819,0.11650111,0.53822562,0.10720488,0.09857664,0.96234138,0.12627183,0.13281731,0.60779405,0.1703642,0.1817109,0.61460894,0.1687521,0.16541713,0.63040677,0.17199662,0.18226936,0.78588994,0.22291541,0.23370778,0.78712936,0.19953449,0.20996498,0.82743017
2021-12-22,-0.08452622,-0.0912287,-0.22440749,-0.08773577,-0.085495,-0.2523827,-0.07868021,-0.07235398,-0.38691628,-0.09265625,-0.09745285,-0.27704862,-0.12495551,-0.13326278,-0.29314894,-0.12377508,-0.12133301,-0.28396316,-0.12615077,-0.13367159,-0.38077876,-0.16341404,-0.17130723,-0.3890065,-0.14630817,-0.15394028,-0.38400271
2021-12-23,0.22026371,0.2377454,0.72073493,0.22863471,0.22279038,0.80219478,0.20501783,0.18852156,1.33062767,0.2414691,0.2539816,0.89311964,0.32574869,0.34743395,0.92395251,0.3226676,0.31629367,0.92090106,0.32886856,0.3485012,1.19095148,0.42617102,0.44679115,1.20508559,0.38149487,0.40142608,1.22673252
2021-12-24,-0.10341905,-0.11160766,-0.17931301,-0.10734047,-0.10460275,-0.20756582,-0.09627539,-0.0885434,-0.24822232,-0.11335151,-0.1192103,-0.21913231,-0.15278595,-0.16292177,-0.24660795,-0.15134547,-0.14836524,-0.22077643,-0.15424447,-0.1634205,-0.32687837,-0.19968717,-0.20930598,-0.34204509,-0.17883322,-0.18813901,-0.31173046
2021-12-25,0.09166493,0.09893096,0.11693253,0.09514439,0.09271519,0.1394902,0.08532708,0.07846829,0.12133374,0.1004785,0.10567812,0.15248906,0.13548797,0.14449091,0.16957327,0.13420865,0.13156194,0.14006896,0.13678336,0.14493395,0.22955927,0.17716239,0.1857141,0.2453938,0.15862763,0.16689755,0.20760682
2021-12-26,-0.06639197,-0.07164949,-0.08181204,-0.06890972,-0.06715196,-0.09795066,-0.06180545,-0.05684128,-0.08113419,-0.07276914,-0.07653087,-0.12699541,-0.09808961,-0.10459809,-0.11937808,-0.09716465,-0.095251,-0.09761102,-0.09902615,-0.10491834,-0.16191444,-0.1282074,-0.13438455,-0.17349705,-0.11481556,-0.1207914,-0.14549495
2021-12-27,-0.04718772,-0.05092714,-0.15405262,-0.04897842,-0.04772824,-0.11578159,-0.04392585,-0.04039575,-0.15991799,-0.09993966,-0.1051099,-0.20936973,-0.06973875,-0.07437093,-0.2381569,-0.06908049,-0.06771866,-0.12707414,-0.12568263,-0.13316877,-0.29180181,-0.09117908,-0.09557808,-0.29466764,-0.08164406,-0.08589856,-0.1750198
2021-12-28,-0.39374982,-0.42496874,-1.34439008,-0.40869939,-0.39826226,-1.29433357,-0.36651982,-0.33705255,-2.06204343,-0.60312157,-0.63435604,-1.82825479,-0.58205439,-0.62074432,-1.86160067,-0.57655666,-0.56518289,-1.47067268,-0.7843786,-0.83116149,-2.34049756,-0.76116321,-0.79792128,-2.3619146,-0.68149986,-0.71704355,-1.97035777
2021-12-29,-0.30028588,-0.324196,-0.88149933,-0.31173367,-0.30374096,-0.83328571,-0.27944304,-0.25690054,-1.23559106,-0.46092816,-0.4849511,-1.22080008,-0.44473356,-0.47448025,-1.2599618,-0.44050853,-0.4317692,-0.92993196,-0.60054672,-0.63666549,-1.59616344,-0.58263591,-0.61099886,-1.6217216,-0.52123881,-0.54862041,-1.27253161
2021-12-30,-0.05460823,-0.05897052,-0.01268509,-0.05669656,-0.05523846,0.00499355,-0.05080725,-0.0466981,0.12614916,-0.08395696,-0.08835401,-0.03600279,-0.08099398,-0.08643721,-0.05569905,-0.08022112,-0.0786227,0.02705634,-0.1095418,-0.11617221,-0.07560111,-0.10625566,-0.11146003,-0.08860742,-0.09499997,-0.10001801,0.01313997
2021-12-31,0.0,0.0,-0.21921576,0.0,0.0,-0.23213837,0.0,0.0,-0.52013108,0.0,0.0,-0.27758844,0.0,0.0,-0.2593134,0.0,0.0,-0.29093869,0.0,0.0,-0.32261,0.0,0.0,-0.31051382,0.0,0.0,-0.36413722
